timestamp,group_seed,username,password,hash_mode,protection_flags,result,latency_ms,attempt_number
2025-12-30 10:36:23,25493314,user1,123456,bcrypt,none,False,306.49,1
2025-12-30 10:36:25,25493314,user1,password,bcrypt,none,False,265.4,2
2025-12-30 10:36:27,25493314,user1,12345678,bcrypt,none,False,266.17,3
2025-12-30 10:36:30,25493314,user1,qwerty,bcrypt,none,False,264.44,4
2025-12-30 10:36:32,25493314,user1,123456789,bcrypt,none,False,262.56,5
2025-12-30 10:36:34,25493314,user1,12345,bcrypt,none,False,259.38,6
2025-12-30 10:36:36,25493314,user1,1234,bcrypt,none,True,255.45,7
2025-12-30 10:36:39,25493314,admin,123456,bcrypt,none,False,260.04,1
2025-12-30 10:36:41,25493314,admin,password,bcrypt,none,False,258.55,2
2025-12-30 10:36:43,25493314,admin,12345678,bcrypt,none,False,263.98,3
2025-12-30 10:36:46,25493314,admin,qwerty,bcrypt,none,False,258.2,4
2025-12-30 10:36:48,25493314,admin,123456789,bcrypt,none,False,264.82,5
2025-12-30 10:36:50,25493314,admin,12345,bcrypt,none,False,261.94,6
2025-12-30 10:36:53,25493314,admin,1234,bcrypt,none,False,273.42,7
2025-12-30 10:36:55,25493314,admin,111111,bcrypt,none,False,271.41,8
2025-12-30 10:36:57,25493314,admin,1234567,bcrypt,none,False,257.06,9
2025-12-30 10:37:00,25493314,admin,dragon,bcrypt,none,False,265.23,10
2025-12-30 10:37:02,25493314,admin,123123,bcrypt,none,False,255.97,11
2025-12-30 10:37:04,25493314,admin,baseball,bcrypt,none,False,261.03,12
2025-12-30 10:37:06,25493314,admin,abc123,bcrypt,none,False,257.42,13
2025-12-30 10:37:09,25493314,admin,football,bcrypt,none,False,264.2,14
2025-12-30 10:37:11,25493314,admin,monkey,bcrypt,none,False,261.59,15
2025-12-30 10:37:13,25493314,admin,letmein,bcrypt,none,False,257.33,16
2025-12-30 10:37:16,25493314,admin,shadow,bcrypt,none,False,261.64,17
2025-12-30 10:37:18,25493314,admin,master,bcrypt,none,False,266.05,18
2025-12-30 10:37:20,25493314,admin,666666,bcrypt,none,False,259.66,19
2025-12-30 10:37:23,25493314,admin,qwertyuiop,bcrypt,none,False,256.6,20
2025-12-30 10:37:25,25493314,admin,123321,bcrypt,none,False,272.46,21
2025-12-30 10:37:27,25493314,admin,mustang,bcrypt,none,False,263.19,22
2025-12-30 10:37:30,25493314,admin,121212,bcrypt,none,False,259.86,23
2025-12-30 10:37:32,25493314,admin,000000,bcrypt,none,False,257.25,24
2025-12-30 10:37:34,25493314,admin,password1,bcrypt,none,False,264.03,25
2025-12-30 10:37:36,25493314,admin,admin,bcrypt,none,True,262.44,26
2025-12-30 10:37:39,25493314,guest,123456,bcrypt,none,False,264.83,1
2025-12-30 10:37:41,25493314,guest,password,bcrypt,none,False,260.2,2
2025-12-30 10:37:43,25493314,guest,12345678,bcrypt,none,False,259.03,3
2025-12-30 10:37:46,25493314,guest,qwerty,bcrypt,none,False,266.75,4
2025-12-30 10:37:48,25493314,guest,123456789,bcrypt,none,False,267.54,5
2025-12-30 10:37:50,25493314,guest,12345,bcrypt,none,False,257.76,6
2025-12-30 10:37:53,25493314,guest,1234,bcrypt,none,False,268.65,7
2025-12-30 10:37:55,25493314,guest,111111,bcrypt,none,False,259.9,8
2025-12-30 10:37:57,25493314,guest,1234567,bcrypt,none,False,256.56,9
2025-12-30 10:37:59,25493314,guest,dragon,bcrypt,none,False,258.67,10
2025-12-30 10:38:02,25493314,guest,123123,bcrypt,none,False,264.18,11
2025-12-30 10:38:04,25493314,guest,baseball,bcrypt,none,False,265.39,12
2025-12-30 10:38:06,25493314,guest,abc123,bcrypt,none,False,261.89,13
2025-12-30 10:38:09,25493314,guest,football,bcrypt,none,False,264.8,14
2025-12-30 10:38:11,25493314,guest,monkey,bcrypt,none,False,262.1,15
2025-12-30 10:38:13,25493314,guest,letmein,bcrypt,none,False,256.03,16
2025-12-30 10:38:16,25493314,guest,shadow,bcrypt,none,False,258.0,17
2025-12-30 10:38:18,25493314,guest,master,bcrypt,none,False,260.7,18
2025-12-30 10:38:20,25493314,guest,666666,bcrypt,none,False,260.56,19
2025-12-30 10:38:22,25493314,guest,qwertyuiop,bcrypt,none,False,256.17,20
2025-12-30 10:38:25,25493314,guest,123321,bcrypt,none,False,258.01,21
2025-12-30 10:38:27,25493314,guest,mustang,bcrypt,none,False,274.37,22
2025-12-30 10:38:29,25493314,guest,121212,bcrypt,none,False,270.67,23
2025-12-30 10:38:32,25493314,guest,000000,bcrypt,none,False,268.27,24
2025-12-30 10:38:34,25493314,guest,password1,bcrypt,none,False,263.46,25
2025-12-30 10:38:36,25493314,guest,admin,bcrypt,none,False,256.46,26
2025-12-30 10:38:39,25493314,guest,admin123,bcrypt,none,False,266.32,27
2025-12-30 10:38:41,25493314,guest,root,bcrypt,none,False,259.13,28
2025-12-30 10:38:43,25493314,guest,toor,bcrypt,none,False,258.42,29
2025-12-30 10:38:46,25493314,guest,pass,bcrypt,none,False,263.44,30
2025-12-30 10:38:48,25493314,guest,test,bcrypt,none,False,258.36,31
2025-12-30 10:38:50,25493314,guest,test123,bcrypt,none,False,255.34,32
2025-12-30 10:38:53,25493314,guest,guest,bcrypt,none,True,268.69,33
2025-12-30 10:38:55,25493314,test,123456,bcrypt,none,False,257.96,1
2025-12-30 10:38:57,25493314,test,password,bcrypt,none,False,275.93,2
2025-12-30 10:38:59,25493314,test,12345678,bcrypt,none,False,266.26,3
2025-12-30 10:39:02,25493314,test,qwerty,bcrypt,none,False,255.94,4
2025-12-30 10:39:04,25493314,test,123456789,bcrypt,none,False,271.09,5
2025-12-30 10:39:06,25493314,test,12345,bcrypt,none,False,259.45,6
2025-12-30 10:39:09,25493314,test,1234,bcrypt,none,False,259.84,7
2025-12-30 10:39:11,25493314,test,111111,bcrypt,none,False,259.09,8
2025-12-30 10:39:13,25493314,test,1234567,bcrypt,none,False,265.4,9
2025-12-30 10:39:16,25493314,test,dragon,bcrypt,none,False,266.16,10
2025-12-30 10:39:18,25493314,test,123123,bcrypt,none,False,272.58,11
2025-12-30 10:39:20,25493314,test,baseball,bcrypt,none,False,259.78,12
2025-12-30 10:39:22,25493314,test,abc123,bcrypt,none,False,256.23,13
2025-12-30 10:39:25,25493314,test,football,bcrypt,none,False,263.37,14
2025-12-30 10:39:27,25493314,test,monkey,bcrypt,none,False,260.7,15
2025-12-30 10:39:29,25493314,test,letmein,bcrypt,none,False,259.48,16
2025-12-30 10:39:32,25493314,test,shadow,bcrypt,none,False,261.33,17
2025-12-30 10:39:34,25493314,test,master,bcrypt,none,False,266.61,18
2025-12-30 10:39:36,25493314,test,666666,bcrypt,none,False,255.5,19
2025-12-30 10:39:39,25493314,test,qwertyuiop,bcrypt,none,False,261.24,20
2025-12-30 10:39:41,25493314,test,123321,bcrypt,none,False,261.81,21
2025-12-30 10:39:43,25493314,test,mustang,bcrypt,none,False,258.25,22
2025-12-30 10:39:45,25493314,test,121212,bcrypt,none,False,272.1,23
2025-12-30 10:39:48,25493314,test,000000,bcrypt,none,False,263.37,24
2025-12-30 10:39:50,25493314,test,password1,bcrypt,none,False,258.38,25
2025-12-30 10:39:52,25493314,test,admin,bcrypt,none,False,264.15,26
2025-12-30 10:39:55,25493314,test,admin123,bcrypt,none,False,257.34,27
2025-12-30 10:39:57,25493314,test,root,bcrypt,none,False,256.09,28
2025-12-30 10:39:59,25493314,test,toor,bcrypt,none,False,262.15,29
2025-12-30 10:40:02,25493314,test,pass,bcrypt,none,False,257.64,30
2025-12-30 10:40:04,25493314,test,test,bcrypt,none,False,264.39,31
2025-12-30 10:40:06,25493314,test,test123,bcrypt,none,True,269.98,32
2025-12-30 10:40:09,25493314,hello,123456,bcrypt,none,False,259.54,1
2025-12-30 10:40:11,25493314,hello,password,bcrypt,none,False,262.86,2
2025-12-30 10:40:13,25493314,hello,12345678,bcrypt,none,False,260.86,3
2025-12-30 10:40:15,25493314,hello,qwerty,bcrypt,none,False,263.85,4
2025-12-30 10:40:18,25493314,hello,123456789,bcrypt,none,False,256.51,5
2025-12-30 10:40:20,25493314,hello,12345,bcrypt,none,False,259.17,6
2025-12-30 10:40:22,25493314,hello,1234,bcrypt,none,False,267.97,7
2025-12-30 10:40:25,25493314,hello,111111,bcrypt,none,False,272.87,8
2025-12-30 10:40:27,25493314,hello,1234567,bcrypt,none,False,278.26,9
2025-12-30 10:40:29,25493314,hello,dragon,bcrypt,none,False,263.42,10
2025-12-30 10:40:32,25493314,hello,123123,bcrypt,none,False,259.13,11
2025-12-30 10:40:34,25493314,hello,baseball,bcrypt,none,False,269.51,12
2025-12-30 10:40:36,25493314,hello,abc123,bcrypt,none,False,255.64,13
2025-12-30 10:40:39,25493314,hello,football,bcrypt,none,False,273.27,14
2025-12-30 10:40:41,25493314,hello,monkey,bcrypt,none,False,266.5,15
2025-12-30 10:40:43,25493314,hello,letmein,bcrypt,none,False,256.29,16
2025-12-30 10:40:45,25493314,hello,shadow,bcrypt,none,False,262.04,17
2025-12-30 10:40:48,25493314,hello,master,bcrypt,none,False,259.35,18
2025-12-30 10:40:50,25493314,hello,666666,bcrypt,none,False,259.99,19
2025-12-30 10:40:52,25493314,hello,qwertyuiop,bcrypt,none,False,262.03,20
2025-12-30 10:40:55,25493314,hello,123321,bcrypt,none,False,331.03,21
2025-12-30 10:40:57,25493314,hello,mustang,bcrypt,none,False,281.47,22
2025-12-30 10:40:59,25493314,hello,121212,bcrypt,none,False,275.77,23
2025-12-30 10:41:02,25493314,hello,000000,bcrypt,none,False,277.09,24
2025-12-30 10:41:04,25493314,hello,password1,bcrypt,none,False,276.42,25
2025-12-30 10:41:06,25493314,hello,admin,bcrypt,none,False,301.98,26
2025-12-30 10:41:09,25493314,hello,admin123,bcrypt,none,False,292.79,27
2025-12-30 10:41:11,25493314,hello,root,bcrypt,none,False,291.75,28
2025-12-30 10:41:13,25493314,hello,toor,bcrypt,none,False,288.47,29
2025-12-30 10:41:16,25493314,hello,pass,bcrypt,none,False,280.68,30
2025-12-30 10:41:18,25493314,hello,test,bcrypt,none,False,277.5,31
2025-12-30 10:41:20,25493314,hello,test123,bcrypt,none,False,289.06,32
2025-12-30 10:41:23,25493314,hello,guest,bcrypt,none,False,276.28,33
2025-12-30 10:41:25,25493314,hello,guest123,bcrypt,none,False,291.55,34
2025-12-30 10:41:27,25493314,hello,user,bcrypt,none,False,279.39,35
2025-12-30 10:41:30,25493314,hello,user123,bcrypt,none,False,281.25,36
2025-12-30 10:41:32,25493314,hello,login,bcrypt,none,False,277.81,37
2025-12-30 10:41:34,25493314,hello,login123,bcrypt,none,False,278.44,38
2025-12-30 10:41:37,25493314,hello,welcome,bcrypt,none,False,281.15,39
2025-12-30 10:41:39,25493314,hello,welcome1,bcrypt,none,False,274.44,40
2025-12-30 10:41:41,25493314,hello,password123,bcrypt,none,False,280.78,41
2025-12-30 10:41:44,25493314,hello,admin1,bcrypt,none,False,274.91,42
2025-12-30 10:41:46,25493314,hello,root123,bcrypt,none,False,276.66,43
2025-12-30 10:41:48,25493314,hello,pass123,bcrypt,none,False,268.53,44
2025-12-30 10:41:51,25493314,hello,1q2w3e4r,bcrypt,none,False,264.13,45
2025-12-30 10:41:53,25493314,hello,qwerty123,bcrypt,none,False,272.13,46
2025-12-30 10:41:55,25493314,hello,1234567890,bcrypt,none,False,261.57,47
2025-12-30 10:41:57,25493314,hello,987654321,bcrypt,none,False,258.96,48
2025-12-30 10:42:00,25493314,hello,hello,bcrypt,none,True,262.79,49
2025-12-30 10:42:02,25493314,name,123456,bcrypt,none,False,258.15,1
2025-12-30 10:42:04,25493314,name,password,bcrypt,none,False,260.43,2
2025-12-30 10:42:07,25493314,name,12345678,bcrypt,none,False,255.77,3
2025-12-30 10:42:09,25493314,name,qwerty,bcrypt,none,False,261.84,4
2025-12-30 10:42:11,25493314,name,123456789,bcrypt,none,False,261.32,5
2025-12-30 10:42:14,25493314,name,12345,bcrypt,none,False,260.77,6
2025-12-30 10:42:16,25493314,name,1234,bcrypt,none,False,273.2,7
2025-12-30 10:42:18,25493314,name,111111,bcrypt,none,False,273.06,8
2025-12-30 10:42:21,25493314,name,1234567,bcrypt,none,False,253.8,9
2025-12-30 10:42:23,25493314,name,dragon,bcrypt,none,False,270.59,10
2025-12-30 10:42:25,25493314,name,123123,bcrypt,none,False,261.48,11
2025-12-30 10:42:27,25493314,name,baseball,bcrypt,none,False,261.15,12
2025-12-30 10:42:30,25493314,name,abc123,bcrypt,none,False,261.25,13
2025-12-30 10:42:32,25493314,name,football,bcrypt,none,False,275.82,14
2025-12-30 10:42:34,25493314,name,monkey,bcrypt,none,False,311.34,15
2025-12-30 10:42:37,25493314,name,letmein,bcrypt,none,False,269.05,16
2025-12-30 10:42:39,25493314,name,shadow,bcrypt,none,False,264.31,17
2025-12-30 10:42:41,25493314,name,master,bcrypt,none,False,262.18,18
2025-12-30 10:42:44,25493314,name,666666,bcrypt,none,False,266.28,19
2025-12-30 10:42:46,25493314,name,qwertyuiop,bcrypt,none,False,274.57,20
2025-12-30 10:42:48,25493314,name,123321,bcrypt,none,False,265.23,21
2025-12-30 10:42:51,25493314,name,mustang,bcrypt,none,False,257.35,22
2025-12-30 10:42:53,25493314,name,121212,bcrypt,none,False,278.65,23
2025-12-30 10:42:55,25493314,name,000000,bcrypt,none,False,282.02,24
2025-12-30 10:42:58,25493314,name,password1,bcrypt,none,False,259.82,25
2025-12-30 10:43:00,25493314,name,admin,bcrypt,none,False,264.93,26
2025-12-30 10:43:02,25493314,name,admin123,bcrypt,none,False,258.22,27
2025-12-30 10:43:05,25493314,name,root,bcrypt,none,False,259.66,28
2025-12-30 10:43:07,25493314,name,toor,bcrypt,none,False,268.21,29
2025-12-30 10:43:09,25493314,name,pass,bcrypt,none,False,266.0,30
2025-12-30 10:43:12,25493314,name,test,bcrypt,none,False,256.1,31
2025-12-30 10:43:14,25493314,name,test123,bcrypt,none,False,258.85,32
2025-12-30 10:43:16,25493314,name,guest,bcrypt,none,False,267.24,33
2025-12-30 10:43:18,25493314,name,guest123,bcrypt,none,False,265.48,34
2025-12-30 10:43:21,25493314,name,user,bcrypt,none,False,262.83,35
2025-12-30 10:43:23,25493314,name,user123,bcrypt,none,False,284.18,36
2025-12-30 10:43:25,25493314,name,login,bcrypt,none,False,263.07,37
2025-12-30 10:43:28,25493314,name,login123,bcrypt,none,False,258.14,38
2025-12-30 10:43:30,25493314,name,welcome,bcrypt,none,False,262.48,39
2025-12-30 10:43:32,25493314,name,welcome1,bcrypt,none,False,257.76,40
2025-12-30 10:43:35,25493314,name,password123,bcrypt,none,False,257.13,41
2025-12-30 10:43:37,25493314,name,admin1,bcrypt,none,False,259.28,42
2025-12-30 10:43:39,25493314,name,root123,bcrypt,none,False,262.97,43
2025-12-30 10:43:42,25493314,name,pass123,bcrypt,none,False,255.39,44
2025-12-30 10:43:44,25493314,name,1q2w3e4r,bcrypt,none,False,258.4,45
2025-12-30 10:43:46,25493314,name,qwerty123,bcrypt,none,False,263.98,46
2025-12-30 10:43:49,25493314,name,1234567890,bcrypt,none,False,272.59,47
2025-12-30 10:43:51,25493314,name,987654321,bcrypt,none,False,256.78,48
2025-12-30 10:43:53,25493314,name,hello,bcrypt,none,False,261.54,49
2025-12-30 10:43:55,25493314,name,hello123,bcrypt,none,False,257.87,50
2025-12-30 10:43:58,25493314,name,iloveyou,bcrypt,none,False,261.8,51
2025-12-30 10:44:00,25493314,name,sunshine,bcrypt,none,False,254.64,52
2025-12-30 10:44:02,25493314,name,princess,bcrypt,none,False,258.38,53
2025-12-30 10:44:05,25493314,name,Password1,bcrypt,none,False,257.22,54
2025-12-30 10:44:07,25493314,name,Password123,bcrypt,none,False,257.19,55
2025-12-30 10:44:09,25493314,name,Admin123,bcrypt,none,False,261.35,56
2025-12-30 10:44:12,25493314,name,Welcome1,bcrypt,none,False,264.31,57
2025-12-30 10:44:14,25493314,name,Student123,bcrypt,none,False,273.45,58
2025-12-30 10:44:16,25493314,name,Student99,bcrypt,none,False,259.09,59
2025-12-30 10:44:19,25493314,name,Test2024,bcrypt,none,False,261.01,60
2025-12-30 10:44:21,25493314,name,Login456,bcrypt,none,False,271.39,61
2025-12-30 10:44:23,25493314,name,Python101,bcrypt,none,False,276.86,62
2025-12-30 10:44:26,25493314,name,demo,bcrypt,none,False,263.9,63
2025-12-30 10:44:28,25493314,name,student,bcrypt,none,False,260.79,64
2025-12-30 10:44:30,25493314,name,name,bcrypt,none,False,258.8,65
2025-12-30 10:44:32,25493314,name,1111,bcrypt,none,True,260.26,66
2025-12-30 10:44:35,25493314,login,123456,bcrypt,none,False,263.36,1
2025-12-30 10:44:37,25493314,login,password,bcrypt,none,False,256.81,2
2025-12-30 10:44:39,25493314,login,12345678,bcrypt,none,False,262.2,3
2025-12-30 10:44:42,25493314,login,qwerty,bcrypt,none,False,259.92,4
2025-12-30 10:44:44,25493314,login,123456789,bcrypt,none,False,258.23,5
2025-12-30 10:44:46,25493314,login,12345,bcrypt,none,False,262.23,6
2025-12-30 10:44:49,25493314,login,1234,bcrypt,none,False,259.8,7
2025-12-30 10:44:51,25493314,login,111111,bcrypt,none,False,261.12,8
2025-12-30 10:44:53,25493314,login,1234567,bcrypt,none,False,265.21,9
2025-12-30 10:44:56,25493314,login,dragon,bcrypt,none,False,261.75,10
2025-12-30 10:44:58,25493314,login,123123,bcrypt,none,False,263.79,11
2025-12-30 10:45:00,25493314,login,baseball,bcrypt,none,False,265.17,12
2025-12-30 10:45:03,25493314,login,abc123,bcrypt,none,False,257.57,13
2025-12-30 10:45:05,25493314,login,football,bcrypt,none,False,267.36,14
2025-12-30 10:45:07,25493314,login,monkey,bcrypt,none,False,259.88,15
2025-12-30 10:45:10,25493314,login,letmein,bcrypt,none,False,258.74,16
2025-12-30 10:45:12,25493314,login,shadow,bcrypt,none,False,265.88,17
2025-12-30 10:45:14,25493314,login,master,bcrypt,none,False,262.93,18
2025-12-30 10:45:16,25493314,login,666666,bcrypt,none,False,258.18,19
2025-12-30 10:45:19,25493314,login,qwertyuiop,bcrypt,none,False,256.72,20
2025-12-30 10:45:21,25493314,login,123321,bcrypt,none,False,269.37,21
2025-12-30 10:45:23,25493314,login,mustang,bcrypt,none,False,263.08,22
2025-12-30 10:45:26,25493314,login,121212,bcrypt,none,False,253.75,23
2025-12-30 10:45:28,25493314,login,000000,bcrypt,none,False,261.99,24
2025-12-30 10:45:30,25493314,login,password1,bcrypt,none,False,273.07,25
2025-12-30 10:45:33,25493314,login,admin,bcrypt,none,False,258.15,26
2025-12-30 10:45:35,25493314,login,admin123,bcrypt,none,False,270.34,27
2025-12-30 10:45:37,25493314,login,root,bcrypt,none,False,264.69,28
2025-12-30 10:45:40,25493314,login,toor,bcrypt,none,False,277.09,29
2025-12-30 10:45:42,25493314,login,pass,bcrypt,none,False,273.57,30
2025-12-30 10:45:44,25493314,login,test,bcrypt,none,False,279.13,31
2025-12-30 10:45:47,25493314,login,test123,bcrypt,none,False,274.05,32
2025-12-30 10:45:49,25493314,login,guest,bcrypt,none,False,267.65,33
2025-12-30 10:45:51,25493314,login,guest123,bcrypt,none,False,265.97,34
2025-12-30 10:45:53,25493314,login,user,bcrypt,none,False,283.26,35
2025-12-30 10:45:56,25493314,login,user123,bcrypt,none,False,283.28,36
2025-12-30 10:45:58,25493314,login,login,bcrypt,none,True,275.2,37
2025-12-30 10:46:00,25493314,abc,123456,bcrypt,none,False,273.01,1
2025-12-30 10:46:03,25493314,abc,password,bcrypt,none,False,274.01,2
2025-12-30 10:46:05,25493314,abc,12345678,bcrypt,none,False,278.93,3
2025-12-30 10:46:07,25493314,abc,qwerty,bcrypt,none,False,271.25,4
2025-12-30 10:46:10,25493314,abc,123456789,bcrypt,none,False,278.01,5
2025-12-30 10:46:12,25493314,abc,12345,bcrypt,none,False,267.99,6
2025-12-30 10:46:14,25493314,abc,1234,bcrypt,none,False,269.26,7
2025-12-30 10:46:17,25493314,abc,111111,bcrypt,none,False,262.99,8
2025-12-30 10:46:19,25493314,abc,1234567,bcrypt,none,False,259.93,9
2025-12-30 10:46:21,25493314,abc,dragon,bcrypt,none,False,259.32,10
2025-12-30 10:46:24,25493314,abc,123123,bcrypt,none,False,270.47,11
2025-12-30 10:46:26,25493314,abc,baseball,bcrypt,none,False,271.4,12
2025-12-30 10:46:28,25493314,abc,abc123,bcrypt,none,True,285.59,13
2025-12-30 10:46:31,25493314,demo,123456,bcrypt,none,False,290.78,1
2025-12-30 10:46:33,25493314,demo,password,bcrypt,none,False,300.49,2
2025-12-30 10:46:35,25493314,demo,12345678,bcrypt,none,False,281.8,3
2025-12-30 10:46:38,25493314,demo,qwerty,bcrypt,none,False,290.32,4
2025-12-30 10:46:40,25493314,demo,123456789,bcrypt,none,False,292.28,5
2025-12-30 10:46:43,25493314,demo,12345,bcrypt,none,False,266.94,6
2025-12-30 10:46:45,25493314,demo,1234,bcrypt,none,False,272.23,7
2025-12-30 10:46:47,25493314,demo,111111,bcrypt,none,False,312.53,8
2025-12-30 10:46:50,25493314,demo,1234567,bcrypt,none,False,301.84,9
2025-12-30 10:46:52,25493314,demo,dragon,bcrypt,none,False,304.71,10
2025-12-30 10:53:05,25493314,demo,123123,bcrypt,none,False,497.34,11
2025-12-30 10:53:07,25493314,demo,baseball,bcrypt,none,False,280.11,12
2025-12-30 10:53:10,25493314,demo,abc123,bcrypt,none,False,289.54,13
2025-12-30 10:53:12,25493314,demo,football,bcrypt,none,False,263.83,14
2025-12-30 10:53:14,25493314,demo,monkey,bcrypt,none,False,284.0,15
2025-12-30 10:53:17,25493314,demo,letmein,bcrypt,none,False,281.91,16
2025-12-30 10:53:19,25493314,demo,shadow,bcrypt,none,False,287.08,17
2025-12-30 10:53:21,25493314,demo,master,bcrypt,none,False,264.55,18
2025-12-30 10:53:24,25493314,demo,666666,bcrypt,none,False,278.57,19
2025-12-30 10:53:26,25493314,demo,qwertyuiop,bcrypt,none,False,267.84,20
2025-12-30 10:53:28,25493314,demo,123321,bcrypt,none,False,259.63,21
2025-12-30 10:53:31,25493314,demo,mustang,bcrypt,none,False,277.57,22
2025-12-30 10:53:33,25493314,demo,121212,bcrypt,none,False,270.86,23
2025-12-30 10:53:35,25493314,demo,000000,bcrypt,none,False,276.19,24
2025-12-30 10:53:38,25493314,demo,password1,bcrypt,none,False,273.5,25
2025-12-30 10:53:40,25493314,demo,admin,bcrypt,none,False,278.25,26
2025-12-30 10:53:42,25493314,demo,admin123,bcrypt,none,False,262.95,27
2025-12-30 10:53:45,25493314,demo,root,bcrypt,none,False,297.8,28
2025-12-30 10:53:47,25493314,demo,toor,bcrypt,none,False,402.61,29
2025-12-30 10:53:50,25493314,demo,pass,bcrypt,none,False,488.82,30
2025-12-30 10:53:52,25493314,demo,test,bcrypt,none,False,281.74,31
2025-12-30 10:53:54,25493314,demo,test123,bcrypt,none,False,263.72,32
2025-12-30 10:53:57,25493314,demo,guest,bcrypt,none,False,279.66,33
2025-12-30 10:53:59,25493314,demo,guest123,bcrypt,none,False,262.56,34
2025-12-30 10:54:01,25493314,demo,user,bcrypt,none,False,260.15,35
2025-12-30 10:54:04,25493314,demo,user123,bcrypt,none,False,265.46,36
2025-12-30 10:54:06,25493314,demo,login,bcrypt,none,False,269.47,37
2025-12-30 10:54:08,25493314,demo,login123,bcrypt,none,False,259.97,38
2025-12-30 10:54:11,25493314,demo,welcome,bcrypt,none,False,256.28,39
2025-12-30 10:54:13,25493314,demo,welcome1,bcrypt,none,False,259.7,40
2025-12-30 10:54:15,25493314,demo,password123,bcrypt,none,False,258.01,41
2025-12-30 10:54:17,25493314,demo,admin1,bcrypt,none,False,265.29,42
2025-12-30 10:54:20,25493314,demo,root123,bcrypt,none,False,263.44,43
2025-12-30 10:54:22,25493314,demo,pass123,bcrypt,none,False,259.77,44
2025-12-30 10:54:24,25493314,demo,1q2w3e4r,bcrypt,none,False,259.32,45
2025-12-30 10:54:27,25493314,demo,qwerty123,bcrypt,none,False,259.9,46
2025-12-30 10:54:29,25493314,demo,1234567890,bcrypt,none,False,262.72,47
2025-12-30 10:54:31,25493314,demo,987654321,bcrypt,none,False,264.13,48
2025-12-30 10:54:34,25493314,demo,hello,bcrypt,none,False,253.77,49
2025-12-30 10:54:36,25493314,demo,hello123,bcrypt,none,False,270.95,50
2025-12-30 10:54:38,25493314,demo,iloveyou,bcrypt,none,False,259.94,51
2025-12-30 10:54:41,25493314,demo,sunshine,bcrypt,none,False,259.27,52
2025-12-30 10:54:43,25493314,demo,princess,bcrypt,none,False,262.0,53
2025-12-30 10:54:45,25493314,demo,Password1,bcrypt,none,False,256.96,54
2025-12-30 10:54:47,25493314,demo,Password123,bcrypt,none,False,261.85,55
2025-12-30 10:54:50,25493314,demo,Admin123,bcrypt,none,False,267.08,56
2025-12-30 10:54:52,25493314,demo,Welcome1,bcrypt,none,False,257.38,57
2025-12-30 10:54:54,25493314,demo,Student123,bcrypt,none,False,265.06,58
2025-12-30 10:54:57,25493314,demo,Student99,bcrypt,none,False,257.05,59
2025-12-30 10:54:59,25493314,demo,Test2024,bcrypt,none,False,260.28,60
2025-12-30 10:55:01,25493314,demo,Login456,bcrypt,none,False,265.98,61
2025-12-30 10:55:04,25493314,demo,Python101,bcrypt,none,False,261.09,62
2025-12-30 10:55:06,25493314,demo,demo,bcrypt,none,True,260.12,63
2025-12-30 10:55:08,25493314,student,123456,bcrypt,none,False,261.24,1
2025-12-30 10:55:11,25493314,student,password,bcrypt,none,False,260.69,2
2025-12-30 10:55:13,25493314,student,12345678,bcrypt,none,False,264.18,3
2025-12-30 10:55:15,25493314,student,qwerty,bcrypt,none,False,260.88,4
2025-12-30 10:55:18,25493314,student,123456789,bcrypt,none,False,260.79,5
2025-12-30 10:55:20,25493314,student,12345,bcrypt,none,False,257.87,6
2025-12-30 10:55:22,25493314,student,1234,bcrypt,none,False,259.25,7
2025-12-30 10:55:25,25493314,student,111111,bcrypt,none,False,276.19,8
2025-12-30 10:55:27,25493314,student,1234567,bcrypt,none,False,273.46,9
2025-12-30 10:55:29,25493314,student,dragon,bcrypt,none,False,266.16,10
2025-12-30 10:55:31,25493314,student,123123,bcrypt,none,False,269.31,11
2025-12-30 10:55:34,25493314,student,baseball,bcrypt,none,False,269.48,12
2025-12-30 10:55:36,25493314,student,abc123,bcrypt,none,False,257.66,13
2025-12-30 10:55:38,25493314,student,football,bcrypt,none,False,261.73,14
2025-12-30 10:55:41,25493314,student,monkey,bcrypt,none,False,264.21,15
2025-12-30 10:55:43,25493314,student,letmein,bcrypt,none,False,257.29,16
2025-12-30 10:55:45,25493314,student,shadow,bcrypt,none,False,261.5,17
2025-12-30 10:55:48,25493314,student,master,bcrypt,none,False,262.29,18
2025-12-30 10:55:50,25493314,student,666666,bcrypt,none,False,259.53,19
2025-12-30 10:55:52,25493314,student,qwertyuiop,bcrypt,none,False,263.92,20
2025-12-30 10:55:55,25493314,student,123321,bcrypt,none,False,262.44,21
2025-12-30 10:55:57,25493314,student,mustang,bcrypt,none,False,263.34,22
2025-12-30 10:55:59,25493314,student,121212,bcrypt,none,False,257.8,23
2025-12-30 10:56:02,25493314,student,000000,bcrypt,none,False,256.98,24
2025-12-30 10:56:04,25493314,student,password1,bcrypt,none,False,263.22,25
2025-12-30 10:56:06,25493314,student,admin,bcrypt,none,False,262.17,26
2025-12-30 10:56:08,25493314,student,admin123,bcrypt,none,False,255.59,27
2025-12-30 10:56:11,25493314,student,root,bcrypt,none,False,264.94,28
2025-12-30 10:56:13,25493314,student,toor,bcrypt,none,False,260.2,29
2025-12-30 10:56:15,25493314,student,pass,bcrypt,none,False,261.56,30
2025-12-30 10:56:18,25493314,student,test,bcrypt,none,False,263.19,31
2025-12-30 10:56:20,25493314,student,test123,bcrypt,none,False,269.36,32
2025-12-30 10:56:22,25493314,student,guest,bcrypt,none,False,257.59,33
2025-12-30 10:56:25,25493314,student,guest123,bcrypt,none,False,256.87,34
2025-12-30 10:56:27,25493314,student,user,bcrypt,none,False,257.52,35
2025-12-30 10:56:29,25493314,student,user123,bcrypt,none,False,259.26,36
2025-12-30 10:56:32,25493314,student,login,bcrypt,none,False,255.64,37
2025-12-30 10:56:34,25493314,student,login123,bcrypt,none,False,257.32,38
2025-12-30 10:56:36,25493314,student,welcome,bcrypt,none,False,259.37,39
2025-12-30 10:56:39,25493314,student,welcome1,bcrypt,none,False,261.33,40
2025-12-30 10:56:41,25493314,student,password123,bcrypt,none,False,271.85,41
2025-12-30 10:56:43,25493314,student,admin1,bcrypt,none,False,263.0,42
2025-12-30 10:56:46,25493314,student,root123,bcrypt,none,False,263.23,43
2025-12-30 10:56:48,25493314,student,pass123,bcrypt,none,False,260.04,44
2025-12-30 10:56:50,25493314,student,1q2w3e4r,bcrypt,none,False,259.17,45
2025-12-30 10:56:52,25493314,student,qwerty123,bcrypt,none,False,258.8,46
2025-12-30 10:56:55,25493314,student,1234567890,bcrypt,none,False,257.73,47
2025-12-30 10:56:57,25493314,student,987654321,bcrypt,none,False,262.15,48
2025-12-30 10:56:59,25493314,student,hello,bcrypt,none,False,264.34,49
2025-12-30 10:57:02,25493314,student,hello123,bcrypt,none,False,256.58,50
2025-12-30 10:57:04,25493314,student,iloveyou,bcrypt,none,False,254.62,51
2025-12-30 10:57:06,25493314,student,sunshine,bcrypt,none,False,265.91,52
2025-12-30 10:57:09,25493314,student,princess,bcrypt,none,False,268.69,53
2025-12-30 10:57:11,25493314,student,Password1,bcrypt,none,False,269.08,54
2025-12-30 10:57:13,25493314,student,Password123,bcrypt,none,False,255.78,55
2025-12-30 10:57:16,25493314,student,Admin123,bcrypt,none,False,258.03,56
2025-12-30 10:57:18,25493314,student,Welcome1,bcrypt,none,False,259.98,57
2025-12-30 10:57:20,25493314,student,Student123,bcrypt,none,False,263.87,58
2025-12-30 10:57:22,25493314,student,Student99,bcrypt,none,False,255.75,59
2025-12-30 10:57:25,25493314,student,Test2024,bcrypt,none,False,270.27,60
2025-12-30 10:57:27,25493314,student,Login456,bcrypt,none,False,279.94,61
2025-12-30 10:57:30,25493314,student,Python101,bcrypt,none,False,265.03,62
2025-12-30 10:57:32,25493314,student,demo,bcrypt,none,False,273.87,63
2025-12-30 10:57:34,25493314,student,student,bcrypt,none,True,267.86,64
2025-12-30 10:57:37,25493314,Student_user,123456,bcrypt,none,False,428.39,1
2025-12-30 10:57:39,25493314,Student_user,password,bcrypt,none,False,405.85,2
2025-12-30 10:57:42,25493314,Student_user,12345678,bcrypt,none,False,487.03,3
2025-12-30 10:57:44,25493314,Student_user,qwerty,bcrypt,none,False,474.45,4
2025-12-30 10:57:47,25493314,Student_user,123456789,bcrypt,none,False,447.99,5
2025-12-30 10:57:49,25493314,Student_user,12345,bcrypt,none,False,402.04,6
2025-12-30 10:57:52,25493314,Student_user,1234,bcrypt,none,False,448.98,7
2025-12-30 10:57:54,25493314,Student_user,111111,bcrypt,none,False,400.43,8
2025-12-30 10:57:57,25493314,Student_user,1234567,bcrypt,none,False,343.88,9
2025-12-30 10:57:59,25493314,Student_user,dragon,bcrypt,none,False,428.89,10
2025-12-30 10:58:02,25493314,Student_user,123123,bcrypt,none,False,546.55,11
2025-12-30 10:58:04,25493314,Student_user,baseball,bcrypt,none,False,513.05,12
2025-12-30 10:58:07,25493314,Student_user,abc123,bcrypt,none,False,517.98,13
2025-12-30 10:58:09,25493314,Student_user,football,bcrypt,none,False,402.25,14
2025-12-30 10:58:12,25493314,Student_user,monkey,bcrypt,none,False,377.9,15
2025-12-30 10:58:14,25493314,Student_user,letmein,bcrypt,none,False,436.48,16
2025-12-30 10:58:17,25493314,Student_user,shadow,bcrypt,none,False,506.46,17
2025-12-30 10:58:19,25493314,Student_user,master,bcrypt,none,False,402.27,18
2025-12-30 10:58:22,25493314,Student_user,666666,bcrypt,none,False,450.66,19
2025-12-30 10:58:24,25493314,Student_user,qwertyuiop,bcrypt,none,False,344.91,20
2025-12-30 10:58:27,25493314,Student_user,123321,bcrypt,none,False,436.02,21
2025-12-30 10:58:29,25493314,Student_user,mustang,bcrypt,none,False,409.55,22
2025-12-30 10:58:32,25493314,Student_user,121212,bcrypt,none,False,434.99,23
2025-12-30 10:58:34,25493314,Student_user,000000,bcrypt,none,False,508.84,24
2025-12-30 10:58:37,25493314,Student_user,password1,bcrypt,none,False,417.03,25
2025-12-30 10:58:39,25493314,Student_user,admin,bcrypt,none,False,435.73,26
2025-12-30 10:58:42,25493314,Student_user,admin123,bcrypt,none,False,506.68,27
2025-12-30 10:58:44,25493314,Student_user,root,bcrypt,none,False,373.46,28
2025-12-30 10:58:47,25493314,Student_user,toor,bcrypt,none,False,384.21,29
2025-12-30 10:58:49,25493314,Student_user,pass,bcrypt,none,False,458.69,30
2025-12-30 10:58:52,25493314,Student_user,test,bcrypt,none,False,332.32,31
2025-12-30 10:58:54,25493314,Student_user,test123,bcrypt,none,False,380.39,32
2025-12-30 10:58:56,25493314,Student_user,guest,bcrypt,none,False,358.01,33
2025-12-30 10:58:59,25493314,Student_user,guest123,bcrypt,none,False,530.49,34
2025-12-30 10:59:02,25493314,Student_user,user,bcrypt,none,False,510.41,35
2025-12-30 10:59:04,25493314,Student_user,user123,bcrypt,none,False,462.71,36
2025-12-30 10:59:07,25493314,Student_user,login,bcrypt,none,False,593.25,37
2025-12-30 10:59:09,25493314,Student_user,login123,bcrypt,none,False,449.57,38
2025-12-30 10:59:12,25493314,Student_user,welcome,bcrypt,none,False,532.84,39
2025-12-30 10:59:14,25493314,Student_user,welcome1,bcrypt,none,False,498.94,40
2025-12-30 10:59:17,25493314,Student_user,password123,bcrypt,none,False,381.69,41
2025-12-30 10:59:19,25493314,Student_user,admin1,bcrypt,none,False,429.55,42
2025-12-30 10:59:22,25493314,Student_user,root123,bcrypt,none,False,429.89,43
2025-12-30 10:59:24,25493314,Student_user,pass123,bcrypt,none,False,330.05,44
2025-12-30 10:59:27,25493314,Student_user,1q2w3e4r,bcrypt,none,False,334.15,45
2025-12-30 10:59:29,25493314,Student_user,qwerty123,bcrypt,none,False,385.77,46
2025-12-30 10:59:31,25493314,Student_user,1234567890,bcrypt,none,False,384.1,47
2025-12-30 10:59:34,25493314,Student_user,987654321,bcrypt,none,False,377.59,48
2025-12-30 10:59:36,25493314,Student_user,hello,bcrypt,none,False,300.67,49
2025-12-30 10:59:39,25493314,Student_user,hello123,bcrypt,none,False,325.67,50
2025-12-30 10:59:41,25493314,Student_user,iloveyou,bcrypt,none,False,421.52,51
2025-12-30 10:59:44,25493314,Student_user,sunshine,bcrypt,none,False,344.92,52
2025-12-30 10:59:46,25493314,Student_user,princess,bcrypt,none,False,335.47,53
2025-12-30 10:59:48,25493314,Student_user,Password1,bcrypt,none,False,366.49,54
2025-12-30 10:59:51,25493314,Student_user,Password123,bcrypt,none,False,297.17,55
2025-12-30 10:59:53,25493314,Student_user,Admin123,bcrypt,none,False,310.19,56
2025-12-30 10:59:56,25493314,Student_user,Welcome1,bcrypt,none,False,446.53,57
2025-12-30 10:59:58,25493314,Student_user,Student123,bcrypt,none,True,422.55,58
2025-12-30 11:00:01,25493314,user_test,123456,bcrypt,none,False,404.64,1
2025-12-30 11:00:03,25493314,user_test,password,bcrypt,none,False,496.65,2
2025-12-30 11:00:06,25493314,user_test,12345678,bcrypt,none,False,388.32,3
2025-12-30 11:00:08,25493314,user_test,qwerty,bcrypt,none,False,381.97,4
2025-12-30 11:00:10,25493314,user_test,123456789,bcrypt,none,False,354.73,5
2025-12-30 11:00:13,25493314,user_test,12345,bcrypt,none,False,375.94,6
2025-12-30 11:00:15,25493314,user_test,1234,bcrypt,none,False,331.47,7
2025-12-30 11:00:18,25493314,user_test,111111,bcrypt,none,False,435.21,8
2025-12-30 11:00:20,25493314,user_test,1234567,bcrypt,none,False,431.71,9
2025-12-30 11:00:23,25493314,user_test,dragon,bcrypt,none,False,429.74,10
2025-12-30 11:00:25,25493314,user_test,123123,bcrypt,none,False,418.22,11
2025-12-30 11:00:28,25493314,user_test,baseball,bcrypt,none,False,373.99,12
2025-12-30 11:00:30,25493314,user_test,abc123,bcrypt,none,False,372.62,13
2025-12-30 11:00:32,25493314,user_test,football,bcrypt,none,False,365.93,14
2025-12-30 11:00:35,25493314,user_test,monkey,bcrypt,none,False,497.48,15
2025-12-30 11:00:38,25493314,user_test,letmein,bcrypt,none,False,469.52,16
2025-12-30 11:00:40,25493314,user_test,shadow,bcrypt,none,False,553.56,17
2025-12-30 11:00:43,25493314,user_test,master,bcrypt,none,False,375.2,18
2025-12-30 11:00:45,25493314,user_test,666666,bcrypt,none,False,411.62,19
2025-12-30 11:00:48,25493314,user_test,qwertyuiop,bcrypt,none,False,513.49,20
2025-12-30 11:00:50,25493314,user_test,123321,bcrypt,none,False,413.97,21
2025-12-30 11:00:53,25493314,user_test,mustang,bcrypt,none,False,401.5,22
2025-12-30 11:00:55,25493314,user_test,121212,bcrypt,none,False,370.94,23
2025-12-30 11:00:58,25493314,user_test,000000,bcrypt,none,False,471.55,24
2025-12-30 11:01:00,25493314,user_test,password1,bcrypt,none,False,457.03,25
2025-12-30 11:01:03,25493314,user_test,admin,bcrypt,none,False,385.63,26
2025-12-30 11:01:05,25493314,user_test,admin123,bcrypt,none,False,518.4,27
2025-12-30 11:01:08,25493314,user_test,root,bcrypt,none,False,516.94,28
2025-12-30 11:01:10,25493314,user_test,toor,bcrypt,none,False,483.59,29
2025-12-30 11:01:13,25493314,user_test,pass,bcrypt,none,False,468.25,30
2025-12-30 11:01:16,25493314,user_test,test,bcrypt,none,False,432.73,31
2025-12-30 11:01:18,25493314,user_test,test123,bcrypt,none,False,345.63,32
2025-12-30 11:01:20,25493314,user_test,guest,bcrypt,none,False,481.63,33
2025-12-30 11:01:23,25493314,user_test,guest123,bcrypt,none,False,497.57,34
2025-12-30 11:01:26,25493314,user_test,user,bcrypt,none,False,479.43,35
2025-12-30 11:01:28,25493314,user_test,user123,bcrypt,none,False,422.43,36
2025-12-30 11:01:31,25493314,user_test,login,bcrypt,none,False,477.65,37
2025-12-30 11:01:33,25493314,user_test,login123,bcrypt,none,False,429.04,38
2025-12-30 11:01:36,25493314,user_test,welcome,bcrypt,none,False,402.37,39
2025-12-30 11:01:38,25493314,user_test,welcome1,bcrypt,none,False,501.93,40
2025-12-30 11:01:41,25493314,user_test,password123,bcrypt,none,False,344.08,41
2025-12-30 11:01:43,25493314,user_test,admin1,bcrypt,none,False,513.51,42
2025-12-30 11:01:46,25493314,user_test,root123,bcrypt,none,False,507.61,43
2025-12-30 11:01:48,25493314,user_test,pass123,bcrypt,none,False,327.54,44
2025-12-30 11:01:51,25493314,user_test,1q2w3e4r,bcrypt,none,False,434.45,45
2025-12-30 11:01:53,25493314,user_test,qwerty123,bcrypt,none,False,528.48,46
2025-12-30 11:01:56,25493314,user_test,1234567890,bcrypt,none,False,548.19,47
2025-12-30 11:01:59,25493314,user_test,987654321,bcrypt,none,False,469.21,48
2025-12-30 11:02:01,25493314,user_test,hello,bcrypt,none,False,455.17,49
2025-12-30 11:02:04,25493314,user_test,hello123,bcrypt,none,False,401.47,50
2025-12-30 11:02:06,25493314,user_test,iloveyou,bcrypt,none,False,460.46,51
2025-12-30 11:02:09,25493314,user_test,sunshine,bcrypt,none,False,466.38,52
2025-12-30 11:02:11,25493314,user_test,princess,bcrypt,none,False,496.25,53
2025-12-30 11:02:14,25493314,user_test,Password1,bcrypt,none,False,458.46,54
2025-12-30 11:02:16,25493314,user_test,Password123,bcrypt,none,False,414.99,55
2025-12-30 11:02:19,25493314,user_test,Admin123,bcrypt,none,False,364.83,56
2025-12-30 11:02:21,25493314,user_test,Welcome1,bcrypt,none,False,351.07,57
2025-12-30 11:02:24,25493314,user_test,Student123,bcrypt,none,False,467.78,58
2025-12-30 11:02:26,25493314,user_test,Student99,bcrypt,none,False,590.63,59
2025-12-30 11:02:29,25493314,user_test,Test2024,bcrypt,none,True,466.55,60
2025-12-30 11:02:31,25493314,bluecat,123456,bcrypt,none,False,481.86,1
2025-12-30 11:02:34,25493314,bluecat,password,bcrypt,none,False,343.48,2
2025-12-30 11:02:36,25493314,bluecat,12345678,bcrypt,none,False,399.87,3
2025-12-30 11:02:39,25493314,bluecat,qwerty,bcrypt,none,False,523.49,4
2025-12-30 11:02:42,25493314,bluecat,123456789,bcrypt,none,False,512.14,5
2025-12-30 11:02:44,25493314,bluecat,12345,bcrypt,none,False,477.54,6
2025-12-30 11:02:47,25493314,bluecat,1234,bcrypt,none,False,425.85,7
2025-12-30 11:02:49,25493314,bluecat,111111,bcrypt,none,False,374.47,8
2025-12-30 11:02:52,25493314,bluecat,1234567,bcrypt,none,False,402.88,9
2025-12-30 11:02:54,25493314,bluecat,dragon,bcrypt,none,False,435.19,10
2025-12-30 11:02:57,25493314,bluecat,123123,bcrypt,none,False,461.07,11
2025-12-30 11:02:59,25493314,bluecat,baseball,bcrypt,none,False,361.97,12
2025-12-30 11:03:02,25493314,bluecat,abc123,bcrypt,none,False,394.75,13
2025-12-30 11:03:04,25493314,bluecat,football,bcrypt,none,False,343.69,14
2025-12-30 11:03:06,25493314,bluecat,monkey,bcrypt,none,False,418.23,15
2025-12-30 11:03:09,25493314,bluecat,letmein,bcrypt,none,False,517.02,16
2025-12-30 11:03:12,25493314,bluecat,shadow,bcrypt,none,False,422.76,17
2025-12-30 11:03:14,25493314,bluecat,master,bcrypt,none,False,419.47,18
2025-12-30 11:03:17,25493314,bluecat,666666,bcrypt,none,False,464.25,19
2025-12-30 11:03:19,25493314,bluecat,qwertyuiop,bcrypt,none,False,427.29,20
2025-12-30 11:03:22,25493314,bluecat,123321,bcrypt,none,False,397.27,21
2025-12-30 11:03:24,25493314,bluecat,mustang,bcrypt,none,False,359.72,22
2025-12-30 11:03:27,25493314,bluecat,121212,bcrypt,none,False,426.14,23
2025-12-30 11:03:29,25493314,bluecat,000000,bcrypt,none,False,408.44,24
2025-12-30 11:03:32,25493314,bluecat,password1,bcrypt,none,False,486.4,25
2025-12-30 11:03:34,25493314,bluecat,admin,bcrypt,none,False,415.07,26
2025-12-30 11:03:37,25493314,bluecat,admin123,bcrypt,none,False,396.22,27
2025-12-30 11:03:39,25493314,bluecat,root,bcrypt,none,False,420.98,28
2025-12-30 11:03:42,25493314,bluecat,toor,bcrypt,none,False,386.96,29
2025-12-30 11:03:44,25493314,bluecat,pass,bcrypt,none,False,393.52,30
2025-12-30 11:03:47,25493314,bluecat,test,bcrypt,none,False,428.17,31
2025-12-30 11:03:49,25493314,bluecat,test123,bcrypt,none,False,416.86,32
2025-12-30 11:03:52,25493314,bluecat,guest,bcrypt,none,False,523.89,33
2025-12-30 11:03:54,25493314,bluecat,guest123,bcrypt,none,False,386.81,34
2025-12-30 11:03:57,25493314,bluecat,user,bcrypt,none,False,447.44,35
2025-12-30 11:03:59,25493314,bluecat,user123,bcrypt,none,False,466.18,36
2025-12-30 11:04:02,25493314,bluecat,login,bcrypt,none,False,404.81,37
2025-12-30 11:04:04,25493314,bluecat,login123,bcrypt,none,False,423.67,38
2025-12-30 11:04:07,25493314,bluecat,welcome,bcrypt,none,False,365.47,39
2025-12-30 11:04:09,25493314,bluecat,welcome1,bcrypt,none,False,470.06,40
2025-12-30 11:04:12,25493314,bluecat,password123,bcrypt,none,False,372.11,41
2025-12-30 11:04:14,25493314,bluecat,admin1,bcrypt,none,False,430.8,42
2025-12-30 11:04:17,25493314,bluecat,root123,bcrypt,none,False,451.43,43
2025-12-30 11:04:19,25493314,bluecat,pass123,bcrypt,none,False,466.51,44
2025-12-30 11:04:22,25493314,bluecat,1q2w3e4r,bcrypt,none,False,380.48,45
2025-12-30 11:04:24,25493314,bluecat,qwerty123,bcrypt,none,False,389.76,46
2025-12-30 11:04:27,25493314,bluecat,1234567890,bcrypt,none,False,427.85,47
2025-12-30 11:04:29,25493314,bluecat,987654321,bcrypt,none,False,409.89,48
2025-12-30 11:04:32,25493314,bluecat,hello,bcrypt,none,False,502.13,49
2025-12-30 11:04:34,25493314,bluecat,hello123,bcrypt,none,False,417.35,50
2025-12-30 11:04:37,25493314,bluecat,iloveyou,bcrypt,none,False,477.29,51
2025-12-30 11:04:39,25493314,bluecat,sunshine,bcrypt,none,False,450.64,52
2025-12-30 11:04:42,25493314,bluecat,princess,bcrypt,none,False,430.13,53
2025-12-30 11:04:44,25493314,bluecat,Password1,bcrypt,none,False,490.91,54
2025-12-30 11:04:47,25493314,bluecat,Password123,bcrypt,none,False,436.54,55
2025-12-30 11:04:49,25493314,bluecat,Admin123,bcrypt,none,False,414.31,56
2025-12-30 11:04:52,25493314,bluecat,Welcome1,bcrypt,none,False,352.41,57
2025-12-30 11:04:54,25493314,bluecat,Student123,bcrypt,none,False,499.13,58
2025-12-30 11:04:57,25493314,bluecat,Student99,bcrypt,none,False,377.58,59
2025-12-30 11:04:59,25493314,bluecat,Test2024,bcrypt,none,False,415.35,60
2025-12-30 11:05:02,25493314,bluecat,Login456,bcrypt,none,False,451.37,61
2025-12-30 11:05:05,25493314,bluecat,Python101,bcrypt,none,False,475.72,62
2025-12-30 11:05:07,25493314,bluecat,demo,bcrypt,none,False,351.5,63
2025-12-30 11:05:09,25493314,bluecat,student,bcrypt,none,False,402.98,64
2025-12-30 11:05:12,25493314,bluecat,name,bcrypt,none,False,470.58,65
2025-12-30 11:05:14,25493314,bluecat,1111,bcrypt,none,False,363.25,66
2025-12-30 11:05:17,25493314,bluecat,BlueCat12,bcrypt,none,True,423.22,67
2025-12-30 11:05:19,25493314,student1,123456,bcrypt,none,False,425.29,1
2025-12-30 11:05:22,25493314,student1,password,bcrypt,none,False,467.98,2
2025-12-30 11:05:25,25493314,student1,12345678,bcrypt,none,False,478.88,3
2025-12-30 11:05:27,25493314,student1,qwerty,bcrypt,none,False,428.0,4
2025-12-30 11:05:30,25493314,student1,123456789,bcrypt,none,False,381.49,5
2025-12-30 11:05:32,25493314,student1,12345,bcrypt,none,False,462.02,6
2025-12-30 11:05:35,25493314,student1,1234,bcrypt,none,False,524.16,7
2025-12-30 11:05:37,25493314,student1,111111,bcrypt,none,False,392.48,8
2025-12-30 11:05:40,25493314,student1,1234567,bcrypt,none,False,574.61,9
2025-12-30 11:05:42,25493314,student1,dragon,bcrypt,none,False,371.79,10
2025-12-30 11:05:45,25493314,student1,123123,bcrypt,none,False,385.72,11
2025-12-30 11:05:47,25493314,student1,baseball,bcrypt,none,False,386.09,12
2025-12-30 11:05:50,25493314,student1,abc123,bcrypt,none,False,423.91,13
2025-12-30 11:05:52,25493314,student1,football,bcrypt,none,False,444.5,14
2025-12-30 11:05:55,25493314,student1,monkey,bcrypt,none,False,416.5,15
2025-12-30 11:05:57,25493314,student1,letmein,bcrypt,none,False,471.24,16
2025-12-30 11:06:00,25493314,student1,shadow,bcrypt,none,False,387.3,17
2025-12-30 11:06:02,25493314,student1,master,bcrypt,none,False,325.18,18
2025-12-30 11:06:05,25493314,student1,666666,bcrypt,none,False,501.19,19
2025-12-30 11:06:07,25493314,student1,qwertyuiop,bcrypt,none,False,441.0,20
2025-12-30 11:06:10,25493314,student1,123321,bcrypt,none,False,465.93,21
2025-12-30 11:06:12,25493314,student1,mustang,bcrypt,none,False,341.93,22
2025-12-30 11:06:15,25493314,student1,121212,bcrypt,none,False,433.07,23
2025-12-30 11:06:17,25493314,student1,000000,bcrypt,none,False,370.49,24
2025-12-30 11:06:20,25493314,student1,password1,bcrypt,none,False,503.04,25
2025-12-30 11:06:22,25493314,student1,admin,bcrypt,none,False,383.78,26
2025-12-30 11:06:25,25493314,student1,admin123,bcrypt,none,False,420.69,27
2025-12-30 11:06:27,25493314,student1,root,bcrypt,none,False,425.51,28
2025-12-30 11:06:30,25493314,student1,toor,bcrypt,none,False,441.14,29
2025-12-30 11:06:32,25493314,student1,pass,bcrypt,none,False,359.75,30
2025-12-30 11:06:35,25493314,student1,test,bcrypt,none,False,391.02,31
2025-12-30 11:06:37,25493314,student1,test123,bcrypt,none,False,368.42,32
2025-12-30 11:06:40,25493314,student1,guest,bcrypt,none,False,527.0,33
2025-12-30 11:06:42,25493314,student1,guest123,bcrypt,none,False,456.67,34
2025-12-30 11:06:45,25493314,student1,user,bcrypt,none,False,320.37,35
2025-12-30 11:06:47,25493314,student1,user123,bcrypt,none,False,355.09,36
2025-12-30 11:06:49,25493314,student1,login,bcrypt,none,False,351.96,37
2025-12-30 11:06:52,25493314,student1,login123,bcrypt,none,False,384.31,38
2025-12-30 11:06:54,25493314,student1,welcome,bcrypt,none,False,435.05,39
2025-12-30 11:06:57,25493314,student1,welcome1,bcrypt,none,False,427.27,40
2025-12-30 11:06:59,25493314,student1,password123,bcrypt,none,False,362.94,41
2025-12-30 11:07:02,25493314,student1,admin1,bcrypt,none,False,484.5,42
2025-12-30 11:07:05,25493314,student1,root123,bcrypt,none,False,525.52,43
2025-12-30 11:07:07,25493314,student1,pass123,bcrypt,none,False,350.53,44
2025-12-30 11:07:10,25493314,student1,1q2w3e4r,bcrypt,none,False,581.85,45
2025-12-30 11:07:12,25493314,student1,qwerty123,bcrypt,none,False,480.92,46
2025-12-30 11:07:15,25493314,student1,1234567890,bcrypt,none,False,414.81,47
2025-12-30 11:07:17,25493314,student1,987654321,bcrypt,none,False,390.79,48
2025-12-30 11:07:20,25493314,student1,hello,bcrypt,none,False,440.07,49
2025-12-30 11:07:22,25493314,student1,hello123,bcrypt,none,False,388.14,50
2025-12-30 11:07:25,25493314,student1,iloveyou,bcrypt,none,False,513.22,51
2025-12-30 11:07:27,25493314,student1,sunshine,bcrypt,none,False,358.95,52
2025-12-30 11:07:30,25493314,student1,princess,bcrypt,none,False,381.17,53
2025-12-30 11:07:32,25493314,student1,Password1,bcrypt,none,False,337.2,54
2025-12-30 11:07:35,25493314,student1,Password123,bcrypt,none,False,435.83,55
2025-12-30 11:07:37,25493314,student1,Admin123,bcrypt,none,False,389.67,56
2025-12-30 11:07:40,25493314,student1,Welcome1,bcrypt,none,False,462.96,57
2025-12-30 11:07:42,25493314,student1,Student123,bcrypt,none,False,402.18,58
2025-12-30 11:07:45,25493314,student1,Student99,bcrypt,none,True,357.63,59
2025-12-30 11:07:47,25493314,login_user,123456,bcrypt,none,False,406.44,1
2025-12-30 11:07:50,25493314,login_user,password,bcrypt,none,False,355.88,2
2025-12-30 11:07:52,25493314,login_user,12345678,bcrypt,none,False,394.81,3
2025-12-30 11:07:54,25493314,login_user,qwerty,bcrypt,none,False,383.32,4
2025-12-30 11:07:57,25493314,login_user,123456789,bcrypt,none,False,405.35,5
2025-12-30 11:07:59,25493314,login_user,12345,bcrypt,none,False,431.75,6
2025-12-30 11:08:02,25493314,login_user,1234,bcrypt,none,False,375.02,7
2025-12-30 11:08:04,25493314,login_user,111111,bcrypt,none,False,359.54,8
2025-12-30 11:08:07,25493314,login_user,1234567,bcrypt,none,False,333.81,9
2025-12-30 11:08:09,25493314,login_user,dragon,bcrypt,none,False,359.14,10
2025-12-30 11:08:12,25493314,login_user,123123,bcrypt,none,False,434.04,11
2025-12-30 11:08:14,25493314,login_user,baseball,bcrypt,none,False,344.13,12
2025-12-30 11:08:17,25493314,login_user,abc123,bcrypt,none,False,346.27,13
2025-12-30 11:08:19,25493314,login_user,football,bcrypt,none,False,424.4,14
2025-12-30 11:08:22,25493314,login_user,monkey,bcrypt,none,False,476.99,15
2025-12-30 11:08:24,25493314,login_user,letmein,bcrypt,none,False,398.74,16
2025-12-30 11:08:26,25493314,login_user,shadow,bcrypt,none,False,400.98,17
2025-12-30 11:08:29,25493314,login_user,master,bcrypt,none,False,401.3,18
2025-12-30 11:08:31,25493314,login_user,666666,bcrypt,none,False,372.7,19
2025-12-30 11:08:34,25493314,login_user,qwertyuiop,bcrypt,none,False,368.92,20
2025-12-30 11:08:36,25493314,login_user,123321,bcrypt,none,False,335.57,21
2025-12-30 11:08:39,25493314,login_user,mustang,bcrypt,none,False,352.15,22
2025-12-30 11:08:41,25493314,login_user,121212,bcrypt,none,False,397.55,23
2025-12-30 11:08:44,25493314,login_user,000000,bcrypt,none,False,415.52,24
2025-12-30 11:08:46,25493314,login_user,password1,bcrypt,none,False,425.2,25
2025-12-30 11:08:49,25493314,login_user,admin,bcrypt,none,False,391.68,26
2025-12-30 11:08:51,25493314,login_user,admin123,bcrypt,none,False,397.72,27
2025-12-30 11:08:53,25493314,login_user,root,bcrypt,none,False,323.84,28
2025-12-30 11:08:56,25493314,login_user,toor,bcrypt,none,False,363.46,29
2025-12-30 11:08:58,25493314,login_user,pass,bcrypt,none,False,312.22,30
2025-12-30 11:09:01,25493314,login_user,test,bcrypt,none,False,360.06,31
2025-12-30 11:09:03,25493314,login_user,test123,bcrypt,none,False,338.78,32
2025-12-30 11:09:06,25493314,login_user,guest,bcrypt,none,False,349.9,33
2025-12-30 11:09:08,25493314,login_user,guest123,bcrypt,none,False,470.92,34
2025-12-30 11:09:11,25493314,login_user,user,bcrypt,none,False,424.51,35
2025-12-30 11:09:13,25493314,login_user,user123,bcrypt,none,False,397.06,36
2025-12-30 11:09:16,25493314,login_user,login,bcrypt,none,False,383.57,37
2025-12-30 11:09:18,25493314,login_user,login123,bcrypt,none,False,339.3,38
2025-12-30 11:09:20,25493314,login_user,welcome,bcrypt,none,False,299.09,39
2025-12-30 11:09:23,25493314,login_user,welcome1,bcrypt,none,False,383.25,40
2025-12-30 11:09:25,25493314,login_user,password123,bcrypt,none,False,344.01,41
2025-12-30 11:09:28,25493314,login_user,admin1,bcrypt,none,False,411.23,42
2025-12-30 11:09:30,25493314,login_user,root123,bcrypt,none,False,342.53,43
2025-12-30 11:09:33,25493314,login_user,pass123,bcrypt,none,False,339.84,44
2025-12-30 11:09:35,25493314,login_user,1q2w3e4r,bcrypt,none,False,340.46,45
2025-12-30 11:09:37,25493314,login_user,qwerty123,bcrypt,none,False,299.78,46
2025-12-30 11:09:40,25493314,login_user,1234567890,bcrypt,none,False,316.44,47
2025-12-30 11:09:42,25493314,login_user,987654321,bcrypt,none,False,316.17,48
2025-12-30 11:09:45,25493314,login_user,hello,bcrypt,none,False,419.18,49
2025-12-30 11:09:47,25493314,login_user,hello123,bcrypt,none,False,433.42,50
2025-12-30 11:09:50,25493314,login_user,iloveyou,bcrypt,none,False,360.68,51
2025-12-30 11:09:52,25493314,login_user,sunshine,bcrypt,none,False,418.68,52
2025-12-30 11:09:55,25493314,login_user,princess,bcrypt,none,False,383.98,53
2025-12-30 11:09:57,25493314,login_user,Password1,bcrypt,none,False,416.3,54
2025-12-30 11:10:00,25493314,login_user,Password123,bcrypt,none,False,408.2,55
2025-12-30 11:10:02,25493314,login_user,Admin123,bcrypt,none,False,468.98,56
2025-12-30 11:10:05,25493314,login_user,Welcome1,bcrypt,none,False,454.58,57
2025-12-30 11:10:07,25493314,login_user,Student123,bcrypt,none,False,409.94,58
2025-12-30 11:10:10,25493314,login_user,Student99,bcrypt,none,False,397.44,59
2025-12-30 11:10:12,25493314,login_user,Test2024,bcrypt,none,False,387.81,60
2025-12-30 11:10:15,25493314,login_user,Login456,bcrypt,none,True,405.57,61
2025-12-30 11:10:17,25493314,pythonfan,123456,bcrypt,none,False,346.03,1
2025-12-30 11:10:19,25493314,pythonfan,password,bcrypt,none,False,333.96,2
2025-12-30 11:10:22,25493314,pythonfan,12345678,bcrypt,none,False,401.89,3
2025-12-30 11:10:24,25493314,pythonfan,qwerty,bcrypt,none,False,428.75,4
2025-12-30 11:10:27,25493314,pythonfan,123456789,bcrypt,none,False,397.06,5
2025-12-30 11:10:29,25493314,pythonfan,12345,bcrypt,none,False,352.46,6
2025-12-30 11:10:32,25493314,pythonfan,1234,bcrypt,none,False,450.51,7
2025-12-30 11:10:34,25493314,pythonfan,111111,bcrypt,none,False,386.56,8
2025-12-30 11:10:37,25493314,pythonfan,1234567,bcrypt,none,False,341.7,9
2025-12-30 11:10:39,25493314,pythonfan,dragon,bcrypt,none,False,303.27,10
2025-12-30 11:10:42,25493314,pythonfan,123123,bcrypt,none,False,447.75,11
2025-12-30 11:10:44,25493314,pythonfan,baseball,bcrypt,none,False,311.59,12
2025-12-30 11:10:46,25493314,pythonfan,abc123,bcrypt,none,False,302.97,13
2025-12-30 11:10:49,25493314,pythonfan,football,bcrypt,none,False,480.85,14
2025-12-30 11:10:52,25493314,pythonfan,monkey,bcrypt,none,False,397.3,15
2025-12-30 11:10:54,25493314,pythonfan,letmein,bcrypt,none,False,338.38,16
2025-12-30 11:10:56,25493314,pythonfan,shadow,bcrypt,none,False,365.41,17
2025-12-30 11:10:59,25493314,pythonfan,master,bcrypt,none,False,343.17,18
2025-12-30 11:11:01,25493314,pythonfan,666666,bcrypt,none,False,360.71,19
2025-12-30 11:11:04,25493314,pythonfan,qwertyuiop,bcrypt,none,False,345.82,20
2025-12-30 11:11:06,25493314,pythonfan,123321,bcrypt,none,False,377.78,21
2025-12-30 11:11:09,25493314,pythonfan,mustang,bcrypt,none,False,363.9,22
2025-12-30 11:11:11,25493314,pythonfan,121212,bcrypt,none,False,367.25,23
2025-12-30 11:11:13,25493314,pythonfan,000000,bcrypt,none,False,347.26,24
2025-12-30 11:11:16,25493314,pythonfan,password1,bcrypt,none,False,371.1,25
2025-12-30 11:11:18,25493314,pythonfan,admin,bcrypt,none,False,418.09,26
2025-12-30 11:11:21,25493314,pythonfan,admin123,bcrypt,none,False,450.02,27
2025-12-30 11:11:23,25493314,pythonfan,root,bcrypt,none,False,389.58,28
2025-12-30 11:11:26,25493314,pythonfan,toor,bcrypt,none,False,392.98,29
2025-12-30 11:11:28,25493314,pythonfan,pass,bcrypt,none,False,361.48,30
2025-12-30 11:11:31,25493314,pythonfan,test,bcrypt,none,False,325.24,31
2025-12-30 11:11:33,25493314,pythonfan,test123,bcrypt,none,False,372.01,32
2025-12-30 11:11:35,25493314,pythonfan,guest,bcrypt,none,False,317.6,33
2025-12-30 11:11:38,25493314,pythonfan,guest123,bcrypt,none,False,327.72,34
2025-12-30 11:11:40,25493314,pythonfan,user,bcrypt,none,False,371.89,35
2025-12-30 11:11:43,25493314,pythonfan,user123,bcrypt,none,False,370.15,36
2025-12-30 11:11:45,25493314,pythonfan,login,bcrypt,none,False,454.79,37
2025-12-30 11:11:48,25493314,pythonfan,login123,bcrypt,none,False,424.69,38
2025-12-30 11:11:50,25493314,pythonfan,welcome,bcrypt,none,False,392.22,39
2025-12-30 11:11:53,25493314,pythonfan,welcome1,bcrypt,none,False,360.68,40
2025-12-30 11:11:55,25493314,pythonfan,password123,bcrypt,none,False,477.28,41
2025-12-30 11:11:58,25493314,pythonfan,admin1,bcrypt,none,False,447.02,42
2025-12-30 11:12:00,25493314,pythonfan,root123,bcrypt,none,False,466.32,43
2025-12-30 11:12:03,25493314,pythonfan,pass123,bcrypt,none,False,396.35,44
2025-12-30 11:12:05,25493314,pythonfan,1q2w3e4r,bcrypt,none,False,344.44,45
2025-12-30 11:12:08,25493314,pythonfan,qwerty123,bcrypt,none,False,393.59,46
2025-12-30 11:12:10,25493314,pythonfan,1234567890,bcrypt,none,False,326.88,47
2025-12-30 11:12:13,25493314,pythonfan,987654321,bcrypt,none,False,367.06,48
2025-12-30 11:12:15,25493314,pythonfan,hello,bcrypt,none,False,342.46,49
2025-12-30 11:12:18,25493314,pythonfan,hello123,bcrypt,none,False,345.0,50
2025-12-30 11:12:20,25493314,pythonfan,iloveyou,bcrypt,none,False,406.94,51
2025-12-30 11:12:23,25493314,pythonfan,sunshine,bcrypt,none,False,436.8,52
2025-12-30 11:12:25,25493314,pythonfan,princess,bcrypt,none,False,348.88,53
2025-12-30 11:12:27,25493314,pythonfan,Password1,bcrypt,none,False,354.82,54
2025-12-30 11:12:30,25493314,pythonfan,Password123,bcrypt,none,False,383.39,55
2025-12-30 11:12:32,25493314,pythonfan,Admin123,bcrypt,none,False,370.93,56
2025-12-30 11:12:35,25493314,pythonfan,Welcome1,bcrypt,none,False,322.47,57
2025-12-30 11:12:37,25493314,pythonfan,Student123,bcrypt,none,False,361.39,58
2025-12-30 11:12:40,25493314,pythonfan,Student99,bcrypt,none,False,335.43,59
2025-12-30 11:12:42,25493314,pythonfan,Test2024,bcrypt,none,False,340.88,60
2025-12-30 11:12:44,25493314,pythonfan,Login456,bcrypt,none,False,385.48,61
2025-12-30 11:12:47,25493314,pythonfan,Python101,bcrypt,none,True,470.79,62
2025-12-30 11:12:50,25493314,techgirl,123456,bcrypt,none,False,434.01,1
2025-12-30 11:12:52,25493314,techgirl,password,bcrypt,none,False,427.46,2
2025-12-30 11:12:55,25493314,techgirl,12345678,bcrypt,none,False,454.5,3
2025-12-30 11:12:57,25493314,techgirl,qwerty,bcrypt,none,False,448.35,4
2025-12-30 11:13:00,25493314,techgirl,123456789,bcrypt,none,False,457.41,5
2025-12-30 11:13:02,25493314,techgirl,12345,bcrypt,none,False,339.18,6
2025-12-30 11:13:05,25493314,techgirl,1234,bcrypt,none,False,422.4,7
2025-12-30 11:13:07,25493314,techgirl,111111,bcrypt,none,False,394.61,8
2025-12-30 11:13:10,25493314,techgirl,1234567,bcrypt,none,False,455.55,9
2025-12-30 11:13:12,25493314,techgirl,dragon,bcrypt,none,False,456.92,10
2025-12-30 11:13:15,25493314,techgirl,123123,bcrypt,none,False,419.64,11
2025-12-30 11:13:17,25493314,techgirl,baseball,bcrypt,none,False,411.57,12
2025-12-30 11:13:20,25493314,techgirl,abc123,bcrypt,none,False,394.84,13
2025-12-30 11:13:22,25493314,techgirl,football,bcrypt,none,False,439.4,14
2025-12-30 11:13:25,25493314,techgirl,monkey,bcrypt,none,False,325.88,15
2025-12-30 11:13:27,25493314,techgirl,letmein,bcrypt,none,False,457.61,16
2025-12-30 11:13:30,25493314,techgirl,shadow,bcrypt,none,False,369.24,17
2025-12-30 11:13:32,25493314,techgirl,master,bcrypt,none,False,366.48,18
2025-12-30 11:13:34,25493314,techgirl,666666,bcrypt,none,False,308.03,19
2025-12-30 11:13:37,25493314,techgirl,qwertyuiop,bcrypt,none,False,388.74,20
2025-12-30 11:13:39,25493314,techgirl,123321,bcrypt,none,False,340.14,21
2025-12-30 11:13:42,25493314,techgirl,mustang,bcrypt,none,False,401.11,22
2025-12-30 11:13:44,25493314,techgirl,121212,bcrypt,none,False,348.46,23
2025-12-30 11:13:47,25493314,techgirl,000000,bcrypt,none,False,424.06,24
2025-12-30 11:13:49,25493314,techgirl,password1,bcrypt,none,False,406.72,25
2025-12-30 11:13:52,25493314,techgirl,admin,bcrypt,none,False,372.35,26
2025-12-30 11:13:54,25493314,techgirl,admin123,bcrypt,none,False,312.16,27
2025-12-30 11:13:57,25493314,techgirl,root,bcrypt,none,False,342.81,28
2025-12-30 11:13:59,25493314,techgirl,toor,bcrypt,none,False,404.54,29
2025-12-30 11:14:02,25493314,techgirl,pass,bcrypt,none,False,418.87,30
2025-12-30 11:14:04,25493314,techgirl,test,bcrypt,none,False,304.35,31
2025-12-30 11:14:06,25493314,techgirl,test123,bcrypt,none,False,360.93,32
2025-12-30 11:14:09,25493314,techgirl,guest,bcrypt,none,False,378.34,33
2025-12-30 11:14:11,25493314,techgirl,guest123,bcrypt,none,False,409.74,34
2025-12-30 11:14:14,25493314,techgirl,user,bcrypt,none,False,314.83,35
2025-12-30 11:14:16,25493314,techgirl,user123,bcrypt,none,False,377.52,36
2025-12-30 11:14:19,25493314,techgirl,login,bcrypt,none,False,381.96,37
2025-12-30 11:14:21,25493314,techgirl,login123,bcrypt,none,False,441.49,38
2025-12-30 11:14:24,25493314,techgirl,welcome,bcrypt,none,False,494.96,39
2025-12-30 11:14:26,25493314,techgirl,welcome1,bcrypt,none,False,363.2,40
2025-12-30 11:14:29,25493314,techgirl,password123,bcrypt,none,False,312.08,41
2025-12-30 11:14:31,25493314,techgirl,admin1,bcrypt,none,False,353.84,42
2025-12-30 11:14:34,25493314,techgirl,root123,bcrypt,none,False,413.88,43
2025-12-30 11:14:36,25493314,techgirl,pass123,bcrypt,none,False,362.36,44
2025-12-30 11:14:39,25493314,techgirl,1q2w3e4r,bcrypt,none,False,366.35,45
2025-12-30 11:14:41,25493314,techgirl,qwerty123,bcrypt,none,False,345.08,46
2025-12-30 11:14:43,25493314,techgirl,1234567890,bcrypt,none,False,355.74,47
2025-12-30 11:14:46,25493314,techgirl,987654321,bcrypt,none,False,382.68,48
2025-12-30 11:14:48,25493314,techgirl,hello,bcrypt,none,False,415.24,49
2025-12-30 11:14:51,25493314,techgirl,hello123,bcrypt,none,False,340.29,50
2025-12-30 11:14:53,25493314,techgirl,iloveyou,bcrypt,none,False,369.94,51
2025-12-30 11:14:56,25493314,techgirl,sunshine,bcrypt,none,False,397.46,52
2025-12-30 11:14:58,25493314,techgirl,princess,bcrypt,none,False,388.44,53
2025-12-30 11:15:01,25493314,techgirl,Password1,bcrypt,none,False,335.42,54
2025-12-30 11:15:03,25493314,techgirl,Password123,bcrypt,none,False,384.32,55
2025-12-30 11:15:06,25493314,techgirl,Admin123,bcrypt,none,False,456.85,56
2025-12-30 11:15:08,25493314,techgirl,Welcome1,bcrypt,none,False,342.86,57
2025-12-30 11:15:11,25493314,techgirl,Student123,bcrypt,none,False,454.09,58
2025-12-30 11:15:13,25493314,techgirl,Student99,bcrypt,none,False,380.43,59
2025-12-30 11:15:16,25493314,techgirl,Test2024,bcrypt,none,False,354.34,60
2025-12-30 11:15:18,25493314,techgirl,Login456,bcrypt,none,False,375.3,61
2025-12-30 11:15:21,25493314,techgirl,Python101,bcrypt,none,False,435.44,62
2025-12-30 11:15:23,25493314,techgirl,demo,bcrypt,none,False,379.54,63
2025-12-30 11:15:25,25493314,techgirl,student,bcrypt,none,False,324.71,64
2025-12-30 11:15:28,25493314,techgirl,name,bcrypt,none,False,312.5,65
2025-12-30 11:15:30,25493314,techgirl,1111,bcrypt,none,False,372.39,66
2025-12-30 11:15:33,25493314,techgirl,BlueCat12,bcrypt,none,False,330.24,67
2025-12-30 11:15:35,25493314,techgirl,TechGirl7,bcrypt,none,True,327.42,68
2025-12-30 11:15:38,25493314,cloud_user,123456,bcrypt,none,False,382.38,1
2025-12-30 11:15:40,25493314,cloud_user,password,bcrypt,none,False,426.48,2
2025-12-30 11:15:43,25493314,cloud_user,12345678,bcrypt,none,False,380.34,3
2025-12-30 11:15:45,25493314,cloud_user,qwerty,bcrypt,none,False,442.68,4
2025-12-30 11:15:48,25493314,cloud_user,123456789,bcrypt,none,False,336.91,5
2025-12-30 11:15:50,25493314,cloud_user,12345,bcrypt,none,False,341.32,6
2025-12-30 11:15:52,25493314,cloud_user,1234,bcrypt,none,False,392.34,7
2025-12-30 11:15:55,25493314,cloud_user,111111,bcrypt,none,False,448.04,8
2025-12-30 11:15:57,25493314,cloud_user,1234567,bcrypt,none,False,400.01,9
2025-12-30 11:16:00,25493314,cloud_user,dragon,bcrypt,none,False,453.39,10
2025-12-30 11:16:02,25493314,cloud_user,123123,bcrypt,none,False,343.75,11
2025-12-30 11:16:05,25493314,cloud_user,baseball,bcrypt,none,False,428.43,12
2025-12-30 11:16:07,25493314,cloud_user,abc123,bcrypt,none,False,395.35,13
2025-12-30 11:16:10,25493314,cloud_user,football,bcrypt,none,False,363.77,14
2025-12-30 11:16:12,25493314,cloud_user,monkey,bcrypt,none,False,389.6,15
2025-12-30 11:16:15,25493314,cloud_user,letmein,bcrypt,none,False,396.47,16
2025-12-30 11:16:17,25493314,cloud_user,shadow,bcrypt,none,False,311.81,17
2025-12-30 11:16:20,25493314,cloud_user,master,bcrypt,none,False,427.66,18
2025-12-30 11:16:22,25493314,cloud_user,666666,bcrypt,none,False,366.98,19
2025-12-30 11:16:25,25493314,cloud_user,qwertyuiop,bcrypt,none,False,342.46,20
2025-12-30 11:16:27,25493314,cloud_user,123321,bcrypt,none,False,430.55,21
2025-12-30 11:16:29,25493314,cloud_user,mustang,bcrypt,none,False,335.98,22
2025-12-30 11:16:32,25493314,cloud_user,121212,bcrypt,none,False,395.52,23
2025-12-30 11:16:34,25493314,cloud_user,000000,bcrypt,none,False,327.7,24
2025-12-30 11:16:37,25493314,cloud_user,password1,bcrypt,none,False,425.38,25
2025-12-30 11:16:39,25493314,cloud_user,admin,bcrypt,none,False,369.48,26
2025-12-30 11:16:42,25493314,cloud_user,admin123,bcrypt,none,False,364.13,27
2025-12-30 11:16:44,25493314,cloud_user,root,bcrypt,none,False,414.05,28
2025-12-30 11:16:47,25493314,cloud_user,toor,bcrypt,none,False,384.77,29
2025-12-30 11:16:49,25493314,cloud_user,pass,bcrypt,none,False,475.95,30
2025-12-30 11:16:52,25493314,cloud_user,test,bcrypt,none,False,450.62,31
2025-12-30 11:16:54,25493314,cloud_user,test123,bcrypt,none,False,400.44,32
2025-12-30 11:16:57,25493314,cloud_user,guest,bcrypt,none,False,384.75,33
2025-12-30 11:16:59,25493314,cloud_user,guest123,bcrypt,none,False,430.81,34
2025-12-30 11:17:02,25493314,cloud_user,user,bcrypt,none,False,327.41,35
2025-12-30 11:17:04,25493314,cloud_user,user123,bcrypt,none,False,403.44,36
2025-12-30 11:17:07,25493314,cloud_user,login,bcrypt,none,False,359.34,37
2025-12-30 11:17:09,25493314,cloud_user,login123,bcrypt,none,False,369.82,38
2025-12-30 11:17:12,25493314,cloud_user,welcome,bcrypt,none,False,429.69,39
2025-12-30 11:17:14,25493314,cloud_user,welcome1,bcrypt,none,False,403.36,40
2025-12-30 11:17:16,25493314,cloud_user,password123,bcrypt,none,False,348.41,41
2025-12-30 11:17:19,25493314,cloud_user,admin1,bcrypt,none,False,362.11,42
2025-12-30 11:17:21,25493314,cloud_user,root123,bcrypt,none,False,436.56,43
2025-12-30 11:17:24,25493314,cloud_user,pass123,bcrypt,none,False,351.39,44
2025-12-30 11:17:26,25493314,cloud_user,1q2w3e4r,bcrypt,none,False,384.25,45
2025-12-30 11:17:29,25493314,cloud_user,qwerty123,bcrypt,none,False,304.96,46
2025-12-30 11:17:31,25493314,cloud_user,1234567890,bcrypt,none,False,467.95,47
2025-12-30 11:17:34,25493314,cloud_user,987654321,bcrypt,none,False,318.28,48
2025-12-30 11:17:36,25493314,cloud_user,hello,bcrypt,none,False,359.53,49
2025-12-30 11:17:39,25493314,cloud_user,hello123,bcrypt,none,False,384.3,50
2025-12-30 11:17:41,25493314,cloud_user,iloveyou,bcrypt,none,False,378.94,51
2025-12-30 11:17:43,25493314,cloud_user,sunshine,bcrypt,none,False,345.8,52
2025-12-30 11:17:46,25493314,cloud_user,princess,bcrypt,none,False,346.35,53
2025-12-30 11:17:48,25493314,cloud_user,Password1,bcrypt,none,False,353.88,54
2025-12-30 11:17:51,25493314,cloud_user,Password123,bcrypt,none,False,367.98,55
2025-12-30 11:17:53,25493314,cloud_user,Admin123,bcrypt,none,False,455.38,56
2025-12-30 11:17:56,25493314,cloud_user,Welcome1,bcrypt,none,False,359.62,57
2025-12-30 11:17:58,25493314,cloud_user,Student123,bcrypt,none,False,362.76,58
2025-12-30 11:18:01,25493314,cloud_user,Student99,bcrypt,none,False,306.08,59
2025-12-30 11:18:03,25493314,cloud_user,Test2024,bcrypt,none,False,365.73,60
2025-12-30 11:18:05,25493314,cloud_user,Login456,bcrypt,none,False,311.24,61
2025-12-30 11:18:08,25493314,cloud_user,Python101,bcrypt,none,False,420.82,62
2025-12-30 11:18:10,25493314,cloud_user,demo,bcrypt,none,False,415.99,63
2025-12-30 11:18:13,25493314,cloud_user,student,bcrypt,none,False,403.78,64
2025-12-30 11:18:15,25493314,cloud_user,name,bcrypt,none,False,424.2,65
2025-12-30 11:18:18,25493314,cloud_user,1111,bcrypt,none,False,399.82,66
2025-12-30 11:18:20,25493314,cloud_user,BlueCat12,bcrypt,none,False,355.47,67
2025-12-30 11:18:23,25493314,cloud_user,TechGirl7,bcrypt,none,False,426.87,68
2025-12-30 11:18:25,25493314,cloud_user,Cloud123,bcrypt,none,True,325.33,69
2025-12-30 11:18:28,25493314,gamer22,123456,bcrypt,none,False,401.98,1
2025-12-30 11:18:30,25493314,gamer22,password,bcrypt,none,False,412.89,2
2025-12-30 11:18:33,25493314,gamer22,12345678,bcrypt,none,False,344.75,3
2025-12-30 11:18:35,25493314,gamer22,qwerty,bcrypt,none,False,391.47,4
2025-12-30 11:18:38,25493314,gamer22,123456789,bcrypt,none,False,325.15,5
2025-12-30 11:18:40,25493314,gamer22,12345,bcrypt,none,False,381.49,6
2025-12-30 11:18:43,25493314,gamer22,1234,bcrypt,none,False,339.94,7
2025-12-30 11:18:45,25493314,gamer22,111111,bcrypt,none,False,364.33,8
2025-12-30 11:18:47,25493314,gamer22,1234567,bcrypt,none,False,362.59,9
2025-12-30 11:18:50,25493314,gamer22,dragon,bcrypt,none,False,389.38,10
2025-12-30 11:18:52,25493314,gamer22,123123,bcrypt,none,False,312.57,11
2025-12-30 11:18:55,25493314,gamer22,baseball,bcrypt,none,False,347.07,12
2025-12-30 11:18:57,25493314,gamer22,abc123,bcrypt,none,False,496.67,13
2025-12-30 11:19:00,25493314,gamer22,football,bcrypt,none,False,499.21,14
2025-12-30 11:19:02,25493314,gamer22,monkey,bcrypt,none,False,401.28,15
2025-12-30 11:19:05,25493314,gamer22,letmein,bcrypt,none,False,417.97,16
2025-12-30 11:19:07,25493314,gamer22,shadow,bcrypt,none,False,382.87,17
2025-12-30 11:19:10,25493314,gamer22,master,bcrypt,none,False,394.88,18
2025-12-30 11:19:12,25493314,gamer22,666666,bcrypt,none,False,353.0,19
2025-12-30 11:19:15,25493314,gamer22,qwertyuiop,bcrypt,none,False,363.53,20
2025-12-30 11:19:17,25493314,gamer22,123321,bcrypt,none,False,369.94,21
2025-12-30 11:19:20,25493314,gamer22,mustang,bcrypt,none,False,357.26,22
2025-12-30 11:19:22,25493314,gamer22,121212,bcrypt,none,False,477.94,23
2025-12-30 11:19:25,25493314,gamer22,000000,bcrypt,none,False,304.91,24
2025-12-30 11:19:27,25493314,gamer22,password1,bcrypt,none,False,370.83,25
2025-12-30 11:19:30,25493314,gamer22,admin,bcrypt,none,False,380.94,26
2025-12-30 11:19:32,25493314,gamer22,admin123,bcrypt,none,False,410.98,27
2025-12-30 11:19:34,25493314,gamer22,root,bcrypt,none,False,310.91,28
2025-12-30 11:19:37,25493314,gamer22,toor,bcrypt,none,False,385.89,29
2025-12-30 11:19:39,25493314,gamer22,pass,bcrypt,none,False,412.04,30
2025-12-30 11:19:42,25493314,gamer22,test,bcrypt,none,False,461.18,31
2025-12-30 11:19:44,25493314,gamer22,test123,bcrypt,none,False,376.87,32
2025-12-30 11:19:47,25493314,gamer22,guest,bcrypt,none,False,362.52,33
2025-12-30 11:19:49,25493314,gamer22,guest123,bcrypt,none,False,312.18,34
2025-12-30 11:19:52,25493314,gamer22,user,bcrypt,none,False,356.58,35
2025-12-30 11:19:54,25493314,gamer22,user123,bcrypt,none,False,381.27,36
2025-12-30 11:19:56,25493314,gamer22,login,bcrypt,none,False,291.96,37
2025-12-30 11:19:59,25493314,gamer22,login123,bcrypt,none,False,364.18,38
2025-12-30 11:20:01,25493314,gamer22,welcome,bcrypt,none,False,371.8,39
2025-12-30 11:20:04,25493314,gamer22,welcome1,bcrypt,none,False,318.77,40
2025-12-30 11:20:06,25493314,gamer22,password123,bcrypt,none,False,357.3,41
2025-12-30 11:20:09,25493314,gamer22,admin1,bcrypt,none,False,346.77,42
2025-12-30 11:20:11,25493314,gamer22,root123,bcrypt,none,False,345.69,43
2025-12-30 11:20:14,25493314,gamer22,pass123,bcrypt,none,False,455.17,44
2025-12-30 11:20:16,25493314,gamer22,1q2w3e4r,bcrypt,none,False,396.49,45
2025-12-30 11:20:19,25493314,gamer22,qwerty123,bcrypt,none,False,344.35,46
2025-12-30 11:20:21,25493314,gamer22,1234567890,bcrypt,none,False,381.63,47
2025-12-30 11:20:23,25493314,gamer22,987654321,bcrypt,none,False,395.09,48
2025-12-30 11:20:26,25493314,gamer22,hello,bcrypt,none,False,373.52,49
2025-12-30 11:20:28,25493314,gamer22,hello123,bcrypt,none,False,416.72,50
2025-12-30 11:20:31,25493314,gamer22,iloveyou,bcrypt,none,False,333.41,51
2025-12-30 11:20:33,25493314,gamer22,sunshine,bcrypt,none,False,344.66,52
2025-12-30 11:20:36,25493314,gamer22,princess,bcrypt,none,False,390.31,53
2025-12-30 11:20:38,25493314,gamer22,Password1,bcrypt,none,False,327.05,54
2025-12-30 11:20:41,25493314,gamer22,Password123,bcrypt,none,False,434.33,55
2025-12-30 11:20:43,25493314,gamer22,Admin123,bcrypt,none,False,360.78,56
2025-12-30 11:20:45,25493314,gamer22,Welcome1,bcrypt,none,False,289.61,57
2025-12-30 11:20:48,25493314,gamer22,Student123,bcrypt,none,False,370.25,58
2025-12-30 11:20:50,25493314,gamer22,Student99,bcrypt,none,False,357.98,59
2025-12-30 11:20:53,25493314,gamer22,Test2024,bcrypt,none,False,393.79,60
2025-12-30 11:20:55,25493314,gamer22,Login456,bcrypt,none,False,387.63,61
2025-12-30 11:20:58,25493314,gamer22,Python101,bcrypt,none,False,499.23,62
2025-12-30 11:21:00,25493314,gamer22,demo,bcrypt,none,False,431.06,63
2025-12-30 11:21:03,25493314,gamer22,student,bcrypt,none,False,467.35,64
2025-12-30 11:21:05,25493314,gamer22,name,bcrypt,none,False,417.51,65
2025-12-30 11:21:08,25493314,gamer22,1111,bcrypt,none,False,403.86,66
2025-12-30 11:21:10,25493314,gamer22,BlueCat12,bcrypt,none,False,338.67,67
2025-12-30 11:21:13,25493314,gamer22,TechGirl7,bcrypt,none,False,453.48,68
2025-12-30 11:21:15,25493314,gamer22,Cloud123,bcrypt,none,False,394.82,69
2025-12-30 11:21:18,25493314,gamer22,GameOn22,bcrypt,none,True,423.07,70
2025-12-30 11:21:20,25493314,webdev,123456,bcrypt,none,False,369.81,1
2025-12-30 11:21:23,25493314,webdev,password,bcrypt,none,False,418.79,2
2025-12-30 11:21:25,25493314,webdev,12345678,bcrypt,none,False,350.64,3
2025-12-30 11:21:28,25493314,webdev,qwerty,bcrypt,none,False,410.22,4
2025-12-30 11:21:30,25493314,webdev,123456789,bcrypt,none,False,358.34,5
2025-12-30 11:21:33,25493314,webdev,12345,bcrypt,none,False,360.58,6
2025-12-30 11:21:35,25493314,webdev,1234,bcrypt,none,False,439.19,7
2025-12-30 11:21:38,25493314,webdev,111111,bcrypt,none,False,367.88,8
2025-12-30 11:21:40,25493314,webdev,1234567,bcrypt,none,False,300.98,9
2025-12-30 11:21:43,25493314,webdev,dragon,bcrypt,none,False,325.39,10
2025-12-30 11:21:45,25493314,webdev,123123,bcrypt,none,False,347.32,11
2025-12-30 11:21:47,25493314,webdev,baseball,bcrypt,none,False,444.1,12
2025-12-30 11:21:50,25493314,webdev,abc123,bcrypt,none,False,320.58,13
2025-12-30 11:21:52,25493314,webdev,football,bcrypt,none,False,363.53,14
2025-12-30 11:21:55,25493314,webdev,monkey,bcrypt,none,False,394.49,15
2025-12-30 11:21:57,25493314,webdev,letmein,bcrypt,none,False,354.2,16
2025-12-30 11:22:00,25493314,webdev,shadow,bcrypt,none,False,405.27,17
2025-12-30 11:22:02,25493314,webdev,master,bcrypt,none,False,372.49,18
2025-12-30 11:22:05,25493314,webdev,666666,bcrypt,none,False,355.75,19
2025-12-30 11:22:07,25493314,webdev,qwertyuiop,bcrypt,none,False,402.93,20
2025-12-30 11:22:10,25493314,webdev,123321,bcrypt,none,False,326.48,21
2025-12-30 11:22:12,25493314,webdev,mustang,bcrypt,none,False,384.79,22
2025-12-30 11:22:14,25493314,webdev,121212,bcrypt,none,False,351.36,23
2025-12-30 11:22:17,25493314,webdev,000000,bcrypt,none,False,457.71,24
2025-12-30 11:22:19,25493314,webdev,password1,bcrypt,none,False,403.16,25
2025-12-30 11:22:22,25493314,webdev,admin,bcrypt,none,False,383.58,26
2025-12-30 11:22:24,25493314,webdev,admin123,bcrypt,none,False,408.88,27
2025-12-30 11:22:27,25493314,webdev,root,bcrypt,none,False,363.62,28
2025-12-30 11:22:29,25493314,webdev,toor,bcrypt,none,False,323.13,29
2025-12-30 11:22:32,25493314,webdev,pass,bcrypt,none,False,352.33,30
2025-12-30 11:22:34,25493314,webdev,test,bcrypt,none,False,421.97,31
2025-12-30 11:22:37,25493314,webdev,test123,bcrypt,none,False,385.45,32
2025-12-30 11:22:39,25493314,webdev,guest,bcrypt,none,False,340.23,33
2025-12-30 11:22:42,25493314,webdev,guest123,bcrypt,none,False,396.44,34
2025-12-30 11:22:44,25493314,webdev,user,bcrypt,none,False,391.38,35
2025-12-30 11:22:47,25493314,webdev,user123,bcrypt,none,False,412.13,36
2025-12-30 11:22:49,25493314,webdev,login,bcrypt,none,False,374.48,37
2025-12-30 11:22:52,25493314,webdev,login123,bcrypt,none,False,421.25,38
2025-12-30 11:22:54,25493314,webdev,welcome,bcrypt,none,False,389.03,39
2025-12-30 11:22:57,25493314,webdev,welcome1,bcrypt,none,False,409.82,40
2025-12-30 11:22:59,25493314,webdev,password123,bcrypt,none,False,341.22,41
2025-12-30 11:23:01,25493314,webdev,admin1,bcrypt,none,False,345.85,42
2025-12-30 11:23:04,25493314,webdev,root123,bcrypt,none,False,490.53,43
2025-12-30 11:23:06,25493314,webdev,pass123,bcrypt,none,False,349.42,44
2025-12-30 11:23:09,25493314,webdev,1q2w3e4r,bcrypt,none,False,423.16,45
2025-12-30 11:23:11,25493314,webdev,qwerty123,bcrypt,none,False,349.34,46
2025-12-30 11:23:14,25493314,webdev,1234567890,bcrypt,none,False,361.35,47
2025-12-30 11:23:16,25493314,webdev,987654321,bcrypt,none,False,334.5,48
2025-12-30 11:23:19,25493314,webdev,hello,bcrypt,none,False,456.51,49
2025-12-30 11:23:21,25493314,webdev,hello123,bcrypt,none,False,301.35,50
2025-12-30 11:23:24,25493314,webdev,iloveyou,bcrypt,none,False,401.26,51
2025-12-30 11:23:26,25493314,webdev,sunshine,bcrypt,none,False,392.81,52
2025-12-30 11:23:29,25493314,webdev,princess,bcrypt,none,False,384.09,53
2025-12-30 11:23:31,25493314,webdev,Password1,bcrypt,none,False,275.33,54
2025-12-30 11:23:33,25493314,webdev,Password123,bcrypt,none,False,270.34,55
2025-12-30 11:23:36,25493314,webdev,Admin123,bcrypt,none,False,275.99,56
2025-12-30 11:23:38,25493314,webdev,Welcome1,bcrypt,none,False,275.22,57
2025-12-30 11:23:40,25493314,webdev,Student123,bcrypt,none,False,264.98,58
2025-12-30 11:23:43,25493314,webdev,Student99,bcrypt,none,False,277.13,59
2025-12-30 11:23:45,25493314,webdev,Test2024,bcrypt,none,False,262.32,60
2025-12-30 11:23:47,25493314,webdev,Login456,bcrypt,none,False,256.03,61
2025-12-30 11:23:50,25493314,webdev,Python101,bcrypt,none,False,271.43,62
2025-12-30 11:23:52,25493314,webdev,demo,bcrypt,none,False,291.4,63
2025-12-30 11:23:54,25493314,webdev,student,bcrypt,none,False,265.54,64
2025-12-30 11:23:57,25493314,webdev,name,bcrypt,none,False,279.33,65
2025-12-30 11:23:59,25493314,webdev,1111,bcrypt,none,False,268.79,66
2025-12-30 11:24:01,25493314,webdev,BlueCat12,bcrypt,none,False,286.89,67
2025-12-30 11:24:04,25493314,webdev,TechGirl7,bcrypt,none,False,280.81,68
2025-12-30 11:24:06,25493314,webdev,Cloud123,bcrypt,none,False,272.21,69
2025-12-30 11:24:08,25493314,webdev,GameOn22,bcrypt,none,False,270.86,70
2025-12-30 11:24:11,25493314,webdev,WebDev88,bcrypt,none,True,281.91,71
2025-12-30 11:24:13,25493314,sha.sec,123456,bcrypt,none,False,257.18,1
2025-12-30 11:24:15,25493314,sha.sec,password,bcrypt,none,False,257.37,2
2025-12-30 11:24:18,25493314,sha.sec,12345678,bcrypt,none,False,261.53,3
2025-12-30 11:24:20,25493314,sha.sec,qwerty,bcrypt,none,False,268.18,4
2025-12-30 11:24:22,25493314,sha.sec,123456789,bcrypt,none,False,262.37,5
2025-12-30 11:24:25,25493314,sha.sec,12345,bcrypt,none,False,273.31,6
2025-12-30 11:24:27,25493314,sha.sec,1234,bcrypt,none,False,351.43,7
2025-12-30 11:24:29,25493314,sha.sec,111111,bcrypt,none,False,293.71,8
2025-12-30 11:24:32,25493314,sha.sec,1234567,bcrypt,none,False,441.24,9
2025-12-30 11:24:34,25493314,sha.sec,dragon,bcrypt,none,False,317.32,10
2025-12-30 11:24:37,25493314,sha.sec,123123,bcrypt,none,False,504.06,11
2025-12-30 11:24:39,25493314,sha.sec,baseball,bcrypt,none,False,343.96,12
2025-12-30 11:24:42,25493314,sha.sec,abc123,bcrypt,none,False,437.91,13
2025-12-30 11:24:44,25493314,sha.sec,football,bcrypt,none,False,398.11,14
2025-12-30 11:24:47,25493314,sha.sec,monkey,bcrypt,none,False,420.25,15
2025-12-30 11:24:49,25493314,sha.sec,letmein,bcrypt,none,False,374.94,16
2025-12-30 11:24:52,25493314,sha.sec,shadow,bcrypt,none,False,388.76,17
2025-12-30 11:24:54,25493314,sha.sec,master,bcrypt,none,False,379.01,18
2025-12-30 11:24:57,25493314,sha.sec,666666,bcrypt,none,False,405.99,19
2025-12-30 11:24:59,25493314,sha.sec,qwertyuiop,bcrypt,none,False,317.64,20
2025-12-30 11:25:02,25493314,sha.sec,123321,bcrypt,none,False,416.66,21
2025-12-30 11:25:04,25493314,sha.sec,mustang,bcrypt,none,False,307.25,22
2025-12-30 11:25:07,25493314,sha.sec,121212,bcrypt,none,False,444.15,23
2025-12-30 11:25:09,25493314,sha.sec,000000,bcrypt,none,False,322.07,24
2025-12-30 11:25:11,25493314,sha.sec,password1,bcrypt,none,False,311.08,25
2025-12-30 11:25:14,25493314,sha.sec,admin,bcrypt,none,False,468.29,26
2025-12-30 11:25:16,25493314,sha.sec,admin123,bcrypt,none,False,405.37,27
2025-12-30 11:25:19,25493314,sha.sec,root,bcrypt,none,False,466.96,28
2025-12-30 11:25:21,25493314,sha.sec,toor,bcrypt,none,False,327.75,29
2025-12-30 11:25:24,25493314,sha.sec,pass,bcrypt,none,False,334.06,30
2025-12-30 11:25:26,25493314,sha.sec,test,bcrypt,none,False,403.06,31
2025-12-30 11:25:29,25493314,sha.sec,test123,bcrypt,none,False,364.08,32
2025-12-30 11:25:31,25493314,sha.sec,guest,bcrypt,none,False,363.82,33
2025-12-30 11:25:34,25493314,sha.sec,guest123,bcrypt,none,False,366.95,34
2025-12-30 11:25:36,25493314,sha.sec,user,bcrypt,none,False,374.4,35
2025-12-30 11:25:39,25493314,sha.sec,user123,bcrypt,none,False,326.94,36
2025-12-30 11:25:41,25493314,sha.sec,login,bcrypt,none,False,375.99,37
2025-12-30 11:25:44,25493314,sha.sec,login123,bcrypt,none,False,369.0,38
2025-12-30 11:25:46,25493314,sha.sec,welcome,bcrypt,none,False,422.97,39
2025-12-30 11:25:49,25493314,sha.sec,welcome1,bcrypt,none,False,384.5,40
2025-12-30 11:25:51,25493314,sha.sec,password123,bcrypt,none,False,371.37,41
2025-12-30 11:25:54,25493314,sha.sec,admin1,bcrypt,none,False,387.51,42
2025-12-30 11:25:56,25493314,sha.sec,root123,bcrypt,none,False,318.87,43
2025-12-30 11:25:58,25493314,sha.sec,pass123,bcrypt,none,False,409.14,44
2025-12-30 11:26:01,25493314,sha.sec,1q2w3e4r,bcrypt,none,False,415.68,45
2025-12-30 11:26:03,25493314,sha.sec,qwerty123,bcrypt,none,False,371.44,46
2025-12-30 11:26:06,25493314,sha.sec,1234567890,bcrypt,none,False,355.59,47
2025-12-30 11:26:08,25493314,sha.sec,987654321,bcrypt,none,False,337.7,48
2025-12-30 11:26:11,25493314,sha.sec,hello,bcrypt,none,False,413.41,49
2025-12-30 11:26:13,25493314,sha.sec,hello123,bcrypt,none,False,336.29,50
2025-12-30 11:26:16,25493314,sha.sec,iloveyou,bcrypt,none,False,350.39,51
2025-12-30 11:26:18,25493314,sha.sec,sunshine,bcrypt,none,False,330.35,52
2025-12-30 11:26:20,25493314,sha.sec,princess,bcrypt,none,False,345.43,53
2025-12-30 11:26:23,25493314,sha.sec,Password1,bcrypt,none,False,322.2,54
2025-12-30 11:26:25,25493314,sha.sec,Password123,bcrypt,none,False,346.34,55
2025-12-30 11:26:28,25493314,sha.sec,Admin123,bcrypt,none,False,358.97,56
2025-12-30 11:26:30,25493314,sha.sec,Welcome1,bcrypt,none,False,433.12,57
2025-12-30 11:26:33,25493314,sha.sec,Student123,bcrypt,none,False,323.24,58
2025-12-30 11:26:35,25493314,sha.sec,Student99,bcrypt,none,False,428.25,59
2025-12-30 11:26:38,25493314,sha.sec,Test2024,bcrypt,none,False,350.05,60
2025-12-30 11:26:40,25493314,sha.sec,Login456,bcrypt,none,False,373.94,61
2025-12-30 11:26:43,25493314,sha.sec,Python101,bcrypt,none,False,382.62,62
2025-12-30 11:26:45,25493314,sha.sec,demo,bcrypt,none,False,389.64,63
2025-12-30 11:26:48,25493314,sha.sec,student,bcrypt,none,False,390.09,64
2025-12-30 11:26:50,25493314,sha.sec,name,bcrypt,none,False,460.46,65
2025-12-30 11:26:53,25493314,sha.sec,1111,bcrypt,none,False,478.46,66
2025-12-30 11:26:55,25493314,sha.sec,BlueCat12,bcrypt,none,False,488.57,67
2025-12-30 11:26:58,25493314,sha.sec,TechGirl7,bcrypt,none,False,442.11,68
2025-12-30 11:27:00,25493314,sha.sec,Cloud123,bcrypt,none,False,451.34,69
2025-12-30 11:27:03,25493314,sha.sec,GameOn22,bcrypt,none,False,439.74,70
2025-12-30 11:27:05,25493314,sha.sec,WebDev88,bcrypt,none,False,409.05,71
2025-12-30 11:27:08,25493314,secure_user,123456,bcrypt,none,False,426.88,1
2025-12-30 11:27:10,25493314,secure_user,password,bcrypt,none,False,446.81,2
2025-12-30 11:27:13,25493314,secure_user,12345678,bcrypt,none,False,451.91,3
2025-12-30 11:27:16,25493314,secure_user,qwerty,bcrypt,none,False,448.75,4
2025-12-30 11:27:18,25493314,secure_user,123456789,bcrypt,none,False,434.61,5
2025-12-30 11:27:21,25493314,secure_user,12345,bcrypt,none,False,490.7,6
2025-12-30 11:27:23,25493314,secure_user,1234,bcrypt,none,False,406.54,7
2025-12-30 11:27:26,25493314,secure_user,111111,bcrypt,none,False,476.79,8
2025-12-30 11:27:28,25493314,secure_user,1234567,bcrypt,none,False,399.4,9
2025-12-30 11:27:31,25493314,secure_user,dragon,bcrypt,none,False,508.35,10
2025-12-30 11:27:34,25493314,secure_user,123123,bcrypt,none,False,447.1,11
2025-12-30 11:27:36,25493314,secure_user,baseball,bcrypt,none,False,448.75,12
2025-12-30 11:27:39,25493314,secure_user,abc123,bcrypt,none,False,384.48,13
2025-12-30 11:27:41,25493314,secure_user,football,bcrypt,none,False,471.89,14
2025-12-30 11:27:44,25493314,secure_user,monkey,bcrypt,none,False,469.46,15
2025-12-30 11:27:46,25493314,secure_user,letmein,bcrypt,none,False,441.16,16
2025-12-30 11:27:49,25493314,secure_user,shadow,bcrypt,none,False,426.91,17
2025-12-30 11:27:51,25493314,secure_user,master,bcrypt,none,False,450.05,18
2025-12-30 11:27:54,25493314,secure_user,666666,bcrypt,none,False,397.36,19
2025-12-30 11:27:56,25493314,secure_user,qwertyuiop,bcrypt,none,False,464.59,20
2025-12-30 11:27:59,25493314,secure_user,123321,bcrypt,none,False,437.7,21
2025-12-30 11:28:02,25493314,secure_user,mustang,bcrypt,none,False,456.39,22
2025-12-30 11:28:04,25493314,secure_user,121212,bcrypt,none,False,403.48,23
2025-12-30 11:28:07,25493314,secure_user,000000,bcrypt,none,False,388.72,24
2025-12-30 11:28:09,25493314,secure_user,password1,bcrypt,none,False,428.53,25
2025-12-30 11:28:12,25493314,secure_user,admin,bcrypt,none,False,457.17,26
2025-12-30 11:28:14,25493314,secure_user,admin123,bcrypt,none,False,338.61,27
2025-12-30 11:28:17,25493314,secure_user,root,bcrypt,none,False,472.45,28
2025-12-30 11:28:19,25493314,secure_user,toor,bcrypt,none,False,502.38,29
2025-12-30 11:28:22,25493314,secure_user,pass,bcrypt,none,False,357.65,30
2025-12-30 11:28:24,25493314,secure_user,test,bcrypt,none,False,496.65,31
2025-12-30 11:28:27,25493314,secure_user,test123,bcrypt,none,False,447.15,32
2025-12-30 11:28:30,25493314,secure_user,guest,bcrypt,none,False,482.36,33
2025-12-30 11:28:32,25493314,secure_user,guest123,bcrypt,none,False,496.16,34
2025-12-30 11:28:35,25493314,secure_user,user,bcrypt,none,False,500.7,35
2025-12-30 11:28:37,25493314,secure_user,user123,bcrypt,none,False,394.66,36
2025-12-30 11:28:40,25493314,secure_user,login,bcrypt,none,False,395.05,37
2025-12-30 11:28:42,25493314,secure_user,login123,bcrypt,none,False,395.1,38
2025-12-30 11:28:45,25493314,secure_user,welcome,bcrypt,none,False,535.55,39
2025-12-30 11:28:47,25493314,secure_user,welcome1,bcrypt,none,False,458.05,40
2025-12-30 11:28:50,25493314,secure_user,password123,bcrypt,none,False,361.23,41
2025-12-30 11:28:52,25493314,secure_user,admin1,bcrypt,none,False,304.61,42
2025-12-30 11:28:55,25493314,secure_user,root123,bcrypt,none,False,424.38,43
2025-12-30 11:28:57,25493314,secure_user,pass123,bcrypt,none,False,429.47,44
2025-12-30 11:29:00,25493314,secure_user,1q2w3e4r,bcrypt,none,False,470.72,45
2025-12-30 11:29:02,25493314,secure_user,qwerty123,bcrypt,none,False,443.75,46
2025-12-30 11:29:05,25493314,secure_user,1234567890,bcrypt,none,False,456.74,47
2025-12-30 11:29:07,25493314,secure_user,987654321,bcrypt,none,False,433.64,48
2025-12-30 11:29:10,25493314,secure_user,hello,bcrypt,none,False,420.56,49
2025-12-30 11:29:13,25493314,secure_user,hello123,bcrypt,none,False,403.35,50
2025-12-30 11:29:15,25493314,secure_user,iloveyou,bcrypt,none,False,448.65,51
2025-12-30 11:29:18,25493314,secure_user,sunshine,bcrypt,none,False,462.67,52
2025-12-30 11:29:20,25493314,secure_user,princess,bcrypt,none,False,449.61,53
2025-12-30 11:29:23,25493314,secure_user,Password1,bcrypt,none,False,431.06,54
2025-12-30 11:29:25,25493314,secure_user,Password123,bcrypt,none,False,418.63,55
2025-12-30 11:29:28,25493314,secure_user,Admin123,bcrypt,none,False,460.12,56
2025-12-30 11:29:30,25493314,secure_user,Welcome1,bcrypt,none,False,457.2,57
2025-12-30 11:29:33,25493314,secure_user,Student123,bcrypt,none,False,432.24,58
2025-12-30 11:29:36,25493314,secure_user,Student99,bcrypt,none,False,508.26,59
2025-12-30 11:29:38,25493314,secure_user,Test2024,bcrypt,none,False,477.6,60
2025-12-30 11:29:41,25493314,secure_user,Login456,bcrypt,none,False,441.37,61
2025-12-30 11:29:43,25493314,secure_user,Python101,bcrypt,none,False,475.9,62
2025-12-30 11:29:46,25493314,secure_user,demo,bcrypt,none,False,498.47,63
2025-12-30 11:29:48,25493314,secure_user,student,bcrypt,none,False,435.52,64
2025-12-30 11:29:51,25493314,secure_user,name,bcrypt,none,False,387.12,65
2025-12-30 11:29:53,25493314,secure_user,1111,bcrypt,none,False,428.52,66
2025-12-30 11:29:56,25493314,secure_user,BlueCat12,bcrypt,none,False,454.98,67
2025-12-30 11:29:58,25493314,secure_user,TechGirl7,bcrypt,none,False,484.74,68
2025-12-30 11:30:01,25493314,secure_user,Cloud123,bcrypt,none,False,424.11,69
2025-12-30 11:30:04,25493314,secure_user,GameOn22,bcrypt,none,False,476.17,70
2025-12-30 11:30:06,25493314,secure_user,WebDev88,bcrypt,none,False,445.11,71
2025-12-30 11:30:09,25493314,cyber.auth,123456,bcrypt,none,False,437.16,1
2025-12-30 11:30:11,25493314,cyber.auth,password,bcrypt,none,False,354.42,2
2025-12-30 11:30:14,25493314,cyber.auth,12345678,bcrypt,none,False,356.89,3
2025-12-30 11:30:16,25493314,cyber.auth,qwerty,bcrypt,none,False,420.68,4
2025-12-30 11:30:19,25493314,cyber.auth,123456789,bcrypt,none,False,431.72,5
2025-12-30 11:30:21,25493314,cyber.auth,12345,bcrypt,none,False,394.57,6
2025-12-30 11:30:24,25493314,cyber.auth,1234,bcrypt,none,False,346.89,7
2025-12-30 11:30:26,25493314,cyber.auth,111111,bcrypt,none,False,348.41,8
2025-12-30 11:30:29,25493314,cyber.auth,1234567,bcrypt,none,False,337.88,9
2025-12-30 11:30:31,25493314,cyber.auth,dragon,bcrypt,none,False,454.74,10
2025-12-30 11:30:34,25493314,cyber.auth,123123,bcrypt,none,False,561.16,11
2025-12-30 11:30:36,25493314,cyber.auth,baseball,bcrypt,none,False,378.46,12
2025-12-30 11:30:39,25493314,cyber.auth,abc123,bcrypt,none,False,427.59,13
2025-12-30 11:30:41,25493314,cyber.auth,football,bcrypt,none,False,410.28,14
2025-12-30 11:30:44,25493314,cyber.auth,monkey,bcrypt,none,False,391.0,15
2025-12-30 11:30:46,25493314,cyber.auth,letmein,bcrypt,none,False,368.08,16
2025-12-30 11:30:49,25493314,cyber.auth,shadow,bcrypt,none,False,313.21,17
2025-12-30 11:30:51,25493314,cyber.auth,master,bcrypt,none,False,416.83,18
2025-12-30 11:30:54,25493314,cyber.auth,666666,bcrypt,none,False,467.49,19
2025-12-30 11:30:56,25493314,cyber.auth,qwertyuiop,bcrypt,none,False,439.85,20
2025-12-30 11:30:59,25493314,cyber.auth,123321,bcrypt,none,False,481.04,21
2025-12-30 11:31:01,25493314,cyber.auth,mustang,bcrypt,none,False,484.78,22
2025-12-30 11:31:04,25493314,cyber.auth,121212,bcrypt,none,False,452.84,23
2025-12-30 11:31:07,25493314,cyber.auth,000000,bcrypt,none,False,453.17,24
2025-12-30 11:31:09,25493314,cyber.auth,password1,bcrypt,none,False,399.61,25
2025-12-30 11:31:12,25493314,cyber.auth,admin,bcrypt,none,False,455.37,26
2025-12-30 11:31:14,25493314,cyber.auth,admin123,bcrypt,none,False,501.36,27
2025-12-30 11:31:17,25493314,cyber.auth,root,bcrypt,none,False,436.03,28
2025-12-30 11:31:19,25493314,cyber.auth,toor,bcrypt,none,False,421.54,29
2025-12-30 11:31:22,25493314,cyber.auth,pass,bcrypt,none,False,454.78,30
2025-12-30 11:31:24,25493314,cyber.auth,test,bcrypt,none,False,479.96,31
2025-12-30 11:31:27,25493314,cyber.auth,test123,bcrypt,none,False,482.1,32
2025-12-30 11:31:30,25493314,cyber.auth,guest,bcrypt,none,False,445.62,33
2025-12-30 11:31:32,25493314,cyber.auth,guest123,bcrypt,none,False,489.27,34
2025-12-30 11:31:35,25493314,cyber.auth,user,bcrypt,none,False,469.82,35
2025-12-30 11:31:37,25493314,cyber.auth,user123,bcrypt,none,False,390.19,36
2025-12-30 11:31:40,25493314,cyber.auth,login,bcrypt,none,False,488.0,37
2025-12-30 11:31:42,25493314,cyber.auth,login123,bcrypt,none,False,366.4,38
2025-12-30 11:31:45,25493314,cyber.auth,welcome,bcrypt,none,False,485.11,39
2025-12-30 11:31:47,25493314,cyber.auth,welcome1,bcrypt,none,False,503.95,40
2025-12-30 11:31:50,25493314,cyber.auth,password123,bcrypt,none,False,463.27,41
2025-12-30 11:31:53,25493314,cyber.auth,admin1,bcrypt,none,False,404.78,42
2025-12-30 11:31:55,25493314,cyber.auth,root123,bcrypt,none,False,547.31,43
2025-12-30 11:31:58,25493314,cyber.auth,pass123,bcrypt,none,False,493.42,44
2025-12-30 11:32:00,25493314,cyber.auth,1q2w3e4r,bcrypt,none,False,470.19,45
2025-12-30 11:32:03,25493314,cyber.auth,qwerty123,bcrypt,none,False,512.52,46
2025-12-30 11:32:06,25493314,cyber.auth,1234567890,bcrypt,none,False,379.31,47
2025-12-30 11:32:08,25493314,cyber.auth,987654321,bcrypt,none,False,495.33,48
2025-12-30 11:32:11,25493314,cyber.auth,hello,bcrypt,none,False,392.06,49
2025-12-30 11:32:13,25493314,cyber.auth,hello123,bcrypt,none,False,511.64,50
2025-12-30 11:32:16,25493314,cyber.auth,iloveyou,bcrypt,none,False,440.32,51
2025-12-30 11:32:18,25493314,cyber.auth,sunshine,bcrypt,none,False,476.81,52
2025-12-30 11:32:21,25493314,cyber.auth,princess,bcrypt,none,False,448.81,53
2025-12-30 11:32:24,25493314,cyber.auth,Password1,bcrypt,none,False,531.07,54
2025-12-30 11:32:26,25493314,cyber.auth,Password123,bcrypt,none,False,529.06,55
2025-12-30 11:32:29,25493314,cyber.auth,Admin123,bcrypt,none,False,499.1,56
2025-12-30 11:32:31,25493314,cyber.auth,Welcome1,bcrypt,none,False,490.25,57
2025-12-30 11:32:34,25493314,cyber.auth,Student123,bcrypt,none,False,441.87,58
2025-12-30 11:32:36,25493314,cyber.auth,Student99,bcrypt,none,False,506.09,59
2025-12-30 11:32:39,25493314,cyber.auth,Test2024,bcrypt,none,False,572.38,60
2025-12-30 11:32:42,25493314,cyber.auth,Login456,bcrypt,none,False,513.64,61
2025-12-30 11:32:44,25493314,cyber.auth,Python101,bcrypt,none,False,477.28,62
2025-12-30 11:32:47,25493314,cyber.auth,demo,bcrypt,none,False,309.75,63
2025-12-30 11:32:49,25493314,cyber.auth,student,bcrypt,none,False,557.54,64
2025-12-30 11:32:52,25493314,cyber.auth,name,bcrypt,none,False,413.49,65
2025-12-30 11:32:55,25493314,cyber.auth,1111,bcrypt,none,False,484.53,66
2025-12-30 11:32:57,25493314,cyber.auth,BlueCat12,bcrypt,none,False,520.03,67
2025-12-30 11:33:00,25493314,cyber.auth,TechGirl7,bcrypt,none,False,435.48,68
2025-12-30 11:33:02,25493314,cyber.auth,Cloud123,bcrypt,none,False,574.59,69
2025-12-30 11:33:05,25493314,cyber.auth,GameOn22,bcrypt,none,False,492.6,70
2025-12-30 11:33:08,25493314,cyber.auth,WebDev88,bcrypt,none,False,560.12,71
2025-12-30 11:33:10,25493314,dev.access,123456,bcrypt,none,False,438.05,1
2025-12-30 11:33:13,25493314,dev.access,password,bcrypt,none,False,461.03,2
2025-12-30 11:33:15,25493314,dev.access,12345678,bcrypt,none,False,482.99,3
2025-12-30 11:33:18,25493314,dev.access,qwerty,bcrypt,none,False,575.49,4
2025-12-30 11:33:21,25493314,dev.access,123456789,bcrypt,none,False,535.03,5
2025-12-30 11:33:23,25493314,dev.access,12345,bcrypt,none,False,387.33,6
2025-12-30 11:33:26,25493314,dev.access,1234,bcrypt,none,False,436.26,7
2025-12-30 11:33:28,25493314,dev.access,111111,bcrypt,none,False,331.47,8
2025-12-30 11:33:31,25493314,dev.access,1234567,bcrypt,none,False,482.66,9
2025-12-30 11:33:33,25493314,dev.access,dragon,bcrypt,none,False,461.51,10
2025-12-30 11:33:36,25493314,dev.access,123123,bcrypt,none,False,475.19,11
2025-12-30 11:33:39,25493314,dev.access,baseball,bcrypt,none,False,502.05,12
2025-12-30 11:33:41,25493314,dev.access,abc123,bcrypt,none,False,409.24,13
2025-12-30 11:33:44,25493314,dev.access,football,bcrypt,none,False,488.12,14
2025-12-30 11:33:46,25493314,dev.access,monkey,bcrypt,none,False,532.6,15
2025-12-30 11:33:49,25493314,dev.access,letmein,bcrypt,none,False,536.11,16
2025-12-30 11:33:52,25493314,dev.access,shadow,bcrypt,none,False,486.26,17
2025-12-30 11:33:54,25493314,dev.access,master,bcrypt,none,False,342.35,18
2025-12-30 11:33:57,25493314,dev.access,666666,bcrypt,none,False,489.97,19
2025-12-30 11:33:59,25493314,dev.access,qwertyuiop,bcrypt,none,False,483.25,20
2025-12-30 11:34:02,25493314,dev.access,123321,bcrypt,none,False,497.8,21
2025-12-30 11:34:04,25493314,dev.access,mustang,bcrypt,none,False,449.86,22
2025-12-30 11:34:07,25493314,dev.access,121212,bcrypt,none,False,437.12,23
2025-12-30 11:34:09,25493314,dev.access,000000,bcrypt,none,False,459.92,24
2025-12-30 11:34:12,25493314,dev.access,password1,bcrypt,none,False,515.03,25
2025-12-30 11:34:15,25493314,dev.access,admin,bcrypt,none,False,503.49,26
2025-12-30 11:34:17,25493314,dev.access,admin123,bcrypt,none,False,454.95,27
2025-12-30 11:34:20,25493314,dev.access,root,bcrypt,none,False,391.3,28
2025-12-30 11:34:22,25493314,dev.access,toor,bcrypt,none,False,491.99,29
2025-12-30 11:34:25,25493314,dev.access,pass,bcrypt,none,False,550.46,30
2025-12-30 11:34:27,25493314,dev.access,test,bcrypt,none,False,388.97,31
2025-12-30 11:34:30,25493314,dev.access,test123,bcrypt,none,False,483.62,32
2025-12-30 11:34:33,25493314,dev.access,guest,bcrypt,none,False,409.84,33
2025-12-30 11:34:35,25493314,dev.access,guest123,bcrypt,none,False,421.14,34
2025-12-30 11:34:38,25493314,dev.access,user,bcrypt,none,False,404.18,35
2025-12-30 11:34:40,25493314,dev.access,user123,bcrypt,none,False,461.97,36
2025-12-30 11:34:43,25493314,dev.access,login,bcrypt,none,False,513.92,37
2025-12-30 11:34:45,25493314,dev.access,login123,bcrypt,none,False,518.89,38
2025-12-30 11:34:48,25493314,dev.access,welcome,bcrypt,none,False,496.74,39
2025-12-30 11:34:51,25493314,dev.access,welcome1,bcrypt,none,False,439.54,40
2025-12-30 11:34:53,25493314,dev.access,password123,bcrypt,none,False,395.02,41
2025-12-30 11:34:56,25493314,dev.access,admin1,bcrypt,none,False,400.37,42
2025-12-30 11:34:58,25493314,dev.access,root123,bcrypt,none,False,402.67,43
2025-12-30 11:35:01,25493314,dev.access,pass123,bcrypt,none,False,397.77,44
2025-12-30 11:35:03,25493314,dev.access,1q2w3e4r,bcrypt,none,False,406.51,45
2025-12-30 11:35:06,25493314,dev.access,qwerty123,bcrypt,none,False,429.31,46
2025-12-30 11:35:08,25493314,dev.access,1234567890,bcrypt,none,False,412.68,47
2025-12-30 11:35:11,25493314,dev.access,987654321,bcrypt,none,False,369.3,48
2025-12-30 11:35:13,25493314,dev.access,hello,bcrypt,none,False,424.42,49
2025-12-30 11:35:16,25493314,dev.access,hello123,bcrypt,none,False,363.38,50
2025-12-30 11:35:18,25493314,dev.access,iloveyou,bcrypt,none,False,389.07,51
2025-12-30 11:35:21,25493314,dev.access,sunshine,bcrypt,none,False,333.76,52
2025-12-30 11:35:23,25493314,dev.access,princess,bcrypt,none,False,406.43,53
2025-12-30 11:35:26,25493314,dev.access,Password1,bcrypt,none,False,403.18,54
2025-12-30 11:35:28,25493314,dev.access,Password123,bcrypt,none,False,381.87,55
2025-12-30 11:35:31,25493314,dev.access,Admin123,bcrypt,none,False,445.79,56
2025-12-30 11:35:33,25493314,dev.access,Welcome1,bcrypt,none,False,360.8,57
2025-12-30 11:35:36,25493314,dev.access,Student123,bcrypt,none,False,348.4,58
2025-12-30 11:35:38,25493314,dev.access,Student99,bcrypt,none,False,417.63,59
2025-12-30 11:35:41,25493314,dev.access,Test2024,bcrypt,none,False,382.28,60
2025-12-30 11:35:43,25493314,dev.access,Login456,bcrypt,none,False,448.94,61
2025-12-30 11:35:46,25493314,dev.access,Python101,bcrypt,none,False,458.09,62
2025-12-30 11:35:48,25493314,dev.access,demo,bcrypt,none,False,296.51,63
2025-12-30 11:35:50,25493314,dev.access,student,bcrypt,none,False,278.89,64
2025-12-30 11:35:53,25493314,dev.access,name,bcrypt,none,False,275.97,65
2025-12-30 11:35:55,25493314,dev.access,1111,bcrypt,none,False,265.68,66
2025-12-30 11:35:58,25493314,dev.access,BlueCat12,bcrypt,none,False,269.82,67
2025-12-30 11:36:00,25493314,dev.access,TechGirl7,bcrypt,none,False,267.01,68
2025-12-30 11:36:02,25493314,dev.access,Cloud123,bcrypt,none,False,265.23,69
2025-12-30 11:36:05,25493314,dev.access,GameOn22,bcrypt,none,False,272.8,70
2025-12-30 11:36:07,25493314,dev.access,WebDev88,bcrypt,none,False,269.49,71
2025-12-30 11:36:09,25493314,root.guard,123456,bcrypt,none,False,266.91,1
2025-12-30 11:36:12,25493314,root.guard,password,bcrypt,none,False,266.29,2
2025-12-30 11:36:14,25493314,root.guard,12345678,bcrypt,none,False,270.64,3
2025-12-30 11:36:16,25493314,root.guard,qwerty,bcrypt,none,False,292.2,4
2025-12-30 11:36:19,25493314,root.guard,123456789,bcrypt,none,False,262.47,5
2025-12-30 11:36:21,25493314,root.guard,12345,bcrypt,none,False,280.68,6
2025-12-30 11:36:23,25493314,root.guard,1234,bcrypt,none,False,267.34,7
2025-12-30 11:36:26,25493314,root.guard,111111,bcrypt,none,False,272.84,8
2025-12-30 11:36:28,25493314,root.guard,1234567,bcrypt,none,False,290.06,9
2025-12-30 11:36:30,25493314,root.guard,dragon,bcrypt,none,False,271.91,10
2025-12-30 11:36:33,25493314,root.guard,123123,bcrypt,none,False,268.6,11
2025-12-30 11:36:35,25493314,root.guard,baseball,bcrypt,none,False,273.28,12
2025-12-30 11:36:37,25493314,root.guard,abc123,bcrypt,none,False,269.07,13
2025-12-30 11:36:40,25493314,root.guard,football,bcrypt,none,False,265.13,14
2025-12-30 11:36:42,25493314,root.guard,monkey,bcrypt,none,False,290.83,15
2025-12-30 11:36:44,25493314,root.guard,letmein,bcrypt,none,False,273.16,16
2025-12-30 11:36:47,25493314,root.guard,shadow,bcrypt,none,False,275.32,17
2025-12-30 11:36:49,25493314,root.guard,master,bcrypt,none,False,265.62,18
2025-12-30 11:36:51,25493314,root.guard,666666,bcrypt,none,False,267.49,19
2025-12-30 11:36:54,25493314,root.guard,qwertyuiop,bcrypt,none,False,260.73,20
2025-12-30 11:36:56,25493314,root.guard,123321,bcrypt,none,False,261.37,21
2025-12-30 11:36:58,25493314,root.guard,mustang,bcrypt,none,False,298.0,22
2025-12-30 11:37:01,25493314,root.guard,121212,bcrypt,none,False,270.1,23
2025-12-30 11:37:03,25493314,root.guard,000000,bcrypt,none,False,267.8,24
2025-12-30 11:37:06,25493314,root.guard,password1,bcrypt,none,False,280.29,25
2025-12-30 11:37:08,25493314,root.guard,admin,bcrypt,none,False,268.2,26
2025-12-30 11:37:10,25493314,root.guard,admin123,bcrypt,none,False,268.15,27
2025-12-30 11:37:12,25493314,root.guard,root,bcrypt,none,False,274.53,28
2025-12-30 11:37:15,25493314,root.guard,toor,bcrypt,none,False,269.29,29
2025-12-30 11:37:17,25493314,root.guard,pass,bcrypt,none,False,265.86,30
2025-12-30 11:37:20,25493314,root.guard,test,bcrypt,none,False,268.25,31
2025-12-30 11:37:22,25493314,root.guard,test123,bcrypt,none,False,268.26,32
2025-12-30 11:37:24,25493314,root.guard,guest,bcrypt,none,False,266.6,33
2025-12-30 11:37:27,25493314,root.guard,guest123,bcrypt,none,False,276.11,34
2025-12-30 11:37:29,25493314,root.guard,user,bcrypt,none,False,270.59,35
2025-12-30 11:37:31,25493314,root.guard,user123,bcrypt,none,False,268.3,36
2025-12-30 11:37:34,25493314,root.guard,login,bcrypt,none,False,271.03,37
2025-12-30 11:37:36,25493314,root.guard,login123,bcrypt,none,False,273.27,38
2025-12-30 11:37:38,25493314,root.guard,welcome,bcrypt,none,False,266.38,39
2025-12-30 11:37:41,25493314,root.guard,welcome1,bcrypt,none,False,266.26,40
2025-12-30 11:37:43,25493314,root.guard,password123,bcrypt,none,False,262.85,41
2025-12-30 11:37:45,25493314,root.guard,admin1,bcrypt,none,False,263.75,42
2025-12-30 11:37:48,25493314,root.guard,root123,bcrypt,none,False,271.19,43
2025-12-30 11:37:50,25493314,root.guard,pass123,bcrypt,none,False,267.31,44
2025-12-30 11:37:52,25493314,root.guard,1q2w3e4r,bcrypt,none,False,272.66,45
2025-12-30 11:37:55,25493314,root.guard,qwerty123,bcrypt,none,False,264.14,46
2025-12-30 11:37:57,25493314,root.guard,1234567890,bcrypt,none,False,262.47,47
2025-12-30 11:37:59,25493314,root.guard,987654321,bcrypt,none,False,266.09,48
2025-12-30 11:38:02,25493314,root.guard,hello,bcrypt,none,False,266.11,49
2025-12-30 11:38:04,25493314,root.guard,hello123,bcrypt,none,False,263.28,50
2025-12-30 11:38:06,25493314,root.guard,iloveyou,bcrypt,none,False,265.2,51
2025-12-30 11:38:09,25493314,root.guard,sunshine,bcrypt,none,False,268.74,52
2025-12-30 11:38:11,25493314,root.guard,princess,bcrypt,none,False,277.3,53
2025-12-30 11:38:13,25493314,root.guard,Password1,bcrypt,none,False,264.07,54
2025-12-30 11:38:16,25493314,root.guard,Password123,bcrypt,none,False,270.12,55
2025-12-30 11:38:18,25493314,root.guard,Admin123,bcrypt,none,False,264.18,56
2025-12-30 11:38:20,25493314,root.guard,Welcome1,bcrypt,none,False,269.22,57
2025-12-30 11:38:23,25493314,root.guard,Student123,bcrypt,none,False,276.69,58
2025-12-30 11:38:25,25493314,root.guard,Student99,bcrypt,none,False,265.14,59
2025-12-30 11:38:27,25493314,root.guard,Test2024,bcrypt,none,False,267.99,60
2025-12-30 11:38:30,25493314,root.guard,Login456,bcrypt,none,False,277.93,61
2025-12-30 11:38:32,25493314,root.guard,Python101,bcrypt,none,False,268.7,62
2025-12-30 11:38:35,25493314,root.guard,demo,bcrypt,none,False,279.61,63
2025-12-30 11:38:37,25493314,root.guard,student,bcrypt,none,False,266.17,64
2025-12-30 11:38:39,25493314,root.guard,name,bcrypt,none,False,267.27,65
2025-12-30 11:38:41,25493314,root.guard,1111,bcrypt,none,False,270.63,66
2025-12-30 11:38:44,25493314,root.guard,BlueCat12,bcrypt,none,False,270.53,67
2025-12-30 11:38:46,25493314,root.guard,TechGirl7,bcrypt,none,False,283.99,68
2025-12-30 11:38:49,25493314,root.guard,Cloud123,bcrypt,none,False,258.93,69
2025-12-30 11:38:51,25493314,root.guard,GameOn22,bcrypt,none,False,269.15,70
2025-12-30 11:38:53,25493314,root.guard,WebDev88,bcrypt,none,False,265.75,71
2025-12-30 11:38:56,25493314,net.lock,123456,bcrypt,none,False,260.57,1
2025-12-30 11:38:58,25493314,net.lock,password,bcrypt,none,False,268.25,2
2025-12-30 11:39:00,25493314,net.lock,12345678,bcrypt,none,False,274.91,3
2025-12-30 11:39:03,25493314,net.lock,qwerty,bcrypt,none,False,260.97,4
2025-12-30 11:39:05,25493314,net.lock,123456789,bcrypt,none,False,271.08,5
2025-12-30 11:39:07,25493314,net.lock,12345,bcrypt,none,False,268.49,6
2025-12-30 11:39:10,25493314,net.lock,1234,bcrypt,none,False,263.04,7
2025-12-30 11:39:12,25493314,net.lock,111111,bcrypt,none,False,266.53,8
2025-12-30 11:39:14,25493314,net.lock,1234567,bcrypt,none,False,272.77,9
2025-12-30 11:39:17,25493314,net.lock,dragon,bcrypt,none,False,258.04,10
2025-12-30 11:39:19,25493314,net.lock,123123,bcrypt,none,False,259.98,11
2025-12-30 11:39:21,25493314,net.lock,baseball,bcrypt,none,False,263.51,12
2025-12-30 11:39:24,25493314,net.lock,abc123,bcrypt,none,False,258.73,13
2025-12-30 11:39:26,25493314,net.lock,football,bcrypt,none,False,263.34,14
2025-12-30 11:39:28,25493314,net.lock,monkey,bcrypt,none,False,259.09,15
2025-12-30 11:39:31,25493314,net.lock,letmein,bcrypt,none,False,269.63,16
2025-12-30 11:39:33,25493314,net.lock,shadow,bcrypt,none,False,262.08,17
2025-12-30 11:39:35,25493314,net.lock,master,bcrypt,none,False,268.0,18
2025-12-30 11:39:38,25493314,net.lock,666666,bcrypt,none,False,269.07,19
2025-12-30 11:39:40,25493314,net.lock,qwertyuiop,bcrypt,none,False,266.8,20
2025-12-30 11:39:42,25493314,net.lock,123321,bcrypt,none,False,265.51,21
2025-12-30 11:39:45,25493314,net.lock,mustang,bcrypt,none,False,268.58,22
2025-12-30 11:39:47,25493314,net.lock,121212,bcrypt,none,False,276.62,23
2025-12-30 11:39:49,25493314,net.lock,000000,bcrypt,none,False,263.78,24
2025-12-30 11:39:52,25493314,net.lock,password1,bcrypt,none,False,261.54,25
2025-12-30 11:39:54,25493314,net.lock,admin,bcrypt,none,False,294.45,26
2025-12-30 11:39:56,25493314,net.lock,admin123,bcrypt,none,False,265.76,27
2025-12-30 11:39:59,25493314,net.lock,root,bcrypt,none,False,284.11,28
2025-12-30 11:40:01,25493314,net.lock,toor,bcrypt,none,False,443.99,29
2025-12-30 11:40:04,25493314,net.lock,pass,bcrypt,none,False,369.32,30
2025-12-30 11:40:06,25493314,net.lock,test,bcrypt,none,False,468.41,31
2025-12-30 11:40:09,25493314,net.lock,test123,bcrypt,none,False,427.12,32
2025-12-30 11:40:11,25493314,net.lock,guest,bcrypt,none,False,421.18,33
2025-12-30 11:40:14,25493314,net.lock,guest123,bcrypt,none,False,455.38,34
2025-12-30 11:40:16,25493314,net.lock,user,bcrypt,none,False,343.33,35
2025-12-30 11:40:19,25493314,net.lock,user123,bcrypt,none,False,492.03,36
2025-12-30 11:40:22,25493314,net.lock,login,bcrypt,none,False,454.91,37
2025-12-30 11:40:24,25493314,net.lock,login123,bcrypt,none,False,370.14,38
2025-12-30 11:40:27,25493314,net.lock,welcome,bcrypt,none,False,427.3,39
2025-12-30 11:40:29,25493314,net.lock,welcome1,bcrypt,none,False,492.86,40
2025-12-30 11:40:32,25493314,net.lock,password123,bcrypt,none,False,367.83,41
2025-12-30 11:40:34,25493314,net.lock,admin1,bcrypt,none,False,403.74,42
2025-12-30 11:40:37,25493314,net.lock,root123,bcrypt,none,False,428.7,43
2025-12-30 11:40:39,25493314,net.lock,pass123,bcrypt,none,False,346.84,44
2025-12-30 11:40:42,25493314,net.lock,1q2w3e4r,bcrypt,none,False,376.83,45
2025-12-30 11:40:44,25493314,net.lock,qwerty123,bcrypt,none,False,401.77,46
2025-12-30 11:40:47,25493314,net.lock,1234567890,bcrypt,none,False,457.8,47
2025-12-30 11:40:49,25493314,net.lock,987654321,bcrypt,none,False,435.64,48
2025-12-30 11:40:52,25493314,net.lock,hello,bcrypt,none,False,427.31,49
2025-12-30 11:40:54,25493314,net.lock,hello123,bcrypt,none,False,384.83,50
2025-12-30 11:40:57,25493314,net.lock,iloveyou,bcrypt,none,False,343.96,51
2025-12-30 11:40:59,25493314,net.lock,sunshine,bcrypt,none,False,373.13,52
2025-12-30 11:41:02,25493314,net.lock,princess,bcrypt,none,False,349.43,53
2025-12-30 11:41:04,25493314,net.lock,Password1,bcrypt,none,False,326.92,54
2025-12-30 11:41:07,25493314,net.lock,Password123,bcrypt,none,False,490.83,55
2025-12-30 11:41:09,25493314,net.lock,Admin123,bcrypt,none,False,437.63,56
2025-12-30 11:41:12,25493314,net.lock,Welcome1,bcrypt,none,False,376.13,57
2025-12-30 11:41:14,25493314,net.lock,Student123,bcrypt,none,False,411.54,58
2025-12-30 11:41:17,25493314,net.lock,Student99,bcrypt,none,False,410.2,59
2025-12-30 11:41:19,25493314,net.lock,Test2024,bcrypt,none,False,382.72,60
2025-12-30 11:41:22,25493314,net.lock,Login456,bcrypt,none,False,373.19,61
2025-12-30 11:41:24,25493314,net.lock,Python101,bcrypt,none,False,487.19,62
2025-12-30 11:41:27,25493314,net.lock,demo,bcrypt,none,False,422.47,63
2025-12-30 11:41:29,25493314,net.lock,student,bcrypt,none,False,477.21,64
2025-12-30 11:41:32,25493314,net.lock,name,bcrypt,none,False,319.34,65
2025-12-30 11:41:34,25493314,net.lock,1111,bcrypt,none,False,414.52,66
2025-12-30 11:41:37,25493314,net.lock,BlueCat12,bcrypt,none,False,386.22,67
2025-12-30 11:41:39,25493314,net.lock,TechGirl7,bcrypt,none,False,436.92,68
2025-12-30 11:41:42,25493314,net.lock,Cloud123,bcrypt,none,False,409.86,69
2025-12-30 11:41:45,25493314,net.lock,GameOn22,bcrypt,none,False,430.48,70
2025-12-30 11:41:47,25493314,net.lock,WebDev88,bcrypt,none,False,434.63,71
2025-12-30 11:41:50,25493314,auth.master,123456,bcrypt,none,False,410.71,1
2025-12-30 11:41:52,25493314,auth.master,password,bcrypt,none,False,411.8,2
2025-12-30 11:41:55,25493314,auth.master,12345678,bcrypt,none,False,436.58,3
2025-12-30 11:41:57,25493314,auth.master,qwerty,bcrypt,none,False,371.08,4
2025-12-30 11:42:00,25493314,auth.master,123456789,bcrypt,none,False,324.86,5
2025-12-30 11:42:02,25493314,auth.master,12345,bcrypt,none,False,418.44,6
2025-12-30 11:42:05,25493314,auth.master,1234,bcrypt,none,False,363.89,7
2025-12-30 11:42:07,25493314,auth.master,111111,bcrypt,none,False,414.29,8
2025-12-30 11:42:10,25493314,auth.master,1234567,bcrypt,none,False,377.4,9
2025-12-30 11:42:12,25493314,auth.master,dragon,bcrypt,none,False,332.86,10
2025-12-30 11:42:15,25493314,auth.master,123123,bcrypt,none,False,451.84,11
2025-12-30 11:42:17,25493314,auth.master,baseball,bcrypt,none,False,345.12,12
2025-12-30 11:42:20,25493314,auth.master,abc123,bcrypt,none,False,375.55,13
2025-12-30 11:42:22,25493314,auth.master,football,bcrypt,none,False,405.79,14
2025-12-30 11:42:24,25493314,auth.master,monkey,bcrypt,none,False,343.66,15
2025-12-30 11:42:27,25493314,auth.master,letmein,bcrypt,none,False,362.18,16
2025-12-30 11:42:29,25493314,auth.master,shadow,bcrypt,none,False,434.8,17
2025-12-30 11:42:32,25493314,auth.master,master,bcrypt,none,False,455.74,18
2025-12-30 11:42:35,25493314,auth.master,666666,bcrypt,none,False,395.46,19
2025-12-30 11:42:37,25493314,auth.master,qwertyuiop,bcrypt,none,False,483.5,20
2025-12-30 11:42:40,25493314,auth.master,123321,bcrypt,none,False,396.55,21
2025-12-30 11:42:42,25493314,auth.master,mustang,bcrypt,none,False,350.38,22
2025-12-30 11:42:45,25493314,auth.master,121212,bcrypt,none,False,374.03,23
2025-12-30 11:42:47,25493314,auth.master,000000,bcrypt,none,False,436.35,24
2025-12-30 11:42:50,25493314,auth.master,password1,bcrypt,none,False,407.11,25
2025-12-30 11:42:52,25493314,auth.master,admin,bcrypt,none,False,330.45,26
2025-12-30 11:42:55,25493314,auth.master,admin123,bcrypt,none,False,403.95,27
2025-12-30 11:42:57,25493314,auth.master,root,bcrypt,none,False,471.58,28
2025-12-30 11:43:00,25493314,auth.master,toor,bcrypt,none,False,313.29,29
2025-12-30 11:43:02,25493314,auth.master,pass,bcrypt,none,False,408.38,30
2025-12-30 11:43:05,25493314,auth.master,test,bcrypt,none,False,517.1,31
2025-12-30 11:43:07,25493314,auth.master,test123,bcrypt,none,False,353.61,32
2025-12-30 11:43:10,25493314,auth.master,guest,bcrypt,none,False,345.79,33
2025-12-30 11:43:12,25493314,auth.master,guest123,bcrypt,none,False,326.61,34
2025-12-30 11:43:15,25493314,auth.master,user,bcrypt,none,False,404.12,35
2025-12-30 11:43:17,25493314,auth.master,user123,bcrypt,none,False,367.57,36
2025-12-30 11:43:20,25493314,auth.master,login,bcrypt,none,False,433.86,37
2025-12-30 11:43:22,25493314,auth.master,login123,bcrypt,none,False,385.02,38
2025-12-30 11:43:25,25493314,auth.master,welcome,bcrypt,none,False,426.87,39
2025-12-30 11:43:27,25493314,auth.master,welcome1,bcrypt,none,False,468.4,40
2025-12-30 11:43:30,25493314,auth.master,password123,bcrypt,none,False,436.18,41
2025-12-30 11:43:32,25493314,auth.master,admin1,bcrypt,none,False,393.18,42
2025-12-30 11:43:35,25493314,auth.master,root123,bcrypt,none,False,398.3,43
2025-12-30 11:43:37,25493314,auth.master,pass123,bcrypt,none,False,421.99,44
2025-12-30 11:43:40,25493314,auth.master,1q2w3e4r,bcrypt,none,False,324.47,45
2025-12-30 11:43:42,25493314,auth.master,qwerty123,bcrypt,none,False,433.73,46
2025-12-30 11:43:45,25493314,auth.master,1234567890,bcrypt,none,False,362.1,47
2025-12-30 11:43:47,25493314,auth.master,987654321,bcrypt,none,False,509.29,48
2025-12-30 11:43:50,25493314,auth.master,hello,bcrypt,none,False,429.68,49
2025-12-30 11:43:53,25493314,auth.master,hello123,bcrypt,none,False,399.36,50
2025-12-30 11:43:55,25493314,auth.master,iloveyou,bcrypt,none,False,431.33,51
2025-12-30 11:43:58,25493314,auth.master,sunshine,bcrypt,none,False,484.38,52
2025-12-30 11:44:00,25493314,auth.master,princess,bcrypt,none,False,360.09,53
2025-12-30 11:44:03,25493314,auth.master,Password1,bcrypt,none,False,405.18,54
2025-12-30 11:44:05,25493314,auth.master,Password123,bcrypt,none,False,455.33,55
2025-12-30 11:44:08,25493314,auth.master,Admin123,bcrypt,none,False,370.07,56
2025-12-30 11:44:10,25493314,auth.master,Welcome1,bcrypt,none,False,449.39,57
2025-12-30 11:44:13,25493314,auth.master,Student123,bcrypt,none,False,415.97,58
2025-12-30 11:44:15,25493314,auth.master,Student99,bcrypt,none,False,401.79,59
2025-12-30 11:44:18,25493314,auth.master,Test2024,bcrypt,none,False,325.25,60
2025-12-30 11:44:20,25493314,auth.master,Login456,bcrypt,none,False,390.82,61
2025-12-30 11:44:23,25493314,auth.master,Python101,bcrypt,none,False,351.96,62
2025-12-30 11:44:25,25493314,auth.master,demo,bcrypt,none,False,498.19,63
2025-12-30 11:44:28,25493314,auth.master,student,bcrypt,none,False,509.95,64
2025-12-30 11:44:31,25493314,auth.master,name,bcrypt,none,False,505.33,65
2025-12-30 11:44:33,25493314,auth.master,1111,bcrypt,none,False,382.99,66
2025-12-30 11:44:36,25493314,auth.master,BlueCat12,bcrypt,none,False,433.3,67
2025-12-30 11:44:38,25493314,auth.master,TechGirl7,bcrypt,none,False,403.6,68
2025-12-30 11:44:41,25493314,auth.master,Cloud123,bcrypt,none,False,418.27,69
2025-12-30 11:44:43,25493314,auth.master,GameOn22,bcrypt,none,False,392.51,70
2025-12-30 11:44:46,25493314,auth.master,WebDev88,bcrypt,none,False,396.75,71
2025-12-30 11:44:48,25493314,vault_user,123456,bcrypt,none,False,420.57,1
2025-12-30 11:44:51,25493314,vault_user,password,bcrypt,none,False,379.53,2
2025-12-30 11:44:53,25493314,vault_user,12345678,bcrypt,none,False,380.56,3
2025-12-30 11:44:56,25493314,vault_user,qwerty,bcrypt,none,False,346.38,4
2025-12-30 11:44:58,25493314,vault_user,123456789,bcrypt,none,False,354.8,5
2025-12-30 11:45:01,25493314,vault_user,12345,bcrypt,none,False,440.4,6
2025-12-30 11:45:03,25493314,vault_user,1234,bcrypt,none,False,427.27,7
2025-12-30 11:45:06,25493314,vault_user,111111,bcrypt,none,False,453.15,8
2025-12-30 11:45:08,25493314,vault_user,1234567,bcrypt,none,False,312.28,9
2025-12-30 11:45:11,25493314,vault_user,dragon,bcrypt,none,False,449.98,10
2025-12-30 11:45:13,25493314,vault_user,123123,bcrypt,none,False,390.25,11
2025-12-30 11:45:16,25493314,vault_user,baseball,bcrypt,none,False,414.8,12
2025-12-30 11:45:19,25493314,vault_user,abc123,bcrypt,none,False,487.04,13
2025-12-30 11:45:21,25493314,vault_user,football,bcrypt,none,False,379.71,14
2025-12-30 11:45:24,25493314,vault_user,monkey,bcrypt,none,False,320.67,15
2025-12-30 11:45:26,25493314,vault_user,letmein,bcrypt,none,False,413.92,16
2025-12-30 11:45:29,25493314,vault_user,shadow,bcrypt,none,False,387.62,17
2025-12-30 11:45:31,25493314,vault_user,master,bcrypt,none,False,352.31,18
2025-12-30 11:45:33,25493314,vault_user,666666,bcrypt,none,False,369.7,19
2025-12-30 11:45:36,25493314,vault_user,qwertyuiop,bcrypt,none,False,416.22,20
2025-12-30 11:45:38,25493314,vault_user,123321,bcrypt,none,False,392.18,21
2025-12-30 11:45:41,25493314,vault_user,mustang,bcrypt,none,False,393.66,22
2025-12-30 11:45:43,25493314,vault_user,121212,bcrypt,none,False,368.98,23
2025-12-30 11:45:46,25493314,vault_user,000000,bcrypt,none,False,336.53,24
2025-12-30 11:45:48,25493314,vault_user,password1,bcrypt,none,False,408.49,25
2025-12-30 11:45:51,25493314,vault_user,admin,bcrypt,none,False,445.39,26
2025-12-30 11:45:53,25493314,vault_user,admin123,bcrypt,none,False,341.59,27
2025-12-30 11:45:56,25493314,vault_user,root,bcrypt,none,False,471.07,28
2025-12-30 11:45:59,25493314,vault_user,toor,bcrypt,none,False,469.11,29
2025-12-30 11:46:01,25493314,vault_user,pass,bcrypt,none,False,502.53,30
2025-12-30 11:46:04,25493314,vault_user,test,bcrypt,none,False,393.85,31
2025-12-30 11:46:06,25493314,vault_user,test123,bcrypt,none,False,363.39,32
2025-12-30 11:46:09,25493314,vault_user,guest,bcrypt,none,False,404.07,33
2025-12-30 11:46:11,25493314,vault_user,guest123,bcrypt,none,False,435.45,34
2025-12-30 11:46:14,25493314,vault_user,user,bcrypt,none,False,445.83,35
2025-12-30 11:46:16,25493314,vault_user,user123,bcrypt,none,False,484.08,36
2025-12-30 11:46:19,25493314,vault_user,login,bcrypt,none,False,419.05,37
2025-12-30 11:46:21,25493314,vault_user,login123,bcrypt,none,False,399.58,38
2025-12-30 11:46:24,25493314,vault_user,welcome,bcrypt,none,False,450.21,39
2025-12-30 11:46:27,25493314,vault_user,welcome1,bcrypt,none,False,540.25,40
2025-12-30 11:46:29,25493314,vault_user,password123,bcrypt,none,False,412.95,41
2025-12-30 11:46:32,25493314,vault_user,admin1,bcrypt,none,False,394.14,42
2025-12-30 11:46:34,25493314,vault_user,root123,bcrypt,none,False,387.69,43
2025-12-30 11:46:37,25493314,vault_user,pass123,bcrypt,none,False,319.1,44
2025-12-30 11:46:39,25493314,vault_user,1q2w3e4r,bcrypt,none,False,472.86,45
2025-12-30 11:46:42,25493314,vault_user,qwerty123,bcrypt,none,False,462.22,46
2025-12-30 11:46:44,25493314,vault_user,1234567890,bcrypt,none,False,365.97,47
2025-12-30 11:46:47,25493314,vault_user,987654321,bcrypt,none,False,469.77,48
2025-12-30 11:46:50,25493314,vault_user,hello,bcrypt,none,False,407.69,49
2025-12-30 11:46:52,25493314,vault_user,hello123,bcrypt,none,False,361.54,50
2025-12-30 11:46:55,25493314,vault_user,iloveyou,bcrypt,none,False,473.6,51
2025-12-30 11:46:57,25493314,vault_user,sunshine,bcrypt,none,False,459.1,52
2025-12-30 11:47:00,25493314,vault_user,princess,bcrypt,none,False,378.08,53
2025-12-30 11:47:02,25493314,vault_user,Password1,bcrypt,none,False,479.25,54
2025-12-30 11:47:05,25493314,vault_user,Password123,bcrypt,none,False,396.22,55
2025-12-30 11:47:07,25493314,vault_user,Admin123,bcrypt,none,False,414.68,56
2025-12-30 11:47:10,25493314,vault_user,Welcome1,bcrypt,none,False,406.76,57
2025-12-30 11:47:13,25493314,vault_user,Student123,bcrypt,none,False,422.53,58
2025-12-30 11:47:15,25493314,vault_user,Student99,bcrypt,none,False,440.55,59
2025-12-30 11:47:18,25493314,vault_user,Test2024,bcrypt,none,False,374.19,60
2025-12-30 11:47:20,25493314,vault_user,Login456,bcrypt,none,False,403.81,61
2025-12-30 11:47:23,25493314,vault_user,Python101,bcrypt,none,False,468.5,62
2025-12-30 11:47:25,25493314,vault_user,demo,bcrypt,none,False,387.87,63
2025-12-30 11:47:28,25493314,vault_user,student,bcrypt,none,False,478.65,64
2025-12-30 11:47:30,25493314,vault_user,name,bcrypt,none,False,444.63,65
2025-12-30 11:47:33,25493314,vault_user,1111,bcrypt,none,False,350.84,66
2025-12-30 11:47:35,25493314,vault_user,BlueCat12,bcrypt,none,False,370.71,67
2025-12-30 11:47:38,25493314,vault_user,TechGirl7,bcrypt,none,False,449.07,68
2025-12-30 11:47:40,25493314,vault_user,Cloud123,bcrypt,none,False,381.04,69
2025-12-30 11:47:43,25493314,vault_user,GameOn22,bcrypt,none,False,350.69,70
2025-12-30 11:47:45,25493314,vault_user,WebDev88,bcrypt,none,False,406.83,71
2025-12-30 11:47:48,25493314,system.sec,123456,bcrypt,none,False,405.9,1
2025-12-30 11:47:50,25493314,system.sec,password,bcrypt,none,False,369.55,2
2025-12-30 11:47:53,25493314,system.sec,12345678,bcrypt,none,False,557.26,3
2025-12-30 11:47:56,25493314,system.sec,qwerty,bcrypt,none,False,490.5,4
2025-12-30 11:47:58,25493314,system.sec,123456789,bcrypt,none,False,386.39,5
2025-12-30 11:48:01,25493314,system.sec,12345,bcrypt,none,False,419.82,6
2025-12-30 11:48:03,25493314,system.sec,1234,bcrypt,none,False,387.1,7
2025-12-30 11:48:06,25493314,system.sec,111111,bcrypt,none,False,399.34,8
2025-12-30 11:48:08,25493314,system.sec,1234567,bcrypt,none,False,366.12,9
2025-12-30 11:48:11,25493314,system.sec,dragon,bcrypt,none,False,365.69,10
2025-12-30 11:48:13,25493314,system.sec,123123,bcrypt,none,False,391.02,11
2025-12-30 11:48:16,25493314,system.sec,baseball,bcrypt,none,False,364.87,12
2025-12-30 11:48:18,25493314,system.sec,abc123,bcrypt,none,False,378.19,13
2025-12-30 11:48:21,25493314,system.sec,football,bcrypt,none,False,398.3,14
2025-12-30 11:48:23,25493314,system.sec,monkey,bcrypt,none,False,399.2,15
2025-12-30 11:48:26,25493314,system.sec,letmein,bcrypt,none,False,390.62,16
2025-12-30 11:48:28,25493314,system.sec,shadow,bcrypt,none,False,401.14,17
2025-12-30 11:48:31,25493314,system.sec,master,bcrypt,none,False,384.78,18
2025-12-30 11:48:33,25493314,system.sec,666666,bcrypt,none,False,404.14,19
2025-12-30 11:48:36,25493314,system.sec,qwertyuiop,bcrypt,none,False,426.38,20
2025-12-30 11:48:39,25493314,system.sec,123321,bcrypt,none,False,397.81,21
2025-12-30 11:48:41,25493314,system.sec,mustang,bcrypt,none,False,380.01,22
2025-12-30 11:48:44,25493314,system.sec,121212,bcrypt,none,False,532.77,23
2025-12-30 11:48:46,25493314,system.sec,000000,bcrypt,none,False,379.34,24
2025-12-30 11:48:49,25493314,system.sec,password1,bcrypt,none,False,358.51,25
2025-12-30 11:48:51,25493314,system.sec,admin,bcrypt,none,False,374.45,26
2025-12-30 11:48:54,25493314,system.sec,admin123,bcrypt,none,False,350.17,27
2025-12-30 11:48:56,25493314,system.sec,root,bcrypt,none,False,437.04,28
2025-12-30 11:48:59,25493314,system.sec,toor,bcrypt,none,False,364.2,29
2025-12-30 11:49:01,25493314,system.sec,pass,bcrypt,none,False,454.11,30
2025-12-30 11:49:04,25493314,system.sec,test,bcrypt,none,False,368.9,31
2025-12-30 11:49:06,25493314,system.sec,test123,bcrypt,none,False,375.51,32
2025-12-30 11:49:09,25493314,system.sec,guest,bcrypt,none,False,346.32,33
2025-12-30 11:49:11,25493314,system.sec,guest123,bcrypt,none,False,405.01,34
2025-12-30 11:49:14,25493314,system.sec,user,bcrypt,none,False,395.86,35
2025-12-30 11:49:16,25493314,system.sec,user123,bcrypt,none,False,377.02,36
2025-12-30 11:49:19,25493314,system.sec,login,bcrypt,none,False,399.25,37
2025-12-30 11:49:21,25493314,system.sec,login123,bcrypt,none,False,385.41,38
2025-12-30 11:49:23,25493314,system.sec,welcome,bcrypt,none,False,278.56,39
2025-12-30 11:49:26,25493314,system.sec,welcome1,bcrypt,none,False,280.13,40
2025-12-30 11:49:28,25493314,system.sec,password123,bcrypt,none,False,297.35,41
2025-12-30 11:49:30,25493314,system.sec,admin1,bcrypt,none,False,287.96,42
2025-12-30 11:49:33,25493314,system.sec,root123,bcrypt,none,False,279.98,43
2025-12-30 11:49:35,25493314,system.sec,pass123,bcrypt,none,False,278.75,44
2025-12-30 11:49:38,25493314,system.sec,1q2w3e4r,bcrypt,none,False,280.06,45
2025-12-30 11:49:40,25493314,system.sec,qwerty123,bcrypt,none,False,295.86,46
2025-12-30 11:49:42,25493314,system.sec,1234567890,bcrypt,none,False,312.18,47
2025-12-30 11:49:45,25493314,system.sec,987654321,bcrypt,none,False,266.14,48
2025-12-30 11:49:47,25493314,system.sec,hello,bcrypt,none,False,283.41,49
2025-12-30 11:49:49,25493314,system.sec,hello123,bcrypt,none,False,266.65,50
2025-12-30 11:49:52,25493314,system.sec,iloveyou,bcrypt,none,False,274.49,51
2025-12-30 11:49:54,25493314,system.sec,sunshine,bcrypt,none,False,282.3,52
2025-12-30 11:49:56,25493314,system.sec,princess,bcrypt,none,False,272.68,53
2025-12-30 11:49:59,25493314,system.sec,Password1,bcrypt,none,False,274.52,54
2025-12-30 11:50:01,25493314,system.sec,Password123,bcrypt,none,False,276.17,55
2025-12-30 11:50:04,25493314,system.sec,Admin123,bcrypt,none,False,324.99,56
2025-12-30 11:50:06,25493314,system.sec,Welcome1,bcrypt,none,False,281.99,57
2025-12-30 11:50:08,25493314,system.sec,Student123,bcrypt,none,False,283.13,58
2025-12-30 11:50:11,25493314,system.sec,Student99,bcrypt,none,False,285.06,59
2025-12-30 11:50:13,25493314,system.sec,Test2024,bcrypt,none,False,279.71,60
2025-12-30 11:50:15,25493314,system.sec,Login456,bcrypt,none,False,300.29,61
2025-12-30 11:50:18,25493314,system.sec,Python101,bcrypt,none,False,273.6,62
2025-12-30 11:50:20,25493314,system.sec,demo,bcrypt,none,False,281.63,63
2025-12-30 11:50:22,25493314,system.sec,student,bcrypt,none,False,267.86,64
2025-12-30 11:50:25,25493314,system.sec,name,bcrypt,none,False,286.09,65
2025-12-30 11:50:27,25493314,system.sec,1111,bcrypt,none,False,267.33,66
2025-12-30 11:50:30,25493314,system.sec,BlueCat12,bcrypt,none,False,280.19,67
2025-12-30 11:50:32,25493314,system.sec,TechGirl7,bcrypt,none,False,273.02,68
2025-12-30 11:50:34,25493314,system.sec,Cloud123,bcrypt,none,False,269.88,69
2025-12-30 11:50:37,25493314,system.sec,GameOn22,bcrypt,none,False,306.91,70
2025-12-30 11:50:39,25493314,system.sec,WebDev88,bcrypt,none,False,280.76,71
2025-12-30 11:50:41,25493314,secure.login,123456,bcrypt,none,False,270.2,1
2025-12-30 11:50:44,25493314,secure.login,password,bcrypt,none,False,293.9,2
2025-12-30 11:50:46,25493314,secure.login,12345678,bcrypt,none,False,275.64,3
2025-12-30 11:50:48,25493314,secure.login,qwerty,bcrypt,none,False,275.32,4
2025-12-30 11:50:51,25493314,secure.login,123456789,bcrypt,none,False,267.65,5
2025-12-30 11:50:53,25493314,secure.login,12345,bcrypt,none,False,266.7,6
2025-12-30 11:50:56,25493314,secure.login,1234,bcrypt,none,False,273.92,7
2025-12-30 11:50:58,25493314,secure.login,111111,bcrypt,none,False,264.73,8
2025-12-30 11:51:00,25493314,secure.login,1234567,bcrypt,none,False,267.4,9
2025-12-30 11:51:03,25493314,secure.login,dragon,bcrypt,none,False,264.99,10
2025-12-30 11:51:05,25493314,secure.login,123123,bcrypt,none,False,271.65,11
2025-12-30 11:51:07,25493314,secure.login,baseball,bcrypt,none,False,268.14,12
2025-12-30 11:51:10,25493314,secure.login,abc123,bcrypt,none,False,261.25,13
2025-12-30 11:51:12,25493314,secure.login,football,bcrypt,none,False,267.85,14
2025-12-30 11:51:14,25493314,secure.login,monkey,bcrypt,none,False,271.14,15
2025-12-30 11:51:17,25493314,secure.login,letmein,bcrypt,none,False,266.7,16
2025-12-30 11:51:19,25493314,secure.login,shadow,bcrypt,none,False,267.51,17
2025-12-30 11:51:21,25493314,secure.login,master,bcrypt,none,False,270.68,18
2025-12-30 11:51:24,25493314,secure.login,666666,bcrypt,none,False,271.77,19
2025-12-30 11:51:26,25493314,secure.login,qwertyuiop,bcrypt,none,False,263.02,20
2025-12-30 11:51:28,25493314,secure.login,123321,bcrypt,none,False,290.26,21
2025-12-30 11:51:31,25493314,secure.login,mustang,bcrypt,none,False,388.25,22
2025-12-30 11:51:33,25493314,secure.login,121212,bcrypt,none,False,378.24,23
2025-12-30 11:51:36,25493314,secure.login,000000,bcrypt,none,False,481.47,24
2025-12-30 11:51:39,25493314,secure.login,password1,bcrypt,none,False,480.75,25
2025-12-30 11:51:41,25493314,secure.login,admin,bcrypt,none,False,397.93,26
2025-12-30 11:51:44,25493314,secure.login,admin123,bcrypt,none,False,461.06,27
2025-12-30 11:51:46,25493314,secure.login,root,bcrypt,none,False,436.67,28
2025-12-30 11:51:49,25493314,secure.login,toor,bcrypt,none,False,370.76,29
2025-12-30 11:51:51,25493314,secure.login,pass,bcrypt,none,False,370.86,30
2025-12-30 11:51:54,25493314,secure.login,test,bcrypt,none,False,367.96,31
2025-12-30 11:51:56,25493314,secure.login,test123,bcrypt,none,False,436.81,32
2025-12-30 11:51:59,25493314,secure.login,guest,bcrypt,none,False,497.77,33
2025-12-30 11:52:01,25493314,secure.login,guest123,bcrypt,none,False,298.85,34
2025-12-30 11:52:04,25493314,secure.login,user,bcrypt,none,False,346.05,35
2025-12-30 11:52:06,25493314,secure.login,user123,bcrypt,none,False,461.38,36
2025-12-30 11:52:09,25493314,secure.login,login,bcrypt,none,False,392.19,37
2025-12-30 11:52:11,25493314,secure.login,login123,bcrypt,none,False,428.82,38
2025-12-30 11:52:14,25493314,secure.login,welcome,bcrypt,none,False,338.99,39
2025-12-30 11:52:16,25493314,secure.login,welcome1,bcrypt,none,False,340.31,40
2025-12-30 11:52:19,25493314,secure.login,password123,bcrypt,none,False,361.58,41
2025-12-30 11:52:21,25493314,secure.login,admin1,bcrypt,none,False,393.73,42
2025-12-30 11:52:24,25493314,secure.login,root123,bcrypt,none,False,395.32,43
2025-12-30 11:52:26,25493314,secure.login,pass123,bcrypt,none,False,402.39,44
2025-12-30 11:52:29,25493314,secure.login,1q2w3e4r,bcrypt,none,False,434.66,45
2025-12-30 11:52:31,25493314,secure.login,qwerty123,bcrypt,none,False,336.03,46
2025-12-30 11:52:34,25493314,secure.login,1234567890,bcrypt,none,False,366.11,47
2025-12-30 11:52:36,25493314,secure.login,987654321,bcrypt,none,False,311.52,48
2025-12-30 11:52:38,25493314,secure.login,hello,bcrypt,none,False,346.06,49
2025-12-30 11:52:41,25493314,secure.login,hello123,bcrypt,none,False,371.92,50
2025-12-30 11:52:43,25493314,secure.login,iloveyou,bcrypt,none,False,415.55,51
2025-12-30 11:52:46,25493314,secure.login,sunshine,bcrypt,none,False,386.16,52
2025-12-30 11:52:48,25493314,secure.login,princess,bcrypt,none,False,389.64,53
2025-12-30 11:52:51,25493314,secure.login,Password1,bcrypt,none,False,337.9,54
2025-12-30 11:52:53,25493314,secure.login,Password123,bcrypt,none,False,372.93,55
2025-12-30 11:52:56,25493314,secure.login,Admin123,bcrypt,none,False,376.27,56
2025-12-30 11:52:58,25493314,secure.login,Welcome1,bcrypt,none,False,445.7,57
2025-12-30 11:53:01,25493314,secure.login,Student123,bcrypt,none,False,366.13,58
2025-12-30 11:53:03,25493314,secure.login,Student99,bcrypt,none,False,441.9,59
2025-12-30 11:53:06,25493314,secure.login,Test2024,bcrypt,none,False,362.99,60
2025-12-30 11:53:08,25493314,secure.login,Login456,bcrypt,none,False,296.14,61
2025-12-30 11:53:11,25493314,secure.login,Python101,bcrypt,none,False,445.19,62
2025-12-30 11:53:13,25493314,secure.login,demo,bcrypt,none,False,357.27,63
2025-12-30 11:53:16,25493314,secure.login,student,bcrypt,none,False,319.47,64
2025-12-30 11:53:18,25493314,secure.login,name,bcrypt,none,False,401.22,65
2025-12-30 11:53:21,25493314,secure.login,1111,bcrypt,none,False,417.82,66
2025-12-30 11:53:23,25493314,secure.login,BlueCat12,bcrypt,none,False,346.42,67
2025-12-30 11:53:26,25493314,secure.login,TechGirl7,bcrypt,none,False,378.65,68
2025-12-30 11:53:28,25493314,secure.login,Cloud123,bcrypt,none,False,355.72,69
2025-12-30 11:53:31,25493314,secure.login,GameOn22,bcrypt,none,False,327.06,70
2025-12-30 11:53:33,25493314,secure.login,WebDev88,bcrypt,none,False,389.69,71

====================,SUMMARY STATISTICS,====================

Metric,Value
Total Attempts,1745
Successful Attempts,20
Failed Attempts,1725
Success Rate (%),1.15

Unique Usernames Tested,30
Unique Passwords Tested,71

Latency Statistics (ms)
Sum (Total Latency),631428.16
Average Latency,361.85
Median Latency (P50),366.40
Min Latency,253.75
Max Latency,593.25

Percentiles (ms)
10th Percentile (P10),261.68
25th Percentile (P25),273.27
75th Percentile (P75),422.97
90th Percentile (P90),469.67
95th Percentile (P95),496.57
99th Percentile (P99),535.86

Time Range
First Attempt,2025-12-30 10:36:23
Last Attempt,2025-12-30 11:53:33

Report Generated,2025-12-30 20:42:04
