timestamp,group_seed,username,password,hash_mode,protection_flags,result,latency_ms,attempt_number
2026-01-01 11:22:41,25493314,user1,123456,none,captcha,False,0.37,1
2026-01-01 11:22:42,25493314,guest,123456,none,captcha,False,0.33,1
2026-01-01 11:22:43,25493314,test,123456,none,captcha,False,0.52,1
2026-01-01 11:22:43,25493314,hello,123456,none,captcha,False,0.44,1
2026-01-01 11:22:44,25493314,name,123456,none,captcha,False,0.55,1
2026-01-01 11:22:44,25493314,login,123456,none,captcha,False,0.51,1
2026-01-01 11:22:45,25493314,abc,123456,none,captcha,False,0.63,1
2026-01-01 11:22:46,25493314,Student_user,123456,none,captcha,False,0.26,1
2026-01-01 11:22:47,25493314,user_test,123456,none,captcha,False,0.52,1
2026-01-01 11:22:47,25493314,bluecat,123456,none,captcha,False,0.27,1
2026-01-01 11:22:48,25493314,student1,123456,none,captcha,False,0.63,1
2026-01-01 11:22:48,25493314,login_user,123456,none,captcha,False,0.52,1
2026-01-01 11:22:49,25493314,pythonfan,123456,none,captcha,False,0.5,1
2026-01-01 11:22:49,25493314,techgirl,123456,none,captcha,False,0.51,1
2026-01-01 11:22:50,25493314,cloud_user,123456,none,captcha,False,0.54,1
2026-01-01 11:22:50,25493314,gamer22,123456,none,captcha,False,0.42,1
2026-01-01 11:22:51,25493314,webdev,123456,none,captcha,False,0.56,1
2026-01-01 11:22:51,25493314,sha.sec,123456,none,captcha,False,0.28,1
2026-01-01 11:22:52,25493314,secure_user,123456,none,captcha,False,0.45,1
2026-01-01 11:22:53,25493314,dev.access,123456,none,captcha,False,0.35,1
2026-01-01 11:22:53,25493314,root.guard,123456,none,captcha,False,0.37,1
2026-01-01 11:22:54,25493314,net.lock,123456,none,captcha,False,0.6,1
2026-01-01 11:22:54,25493314,auth.master,123456,none,captcha,False,0.38,1
2026-01-01 11:22:55,25493314,vault_user,123456,none,captcha,False,0.37,1
2026-01-01 11:22:55,25493314,system.sec,123456,none,captcha,False,0.46,1
2026-01-01 11:22:56,25493314,secure.login,123456,none,captcha,False,0.54,1
2026-01-01 11:22:57,25493314,user1,password,none,captcha,False,0.55,2
2026-01-01 11:22:57,25493314,admin,password,none,captcha,False,0.58,1
2026-01-01 11:22:58,25493314,guest,password,none,captcha,False,0.43,2
2026-01-01 11:22:58,25493314,test,password,none,captcha,False,0.33,2
2026-01-01 11:22:59,25493314,name,password,none,captcha,False,0.45,2
2026-01-01 11:23:00,25493314,login,password,none,captcha,False,0.5,2
2026-01-01 11:23:00,25493314,abc,password,none,captcha,False,0.31,2
2026-01-01 11:23:01,25493314,demo,password,none,captcha,False,0.35,1
2026-01-01 11:23:01,25493314,student,password,none,captcha,False,0.55,1
2026-01-01 11:23:02,25493314,Student_user,password,none,captcha,False,0.56,2
2026-01-01 11:23:02,25493314,user_test,password,none,captcha,False,0.36,2
2026-01-01 11:23:03,25493314,bluecat,password,none,captcha,False,0.51,2
2026-01-01 11:23:03,25493314,student1,password,none,captcha,False,0.46,2
2026-01-01 11:23:04,25493314,login_user,password,none,captcha,False,0.39,2
2026-01-01 11:23:04,25493314,pythonfan,password,none,captcha,False,0.24,2
2026-01-01 11:23:05,25493314,techgirl,password,none,captcha,False,0.41,2
2026-01-01 11:23:05,25493314,cloud_user,password,none,captcha,False,0.44,2
2026-01-01 11:23:06,25493314,gamer22,password,none,captcha,False,0.41,2
2026-01-01 11:23:06,25493314,webdev,password,none,captcha,False,0.29,2
2026-01-01 11:23:07,25493314,sha.sec,password,none,captcha,False,0.38,2
2026-01-01 11:23:07,25493314,secure_user,password,none,captcha,False,0.31,2
2026-01-01 11:23:08,25493314,cyber.auth,password,none,captcha,False,0.38,1
2026-01-01 11:23:08,25493314,dev.access,password,none,captcha,False,0.28,2
2026-01-01 11:23:09,25493314,root.guard,password,none,captcha,False,0.39,2
2026-01-01 11:23:09,25493314,net.lock,password,none,captcha,False,0.38,2
2026-01-01 11:23:10,25493314,auth.master,password,none,captcha,False,0.42,2
2026-01-01 11:23:10,25493314,vault_user,password,none,captcha,False,0.49,2
2026-01-01 11:23:11,25493314,system.sec,password,none,captcha,False,0.32,2
2026-01-01 11:23:11,25493314,secure.login,password,none,captcha,False,0.33,2
2026-01-01 11:23:12,25493314,user1,12345678,none,captcha,False,0.4,3
2026-01-01 11:23:12,25493314,admin,12345678,none,captcha,False,0.26,2
2026-01-01 11:23:13,25493314,guest,12345678,none,captcha,False,0.34,3
2026-01-01 11:23:13,25493314,test,12345678,none,captcha,False,0.41,3
2026-01-01 11:23:14,25493314,hello,12345678,none,captcha,False,0.4,2
2026-01-01 11:23:14,25493314,name,12345678,none,captcha,False,0.3,3
2026-01-01 11:23:15,25493314,login,12345678,none,captcha,False,0.35,3
2026-01-01 11:23:15,25493314,abc,12345678,none,captcha,False,0.45,3
2026-01-01 11:23:16,25493314,demo,12345678,none,captcha,False,0.37,2
2026-01-01 11:23:16,25493314,student,12345678,none,captcha,False,0.36,2
2026-01-01 11:23:17,25493314,Student_user,12345678,none,captcha,False,0.49,3
2026-01-01 11:23:17,25493314,user_test,12345678,none,captcha,False,0.36,3
2026-01-01 11:23:18,25493314,bluecat,12345678,none,captcha,False,0.47,3
2026-01-01 11:23:18,25493314,student1,12345678,none,captcha,False,0.37,3
2026-01-01 11:23:19,25493314,login_user,12345678,none,captcha,False,0.38,3
2026-01-01 11:23:20,25493314,pythonfan,12345678,none,captcha,False,0.35,3
2026-01-01 11:23:21,25493314,cloud_user,12345678,none,captcha,False,0.57,3
2026-01-01 11:23:21,25493314,gamer22,12345678,none,captcha,False,0.51,3
2026-01-01 11:23:22,25493314,webdev,12345678,none,captcha,False,0.42,3
2026-01-01 11:23:22,25493314,sha.sec,12345678,none,captcha,False,0.36,3
2026-01-01 11:23:23,25493314,secure_user,12345678,none,captcha,False,0.55,3
2026-01-01 11:23:23,25493314,cyber.auth,12345678,none,captcha,False,0.45,2
2026-01-01 11:23:24,25493314,dev.access,12345678,none,captcha,False,0.45,3
2026-01-01 11:23:24,25493314,root.guard,12345678,none,captcha,False,0.46,3
2026-01-01 11:23:25,25493314,net.lock,12345678,none,captcha,False,0.34,3
2026-01-01 11:23:25,25493314,auth.master,12345678,none,captcha,False,0.48,3
2026-01-01 11:23:26,25493314,vault_user,12345678,none,captcha,False,0.41,3
2026-01-01 11:23:26,25493314,system.sec,12345678,none,captcha,False,0.43,3
2026-01-01 11:23:27,25493314,secure.login,12345678,none,captcha,False,0.4,3
2026-01-01 11:23:27,25493314,user1,qwerty,none,captcha,False,0.26,4
2026-01-01 11:23:28,25493314,admin,qwerty,none,captcha,False,0.46,3
2026-01-01 11:23:29,25493314,test,qwerty,none,captcha,False,0.69,4
2026-01-01 11:23:29,25493314,hello,qwerty,none,captcha,False,0.43,3
2026-01-01 11:23:30,25493314,name,qwerty,none,captcha,False,0.51,4
2026-01-01 11:23:30,25493314,login,qwerty,none,captcha,False,0.49,4
2026-01-01 11:23:31,25493314,abc,qwerty,none,captcha,False,0.39,4
2026-01-01 11:23:31,25493314,demo,qwerty,none,captcha,False,0.21,3
2026-01-01 11:23:32,25493314,student,qwerty,none,captcha,False,0.39,3
2026-01-01 11:23:32,25493314,Student_user,qwerty,none,captcha,False,0.29,4
2026-01-01 11:23:33,25493314,user_test,qwerty,none,captcha,False,0.4,4
2026-01-01 11:23:33,25493314,bluecat,qwerty,none,captcha,False,0.98,4
2026-01-01 11:23:34,25493314,student1,qwerty,none,captcha,False,0.29,4
2026-01-01 11:23:34,25493314,login_user,qwerty,none,captcha,False,0.37,4
2026-01-01 11:23:35,25493314,pythonfan,qwerty,none,captcha,False,0.42,4
2026-01-01 11:23:35,25493314,techgirl,qwerty,none,captcha,False,0.37,3
2026-01-01 11:23:36,25493314,cloud_user,qwerty,none,captcha,False,0.44,4
2026-01-01 11:23:36,25493314,gamer22,qwerty,none,captcha,False,0.33,4
2026-01-01 11:23:37,25493314,webdev,qwerty,none,captcha,False,0.32,4
2026-01-01 11:23:37,25493314,sha.sec,qwerty,none,captcha,False,0.48,4
2026-01-01 11:23:38,25493314,secure_user,qwerty,none,captcha,False,0.33,4
2026-01-01 11:23:38,25493314,cyber.auth,qwerty,none,captcha,False,0.36,3
2026-01-01 11:23:39,25493314,dev.access,qwerty,none,captcha,False,0.45,4
2026-01-01 11:23:39,25493314,root.guard,qwerty,none,captcha,False,0.34,4
2026-01-01 11:23:40,25493314,net.lock,qwerty,none,captcha,False,0.42,4
2026-01-01 11:23:40,25493314,auth.master,qwerty,none,captcha,False,0.37,4
2026-01-01 11:23:42,25493314,system.sec,qwerty,none,captcha,False,0.52,4
2026-01-01 11:23:42,25493314,secure.login,qwerty,none,captcha,False,0.25,4
2026-01-01 11:23:43,25493314,user1,123456789,none,captcha,False,0.33,5
2026-01-01 11:23:43,25493314,admin,123456789,none,captcha,False,0.42,4
2026-01-01 11:23:44,25493314,guest,123456789,none,captcha,False,0.35,4
2026-01-01 11:23:44,25493314,test,123456789,none,captcha,False,0.55,5
2026-01-01 11:23:45,25493314,hello,123456789,none,captcha,False,0.37,4
2026-01-01 11:23:46,25493314,login,123456789,none,captcha,False,0.72,5
2026-01-01 11:23:47,25493314,demo,123456789,none,captcha,False,0.59,4
2026-01-01 11:23:47,25493314,student,123456789,none,captcha,False,0.39,4
2026-01-01 11:23:48,25493314,Student_user,123456789,none,captcha,False,0.39,5
2026-01-01 11:23:48,25493314,user_test,123456789,none,captcha,False,0.35,5
2026-01-01 11:23:49,25493314,bluecat,123456789,none,captcha,False,0.36,5
2026-01-01 11:23:49,25493314,student1,123456789,none,captcha,False,0.37,5
2026-01-01 11:23:50,25493314,login_user,123456789,none,captcha,False,0.47,5
2026-01-01 11:23:50,25493314,pythonfan,123456789,none,captcha,False,0.42,5
2026-01-01 11:23:51,25493314,techgirl,123456789,none,captcha,False,0.43,4
2026-01-01 11:23:51,25493314,cloud_user,123456789,none,captcha,False,0.29,5
2026-01-01 11:23:52,25493314,gamer22,123456789,none,captcha,False,0.4,5
2026-01-01 11:23:52,25493314,webdev,123456789,none,captcha,False,0.26,5
2026-01-01 11:23:53,25493314,sha.sec,123456789,none,captcha,False,0.4,5
2026-01-01 11:23:54,25493314,cyber.auth,123456789,none,captcha,False,0.49,4
2026-01-01 11:23:54,25493314,dev.access,123456789,none,captcha,False,0.39,5
2026-01-01 11:23:55,25493314,root.guard,123456789,none,captcha,False,0.4,5
2026-01-01 11:23:55,25493314,net.lock,123456789,none,captcha,False,0.32,5
2026-01-01 11:23:56,25493314,auth.master,123456789,none,captcha,False,0.45,5
2026-01-01 11:23:56,25493314,vault_user,123456789,none,captcha,False,0.34,4
2026-01-01 11:23:57,25493314,system.sec,123456789,none,captcha,False,0.35,5
2026-01-01 11:23:57,25493314,secure.login,123456789,none,captcha,False,0.27,5
2026-01-01 11:23:58,25493314,user1,12345,none,captcha,False,0.34,6
2026-01-01 11:23:58,25493314,admin,12345,none,captcha,False,0.35,5
2026-01-01 11:23:59,25493314,guest,12345,none,captcha,False,0.4,5
2026-01-01 11:23:59,25493314,test,12345,none,captcha,False,0.35,6
2026-01-01 11:24:00,25493314,hello,12345,none,captcha,False,0.47,5
2026-01-01 11:24:01,25493314,name,12345,none,captcha,False,0.45,5
2026-01-01 11:24:01,25493314,login,12345,none,captcha,False,0.42,6
2026-01-01 11:24:02,25493314,abc,12345,none,captcha,False,0.39,5
2026-01-01 11:24:02,25493314,demo,12345,none,captcha,False,0.46,5
2026-01-01 11:24:03,25493314,student,12345,none,captcha,False,0.33,5
2026-01-01 11:24:03,25493314,Student_user,12345,none,captcha,False,0.38,6
2026-01-01 11:24:04,25493314,user_test,12345,none,captcha,False,0.36,6
2026-01-01 11:24:04,25493314,bluecat,12345,none,captcha,False,0.22,6
2026-01-01 11:24:05,25493314,student1,12345,none,captcha,False,0.38,6
2026-01-01 11:24:05,25493314,login_user,12345,none,captcha,False,0.37,6
2026-01-01 11:24:06,25493314,pythonfan,12345,none,captcha,False,0.37,6
2026-01-01 11:24:06,25493314,techgirl,12345,none,captcha,False,0.39,5
2026-01-01 11:24:07,25493314,cloud_user,12345,none,captcha,False,0.39,6
2026-01-01 11:24:07,25493314,gamer22,12345,none,captcha,False,0.26,6
2026-01-01 11:24:08,25493314,webdev,12345,none,captcha,False,0.44,6
2026-01-01 11:24:09,25493314,secure_user,12345,none,captcha,False,0.81,5
2026-01-01 11:24:09,25493314,cyber.auth,12345,none,captcha,False,0.36,5
2026-01-01 11:24:10,25493314,dev.access,12345,none,captcha,False,0.29,6
2026-01-01 11:24:10,25493314,root.guard,12345,none,captcha,False,0.43,6
2026-01-01 11:24:11,25493314,net.lock,12345,none,captcha,False,0.46,6
2026-01-01 11:24:11,25493314,auth.master,12345,none,captcha,False,0.37,6
2026-01-01 11:24:12,25493314,vault_user,12345,none,captcha,False,0.42,5
2026-01-01 11:24:12,25493314,system.sec,12345,none,captcha,False,0.43,6
2026-01-01 11:24:13,25493314,secure.login,12345,none,captcha,False,0.47,6
2026-01-01 11:24:13,25493314,user1,1234,none,captcha,True,0.3,7
2026-01-01 11:24:14,25493314,admin,1234,none,captcha,False,0.38,6
2026-01-01 11:24:14,25493314,guest,1234,none,captcha,False,0.39,6
2026-01-01 11:24:15,25493314,test,1234,none,captcha,False,0.44,7
2026-01-01 11:24:15,25493314,hello,1234,none,captcha,False,0.39,6
2026-01-01 11:24:16,25493314,name,1234,none,captcha,False,0.37,6
2026-01-01 11:24:16,25493314,login,1234,none,captcha,False,0.32,7
2026-01-01 11:24:17,25493314,abc,1234,none,captcha,False,0.36,6
2026-01-01 11:24:17,25493314,demo,1234,none,captcha,False,0.39,6
2026-01-01 11:24:18,25493314,student,1234,none,captcha,False,0.37,6
2026-01-01 11:24:18,25493314,Student_user,1234,none,captcha,False,0.32,7
2026-01-01 11:24:19,25493314,user_test,1234,none,captcha,False,0.36,7
2026-01-01 11:24:19,25493314,bluecat,1234,none,captcha,False,0.44,7
2026-01-01 11:24:20,25493314,student1,1234,none,captcha,False,0.46,7
2026-01-01 11:24:21,25493314,login_user,1234,none,captcha,False,0.36,7
2026-01-01 11:24:21,25493314,pythonfan,1234,none,captcha,False,0.41,7
2026-01-01 11:24:22,25493314,techgirl,1234,none,captcha,False,0.31,6
2026-01-01 11:24:22,25493314,cloud_user,1234,none,captcha,False,0.39,7
2026-01-01 11:24:23,25493314,gamer22,1234,none,captcha,False,0.44,7
2026-01-01 11:24:23,25493314,webdev,1234,none,captcha,False,0.33,7
2026-01-01 11:24:24,25493314,sha.sec,1234,none,captcha,False,0.43,6
2026-01-01 11:24:24,25493314,secure_user,1234,none,captcha,False,0.44,6
2026-01-01 11:24:25,25493314,cyber.auth,1234,none,captcha,False,0.41,6
2026-01-01 11:24:25,25493314,dev.access,1234,none,captcha,False,0.42,7
2026-01-01 11:24:26,25493314,root.guard,1234,none,captcha,False,0.34,7
2026-01-01 11:24:26,25493314,net.lock,1234,none,captcha,False,0.45,7
2026-01-01 11:24:27,25493314,auth.master,1234,none,captcha,False,0.23,7
2026-01-01 11:24:27,25493314,vault_user,1234,none,captcha,False,0.27,6
2026-01-01 11:24:28,25493314,system.sec,1234,none,captcha,False,0.41,7
2026-01-01 11:24:28,25493314,secure.login,1234,none,captcha,False,0.27,7
2026-01-01 11:24:29,25493314,user1,111111,none,captcha,False,0.43,8
2026-01-01 11:24:29,25493314,admin,111111,none,captcha,False,0.45,7
2026-01-01 11:24:30,25493314,guest,111111,none,captcha,False,0.47,7
2026-01-01 11:24:30,25493314,test,111111,none,captcha,False,0.31,8
2026-01-01 11:24:31,25493314,hello,111111,none,captcha,False,0.35,7
2026-01-01 11:24:31,25493314,name,111111,none,captcha,False,0.28,7
2026-01-01 11:24:32,25493314,abc,111111,none,captcha,False,0.35,7
2026-01-01 11:24:33,25493314,demo,111111,none,captcha,False,0.52,7
2026-01-01 11:24:33,25493314,student,111111,none,captcha,False,0.44,7
2026-01-01 11:24:34,25493314,Student_user,111111,none,captcha,False,0.36,8
2026-01-01 11:24:34,25493314,user_test,111111,none,captcha,False,0.43,8
2026-01-01 11:24:35,25493314,bluecat,111111,none,captcha,False,0.51,8
2026-01-01 11:24:35,25493314,student1,111111,none,captcha,False,0.32,8
2026-01-01 11:24:36,25493314,login_user,111111,none,captcha,False,0.37,8
2026-01-01 11:24:36,25493314,pythonfan,111111,none,captcha,False,0.31,8
2026-01-01 11:24:37,25493314,techgirl,111111,none,captcha,False,0.39,7
2026-01-01 11:24:37,25493314,cloud_user,111111,none,captcha,False,0.38,8
2026-01-01 11:24:38,25493314,gamer22,111111,none,captcha,False,0.43,8
2026-01-01 11:24:39,25493314,webdev,111111,none,captcha,False,0.38,8
2026-01-01 11:24:39,25493314,sha.sec,111111,none,captcha,False,0.33,7
2026-01-01 11:24:40,25493314,secure_user,111111,none,captcha,False,0.38,7
2026-01-01 11:24:40,25493314,cyber.auth,111111,none,captcha,False,0.46,7
2026-01-01 11:24:41,25493314,dev.access,111111,none,captcha,False,0.4,8
2026-01-01 11:24:41,25493314,root.guard,111111,none,captcha,False,0.36,8
2026-01-01 11:24:42,25493314,net.lock,111111,none,captcha,False,0.39,8
2026-01-01 11:24:42,25493314,auth.master,111111,none,captcha,False,0.42,8
2026-01-01 11:24:43,25493314,vault_user,111111,none,captcha,False,0.35,7
2026-01-01 11:24:43,25493314,system.sec,111111,none,captcha,False,0.34,8
2026-01-01 11:24:44,25493314,secure.login,111111,none,captcha,False,0.32,8
2026-01-01 11:24:44,25493314,user1,1234567,none,captcha,False,0.39,9
2026-01-01 11:24:45,25493314,admin,1234567,none,captcha,False,0.41,8
2026-01-01 11:24:45,25493314,guest,1234567,none,captcha,False,0.4,8
2026-01-01 11:24:46,25493314,test,1234567,none,captcha,False,0.5,9
2026-01-01 11:24:46,25493314,hello,1234567,none,captcha,False,0.34,8
2026-01-01 11:24:47,25493314,name,1234567,none,captcha,False,0.42,8
2026-01-01 11:24:47,25493314,login,1234567,none,captcha,False,0.25,8
2026-01-01 11:24:48,25493314,abc,1234567,none,captcha,False,0.4,8
2026-01-01 11:24:48,25493314,demo,1234567,none,captcha,False,0.38,8
2026-01-01 11:24:49,25493314,student,1234567,none,captcha,False,0.31,8
2026-01-01 11:24:49,25493314,Student_user,1234567,none,captcha,False,0.26,9
2026-01-01 11:24:50,25493314,user_test,1234567,none,captcha,False,0.32,9
2026-01-01 11:24:50,25493314,bluecat,1234567,none,captcha,False,0.36,9
2026-01-01 11:24:51,25493314,student1,1234567,none,captcha,False,0.35,9
2026-01-01 11:24:51,25493314,login_user,1234567,none,captcha,False,0.26,9
2026-01-01 11:24:52,25493314,pythonfan,1234567,none,captcha,False,0.39,9
2026-01-01 11:24:52,25493314,techgirl,1234567,none,captcha,False,0.29,8
2026-01-01 11:24:53,25493314,cloud_user,1234567,none,captcha,False,0.42,9
2026-01-01 11:24:53,25493314,gamer22,1234567,none,captcha,False,0.37,9
2026-01-01 11:24:54,25493314,webdev,1234567,none,captcha,False,0.34,9
2026-01-01 11:24:54,25493314,sha.sec,1234567,none,captcha,False,0.33,8
2026-01-01 11:24:55,25493314,secure_user,1234567,none,captcha,False,0.33,8
2026-01-01 11:24:55,25493314,cyber.auth,1234567,none,captcha,False,0.39,8
2026-01-01 11:24:56,25493314,dev.access,1234567,none,captcha,False,0.36,9
2026-01-01 11:24:56,25493314,root.guard,1234567,none,captcha,False,0.31,9
2026-01-01 11:24:57,25493314,net.lock,1234567,none,captcha,False,0.38,9
2026-01-01 11:24:58,25493314,auth.master,1234567,none,captcha,False,0.36,9
2026-01-01 11:24:58,25493314,vault_user,1234567,none,captcha,False,0.36,8
2026-01-01 11:24:59,25493314,system.sec,1234567,none,captcha,False,0.37,9
2026-01-01 11:24:59,25493314,secure.login,1234567,none,captcha,False,0.3,9
2026-01-01 11:25:00,25493314,user1,dragon,none,captcha,False,0.35,10
2026-01-01 11:25:00,25493314,admin,dragon,none,captcha,False,0.34,9
2026-01-01 11:25:01,25493314,guest,dragon,none,captcha,False,0.36,9
2026-01-01 11:25:01,25493314,test,dragon,none,captcha,False,0.4,10
2026-01-01 11:25:02,25493314,hello,dragon,none,captcha,False,0.39,9
2026-01-01 11:25:02,25493314,name,dragon,none,captcha,False,0.35,9
2026-01-01 11:25:03,25493314,login,dragon,none,captcha,False,0.24,9
2026-01-01 11:25:03,25493314,abc,dragon,none,captcha,False,0.38,9
2026-01-01 11:25:04,25493314,demo,dragon,none,captcha,False,0.36,9
2026-01-01 11:25:04,25493314,student,dragon,none,captcha,False,0.32,9
2026-01-01 11:25:05,25493314,Student_user,dragon,none,captcha,False,0.42,10
2026-01-01 11:25:05,25493314,user_test,dragon,none,captcha,False,0.27,10
2026-01-01 11:25:06,25493314,bluecat,dragon,none,captcha,False,0.2,10
2026-01-01 11:25:06,25493314,student1,dragon,none,captcha,False,0.37,10
2026-01-01 11:25:07,25493314,pythonfan,dragon,none,captcha,False,0.32,10
2026-01-01 11:25:08,25493314,techgirl,dragon,none,captcha,False,0.39,9
2026-01-01 11:25:08,25493314,cloud_user,dragon,none,captcha,False,0.27,10
2026-01-01 11:25:09,25493314,gamer22,dragon,none,captcha,False,0.26,10
2026-01-01 11:25:09,25493314,webdev,dragon,none,captcha,False,0.28,10
2026-01-01 11:25:10,25493314,sha.sec,dragon,none,captcha,False,0.26,9
2026-01-01 11:25:10,25493314,secure_user,dragon,none,captcha,False,0.24,9
2026-01-01 11:25:11,25493314,cyber.auth,dragon,none,captcha,False,0.32,9
2026-01-01 11:25:11,25493314,dev.access,dragon,none,captcha,False,0.25,10
2026-01-01 11:25:12,25493314,root.guard,dragon,none,captcha,False,0.26,10
2026-01-01 11:25:12,25493314,net.lock,dragon,none,captcha,False,0.28,10
2026-01-01 11:25:13,25493314,auth.master,dragon,none,captcha,False,0.35,10
2026-01-01 11:25:13,25493314,vault_user,dragon,none,captcha,False,0.33,9
2026-01-01 11:25:14,25493314,system.sec,dragon,none,captcha,False,0.34,10
2026-01-01 11:25:14,25493314,secure.login,dragon,none,captcha,False,0.36,10
2026-01-01 11:25:15,25493314,user1,123123,none,captcha,False,0.34,11
2026-01-01 11:25:15,25493314,admin,123123,none,captcha,False,0.3,10
2026-01-01 11:25:16,25493314,guest,123123,none,captcha,False,0.36,10
2026-01-01 11:25:17,25493314,test,123123,none,captcha,False,0.33,11
2026-01-01 11:25:17,25493314,hello,123123,none,captcha,False,0.39,10
2026-01-01 11:25:18,25493314,name,123123,none,captcha,False,1.99,10
2026-01-01 11:25:18,25493314,login,123123,none,captcha,False,0.35,10
2026-01-01 11:25:19,25493314,abc,123123,none,captcha,False,0.32,10
2026-01-01 11:25:19,25493314,demo,123123,none,captcha,False,0.38,10
2026-01-01 11:25:20,25493314,student,123123,none,captcha,False,0.3,10
2026-01-01 11:25:20,25493314,Student_user,123123,none,captcha,False,0.33,11
2026-01-01 11:25:21,25493314,user_test,123123,none,captcha,False,0.35,11
2026-01-01 11:25:21,25493314,bluecat,123123,none,captcha,False,0.33,11
2026-01-01 11:25:22,25493314,student1,123123,none,captcha,False,0.24,11
2026-01-01 11:25:22,25493314,login_user,123123,none,captcha,False,0.29,10
2026-01-01 11:25:23,25493314,pythonfan,123123,none,captcha,False,0.52,11
2026-01-01 11:25:23,25493314,techgirl,123123,none,captcha,False,0.31,10
2026-01-01 11:25:24,25493314,cloud_user,123123,none,captcha,False,0.28,11
2026-01-01 11:25:24,25493314,gamer22,123123,none,captcha,False,0.66,11
2026-01-01 11:25:25,25493314,webdev,123123,none,captcha,False,0.45,11
2026-01-01 11:25:25,25493314,sha.sec,123123,none,captcha,False,0.31,10
2026-01-01 11:25:26,25493314,secure_user,123123,none,captcha,False,0.31,10
2026-01-01 11:25:26,25493314,cyber.auth,123123,none,captcha,False,0.24,10
2026-01-01 11:25:27,25493314,dev.access,123123,none,captcha,False,0.39,11
2026-01-01 11:25:27,25493314,root.guard,123123,none,captcha,False,0.23,11
2026-01-01 11:25:28,25493314,net.lock,123123,none,captcha,False,0.21,11
2026-01-01 11:25:28,25493314,auth.master,123123,none,captcha,False,0.27,11
2026-01-01 11:25:29,25493314,vault_user,123123,none,captcha,False,0.31,10
2026-01-01 11:25:29,25493314,system.sec,123123,none,captcha,False,0.31,11
2026-01-01 11:25:30,25493314,secure.login,123123,none,captcha,False,0.29,11
2026-01-01 11:25:30,25493314,user1,baseball,none,captcha,False,0.32,12
2026-01-01 11:25:31,25493314,admin,baseball,none,captcha,False,0.26,11
2026-01-01 11:25:31,25493314,guest,baseball,none,captcha,False,0.28,11
2026-01-01 11:25:32,25493314,test,baseball,none,captcha,False,0.26,12
2026-01-01 11:25:32,25493314,hello,baseball,none,captcha,False,0.3,11
2026-01-01 11:25:33,25493314,name,baseball,none,captcha,False,0.32,11
2026-01-01 11:25:34,25493314,abc,baseball,none,captcha,False,0.64,11
2026-01-01 11:25:34,25493314,demo,baseball,none,captcha,False,0.29,11
2026-01-01 11:25:35,25493314,student,baseball,none,captcha,False,0.25,11
2026-01-01 11:25:36,25493314,Student_user,baseball,none,captcha,False,0.28,12
2026-01-01 11:25:36,25493314,user_test,baseball,none,captcha,False,0.23,12
2026-01-01 11:25:37,25493314,bluecat,baseball,none,captcha,False,0.27,12
2026-01-01 11:25:37,25493314,student1,baseball,none,captcha,False,0.24,12
2026-01-01 11:25:38,25493314,login_user,baseball,none,captcha,False,0.29,11
2026-01-01 11:25:38,25493314,pythonfan,baseball,none,captcha,False,0.26,12
2026-01-01 11:25:39,25493314,techgirl,baseball,none,captcha,False,0.27,11
2026-01-01 11:25:39,25493314,cloud_user,baseball,none,captcha,False,0.23,12
2026-01-01 11:25:40,25493314,webdev,baseball,none,captcha,False,0.47,12
2026-01-01 11:25:41,25493314,sha.sec,baseball,none,captcha,False,0.25,11
2026-01-01 11:25:41,25493314,secure_user,baseball,none,captcha,False,0.33,11
2026-01-01 11:25:42,25493314,cyber.auth,baseball,none,captcha,False,0.36,11
2026-01-01 11:25:42,25493314,dev.access,baseball,none,captcha,False,0.24,12
2026-01-01 11:25:43,25493314,root.guard,baseball,none,captcha,False,0.35,12
2026-01-01 11:25:43,25493314,net.lock,baseball,none,captcha,False,0.3,12
2026-01-01 11:25:44,25493314,auth.master,baseball,none,captcha,False,0.35,12
2026-01-01 11:25:44,25493314,vault_user,baseball,none,captcha,False,0.3,11
2026-01-01 11:25:45,25493314,system.sec,baseball,none,captcha,False,0.26,12
2026-01-01 11:25:45,25493314,secure.login,baseball,none,captcha,False,0.38,12
2026-01-01 11:25:46,25493314,user1,abc123,none,captcha,False,0.41,13
2026-01-01 11:25:46,25493314,admin,abc123,none,captcha,False,0.24,12
2026-01-01 11:25:47,25493314,guest,abc123,none,captcha,False,0.31,12
2026-01-01 11:25:47,25493314,test,abc123,none,captcha,False,0.27,13
2026-01-01 11:25:48,25493314,hello,abc123,none,captcha,False,0.3,12
2026-01-01 11:25:48,25493314,name,abc123,none,captcha,False,0.3,12
2026-01-01 11:25:49,25493314,login,abc123,none,captcha,False,0.4,11
2026-01-01 11:25:49,25493314,abc,abc123,none,captcha,True,0.33,12
2026-01-01 11:25:50,25493314,demo,abc123,none,captcha,False,0.39,12
2026-01-01 11:25:50,25493314,student,abc123,none,captcha,False,0.31,12
2026-01-01 11:25:51,25493314,Student_user,abc123,none,captcha,False,0.32,13
2026-01-01 11:25:52,25493314,user_test,abc123,none,captcha,False,0.28,13
2026-01-01 11:25:52,25493314,bluecat,abc123,none,captcha,False,0.32,13
2026-01-01 11:25:53,25493314,student1,abc123,none,captcha,False,0.31,13
2026-01-01 11:25:54,25493314,pythonfan,abc123,none,captcha,False,0.52,13
2026-01-01 11:25:54,25493314,techgirl,abc123,none,captcha,False,0.24,12
2026-01-01 11:25:55,25493314,cloud_user,abc123,none,captcha,False,0.23,13
2026-01-01 11:25:55,25493314,gamer22,abc123,none,captcha,False,0.24,12
2026-01-01 11:25:56,25493314,webdev,abc123,none,captcha,False,0.29,13
2026-01-01 11:25:56,25493314,sha.sec,abc123,none,captcha,False,0.38,12
2026-01-01 11:25:57,25493314,secure_user,abc123,none,captcha,False,0.24,12
2026-01-01 11:25:57,25493314,cyber.auth,abc123,none,captcha,False,0.25,12
2026-01-01 11:25:58,25493314,dev.access,abc123,none,captcha,False,0.23,13
2026-01-01 11:25:58,25493314,root.guard,abc123,none,captcha,False,0.27,13
2026-01-01 11:25:59,25493314,net.lock,abc123,none,captcha,False,0.29,13
2026-01-01 11:25:59,25493314,auth.master,abc123,none,captcha,False,0.26,13
2026-01-01 11:26:00,25493314,vault_user,abc123,none,captcha,False,0.26,12
2026-01-01 11:26:00,25493314,system.sec,abc123,none,captcha,False,0.19,13
2026-01-01 11:26:01,25493314,secure.login,abc123,none,captcha,False,0.36,13
2026-01-01 11:26:01,25493314,user1,football,none,captcha,False,0.29,14
2026-01-01 11:26:02,25493314,admin,football,none,captcha,False,0.28,13
2026-01-01 11:26:02,25493314,guest,football,none,captcha,False,0.45,13
2026-01-01 11:26:03,25493314,test,football,none,captcha,False,0.34,14
2026-01-01 11:26:03,25493314,hello,football,none,captcha,False,0.36,13
2026-01-01 11:26:04,25493314,name,football,none,captcha,False,0.32,13
2026-01-01 11:26:04,25493314,login,football,none,captcha,False,0.31,12
2026-01-01 11:26:05,25493314,abc,football,none,captcha,False,0.35,13
2026-01-01 11:26:06,25493314,demo,football,none,captcha,False,0.43,13
2026-01-01 11:26:06,25493314,student,football,none,captcha,False,0.44,13
2026-01-01 11:26:07,25493314,Student_user,football,none,captcha,False,0.35,14
2026-01-01 11:26:07,25493314,user_test,football,none,captcha,False,0.32,14
2026-01-01 11:26:08,25493314,bluecat,football,none,captcha,False,0.36,14
2026-01-01 11:26:08,25493314,student1,football,none,captcha,False,0.34,14
2026-01-01 11:26:09,25493314,login_user,football,none,captcha,False,0.31,12
2026-01-01 11:26:09,25493314,pythonfan,football,none,captcha,False,0.32,14
2026-01-01 11:26:10,25493314,techgirl,football,none,captcha,False,0.31,13
2026-01-01 11:26:10,25493314,cloud_user,football,none,captcha,False,0.31,14
2026-01-01 11:26:11,25493314,gamer22,football,none,captcha,False,0.32,13
2026-01-01 11:26:11,25493314,webdev,football,none,captcha,False,0.27,14
2026-01-01 11:26:12,25493314,sha.sec,football,none,captcha,False,0.29,13
2026-01-01 11:26:12,25493314,secure_user,football,none,captcha,False,0.28,13
2026-01-01 11:26:13,25493314,cyber.auth,football,none,captcha,False,0.35,13
2026-01-01 11:26:13,25493314,dev.access,football,none,captcha,False,0.39,14
2026-01-01 11:26:14,25493314,root.guard,football,none,captcha,False,0.3,14
2026-01-01 11:26:14,25493314,net.lock,football,none,captcha,False,0.35,14
2026-01-01 11:26:15,25493314,auth.master,football,none,captcha,False,0.36,14
2026-01-01 11:26:15,25493314,vault_user,football,none,captcha,False,0.33,13
2026-01-01 11:26:16,25493314,system.sec,football,none,captcha,False,0.32,14
2026-01-01 11:26:16,25493314,secure.login,football,none,captcha,False,0.33,14
2026-01-01 11:26:17,25493314,user1,monkey,none,captcha,False,0.28,15
2026-01-01 11:26:17,25493314,admin,monkey,none,captcha,False,0.23,14
2026-01-01 11:26:18,25493314,guest,monkey,none,captcha,False,0.3,14
2026-01-01 11:26:18,25493314,test,monkey,none,captcha,False,0.29,15
2026-01-01 11:26:19,25493314,hello,monkey,none,captcha,False,0.34,14
2026-01-01 11:26:19,25493314,name,monkey,none,captcha,False,0.36,14
2026-01-01 11:26:20,25493314,login,monkey,none,captcha,False,0.26,13
2026-01-01 11:26:20,25493314,abc,monkey,none,captcha,False,0.23,14
2026-01-01 11:26:21,25493314,demo,monkey,none,captcha,False,0.31,14
2026-01-01 11:26:21,25493314,student,monkey,none,captcha,False,0.28,14
2026-01-01 11:26:22,25493314,Student_user,monkey,none,captcha,False,0.33,15
2026-01-01 11:26:22,25493314,user_test,monkey,none,captcha,False,0.29,15
2026-01-01 11:26:23,25493314,bluecat,monkey,none,captcha,False,0.24,15
2026-01-01 11:26:23,25493314,student1,monkey,none,captcha,False,0.31,15
2026-01-01 11:26:24,25493314,login_user,monkey,none,captcha,False,0.32,13
2026-01-01 11:26:25,25493314,pythonfan,monkey,none,captcha,False,0.31,15
2026-01-01 11:26:25,25493314,techgirl,monkey,none,captcha,False,0.34,14
2026-01-01 11:26:26,25493314,gamer22,monkey,none,captcha,False,0.7,14
2026-01-01 11:26:27,25493314,webdev,monkey,none,captcha,False,0.36,15
2026-01-01 11:26:27,25493314,sha.sec,monkey,none,captcha,False,0.27,14
2026-01-01 11:26:28,25493314,secure_user,monkey,none,captcha,False,0.23,14
2026-01-01 11:26:28,25493314,cyber.auth,monkey,none,captcha,False,0.38,14
2026-01-01 11:26:29,25493314,dev.access,monkey,none,captcha,False,0.28,15
2026-01-01 11:26:29,25493314,root.guard,monkey,none,captcha,False,0.27,15
2026-01-01 11:26:30,25493314,net.lock,monkey,none,captcha,False,0.29,15
2026-01-01 11:26:30,25493314,auth.master,monkey,none,captcha,False,0.29,15
2026-01-01 11:26:31,25493314,vault_user,monkey,none,captcha,False,0.34,14
2026-01-01 11:26:31,25493314,system.sec,monkey,none,captcha,False,0.24,15
2026-01-01 11:26:32,25493314,secure.login,monkey,none,captcha,False,0.26,15
2026-01-01 11:26:32,25493314,user1,letmein,none,captcha,False,0.26,16
2026-01-01 11:26:33,25493314,admin,letmein,none,captcha,False,0.28,15
2026-01-01 11:26:33,25493314,guest,letmein,none,captcha,False,0.31,15
2026-01-01 11:26:34,25493314,test,letmein,none,captcha,False,0.23,16
2026-01-01 11:26:34,25493314,hello,letmein,none,captcha,False,0.29,15
2026-01-01 11:26:35,25493314,login,letmein,none,captcha,False,0.6,14
2026-01-01 11:26:36,25493314,abc,letmein,none,captcha,False,0.26,15
2026-01-01 11:26:36,25493314,demo,letmein,none,captcha,False,0.29,15
2026-01-01 11:26:37,25493314,student,letmein,none,captcha,False,0.26,15
2026-01-01 11:26:37,25493314,Student_user,letmein,none,captcha,False,0.19,16
2026-01-01 11:26:38,25493314,user_test,letmein,none,captcha,False,0.4,16
2026-01-01 11:26:39,25493314,bluecat,letmein,none,captcha,False,0.26,16
2026-01-01 11:26:39,25493314,student1,letmein,none,captcha,False,0.28,16
2026-01-01 11:26:40,25493314,login_user,letmein,none,captcha,False,0.46,14
2026-01-01 11:26:40,25493314,pythonfan,letmein,none,captcha,False,0.29,16
2026-01-01 11:26:41,25493314,techgirl,letmein,none,captcha,False,0.25,15
2026-01-01 11:26:41,25493314,cloud_user,letmein,none,captcha,False,0.32,15
2026-01-01 11:26:42,25493314,gamer22,letmein,none,captcha,False,0.36,15
2026-01-01 11:26:42,25493314,webdev,letmein,none,captcha,False,0.27,16
2026-01-01 11:26:43,25493314,sha.sec,letmein,none,captcha,False,0.38,15
2026-01-01 11:26:43,25493314,secure_user,letmein,none,captcha,False,0.3,15
2026-01-01 11:26:44,25493314,cyber.auth,letmein,none,captcha,False,0.28,15
2026-01-01 11:26:44,25493314,dev.access,letmein,none,captcha,False,0.28,16
2026-01-01 11:26:45,25493314,root.guard,letmein,none,captcha,False,0.32,16
2026-01-01 11:26:45,25493314,net.lock,letmein,none,captcha,False,0.33,16
2026-01-01 11:26:46,25493314,auth.master,letmein,none,captcha,False,0.29,16
2026-01-01 11:26:46,25493314,vault_user,letmein,none,captcha,False,0.28,15
2026-01-01 11:26:47,25493314,system.sec,letmein,none,captcha,False,0.31,16
2026-01-01 11:26:47,25493314,secure.login,letmein,none,captcha,False,0.26,16
2026-01-01 11:26:48,25493314,user1,shadow,none,captcha,False,0.32,17
2026-01-01 11:26:48,25493314,admin,shadow,none,captcha,False,0.25,16
2026-01-01 11:26:49,25493314,guest,shadow,none,captcha,False,0.34,16
2026-01-01 11:26:49,25493314,test,shadow,none,captcha,False,0.26,17
2026-01-01 11:26:50,25493314,hello,shadow,none,captcha,False,0.26,16
2026-01-01 11:26:50,25493314,name,shadow,none,captcha,False,0.27,15
2026-01-01 11:26:51,25493314,login,shadow,none,captcha,False,0.22,15
2026-01-01 11:26:51,25493314,abc,shadow,none,captcha,False,0.25,16
2026-01-01 11:26:52,25493314,demo,shadow,none,captcha,False,0.28,16
2026-01-01 11:26:52,25493314,student,shadow,none,captcha,False,0.3,16
2026-01-01 11:26:53,25493314,Student_user,shadow,none,captcha,False,0.33,17
2026-01-01 11:26:53,25493314,user_test,shadow,none,captcha,False,0.34,17
2026-01-01 11:26:54,25493314,bluecat,shadow,none,captcha,False,0.24,17
2026-01-01 11:26:55,25493314,student1,shadow,none,captcha,False,0.25,17
2026-01-01 11:26:55,25493314,login_user,shadow,none,captcha,False,0.27,15
2026-01-01 11:26:56,25493314,pythonfan,shadow,none,captcha,False,0.32,17
2026-01-01 11:26:57,25493314,cloud_user,shadow,none,captcha,False,0.51,16
2026-01-01 11:26:57,25493314,gamer22,shadow,none,captcha,False,0.32,16
2026-01-01 11:26:58,25493314,webdev,shadow,none,captcha,False,0.29,17
2026-01-01 11:26:58,25493314,sha.sec,shadow,none,captcha,False,0.32,16
2026-01-01 11:26:59,25493314,secure_user,shadow,none,captcha,False,0.3,16
2026-01-01 11:26:59,25493314,cyber.auth,shadow,none,captcha,False,0.33,16
2026-01-01 11:27:00,25493314,dev.access,shadow,none,captcha,False,0.34,17
2026-01-01 11:27:00,25493314,root.guard,shadow,none,captcha,False,0.28,17
2026-01-01 11:27:01,25493314,net.lock,shadow,none,captcha,False,0.31,17
2026-01-01 11:27:01,25493314,auth.master,shadow,none,captcha,False,0.24,17
2026-01-01 11:27:02,25493314,vault_user,shadow,none,captcha,False,0.25,16
2026-01-01 11:27:02,25493314,system.sec,shadow,none,captcha,False,0.29,17
2026-01-01 11:27:03,25493314,secure.login,shadow,none,captcha,False,0.26,17
2026-01-01 11:27:03,25493314,user1,master,none,captcha,False,0.36,18
2026-01-01 11:27:04,25493314,admin,master,none,captcha,False,0.39,17
2026-01-01 11:27:04,25493314,guest,master,none,captcha,False,0.35,17
2026-01-01 11:27:05,25493314,test,master,none,captcha,False,0.28,18
2026-01-01 11:27:05,25493314,hello,master,none,captcha,False,0.25,17
2026-01-01 11:27:06,25493314,name,master,none,captcha,False,0.26,16
2026-01-01 11:27:07,25493314,abc,master,none,captcha,False,0.57,17
2026-01-01 11:27:07,25493314,demo,master,none,captcha,False,0.25,17
2026-01-01 11:27:08,25493314,student,master,none,captcha,False,3.72,17
2026-01-01 11:27:08,25493314,Student_user,master,none,captcha,False,0.24,18
2026-01-01 11:27:09,25493314,user_test,master,none,captcha,False,0.23,18
2026-01-01 11:27:09,25493314,bluecat,master,none,captcha,False,0.28,18
2026-01-01 11:27:10,25493314,student1,master,none,captcha,False,0.29,18
2026-01-01 11:27:10,25493314,login_user,master,none,captcha,False,0.24,16
2026-01-01 11:27:11,25493314,pythonfan,master,none,captcha,False,0.28,18
2026-01-01 11:27:12,25493314,techgirl,master,none,captcha,False,0.3,16
2026-01-01 11:27:12,25493314,cloud_user,master,none,captcha,False,0.37,17
2026-01-01 11:27:13,25493314,gamer22,master,none,captcha,False,0.24,17
2026-01-01 11:27:13,25493314,webdev,master,none,captcha,False,0.27,18
2026-01-01 11:27:14,25493314,sha.sec,master,none,captcha,False,0.32,17
2026-01-01 11:27:14,25493314,secure_user,master,none,captcha,False,0.29,17
2026-01-01 11:27:15,25493314,cyber.auth,master,none,captcha,False,0.3,17
2026-01-01 11:27:15,25493314,dev.access,master,none,captcha,False,0.27,18
2026-01-01 11:27:16,25493314,root.guard,master,none,captcha,False,0.27,18
2026-01-01 11:27:16,25493314,net.lock,master,none,captcha,False,0.24,18
2026-01-01 11:27:17,25493314,auth.master,master,none,captcha,False,0.29,18
2026-01-01 11:27:17,25493314,vault_user,master,none,captcha,False,0.29,17
2026-01-01 11:27:18,25493314,system.sec,master,none,captcha,False,0.27,18
2026-01-01 11:27:18,25493314,secure.login,master,none,captcha,False,0.28,18
2026-01-01 11:27:19,25493314,user1,666666,none,captcha,False,0.29,19
2026-01-01 11:27:19,25493314,admin,666666,none,captcha,False,0.31,18
2026-01-01 11:27:20,25493314,guest,666666,none,captcha,False,0.29,18
2026-01-01 11:27:20,25493314,test,666666,none,captcha,False,0.22,19
2026-01-01 11:27:21,25493314,hello,666666,none,captcha,False,0.33,18
2026-01-01 11:27:21,25493314,name,666666,none,captcha,False,0.3,17
2026-01-01 11:27:22,25493314,login,666666,none,captcha,False,0.32,16
2026-01-01 11:27:23,25493314,demo,666666,none,captcha,False,0.52,18
2026-01-01 11:27:23,25493314,student,666666,none,captcha,False,0.26,18
2026-01-01 11:27:24,25493314,Student_user,666666,none,captcha,False,0.24,19
2026-01-01 11:27:24,25493314,user_test,666666,none,captcha,False,0.23,19
2026-01-01 11:27:25,25493314,bluecat,666666,none,captcha,False,0.25,19
2026-01-01 11:27:26,25493314,login_user,666666,none,captcha,False,0.59,17
2026-01-01 11:27:26,25493314,pythonfan,666666,none,captcha,False,0.78,19
2026-01-01 11:27:27,25493314,techgirl,666666,none,captcha,False,0.25,17
2026-01-01 11:27:28,25493314,cloud_user,666666,none,captcha,False,0.27,18
2026-01-01 11:27:28,25493314,gamer22,666666,none,captcha,False,0.25,18
2026-01-01 11:27:29,25493314,webdev,666666,none,captcha,False,0.22,19
2026-01-01 11:27:29,25493314,sha.sec,666666,none,captcha,False,0.27,18
2026-01-01 11:27:30,25493314,secure_user,666666,none,captcha,False,0.25,18
2026-01-01 11:27:30,25493314,cyber.auth,666666,none,captcha,False,0.23,18
2026-01-01 11:27:31,25493314,dev.access,666666,none,captcha,False,0.26,19
2026-01-01 11:27:31,25493314,root.guard,666666,none,captcha,False,0.26,19
2026-01-01 11:27:32,25493314,net.lock,666666,none,captcha,False,0.25,19
2026-01-01 11:27:32,25493314,auth.master,666666,none,captcha,False,0.29,19
2026-01-01 11:27:33,25493314,vault_user,666666,none,captcha,False,0.22,18
2026-01-01 11:27:33,25493314,system.sec,666666,none,captcha,False,2.44,19
2026-01-01 11:27:34,25493314,secure.login,666666,none,captcha,False,0.21,19
2026-01-01 11:27:34,25493314,user1,qwertyuiop,none,captcha,False,0.25,20
2026-01-01 11:27:35,25493314,admin,qwertyuiop,none,captcha,False,0.28,19
2026-01-01 11:27:35,25493314,guest,qwertyuiop,none,captcha,False,0.32,19
2026-01-01 11:27:36,25493314,test,qwertyuiop,none,captcha,False,0.29,20
2026-01-01 11:27:36,25493314,hello,qwertyuiop,none,captcha,False,0.34,19
2026-01-01 11:27:37,25493314,name,qwertyuiop,none,captcha,False,0.28,18
2026-01-01 11:27:37,25493314,login,qwertyuiop,none,captcha,False,0.24,17
2026-01-01 11:27:38,25493314,abc,qwertyuiop,none,captcha,False,0.28,18
2026-01-01 11:27:38,25493314,demo,qwertyuiop,none,captcha,False,0.27,19
2026-01-01 11:27:39,25493314,student,qwertyuiop,none,captcha,False,0.33,19
2026-01-01 11:27:39,25493314,Student_user,qwertyuiop,none,captcha,False,0.25,20
2026-01-01 11:27:40,25493314,user_test,qwertyuiop,none,captcha,False,0.32,20
2026-01-01 11:27:40,25493314,bluecat,qwertyuiop,none,captcha,False,0.3,20
2026-01-01 11:27:41,25493314,login_user,qwertyuiop,none,captcha,False,0.28,18
2026-01-01 11:27:42,25493314,pythonfan,qwertyuiop,none,captcha,False,0.34,20
2026-01-01 11:27:43,25493314,techgirl,qwertyuiop,none,captcha,False,0.28,18
2026-01-01 11:27:43,25493314,cloud_user,qwertyuiop,none,captcha,False,0.32,19
2026-01-01 11:27:44,25493314,gamer22,qwertyuiop,none,captcha,False,0.24,19
2026-01-01 11:27:44,25493314,webdev,qwertyuiop,none,captcha,False,0.26,20
2026-01-01 11:27:45,25493314,sha.sec,qwertyuiop,none,captcha,False,0.29,19
2026-01-01 11:27:45,25493314,secure_user,qwertyuiop,none,captcha,False,0.26,19
2026-01-01 11:27:46,25493314,dev.access,qwertyuiop,none,captcha,False,0.62,20
2026-01-01 11:27:47,25493314,root.guard,qwertyuiop,none,captcha,False,0.24,20
2026-01-01 11:27:47,25493314,net.lock,qwertyuiop,none,captcha,False,0.36,20
2026-01-01 11:27:48,25493314,auth.master,qwertyuiop,none,captcha,False,0.3,20
2026-01-01 11:27:48,25493314,vault_user,qwertyuiop,none,captcha,False,0.31,19
2026-01-01 11:27:49,25493314,system.sec,qwertyuiop,none,captcha,False,0.34,20
2026-01-01 11:27:49,25493314,secure.login,qwertyuiop,none,captcha,False,0.29,20
2026-01-01 11:27:50,25493314,user1,123321,none,captcha,False,0.28,21
2026-01-01 11:27:50,25493314,admin,123321,none,captcha,False,0.29,20
2026-01-01 11:27:51,25493314,guest,123321,none,captcha,False,0.28,20
2026-01-01 11:27:51,25493314,test,123321,none,captcha,False,0.27,21
2026-01-01 11:27:52,25493314,hello,123321,none,captcha,False,0.26,20
2026-01-01 11:27:52,25493314,name,123321,none,captcha,False,0.29,19
2026-01-01 11:27:53,25493314,login,123321,none,captcha,False,0.33,18
2026-01-01 11:27:53,25493314,abc,123321,none,captcha,False,0.34,19
2026-01-01 11:27:54,25493314,demo,123321,none,captcha,False,0.32,20
2026-01-01 11:27:55,25493314,Student_user,123321,none,captcha,False,0.47,21
2026-01-01 11:27:55,25493314,user_test,123321,none,captcha,False,0.26,21
2026-01-01 11:27:56,25493314,bluecat,123321,none,captcha,False,0.29,21
2026-01-01 11:27:56,25493314,student1,123321,none,captcha,False,0.29,19
2026-01-01 11:27:57,25493314,login_user,123321,none,captcha,False,0.24,19
2026-01-01 11:27:58,25493314,pythonfan,123321,none,captcha,False,0.33,21
2026-01-01 11:27:58,25493314,techgirl,123321,none,captcha,False,0.31,19
2026-01-01 11:27:59,25493314,cloud_user,123321,none,captcha,False,0.26,20
2026-01-01 11:27:59,25493314,gamer22,123321,none,captcha,False,0.29,20
2026-01-01 11:28:00,25493314,webdev,123321,none,captcha,False,0.35,21
2026-01-01 11:28:00,25493314,sha.sec,123321,none,captcha,False,0.33,20
2026-01-01 11:28:01,25493314,secure_user,123321,none,captcha,False,0.32,20
2026-01-01 11:28:01,25493314,cyber.auth,123321,none,captcha,False,0.28,19
2026-01-01 11:28:02,25493314,dev.access,123321,none,captcha,False,0.3,21
2026-01-01 11:28:02,25493314,root.guard,123321,none,captcha,False,0.28,21
2026-01-01 11:28:03,25493314,net.lock,123321,none,captcha,False,0.22,21
2026-01-01 11:28:04,25493314,vault_user,123321,none,captcha,False,0.51,20
2026-01-01 11:28:04,25493314,system.sec,123321,none,captcha,False,0.29,21
2026-01-01 11:28:05,25493314,secure.login,123321,none,captcha,False,0.36,21
2026-01-01 11:28:05,25493314,user1,mustang,none,captcha,False,0.42,22
2026-01-01 11:28:06,25493314,admin,mustang,none,captcha,False,0.25,21
2026-01-01 11:28:06,25493314,guest,mustang,none,captcha,False,0.26,21
2026-01-01 11:28:07,25493314,test,mustang,none,captcha,False,0.23,22
2026-01-01 11:28:07,25493314,hello,mustang,none,captcha,False,0.28,21
2026-01-01 11:28:08,25493314,name,mustang,none,captcha,False,0.24,20
2026-01-01 11:28:08,25493314,login,mustang,none,captcha,False,0.64,19
2026-01-01 11:28:09,25493314,abc,mustang,none,captcha,False,0.23,20
2026-01-01 11:28:09,25493314,demo,mustang,none,captcha,False,0.3,21
2026-01-01 11:28:10,25493314,student,mustang,none,captcha,False,0.27,20
2026-01-01 11:28:10,25493314,Student_user,mustang,none,captcha,False,0.31,22
2026-01-01 11:28:11,25493314,user_test,mustang,none,captcha,False,0.27,22
2026-01-01 11:28:11,25493314,bluecat,mustang,none,captcha,False,0.23,22
2026-01-01 11:28:12,25493314,student1,mustang,none,captcha,False,0.25,20
2026-01-01 11:28:13,25493314,login_user,mustang,none,captcha,False,0.29,20
2026-01-01 11:28:13,25493314,pythonfan,mustang,none,captcha,False,0.33,22
2026-01-01 11:28:14,25493314,techgirl,mustang,none,captcha,False,0.27,20
2026-01-01 11:28:14,25493314,cloud_user,mustang,none,captcha,False,0.3,21
2026-01-01 11:28:15,25493314,gamer22,mustang,none,captcha,False,0.2,21
2026-01-01 11:28:15,25493314,webdev,mustang,none,captcha,False,0.29,22
2026-01-01 11:28:16,25493314,sha.sec,mustang,none,captcha,False,0.24,21
2026-01-01 11:28:16,25493314,secure_user,mustang,none,captcha,False,0.32,21
2026-01-01 11:28:17,25493314,cyber.auth,mustang,none,captcha,False,0.24,20
2026-01-01 11:28:17,25493314,dev.access,mustang,none,captcha,False,0.3,22
2026-01-01 11:28:18,25493314,root.guard,mustang,none,captcha,False,0.25,22
2026-01-01 11:28:18,25493314,net.lock,mustang,none,captcha,False,0.25,22
2026-01-01 11:28:19,25493314,auth.master,mustang,none,captcha,False,0.31,21
2026-01-01 11:28:19,25493314,vault_user,mustang,none,captcha,False,0.32,21
2026-01-01 11:28:20,25493314,system.sec,mustang,none,captcha,False,0.25,22
2026-01-01 11:28:20,25493314,secure.login,mustang,none,captcha,False,0.31,22
2026-01-01 11:28:21,25493314,user1,121212,none,captcha,False,0.29,23
2026-01-01 11:28:21,25493314,admin,121212,none,captcha,False,0.29,22
2026-01-01 11:28:22,25493314,guest,121212,none,captcha,False,0.31,22
2026-01-01 11:28:22,25493314,test,121212,none,captcha,False,0.27,23
2026-01-01 11:28:23,25493314,hello,121212,none,captcha,False,0.27,22
2026-01-01 11:28:23,25493314,name,121212,none,captcha,False,0.24,21
2026-01-01 11:28:24,25493314,login,121212,none,captcha,False,0.29,20
2026-01-01 11:28:24,25493314,abc,121212,none,captcha,False,0.35,21
2026-01-01 11:28:25,25493314,demo,121212,none,captcha,False,0.26,22
2026-01-01 11:28:25,25493314,student,121212,none,captcha,False,0.27,21
2026-01-01 11:28:26,25493314,Student_user,121212,none,captcha,False,0.33,23
2026-01-01 11:28:26,25493314,user_test,121212,none,captcha,False,0.22,23
2026-01-01 11:28:27,25493314,bluecat,121212,none,captcha,False,0.31,23
2026-01-01 11:28:27,25493314,student1,121212,none,captcha,False,0.27,21
2026-01-01 11:28:28,25493314,login_user,121212,none,captcha,False,0.29,21
2026-01-01 11:28:28,25493314,pythonfan,121212,none,captcha,False,0.28,23
2026-01-01 11:28:29,25493314,techgirl,121212,none,captcha,False,0.31,21
2026-01-01 11:28:30,25493314,cloud_user,121212,none,captcha,False,0.31,22
2026-01-01 11:28:30,25493314,gamer22,121212,none,captcha,False,0.26,22
2026-01-01 11:28:31,25493314,webdev,121212,none,captcha,False,0.23,23
2026-01-01 11:28:31,25493314,sha.sec,121212,none,captcha,False,0.24,22
2026-01-01 11:28:32,25493314,secure_user,121212,none,captcha,False,0.28,22
2026-01-01 11:28:32,25493314,cyber.auth,121212,none,captcha,False,0.29,21
2026-01-01 11:28:33,25493314,dev.access,121212,none,captcha,False,0.26,23
2026-01-01 11:28:33,25493314,root.guard,121212,none,captcha,False,0.29,23
2026-01-01 11:28:34,25493314,net.lock,121212,none,captcha,False,0.32,23
2026-01-01 11:28:34,25493314,auth.master,121212,none,captcha,False,0.26,22
2026-01-01 11:28:35,25493314,vault_user,121212,none,captcha,False,0.26,22
2026-01-01 11:28:35,25493314,system.sec,121212,none,captcha,False,0.29,23
2026-01-01 11:28:36,25493314,secure.login,121212,none,captcha,False,0.28,23
2026-01-01 11:28:36,25493314,user1,000000,none,captcha,False,0.28,24
2026-01-01 11:28:37,25493314,admin,000000,none,captcha,False,0.27,23
2026-01-01 11:28:37,25493314,guest,000000,none,captcha,False,0.32,23
2026-01-01 11:28:38,25493314,test,000000,none,captcha,False,0.3,24
2026-01-01 11:28:38,25493314,hello,000000,none,captcha,False,0.25,23
2026-01-01 11:28:39,25493314,name,000000,none,captcha,False,0.29,22
2026-01-01 11:28:39,25493314,login,000000,none,captcha,False,0.29,21
2026-01-01 11:28:40,25493314,abc,000000,none,captcha,False,0.24,22
2026-01-01 11:28:40,25493314,demo,000000,none,captcha,False,0.22,23
2026-01-01 11:28:41,25493314,student,000000,none,captcha,False,0.3,22
2026-01-01 11:28:41,25493314,Student_user,000000,none,captcha,False,0.25,24
2026-01-01 11:28:42,25493314,user_test,000000,none,captcha,False,0.22,24
2026-01-01 11:28:42,25493314,bluecat,000000,none,captcha,False,0.19,24
2026-01-01 11:28:43,25493314,student1,000000,none,captcha,False,0.29,22
2026-01-01 11:28:43,25493314,login_user,000000,none,captcha,False,0.25,22
2026-01-01 11:28:44,25493314,pythonfan,000000,none,captcha,False,0.3,24
2026-01-01 11:28:44,25493314,techgirl,000000,none,captcha,False,0.31,22
2026-01-01 11:28:45,25493314,cloud_user,000000,none,captcha,False,0.25,23
2026-01-01 11:28:45,25493314,gamer22,000000,none,captcha,False,0.36,23
2026-01-01 11:28:46,25493314,webdev,000000,none,captcha,False,0.29,24
2026-01-01 11:28:46,25493314,sha.sec,000000,none,captcha,False,0.27,23
2026-01-01 11:28:47,25493314,secure_user,000000,none,captcha,False,0.29,23
2026-01-01 11:28:48,25493314,cyber.auth,000000,none,captcha,False,0.27,22
2026-01-01 11:28:48,25493314,dev.access,000000,none,captcha,False,0.24,24
2026-01-01 11:28:49,25493314,root.guard,000000,none,captcha,False,0.3,24
2026-01-01 11:28:49,25493314,net.lock,000000,none,captcha,False,0.31,24
2026-01-01 11:28:50,25493314,auth.master,000000,none,captcha,False,0.29,23
2026-01-01 11:28:50,25493314,vault_user,000000,none,captcha,False,0.28,23
2026-01-01 11:28:51,25493314,system.sec,000000,none,captcha,False,0.26,24
2026-01-01 11:28:51,25493314,secure.login,000000,none,captcha,False,0.29,24
2026-01-01 11:28:52,25493314,user1,password1,none,captcha,False,0.28,25
2026-01-01 11:28:52,25493314,admin,password1,none,captcha,False,0.25,24
2026-01-01 11:28:53,25493314,guest,password1,none,captcha,False,0.24,24
2026-01-01 11:28:53,25493314,test,password1,none,captcha,False,0.21,25
2026-01-01 11:28:54,25493314,hello,password1,none,captcha,False,0.29,24
2026-01-01 11:28:54,25493314,name,password1,none,captcha,False,0.29,23
2026-01-01 11:28:55,25493314,login,password1,none,captcha,False,0.27,22
2026-01-01 11:28:55,25493314,abc,password1,none,captcha,False,0.31,23
2026-01-01 11:28:56,25493314,demo,password1,none,captcha,False,0.29,24
2026-01-01 11:28:56,25493314,student,password1,none,captcha,False,0.31,23
2026-01-01 11:28:57,25493314,Student_user,password1,none,captcha,False,0.29,25
2026-01-01 11:28:57,25493314,user_test,password1,none,captcha,False,0.36,25
2026-01-01 11:28:58,25493314,bluecat,password1,none,captcha,False,0.26,25
2026-01-01 11:28:58,25493314,student1,password1,none,captcha,False,0.23,23
2026-01-01 11:28:59,25493314,login_user,password1,none,captcha,False,0.23,23
2026-01-01 11:28:59,25493314,pythonfan,password1,none,captcha,False,0.28,25
2026-01-01 11:29:00,25493314,techgirl,password1,none,captcha,False,0.29,23
2026-01-01 11:29:00,25493314,cloud_user,password1,none,captcha,False,0.28,24
2026-01-01 11:29:01,25493314,gamer22,password1,none,captcha,False,0.24,24
2026-01-01 11:29:01,25493314,webdev,password1,none,captcha,False,0.3,25
2026-01-01 11:29:02,25493314,sha.sec,password1,none,captcha,False,0.27,24
2026-01-01 11:29:02,25493314,secure_user,password1,none,captcha,False,0.17,24
2026-01-01 11:29:03,25493314,cyber.auth,password1,none,captcha,False,0.26,23
2026-01-01 11:29:03,25493314,dev.access,password1,none,captcha,False,0.25,25
2026-01-01 11:29:04,25493314,root.guard,password1,none,captcha,False,0.28,25
2026-01-01 11:29:04,25493314,net.lock,password1,none,captcha,False,0.27,25
2026-01-01 11:29:05,25493314,auth.master,password1,none,captcha,False,0.27,24
2026-01-01 11:29:06,25493314,vault_user,password1,none,captcha,False,0.35,24
2026-01-01 11:29:06,25493314,system.sec,password1,none,captcha,False,0.28,25
2026-01-01 11:29:07,25493314,secure.login,password1,none,captcha,False,0.38,25
2026-01-01 11:29:07,25493314,user1,admin,none,captcha,False,0.3,26
2026-01-01 11:29:08,25493314,admin,admin,none,captcha,True,0.25,25
2026-01-01 11:29:08,25493314,guest,admin,none,captcha,False,0.29,25
2026-01-01 11:29:09,25493314,test,admin,none,captcha,False,0.29,26
2026-01-01 11:29:09,25493314,hello,admin,none,captcha,False,0.27,25
2026-01-01 11:29:10,25493314,name,admin,none,captcha,False,0.24,24
2026-01-01 11:29:10,25493314,login,admin,none,captcha,False,0.27,23
2026-01-01 11:29:11,25493314,abc,admin,none,captcha,False,0.26,24
2026-01-01 11:29:11,25493314,demo,admin,none,captcha,False,0.33,25
2026-01-01 11:29:12,25493314,student,admin,none,captcha,False,0.37,24
2026-01-01 11:29:12,25493314,Student_user,admin,none,captcha,False,0.23,26
2026-01-01 11:29:13,25493314,user_test,admin,none,captcha,False,0.33,26
2026-01-01 11:29:13,25493314,bluecat,admin,none,captcha,False,0.25,26
2026-01-01 11:29:14,25493314,student1,admin,none,captcha,False,0.28,24
2026-01-01 11:29:14,25493314,login_user,admin,none,captcha,False,0.26,24
2026-01-01 11:29:15,25493314,pythonfan,admin,none,captcha,False,0.28,26
2026-01-01 11:29:15,25493314,techgirl,admin,none,captcha,False,0.28,24
2026-01-01 11:29:16,25493314,cloud_user,admin,none,captcha,False,0.32,25
2026-01-01 11:29:16,25493314,gamer22,admin,none,captcha,False,0.27,25
2026-01-01 11:29:17,25493314,webdev,admin,none,captcha,False,0.23,26
2026-01-01 11:29:17,25493314,sha.sec,admin,none,captcha,False,0.24,25
2026-01-01 11:29:18,25493314,secure_user,admin,none,captcha,False,0.28,25
2026-01-01 11:29:18,25493314,cyber.auth,admin,none,captcha,False,0.3,24
2026-01-01 11:29:19,25493314,dev.access,admin,none,captcha,False,0.28,26
2026-01-01 11:29:19,25493314,root.guard,admin,none,captcha,False,0.28,26
2026-01-01 11:29:20,25493314,net.lock,admin,none,captcha,False,0.27,26
2026-01-01 11:29:20,25493314,auth.master,admin,none,captcha,False,0.22,25
2026-01-01 11:29:21,25493314,vault_user,admin,none,captcha,False,0.38,25
2026-01-01 11:29:21,25493314,system.sec,admin,none,captcha,False,0.22,26
2026-01-01 11:29:22,25493314,secure.login,admin,none,captcha,False,0.26,26
2026-01-01 11:29:22,25493314,user1,admin123,none,captcha,False,0.2,27
2026-01-01 11:29:23,25493314,admin,admin123,none,captcha,False,0.3,26
2026-01-01 11:29:24,25493314,guest,admin123,none,captcha,False,0.28,26
2026-01-01 11:29:24,25493314,test,admin123,none,captcha,False,0.29,27
2026-01-01 11:29:25,25493314,hello,admin123,none,captcha,False,0.27,26
2026-01-01 11:29:25,25493314,name,admin123,none,captcha,False,0.26,25
2026-01-01 11:29:26,25493314,login,admin123,none,captcha,False,0.21,24
2026-01-01 11:29:26,25493314,abc,admin123,none,captcha,False,0.22,25
2026-01-01 11:29:27,25493314,demo,admin123,none,captcha,False,0.26,26
2026-01-01 11:29:27,25493314,student,admin123,none,captcha,False,0.38,25
2026-01-01 11:29:28,25493314,Student_user,admin123,none,captcha,False,0.29,27
2026-01-01 11:29:28,25493314,user_test,admin123,none,captcha,False,0.29,27
2026-01-01 11:29:29,25493314,bluecat,admin123,none,captcha,False,0.26,27
2026-01-01 11:29:29,25493314,student1,admin123,none,captcha,False,0.26,25
2026-01-01 11:29:30,25493314,login_user,admin123,none,captcha,False,0.28,25
2026-01-01 11:29:30,25493314,pythonfan,admin123,none,captcha,False,0.36,27
2026-01-01 11:29:31,25493314,techgirl,admin123,none,captcha,False,0.27,25
2026-01-01 11:29:31,25493314,cloud_user,admin123,none,captcha,False,0.2,26
2026-01-01 11:29:32,25493314,gamer22,admin123,none,captcha,False,0.29,26
2026-01-01 11:29:32,25493314,webdev,admin123,none,captcha,False,0.24,27
2026-01-01 11:29:33,25493314,sha.sec,admin123,none,captcha,False,0.28,26
2026-01-01 11:29:33,25493314,secure_user,admin123,none,captcha,False,0.26,26
2026-01-01 11:29:34,25493314,cyber.auth,admin123,none,captcha,False,0.25,25
2026-01-01 11:29:34,25493314,dev.access,admin123,none,captcha,False,0.27,27
2026-01-01 11:29:35,25493314,root.guard,admin123,none,captcha,False,0.3,27
2026-01-01 11:29:35,25493314,net.lock,admin123,none,captcha,False,0.27,27
2026-01-01 11:29:36,25493314,auth.master,admin123,none,captcha,False,0.3,26
2026-01-01 11:29:36,25493314,vault_user,admin123,none,captcha,False,0.28,26
2026-01-01 11:29:37,25493314,system.sec,admin123,none,captcha,False,0.28,27
2026-01-01 11:29:37,25493314,secure.login,admin123,none,captcha,False,0.18,27
2026-01-01 11:29:38,25493314,user1,root,none,captcha,False,0.27,28
2026-01-01 11:29:38,25493314,admin,root,none,captcha,False,0.27,27
2026-01-01 11:29:39,25493314,test,root,none,captcha,False,0.6,28
2026-01-01 11:29:40,25493314,hello,root,none,captcha,False,0.24,27
2026-01-01 11:29:41,25493314,name,root,none,captcha,False,0.24,26
2026-01-01 11:29:41,25493314,login,root,none,captcha,False,0.18,25
2026-01-01 11:29:42,25493314,abc,root,none,captcha,False,0.29,26
2026-01-01 11:29:42,25493314,demo,root,none,captcha,False,0.26,27
2026-01-01 11:29:43,25493314,student,root,none,captcha,False,0.27,26
2026-01-01 11:29:43,25493314,Student_user,root,none,captcha,False,0.28,28
2026-01-01 11:29:44,25493314,user_test,root,none,captcha,False,0.3,28
2026-01-01 11:29:44,25493314,bluecat,root,none,captcha,False,0.27,28
2026-01-01 11:29:45,25493314,student1,root,none,captcha,False,0.26,26
2026-01-01 11:29:45,25493314,login_user,root,none,captcha,False,0.24,26
2026-01-01 11:29:46,25493314,pythonfan,root,none,captcha,False,0.26,28
2026-01-01 11:29:46,25493314,techgirl,root,none,captcha,False,0.29,26
2026-01-01 11:29:47,25493314,cloud_user,root,none,captcha,False,0.27,27
2026-01-01 11:29:47,25493314,gamer22,root,none,captcha,False,0.22,27
2026-01-01 11:29:48,25493314,webdev,root,none,captcha,False,0.28,28
2026-01-01 11:29:48,25493314,sha.sec,root,none,captcha,False,0.28,27
2026-01-01 11:29:49,25493314,secure_user,root,none,captcha,False,0.3,27
2026-01-01 11:29:49,25493314,cyber.auth,root,none,captcha,False,0.27,26
2026-01-01 11:29:50,25493314,dev.access,root,none,captcha,False,0.3,28
2026-01-01 11:29:50,25493314,root.guard,root,none,captcha,False,0.28,28
2026-01-01 11:29:51,25493314,net.lock,root,none,captcha,False,0.27,28
2026-01-01 11:29:51,25493314,auth.master,root,none,captcha,False,0.25,27
2026-01-01 11:29:52,25493314,vault_user,root,none,captcha,False,0.25,27
2026-01-01 11:29:52,25493314,system.sec,root,none,captcha,False,0.29,28
2026-01-01 11:29:53,25493314,secure.login,root,none,captcha,False,0.28,28
2026-01-01 11:29:53,25493314,user1,toor,none,captcha,False,0.27,29
2026-01-01 11:29:54,25493314,admin,toor,none,captcha,False,0.26,28
2026-01-01 11:29:54,25493314,guest,toor,none,captcha,False,0.27,27
2026-01-01 11:29:55,25493314,test,toor,none,captcha,False,0.27,29
2026-01-01 11:29:55,25493314,hello,toor,none,captcha,False,0.26,28
2026-01-01 11:29:56,25493314,name,toor,none,captcha,False,0.25,27
2026-01-01 11:29:57,25493314,login,toor,none,captcha,False,0.24,26
2026-01-01 11:29:57,25493314,abc,toor,none,captcha,False,0.26,27
2026-01-01 11:29:58,25493314,demo,toor,none,captcha,False,0.26,28
2026-01-01 11:29:58,25493314,student,toor,none,captcha,False,0.27,27
2026-01-01 11:29:59,25493314,Student_user,toor,none,captcha,False,0.27,29
2026-01-01 11:29:59,25493314,user_test,toor,none,captcha,False,0.21,29
2026-01-01 11:30:00,25493314,bluecat,toor,none,captcha,False,0.27,29
2026-01-01 11:30:00,25493314,student1,toor,none,captcha,False,0.29,27
2026-01-01 11:30:01,25493314,login_user,toor,none,captcha,False,0.27,27
2026-01-01 11:30:01,25493314,pythonfan,toor,none,captcha,False,0.28,29
2026-01-01 11:30:02,25493314,techgirl,toor,none,captcha,False,0.29,27
2026-01-01 11:30:02,25493314,cloud_user,toor,none,captcha,False,0.19,28
2026-01-01 11:30:03,25493314,gamer22,toor,none,captcha,False,0.25,28
2026-01-01 11:30:03,25493314,webdev,toor,none,captcha,False,0.23,29
2026-01-01 11:30:04,25493314,sha.sec,toor,none,captcha,False,0.23,28
2026-01-01 11:30:04,25493314,secure_user,toor,none,captcha,False,0.27,28
2026-01-01 11:30:05,25493314,cyber.auth,toor,none,captcha,False,0.3,27
2026-01-01 11:30:05,25493314,dev.access,toor,none,captcha,False,0.29,29
2026-01-01 11:30:06,25493314,root.guard,toor,none,captcha,False,0.3,29
2026-01-01 11:30:06,25493314,net.lock,toor,none,captcha,False,0.26,29
2026-01-01 11:30:07,25493314,auth.master,toor,none,captcha,False,0.23,28
2026-01-01 11:30:07,25493314,vault_user,toor,none,captcha,False,0.26,28
2026-01-01 11:30:08,25493314,system.sec,toor,none,captcha,False,0.25,29
2026-01-01 11:30:08,25493314,secure.login,toor,none,captcha,False,0.25,29
2026-01-01 11:30:09,25493314,user1,pass,none,captcha,False,0.27,30
2026-01-01 11:30:09,25493314,admin,pass,none,captcha,False,0.25,29
2026-01-01 11:30:10,25493314,guest,pass,none,captcha,False,0.22,28
2026-01-01 11:30:10,25493314,test,pass,none,captcha,False,0.25,30
2026-01-01 11:30:11,25493314,hello,pass,none,captcha,False,0.21,29
2026-01-01 11:30:11,25493314,name,pass,none,captcha,False,0.28,28
2026-01-01 11:30:12,25493314,login,pass,none,captcha,False,0.25,27
2026-01-01 11:30:12,25493314,abc,pass,none,captcha,False,0.17,28
2026-01-01 11:30:13,25493314,demo,pass,none,captcha,False,0.26,29
2026-01-01 11:30:13,25493314,student,pass,none,captcha,False,0.26,28
2026-01-01 11:30:14,25493314,Student_user,pass,none,captcha,False,0.26,30
2026-01-01 11:30:15,25493314,user_test,pass,none,captcha,False,0.24,30
2026-01-01 11:30:15,25493314,bluecat,pass,none,captcha,False,0.26,30
2026-01-01 11:30:16,25493314,student1,pass,none,captcha,False,0.26,28
2026-01-01 11:30:16,25493314,login_user,pass,none,captcha,False,0.33,28
2026-01-01 11:30:17,25493314,pythonfan,pass,none,captcha,False,0.27,30
2026-01-01 11:30:17,25493314,techgirl,pass,none,captcha,False,0.27,28
2026-01-01 11:30:18,25493314,cloud_user,pass,none,captcha,False,0.3,29
2026-01-01 11:30:18,25493314,gamer22,pass,none,captcha,False,0.25,29
2026-01-01 11:30:19,25493314,webdev,pass,none,captcha,False,0.24,30
2026-01-01 11:30:19,25493314,sha.sec,pass,none,captcha,False,0.24,29
2026-01-01 11:30:20,25493314,secure_user,pass,none,captcha,False,0.26,29
2026-01-01 11:30:20,25493314,cyber.auth,pass,none,captcha,False,0.24,28
2026-01-01 11:30:21,25493314,dev.access,pass,none,captcha,False,0.21,30
2026-01-01 11:30:22,25493314,net.lock,pass,none,captcha,False,0.41,30
2026-01-01 11:30:22,25493314,auth.master,pass,none,captcha,False,0.38,29
2026-01-01 11:30:23,25493314,vault_user,pass,none,captcha,False,0.24,29
2026-01-01 11:30:23,25493314,system.sec,pass,none,captcha,False,0.25,30
2026-01-01 11:30:24,25493314,secure.login,pass,none,captcha,False,0.25,30
2026-01-01 11:30:24,25493314,user1,test,none,captcha,False,0.21,31
2026-01-01 11:30:25,25493314,guest,test,none,captcha,False,0.28,29
2026-01-01 11:30:26,25493314,test,test,none,captcha,False,0.29,31
2026-01-01 11:30:26,25493314,hello,test,none,captcha,False,0.26,30
2026-01-01 11:30:27,25493314,name,test,none,captcha,False,0.29,29
2026-01-01 11:30:27,25493314,login,test,none,captcha,False,0.25,28
2026-01-01 11:30:28,25493314,abc,test,none,captcha,False,0.28,29
2026-01-01 11:30:28,25493314,demo,test,none,captcha,False,0.28,30
2026-01-01 11:30:29,25493314,student,test,none,captcha,False,0.25,29
2026-01-01 11:30:29,25493314,Student_user,test,none,captcha,False,0.26,31
2026-01-01 11:30:30,25493314,user_test,test,none,captcha,False,0.22,31
2026-01-01 11:30:31,25493314,bluecat,test,none,captcha,False,0.27,31
2026-01-01 11:30:31,25493314,student1,test,none,captcha,False,0.24,29
2026-01-01 11:30:32,25493314,login_user,test,none,captcha,False,0.22,29
2026-01-01 11:30:32,25493314,pythonfan,test,none,captcha,False,0.24,31
2026-01-01 11:30:33,25493314,techgirl,test,none,captcha,False,0.22,29
2026-01-01 11:30:33,25493314,cloud_user,test,none,captcha,False,0.25,30
2026-01-01 11:30:34,25493314,gamer22,test,none,captcha,False,0.26,30
2026-01-01 11:30:34,25493314,webdev,test,none,captcha,False,0.24,31
2026-01-01 11:30:35,25493314,sha.sec,test,none,captcha,False,0.25,30
2026-01-01 11:30:35,25493314,secure_user,test,none,captcha,False,0.2,30
2026-01-01 11:30:36,25493314,cyber.auth,test,none,captcha,False,0.25,29
2026-01-01 11:30:36,25493314,dev.access,test,none,captcha,False,0.24,31
2026-01-01 11:30:37,25493314,root.guard,test,none,captcha,False,0.27,30
2026-01-01 11:30:38,25493314,auth.master,test,none,captcha,False,0.58,30
2026-01-01 11:30:38,25493314,vault_user,test,none,captcha,False,0.29,30
2026-01-01 11:30:39,25493314,system.sec,test,none,captcha,False,0.25,31
2026-01-01 11:30:39,25493314,secure.login,test,none,captcha,False,0.24,31
2026-01-01 11:30:40,25493314,user1,test123,none,captcha,False,0.23,32
2026-01-01 11:30:40,25493314,admin,test123,none,captcha,False,0.2,30
2026-01-01 11:30:41,25493314,guest,test123,none,captcha,False,0.22,30
2026-01-01 11:30:41,25493314,test,test123,none,captcha,True,0.24,32
2026-01-01 11:30:42,25493314,hello,test123,none,captcha,False,0.2,31
2026-01-01 11:30:42,25493314,name,test123,none,captcha,False,0.22,30
2026-01-01 11:30:43,25493314,login,test123,none,captcha,False,0.23,29
2026-01-01 11:30:43,25493314,abc,test123,none,captcha,False,0.27,30
2026-01-01 11:30:44,25493314,demo,test123,none,captcha,False,0.25,31
2026-01-01 11:30:44,25493314,student,test123,none,captcha,False,0.26,30
2026-01-01 11:30:45,25493314,Student_user,test123,none,captcha,False,0.21,32
2026-01-01 11:30:45,25493314,user_test,test123,none,captcha,False,0.24,32
2026-01-01 11:30:46,25493314,bluecat,test123,none,captcha,False,0.18,32
2026-01-01 11:30:47,25493314,student1,test123,none,captcha,False,0.26,30
2026-01-01 11:30:47,25493314,login_user,test123,none,captcha,False,0.29,30
2026-01-01 11:30:48,25493314,pythonfan,test123,none,captcha,False,0.26,32
2026-01-01 11:30:48,25493314,techgirl,test123,none,captcha,False,0.23,30
2026-01-01 11:30:49,25493314,cloud_user,test123,none,captcha,False,0.25,31
2026-01-01 11:30:49,25493314,gamer22,test123,none,captcha,False,0.25,31
2026-01-01 11:30:50,25493314,webdev,test123,none,captcha,False,0.21,32
2026-01-01 11:30:50,25493314,sha.sec,test123,none,captcha,False,0.25,31
2026-01-01 11:30:51,25493314,secure_user,test123,none,captcha,False,0.19,31
2026-01-01 11:30:51,25493314,cyber.auth,test123,none,captcha,False,0.26,30
2026-01-01 11:30:52,25493314,dev.access,test123,none,captcha,False,0.27,32
2026-01-01 11:30:52,25493314,root.guard,test123,none,captcha,False,0.25,31
2026-01-01 11:30:53,25493314,net.lock,test123,none,captcha,False,0.28,31
2026-01-01 11:30:53,25493314,auth.master,test123,none,captcha,False,0.26,31
2026-01-01 11:30:54,25493314,vault_user,test123,none,captcha,False,0.2,31
2026-01-01 11:30:54,25493314,system.sec,test123,none,captcha,False,0.2,32
2026-01-01 11:30:55,25493314,user1,guest,none,captcha,False,0.55,33
2026-01-01 11:30:56,25493314,admin,guest,none,captcha,False,0.29,31
2026-01-01 11:30:56,25493314,guest,guest,none,captcha,True,0.27,31
2026-01-01 11:30:57,25493314,test,guest,none,captcha,False,0.26,33
2026-01-01 11:30:57,25493314,hello,guest,none,captcha,False,0.26,32
2026-01-01 11:30:58,25493314,name,guest,none,captcha,False,0.22,31
2026-01-01 11:30:58,25493314,login,guest,none,captcha,False,0.26,30
2026-01-01 11:30:59,25493314,abc,guest,none,captcha,False,0.25,31
2026-01-01 11:30:59,25493314,demo,guest,none,captcha,False,0.24,32
2026-01-01 11:31:00,25493314,student,guest,none,captcha,False,0.24,31
2026-01-01 11:31:00,25493314,Student_user,guest,none,captcha,False,0.26,33
2026-01-01 11:31:01,25493314,user_test,guest,none,captcha,False,0.42,33
2026-01-01 11:31:01,25493314,bluecat,guest,none,captcha,False,0.26,33
2026-01-01 11:31:02,25493314,student1,guest,none,captcha,False,0.27,31
2026-01-01 11:31:02,25493314,login_user,guest,none,captcha,False,0.16,31
2026-01-01 11:31:03,25493314,pythonfan,guest,none,captcha,False,0.2,33
2026-01-01 11:31:04,25493314,techgirl,guest,none,captcha,False,0.23,31
2026-01-01 11:31:04,25493314,cloud_user,guest,none,captcha,False,0.29,32
2026-01-01 11:31:05,25493314,gamer22,guest,none,captcha,False,0.21,32
2026-01-01 11:31:05,25493314,webdev,guest,none,captcha,False,0.19,33
2026-01-01 11:31:06,25493314,sha.sec,guest,none,captcha,False,0.27,32
2026-01-01 11:31:06,25493314,secure_user,guest,none,captcha,False,0.23,32
2026-01-01 11:31:07,25493314,cyber.auth,guest,none,captcha,False,0.2,31
2026-01-01 11:31:07,25493314,dev.access,guest,none,captcha,False,0.26,33
2026-01-01 11:31:08,25493314,root.guard,guest,none,captcha,False,0.27,32
2026-01-01 11:31:08,25493314,net.lock,guest,none,captcha,False,0.25,32
2026-01-01 11:31:09,25493314,auth.master,guest,none,captcha,False,0.25,32
2026-01-01 11:31:09,25493314,vault_user,guest,none,captcha,False,0.27,32
2026-01-01 11:31:10,25493314,system.sec,guest,none,captcha,False,0.24,33
2026-01-01 11:31:10,25493314,secure.login,guest,none,captcha,False,0.26,32
2026-01-01 11:31:11,25493314,user1,guest123,none,captcha,False,0.25,34
2026-01-01 11:31:11,25493314,admin,guest123,none,captcha,False,0.35,32
2026-01-01 11:31:12,25493314,guest,guest123,none,captcha,False,0.29,32
2026-01-01 11:31:12,25493314,test,guest123,none,captcha,False,0.25,34
2026-01-01 11:31:13,25493314,hello,guest123,none,captcha,False,0.26,33
2026-01-01 11:31:13,25493314,name,guest123,none,captcha,False,0.19,32
2026-01-01 11:31:14,25493314,login,guest123,none,captcha,False,0.2,31
2026-01-01 11:31:14,25493314,abc,guest123,none,captcha,False,0.24,32
2026-01-01 11:31:15,25493314,demo,guest123,none,captcha,False,0.26,33
2026-01-01 11:31:15,25493314,student,guest123,none,captcha,False,0.39,32
2026-01-01 11:31:16,25493314,Student_user,guest123,none,captcha,False,0.23,34
2026-01-01 11:31:16,25493314,user_test,guest123,none,captcha,False,0.2,34
2026-01-01 11:31:17,25493314,bluecat,guest123,none,captcha,False,0.24,34
2026-01-01 11:31:17,25493314,student1,guest123,none,captcha,False,0.26,32
2026-01-01 11:31:18,25493314,login_user,guest123,none,captcha,False,0.25,32
2026-01-01 11:31:18,25493314,pythonfan,guest123,none,captcha,False,0.27,34
2026-01-01 11:31:19,25493314,techgirl,guest123,none,captcha,False,0.21,32
2026-01-01 11:31:19,25493314,cloud_user,guest123,none,captcha,False,0.2,33
2026-01-01 11:31:20,25493314,gamer22,guest123,none,captcha,False,0.22,33
2026-01-01 11:31:21,25493314,webdev,guest123,none,captcha,False,0.16,34
2026-01-01 11:31:21,25493314,sha.sec,guest123,none,captcha,False,0.26,33
2026-01-01 11:31:22,25493314,secure_user,guest123,none,captcha,False,0.18,33
2026-01-01 11:31:22,25493314,cyber.auth,guest123,none,captcha,False,0.26,32
2026-01-01 11:31:23,25493314,dev.access,guest123,none,captcha,False,0.6,34
2026-01-01 11:31:23,25493314,root.guard,guest123,none,captcha,False,0.23,33
2026-01-01 11:31:24,25493314,net.lock,guest123,none,captcha,False,0.27,33
2026-01-01 11:31:24,25493314,auth.master,guest123,none,captcha,False,0.24,33
2026-01-01 11:31:25,25493314,vault_user,guest123,none,captcha,False,0.22,33
2026-01-01 11:31:25,25493314,system.sec,guest123,none,captcha,False,0.25,34
2026-01-01 11:31:26,25493314,secure.login,guest123,none,captcha,False,0.27,33
2026-01-01 11:31:26,25493314,user1,user,none,captcha,False,0.19,35
2026-01-01 11:31:27,25493314,admin,user,none,captcha,False,0.23,33
2026-01-01 11:31:27,25493314,guest,user,none,captcha,False,0.2,33
2026-01-01 11:31:28,25493314,test,user,none,captcha,False,0.26,35
2026-01-01 11:31:28,25493314,hello,user,none,captcha,False,0.23,34
2026-01-01 11:31:29,25493314,name,user,none,captcha,False,0.22,33
2026-01-01 11:31:29,25493314,login,user,none,captcha,False,0.24,32
2026-01-01 11:31:30,25493314,abc,user,none,captcha,False,0.26,33
2026-01-01 11:31:30,25493314,demo,user,none,captcha,False,0.22,34
2026-01-01 11:31:31,25493314,student,user,none,captcha,False,0.18,33
2026-01-01 11:31:31,25493314,Student_user,user,none,captcha,False,0.27,35
2026-01-01 11:31:32,25493314,user_test,user,none,captcha,False,0.25,35
2026-01-01 11:31:32,25493314,bluecat,user,none,captcha,False,0.24,35
2026-01-01 11:31:33,25493314,student1,user,none,captcha,False,0.26,33
2026-01-01 11:31:33,25493314,login_user,user,none,captcha,False,0.27,33
2026-01-01 11:31:34,25493314,pythonfan,user,none,captcha,False,0.32,35
2026-01-01 11:31:34,25493314,techgirl,user,none,captcha,False,0.23,33
2026-01-01 11:31:35,25493314,cloud_user,user,none,captcha,False,0.25,34
2026-01-01 11:31:35,25493314,gamer22,user,none,captcha,False,0.23,34
2026-01-01 11:31:36,25493314,webdev,user,none,captcha,False,0.24,35
2026-01-01 11:31:36,25493314,sha.sec,user,none,captcha,False,0.23,34
2026-01-01 11:31:37,25493314,secure_user,user,none,captcha,False,0.25,34
2026-01-01 11:31:38,25493314,cyber.auth,user,none,captcha,False,0.25,33
2026-01-01 11:31:38,25493314,dev.access,user,none,captcha,False,0.26,35
2026-01-01 11:31:39,25493314,root.guard,user,none,captcha,False,0.2,34
2026-01-01 11:31:39,25493314,net.lock,user,none,captcha,False,0.28,34
2026-01-01 11:31:40,25493314,auth.master,user,none,captcha,False,0.17,34
2026-01-01 11:31:40,25493314,vault_user,user,none,captcha,False,0.27,34
2026-01-01 11:31:41,25493314,system.sec,user,none,captcha,False,0.22,35
2026-01-01 11:31:41,25493314,secure.login,user,none,captcha,False,0.25,34
2026-01-01 11:31:42,25493314,user1,user123,none,captcha,False,0.26,36
2026-01-01 11:31:42,25493314,admin,user123,none,captcha,False,0.23,34
2026-01-01 11:31:43,25493314,test,user123,none,captcha,False,0.63,36
2026-01-01 11:31:44,25493314,hello,user123,none,captcha,False,0.32,35
2026-01-01 11:31:44,25493314,name,user123,none,captcha,False,0.24,34
2026-01-01 11:31:45,25493314,login,user123,none,captcha,False,0.23,33
2026-01-01 11:31:45,25493314,abc,user123,none,captcha,False,0.26,34
2026-01-01 11:31:46,25493314,demo,user123,none,captcha,False,0.23,35
2026-01-01 11:31:46,25493314,student,user123,none,captcha,False,0.18,34
2026-01-01 11:31:47,25493314,Student_user,user123,none,captcha,False,0.26,36
2026-01-01 11:31:47,25493314,user_test,user123,none,captcha,False,0.21,36
2026-01-01 11:31:48,25493314,bluecat,user123,none,captcha,False,0.23,36
2026-01-01 11:31:48,25493314,student1,user123,none,captcha,False,0.22,34
2026-01-01 11:31:49,25493314,login_user,user123,none,captcha,False,0.21,34
2026-01-01 11:31:49,25493314,pythonfan,user123,none,captcha,False,0.21,36
2026-01-01 11:31:50,25493314,cloud_user,user123,none,captcha,False,0.68,35
2026-01-01 11:31:51,25493314,gamer22,user123,none,captcha,False,0.28,35
2026-01-01 11:31:51,25493314,webdev,user123,none,captcha,False,0.24,36
2026-01-01 11:31:52,25493314,sha.sec,user123,none,captcha,False,0.22,35
2026-01-01 11:31:53,25493314,secure_user,user123,none,captcha,False,0.23,35
2026-01-01 11:31:53,25493314,cyber.auth,user123,none,captcha,False,0.24,34
2026-01-01 11:31:54,25493314,dev.access,user123,none,captcha,False,0.33,36
2026-01-01 11:31:54,25493314,root.guard,user123,none,captcha,False,0.26,35
2026-01-01 11:31:55,25493314,net.lock,user123,none,captcha,False,0.16,35
2026-01-01 11:31:55,25493314,auth.master,user123,none,captcha,False,0.34,35
2026-01-01 11:31:56,25493314,vault_user,user123,none,captcha,False,0.38,35
2026-01-01 11:31:56,25493314,system.sec,user123,none,captcha,False,0.25,36
2026-01-01 11:31:57,25493314,secure.login,user123,none,captcha,False,0.22,35
2026-01-01 11:31:57,25493314,user1,login,none,captcha,False,0.21,37
2026-01-01 11:31:58,25493314,admin,login,none,captcha,False,0.25,35
2026-01-01 11:31:58,25493314,guest,login,none,captcha,False,0.24,34
2026-01-01 11:31:59,25493314,test,login,none,captcha,False,0.24,37
2026-01-01 11:31:59,25493314,hello,login,none,captcha,False,0.2,36
2026-01-01 11:32:00,25493314,login,login,none,captcha,True,0.56,34
2026-01-01 11:32:01,25493314,abc,login,none,captcha,False,0.24,35
2026-01-01 11:32:01,25493314,demo,login,none,captcha,False,0.26,36
2026-01-01 11:32:02,25493314,student,login,none,captcha,False,0.3,35
2026-01-01 11:32:02,25493314,Student_user,login,none,captcha,False,0.27,37
2026-01-01 11:32:03,25493314,user_test,login,none,captcha,False,0.24,37
2026-01-01 11:32:03,25493314,bluecat,login,none,captcha,False,0.23,37
2026-01-01 11:32:04,25493314,student1,login,none,captcha,False,0.21,35
2026-01-01 11:32:04,25493314,login_user,login,none,captcha,False,0.21,35
2026-01-01 11:32:05,25493314,techgirl,login,none,captcha,False,0.66,34
2026-01-01 11:32:06,25493314,cloud_user,login,none,captcha,False,0.32,36
2026-01-01 11:32:06,25493314,gamer22,login,none,captcha,False,0.24,36
2026-01-01 11:32:07,25493314,webdev,login,none,captcha,False,0.23,37
2026-01-01 11:32:08,25493314,sha.sec,login,none,captcha,False,0.38,36
2026-01-01 11:32:08,25493314,secure_user,login,none,captcha,False,0.26,36
2026-01-01 11:32:09,25493314,cyber.auth,login,none,captcha,False,0.24,35
2026-01-01 11:32:09,25493314,dev.access,login,none,captcha,False,0.23,37
2026-01-01 11:32:10,25493314,root.guard,login,none,captcha,False,0.27,36
2026-01-01 11:32:10,25493314,net.lock,login,none,captcha,False,0.21,36
2026-01-01 11:32:11,25493314,auth.master,login,none,captcha,False,0.2,36
2026-01-01 11:32:11,25493314,vault_user,login,none,captcha,False,0.26,36
2026-01-01 11:32:12,25493314,system.sec,login,none,captcha,False,0.24,37
2026-01-01 11:32:12,25493314,secure.login,login,none,captcha,False,0.25,36
2026-01-01 11:32:13,25493314,user1,login123,none,captcha,False,0.25,38
2026-01-01 11:32:13,25493314,admin,login123,none,captcha,False,0.25,36
2026-01-01 11:32:14,25493314,guest,login123,none,captcha,False,0.27,35
2026-01-01 11:32:14,25493314,test,login123,none,captcha,False,0.21,38
2026-01-01 11:32:15,25493314,hello,login123,none,captcha,False,0.18,37
2026-01-01 11:32:15,25493314,name,login123,none,captcha,False,0.25,35
2026-01-01 11:32:16,25493314,login,login123,none,captcha,False,0.26,35
2026-01-01 11:32:16,25493314,abc,login123,none,captcha,False,0.25,36
2026-01-01 11:32:17,25493314,demo,login123,none,captcha,False,0.22,37
2026-01-01 11:32:17,25493314,student,login123,none,captcha,False,0.21,36
2026-01-01 11:32:18,25493314,Student_user,login123,none,captcha,False,0.21,38
2026-01-01 11:32:18,25493314,user_test,login123,none,captcha,False,0.27,38
2026-01-01 11:32:19,25493314,bluecat,login123,none,captcha,False,0.22,38
2026-01-01 11:32:19,25493314,student1,login123,none,captcha,False,0.22,36
2026-01-01 11:32:20,25493314,pythonfan,login123,none,captcha,False,0.68,37
2026-01-01 11:32:21,25493314,techgirl,login123,none,captcha,False,0.24,35
2026-01-01 11:32:21,25493314,cloud_user,login123,none,captcha,False,0.22,37
2026-01-01 11:32:22,25493314,gamer22,login123,none,captcha,False,0.23,37
2026-01-01 11:32:23,25493314,webdev,login123,none,captcha,False,0.22,38
2026-01-01 11:32:23,25493314,sha.sec,login123,none,captcha,False,0.19,37
2026-01-01 11:32:24,25493314,secure_user,login123,none,captcha,False,0.28,37
2026-01-01 11:32:24,25493314,cyber.auth,login123,none,captcha,False,0.22,36
2026-01-01 11:32:25,25493314,dev.access,login123,none,captcha,False,0.23,38
2026-01-01 11:32:25,25493314,root.guard,login123,none,captcha,False,0.21,37
2026-01-01 11:32:26,25493314,net.lock,login123,none,captcha,False,0.21,37
2026-01-01 11:32:26,25493314,auth.master,login123,none,captcha,False,0.23,37
2026-01-01 11:32:27,25493314,vault_user,login123,none,captcha,False,0.25,37
2026-01-01 11:32:27,25493314,system.sec,login123,none,captcha,False,0.18,38
2026-01-01 11:32:28,25493314,secure.login,login123,none,captcha,False,0.25,37
2026-01-01 11:32:28,25493314,user1,welcome,none,captcha,False,0.18,39
2026-01-01 11:32:29,25493314,admin,welcome,none,captcha,False,0.27,37
2026-01-01 11:32:29,25493314,guest,welcome,none,captcha,False,0.25,36
2026-01-01 11:32:30,25493314,test,welcome,none,captcha,False,0.21,39
2026-01-01 11:32:30,25493314,hello,welcome,none,captcha,False,0.24,38
2026-01-01 11:32:31,25493314,name,welcome,none,captcha,False,0.25,36
2026-01-01 11:32:31,25493314,login,welcome,none,captcha,False,0.22,36
2026-01-01 11:32:32,25493314,abc,welcome,none,captcha,False,0.25,37
2026-01-01 11:32:32,25493314,demo,welcome,none,captcha,False,0.22,38
2026-01-01 11:32:33,25493314,student,welcome,none,captcha,False,0.25,37
2026-01-01 11:32:33,25493314,Student_user,welcome,none,captcha,False,0.21,39
2026-01-01 11:32:34,25493314,user_test,welcome,none,captcha,False,0.26,39
2026-01-01 11:32:34,25493314,bluecat,welcome,none,captcha,False,0.19,39
2026-01-01 11:32:35,25493314,student1,welcome,none,captcha,False,0.17,37
2026-01-01 11:32:36,25493314,login_user,welcome,none,captcha,False,0.24,36
2026-01-01 11:32:36,25493314,pythonfan,welcome,none,captcha,False,0.21,38
2026-01-01 11:32:37,25493314,techgirl,welcome,none,captcha,False,0.19,36
2026-01-01 11:32:37,25493314,cloud_user,welcome,none,captcha,False,0.26,38
2026-01-01 11:32:38,25493314,gamer22,welcome,none,captcha,False,0.2,38
2026-01-01 11:32:38,25493314,webdev,welcome,none,captcha,False,0.22,39
2026-01-01 11:32:39,25493314,sha.sec,welcome,none,captcha,False,0.19,38
2026-01-01 11:32:39,25493314,secure_user,welcome,none,captcha,False,0.2,38
2026-01-01 11:32:40,25493314,cyber.auth,welcome,none,captcha,False,0.23,37
2026-01-01 11:32:40,25493314,dev.access,welcome,none,captcha,False,0.22,39
2026-01-01 11:32:41,25493314,root.guard,welcome,none,captcha,False,0.23,38
2026-01-01 11:32:41,25493314,net.lock,welcome,none,captcha,False,0.23,38
2026-01-01 11:32:42,25493314,auth.master,welcome,none,captcha,False,0.22,38
2026-01-01 11:32:42,25493314,vault_user,welcome,none,captcha,False,0.19,38
2026-01-01 11:32:43,25493314,system.sec,welcome,none,captcha,False,0.22,39
2026-01-01 11:32:43,25493314,secure.login,welcome,none,captcha,False,0.28,38
2026-01-01 11:32:44,25493314,user1,welcome1,none,captcha,False,0.21,40
2026-01-01 11:32:44,25493314,admin,welcome1,none,captcha,False,0.25,38
2026-01-01 11:32:45,25493314,guest,welcome1,none,captcha,False,0.25,37
2026-01-01 11:32:45,25493314,test,welcome1,none,captcha,False,0.21,40
2026-01-01 11:32:46,25493314,hello,welcome1,none,captcha,False,0.21,39
2026-01-01 11:32:46,25493314,name,welcome1,none,captcha,False,0.26,37
2026-01-01 11:32:47,25493314,login,welcome1,none,captcha,False,0.25,37
2026-01-01 11:32:47,25493314,abc,welcome1,none,captcha,False,0.26,38
2026-01-01 11:32:48,25493314,demo,welcome1,none,captcha,False,0.23,39
2026-01-01 11:32:48,25493314,student,welcome1,none,captcha,False,0.17,38
2026-01-01 11:32:49,25493314,Student_user,welcome1,none,captcha,False,0.2,40
2026-01-01 11:32:50,25493314,user_test,welcome1,none,captcha,False,0.23,40
2026-01-01 11:32:50,25493314,bluecat,welcome1,none,captcha,False,0.24,40
2026-01-01 11:32:51,25493314,student1,welcome1,none,captcha,False,0.27,38
2026-01-01 11:32:51,25493314,login_user,welcome1,none,captcha,False,0.26,37
2026-01-01 11:32:52,25493314,pythonfan,welcome1,none,captcha,False,0.25,39
2026-01-01 11:32:52,25493314,techgirl,welcome1,none,captcha,False,0.25,37
2026-01-01 11:32:53,25493314,cloud_user,welcome1,none,captcha,False,0.25,39
2026-01-01 11:32:53,25493314,gamer22,welcome1,none,captcha,False,0.22,39
2026-01-01 11:32:54,25493314,webdev,welcome1,none,captcha,False,0.2,40
2026-01-01 11:32:54,25493314,sha.sec,welcome1,none,captcha,False,0.27,39
2026-01-01 11:32:55,25493314,secure_user,welcome1,none,captcha,False,0.23,39
2026-01-01 11:32:55,25493314,cyber.auth,welcome1,none,captcha,False,0.23,38
2026-01-01 11:32:56,25493314,dev.access,welcome1,none,captcha,False,0.22,40
2026-01-01 11:32:56,25493314,root.guard,welcome1,none,captcha,False,0.21,39
2026-01-01 11:32:57,25493314,net.lock,welcome1,none,captcha,False,0.21,39
2026-01-01 11:32:57,25493314,auth.master,welcome1,none,captcha,False,0.22,39
2026-01-01 11:32:58,25493314,vault_user,welcome1,none,captcha,False,0.21,39
2026-01-01 11:32:58,25493314,system.sec,welcome1,none,captcha,False,0.29,40
2026-01-01 11:32:59,25493314,secure.login,welcome1,none,captcha,False,0.21,39
2026-01-01 11:32:59,25493314,user1,password123,none,captcha,False,0.26,41
2026-01-01 11:33:00,25493314,admin,password123,none,captcha,False,0.25,39
2026-01-01 11:33:00,25493314,guest,password123,none,captcha,False,0.22,38
2026-01-01 11:33:01,25493314,test,password123,none,captcha,False,0.23,41
2026-01-01 11:33:01,25493314,hello,password123,none,captcha,False,0.21,40
2026-01-01 11:33:02,25493314,name,password123,none,captcha,False,0.22,38
2026-01-01 11:33:02,25493314,login,password123,none,captcha,False,0.23,38
2026-01-01 11:33:03,25493314,abc,password123,none,captcha,False,0.23,39
2026-01-01 11:33:04,25493314,demo,password123,none,captcha,False,0.22,40
2026-01-01 11:33:04,25493314,student,password123,none,captcha,False,0.23,39
2026-01-01 11:33:05,25493314,Student_user,password123,none,captcha,False,0.25,41
2026-01-01 11:33:05,25493314,user_test,password123,none,captcha,False,0.24,41
2026-01-01 11:33:06,25493314,bluecat,password123,none,captcha,False,0.24,41
2026-01-01 11:33:06,25493314,student1,password123,none,captcha,False,0.2,39
2026-01-01 11:33:07,25493314,login_user,password123,none,captcha,False,0.21,38
2026-01-01 11:33:07,25493314,pythonfan,password123,none,captcha,False,0.24,40
2026-01-01 11:33:08,25493314,techgirl,password123,none,captcha,False,0.24,38
2026-01-01 11:33:08,25493314,cloud_user,password123,none,captcha,False,0.17,40
2026-01-01 11:33:09,25493314,gamer22,password123,none,captcha,False,0.24,40
2026-01-01 11:33:09,25493314,webdev,password123,none,captcha,False,0.21,41
2026-01-01 11:33:10,25493314,sha.sec,password123,none,captcha,False,0.21,40
2026-01-01 11:33:10,25493314,secure_user,password123,none,captcha,False,0.19,40
2026-01-01 11:33:11,25493314,cyber.auth,password123,none,captcha,False,0.24,39
2026-01-01 11:33:11,25493314,dev.access,password123,none,captcha,False,0.24,41
2026-01-01 11:33:12,25493314,root.guard,password123,none,captcha,False,0.22,40
2026-01-01 11:33:12,25493314,net.lock,password123,none,captcha,False,0.23,40
2026-01-01 11:33:13,25493314,auth.master,password123,none,captcha,False,0.33,40
2026-01-01 11:33:13,25493314,vault_user,password123,none,captcha,False,1.2,40
2026-01-01 11:33:14,25493314,system.sec,password123,none,captcha,False,0.26,41
2026-01-01 11:33:14,25493314,secure.login,password123,none,captcha,False,0.24,40
2026-01-01 11:33:15,25493314,user1,admin1,none,captcha,False,0.25,42
2026-01-01 11:33:16,25493314,admin,admin1,none,captcha,False,0.24,40
2026-01-01 11:33:16,25493314,guest,admin1,none,captcha,False,0.26,39
2026-01-01 11:33:17,25493314,test,admin1,none,captcha,False,0.24,42
2026-01-01 11:33:17,25493314,hello,admin1,none,captcha,False,0.26,41
2026-01-01 11:33:18,25493314,name,admin1,none,captcha,False,0.24,39
2026-01-01 11:33:18,25493314,login,admin1,none,captcha,False,0.24,39
2026-01-01 11:33:19,25493314,abc,admin1,none,captcha,False,0.19,40
2026-01-01 11:33:19,25493314,demo,admin1,none,captcha,False,0.23,41
2026-01-01 11:33:20,25493314,student,admin1,none,captcha,False,0.22,40
2026-01-01 11:33:20,25493314,Student_user,admin1,none,captcha,False,0.22,42
2026-01-01 11:33:21,25493314,user_test,admin1,none,captcha,False,0.21,42
2026-01-01 11:33:21,25493314,bluecat,admin1,none,captcha,False,0.18,42
2026-01-01 11:33:22,25493314,student1,admin1,none,captcha,False,0.23,40
2026-01-01 11:33:22,25493314,login_user,admin1,none,captcha,False,0.23,39
2026-01-01 11:33:23,25493314,pythonfan,admin1,none,captcha,False,0.22,41
2026-01-01 11:33:23,25493314,techgirl,admin1,none,captcha,False,0.26,39
2026-01-01 11:33:24,25493314,cloud_user,admin1,none,captcha,False,0.22,41
2026-01-01 11:33:24,25493314,gamer22,admin1,none,captcha,False,0.21,41
2026-01-01 11:33:25,25493314,webdev,admin1,none,captcha,False,0.23,42
2026-01-01 11:33:25,25493314,sha.sec,admin1,none,captcha,False,0.27,41
2026-01-01 11:33:26,25493314,secure_user,admin1,none,captcha,False,0.25,41
2026-01-01 11:33:26,25493314,cyber.auth,admin1,none,captcha,False,0.23,40
2026-01-01 11:33:27,25493314,dev.access,admin1,none,captcha,False,0.24,42
2026-01-01 11:33:27,25493314,root.guard,admin1,none,captcha,False,0.25,41
2026-01-01 11:33:28,25493314,net.lock,admin1,none,captcha,False,0.25,41
2026-01-01 11:33:29,25493314,auth.master,admin1,none,captcha,False,0.23,41
2026-01-01 11:33:29,25493314,vault_user,admin1,none,captcha,False,0.25,41
2026-01-01 11:33:30,25493314,system.sec,admin1,none,captcha,False,0.24,42
2026-01-01 11:33:30,25493314,secure.login,admin1,none,captcha,False,0.22,41
2026-01-01 11:33:31,25493314,user1,root123,none,captcha,False,0.21,43
2026-01-01 11:33:31,25493314,admin,root123,none,captcha,False,0.19,41
2026-01-01 11:33:32,25493314,guest,root123,none,captcha,False,0.23,40
2026-01-01 11:33:32,25493314,test,root123,none,captcha,False,0.21,43
2026-01-01 11:33:33,25493314,hello,root123,none,captcha,False,0.21,42
2026-01-01 11:33:33,25493314,name,root123,none,captcha,False,0.25,40
2026-01-01 11:33:34,25493314,login,root123,none,captcha,False,0.23,40
2026-01-01 11:33:34,25493314,abc,root123,none,captcha,False,0.21,41
2026-01-01 11:33:35,25493314,demo,root123,none,captcha,False,0.25,42
2026-01-01 11:33:35,25493314,student,root123,none,captcha,False,0.15,41
2026-01-01 11:33:36,25493314,Student_user,root123,none,captcha,False,0.19,43
2026-01-01 11:33:36,25493314,user_test,root123,none,captcha,False,0.15,43
2026-01-01 11:33:37,25493314,bluecat,root123,none,captcha,False,0.19,43
2026-01-01 11:33:37,25493314,student1,root123,none,captcha,False,0.19,41
2026-01-01 11:33:38,25493314,login_user,root123,none,captcha,False,0.25,40
2026-01-01 11:33:38,25493314,pythonfan,root123,none,captcha,False,0.25,42
2026-01-01 11:33:39,25493314,techgirl,root123,none,captcha,False,0.27,40
2026-01-01 11:33:39,25493314,cloud_user,root123,none,captcha,False,0.23,42
2026-01-01 11:33:40,25493314,gamer22,root123,none,captcha,False,0.22,42
2026-01-01 11:33:40,25493314,webdev,root123,none,captcha,False,0.23,43
2026-01-01 11:33:41,25493314,sha.sec,root123,none,captcha,False,0.22,42
2026-01-01 11:33:41,25493314,secure_user,root123,none,captcha,False,0.23,42
2026-01-01 11:33:42,25493314,cyber.auth,root123,none,captcha,False,0.37,41
2026-01-01 11:33:43,25493314,root.guard,root123,none,captcha,False,0.63,42
2026-01-01 11:33:44,25493314,net.lock,root123,none,captcha,False,0.29,42
2026-01-01 11:33:44,25493314,auth.master,root123,none,captcha,False,0.25,42
2026-01-01 11:33:45,25493314,vault_user,root123,none,captcha,False,0.26,42
2026-01-01 11:33:45,25493314,system.sec,root123,none,captcha,False,0.22,43
2026-01-01 11:33:46,25493314,secure.login,root123,none,captcha,False,0.23,42
2026-01-01 11:33:46,25493314,user1,pass123,none,captcha,False,0.2,44
2026-01-01 11:33:47,25493314,admin,pass123,none,captcha,False,0.25,42
2026-01-01 11:33:47,25493314,guest,pass123,none,captcha,False,0.22,41
2026-01-01 11:33:48,25493314,test,pass123,none,captcha,False,0.31,44
2026-01-01 11:33:48,25493314,hello,pass123,none,captcha,False,0.19,43
2026-01-01 11:33:49,25493314,name,pass123,none,captcha,False,0.18,41
2026-01-01 11:33:49,25493314,login,pass123,none,captcha,False,0.24,41
2026-01-01 11:33:50,25493314,abc,pass123,none,captcha,False,0.22,42
2026-01-01 11:33:50,25493314,demo,pass123,none,captcha,False,0.22,43
2026-01-01 11:33:51,25493314,student,pass123,none,captcha,False,0.22,42
2026-01-01 11:33:51,25493314,Student_user,pass123,none,captcha,False,0.24,44
2026-01-01 11:33:52,25493314,user_test,pass123,none,captcha,False,0.22,44
2026-01-01 11:33:52,25493314,bluecat,pass123,none,captcha,False,0.2,44
2026-01-01 11:33:53,25493314,student1,pass123,none,captcha,False,0.24,42
2026-01-01 11:33:53,25493314,login_user,pass123,none,captcha,False,0.22,41
2026-01-01 11:33:54,25493314,pythonfan,pass123,none,captcha,False,0.23,43
2026-01-01 11:33:54,25493314,techgirl,pass123,none,captcha,False,0.22,41
2026-01-01 11:33:55,25493314,cloud_user,pass123,none,captcha,False,0.27,43
2026-01-01 11:33:55,25493314,gamer22,pass123,none,captcha,False,0.22,43
2026-01-01 11:33:56,25493314,webdev,pass123,none,captcha,False,0.26,44
2026-01-01 11:33:57,25493314,sha.sec,pass123,none,captcha,False,0.24,43
2026-01-01 11:33:57,25493314,secure_user,pass123,none,captcha,False,0.24,43
2026-01-01 11:33:58,25493314,cyber.auth,pass123,none,captcha,False,0.22,42
2026-01-01 11:33:58,25493314,dev.access,pass123,none,captcha,False,0.2,43
2026-01-01 11:33:59,25493314,root.guard,pass123,none,captcha,False,0.25,43
2026-01-01 11:33:59,25493314,net.lock,pass123,none,captcha,False,0.21,43
2026-01-01 11:34:00,25493314,auth.master,pass123,none,captcha,False,0.23,43
2026-01-01 11:34:00,25493314,vault_user,pass123,none,captcha,False,0.23,43
2026-01-01 11:34:01,25493314,system.sec,pass123,none,captcha,False,0.3,44
2026-01-01 11:34:01,25493314,secure.login,pass123,none,captcha,False,0.24,43
2026-01-01 11:34:02,25493314,user1,1q2w3e4r,none,captcha,False,0.22,45
2026-01-01 11:34:02,25493314,admin,1q2w3e4r,none,captcha,False,0.26,43
2026-01-01 11:34:03,25493314,guest,1q2w3e4r,none,captcha,False,0.25,42
2026-01-01 11:34:03,25493314,test,1q2w3e4r,none,captcha,False,0.25,45
2026-01-01 11:34:04,25493314,hello,1q2w3e4r,none,captcha,False,0.22,44
2026-01-01 11:34:04,25493314,name,1q2w3e4r,none,captcha,False,0.2,42
2026-01-01 11:34:05,25493314,login,1q2w3e4r,none,captcha,False,0.25,42
2026-01-01 11:34:05,25493314,abc,1q2w3e4r,none,captcha,False,0.25,43
2026-01-01 11:34:06,25493314,demo,1q2w3e4r,none,captcha,False,0.24,44
2026-01-01 11:34:06,25493314,student,1q2w3e4r,none,captcha,False,0.22,43
2026-01-01 11:34:07,25493314,Student_user,1q2w3e4r,none,captcha,False,0.27,45
2026-01-01 11:34:07,25493314,user_test,1q2w3e4r,none,captcha,False,0.21,45
2026-01-01 11:34:08,25493314,bluecat,1q2w3e4r,none,captcha,False,0.21,45
2026-01-01 11:34:08,25493314,student1,1q2w3e4r,none,captcha,False,0.23,43
2026-01-01 11:34:09,25493314,login_user,1q2w3e4r,none,captcha,False,0.21,42
2026-01-01 11:34:09,25493314,pythonfan,1q2w3e4r,none,captcha,False,0.25,44
2026-01-01 11:34:10,25493314,techgirl,1q2w3e4r,none,captcha,False,0.23,42
2026-01-01 11:34:11,25493314,cloud_user,1q2w3e4r,none,captcha,False,0.24,44
2026-01-01 11:34:11,25493314,gamer22,1q2w3e4r,none,captcha,False,0.21,44
2026-01-01 11:34:12,25493314,sha.sec,1q2w3e4r,none,captcha,False,0.69,44
2026-01-01 11:34:13,25493314,secure_user,1q2w3e4r,none,captcha,False,0.26,44
2026-01-01 11:34:13,25493314,cyber.auth,1q2w3e4r,none,captcha,False,0.25,43
2026-01-01 11:34:14,25493314,dev.access,1q2w3e4r,none,captcha,False,0.23,44
2026-01-01 11:34:14,25493314,root.guard,1q2w3e4r,none,captcha,False,0.22,44
2026-01-01 11:34:15,25493314,net.lock,1q2w3e4r,none,captcha,False,0.23,44
2026-01-01 11:34:15,25493314,auth.master,1q2w3e4r,none,captcha,False,0.21,44
2026-01-01 11:34:16,25493314,vault_user,1q2w3e4r,none,captcha,False,0.29,44
2026-01-01 11:34:16,25493314,system.sec,1q2w3e4r,none,captcha,False,0.23,45
2026-01-01 11:34:17,25493314,secure.login,1q2w3e4r,none,captcha,False,0.22,44
2026-01-01 11:34:17,25493314,user1,qwerty123,none,captcha,False,0.23,46
2026-01-01 11:34:18,25493314,admin,qwerty123,none,captcha,False,0.26,44
2026-01-01 11:34:18,25493314,guest,qwerty123,none,captcha,False,0.25,43
2026-01-01 11:34:19,25493314,test,qwerty123,none,captcha,False,0.22,46
2026-01-01 11:34:19,25493314,hello,qwerty123,none,captcha,False,0.23,45
2026-01-01 11:34:20,25493314,name,qwerty123,none,captcha,False,0.23,43
2026-01-01 11:34:20,25493314,login,qwerty123,none,captcha,False,0.16,43
2026-01-01 11:34:21,25493314,abc,qwerty123,none,captcha,False,0.19,44
2026-01-01 11:34:22,25493314,student,qwerty123,none,captcha,False,0.35,44
2026-01-01 11:34:22,25493314,Student_user,qwerty123,none,captcha,False,0.26,46
2026-01-01 11:34:23,25493314,user_test,qwerty123,none,captcha,False,0.25,46
2026-01-01 11:34:23,25493314,bluecat,qwerty123,none,captcha,False,0.24,46
2026-01-01 11:34:24,25493314,student1,qwerty123,none,captcha,False,0.24,44
2026-01-01 11:34:25,25493314,login_user,qwerty123,none,captcha,False,0.22,43
2026-01-01 11:34:25,25493314,pythonfan,qwerty123,none,captcha,False,0.23,45
2026-01-01 11:34:26,25493314,techgirl,qwerty123,none,captcha,False,0.25,43
2026-01-01 11:34:26,25493314,cloud_user,qwerty123,none,captcha,False,0.24,45
2026-01-01 11:34:27,25493314,gamer22,qwerty123,none,captcha,False,0.21,45
2026-01-01 11:34:27,25493314,webdev,qwerty123,none,captcha,False,0.2,45
2026-01-01 11:34:28,25493314,secure_user,qwerty123,none,captcha,False,0.48,45
2026-01-01 11:34:29,25493314,cyber.auth,qwerty123,none,captcha,False,0.3,44
2026-01-01 11:34:29,25493314,dev.access,qwerty123,none,captcha,False,0.28,45
2026-01-01 11:34:30,25493314,root.guard,qwerty123,none,captcha,False,0.23,45
2026-01-01 11:34:30,25493314,net.lock,qwerty123,none,captcha,False,0.22,45
2026-01-01 11:34:31,25493314,auth.master,qwerty123,none,captcha,False,1.15,45
2026-01-01 11:34:31,25493314,vault_user,qwerty123,none,captcha,False,0.23,45
2026-01-01 11:34:32,25493314,system.sec,qwerty123,none,captcha,False,0.2,46
2026-01-01 11:34:32,25493314,secure.login,qwerty123,none,captcha,False,0.23,45
2026-01-01 11:34:33,25493314,user1,1234567890,none,captcha,False,0.23,47
2026-01-01 11:34:33,25493314,admin,1234567890,none,captcha,False,0.23,45
2026-01-01 11:34:34,25493314,guest,1234567890,none,captcha,False,0.22,44
2026-01-01 11:34:34,25493314,test,1234567890,none,captcha,False,0.21,47
2026-01-01 11:34:35,25493314,hello,1234567890,none,captcha,False,0.22,46
2026-01-01 11:34:35,25493314,name,1234567890,none,captcha,False,0.24,44
2026-01-01 11:34:36,25493314,login,1234567890,none,captcha,False,0.24,44
2026-01-01 11:34:37,25493314,abc,1234567890,none,captcha,False,0.23,45
2026-01-01 11:34:37,25493314,demo,1234567890,none,captcha,False,0.22,45
2026-01-01 11:34:38,25493314,student,1234567890,none,captcha,False,0.21,45
2026-01-01 11:34:38,25493314,Student_user,1234567890,none,captcha,False,0.22,47
2026-01-01 11:34:39,25493314,user_test,1234567890,none,captcha,False,0.22,47
2026-01-01 11:34:39,25493314,bluecat,1234567890,none,captcha,False,0.24,47
2026-01-01 11:34:40,25493314,student1,1234567890,none,captcha,False,0.23,45
2026-01-01 11:34:40,25493314,login_user,1234567890,none,captcha,False,0.26,44
2026-01-01 11:34:41,25493314,pythonfan,1234567890,none,captcha,False,0.21,46
2026-01-01 11:34:41,25493314,techgirl,1234567890,none,captcha,False,0.24,44
2026-01-01 11:34:42,25493314,cloud_user,1234567890,none,captcha,False,0.22,46
2026-01-01 11:34:42,25493314,gamer22,1234567890,none,captcha,False,0.27,46
2026-01-01 11:34:43,25493314,webdev,1234567890,none,captcha,False,0.17,46
2026-01-01 11:34:43,25493314,sha.sec,1234567890,none,captcha,False,0.26,45
2026-01-01 11:34:44,25493314,secure_user,1234567890,none,captcha,False,0.22,46
2026-01-01 11:34:44,25493314,cyber.auth,1234567890,none,captcha,False,0.23,45
2026-01-01 11:34:45,25493314,dev.access,1234567890,none,captcha,False,0.22,46
2026-01-01 11:34:45,25493314,root.guard,1234567890,none,captcha,False,0.29,46
2026-01-01 11:34:46,25493314,net.lock,1234567890,none,captcha,False,0.24,46
2026-01-01 11:34:46,25493314,auth.master,1234567890,none,captcha,False,0.26,46
2026-01-01 11:34:47,25493314,vault_user,1234567890,none,captcha,False,0.23,46
2026-01-01 11:34:47,25493314,system.sec,1234567890,none,captcha,False,0.2,47
2026-01-01 11:34:48,25493314,secure.login,1234567890,none,captcha,False,0.23,46
2026-01-01 11:34:48,25493314,user1,987654321,none,captcha,False,0.19,48
2026-01-01 11:34:49,25493314,admin,987654321,none,captcha,False,0.22,46
2026-01-01 11:34:50,25493314,guest,987654321,none,captcha,False,0.18,45
2026-01-01 11:34:50,25493314,test,987654321,none,captcha,False,0.23,48
2026-01-01 11:34:51,25493314,hello,987654321,none,captcha,False,0.25,47
2026-01-01 11:34:51,25493314,name,987654321,none,captcha,False,0.25,45
2026-01-01 11:34:52,25493314,login,987654321,none,captcha,False,0.24,45
2026-01-01 11:34:52,25493314,abc,987654321,none,captcha,False,0.23,46
2026-01-01 11:34:53,25493314,demo,987654321,none,captcha,False,0.22,46
2026-01-01 11:34:53,25493314,student,987654321,none,captcha,False,0.22,46
2026-01-01 11:34:54,25493314,user_test,987654321,none,captcha,False,0.48,48
2026-01-01 11:34:55,25493314,bluecat,987654321,none,captcha,False,0.26,48
2026-01-01 11:34:55,25493314,student1,987654321,none,captcha,False,0.23,46
2026-01-01 11:34:56,25493314,login_user,987654321,none,captcha,False,0.26,45
2026-01-01 11:34:56,25493314,pythonfan,987654321,none,captcha,False,0.22,47
2026-01-01 11:34:57,25493314,techgirl,987654321,none,captcha,False,0.24,45
2026-01-01 11:34:57,25493314,cloud_user,987654321,none,captcha,False,0.2,47
2026-01-01 11:34:58,25493314,gamer22,987654321,none,captcha,False,0.22,47
2026-01-01 11:34:58,25493314,webdev,987654321,none,captcha,False,0.23,47
2026-01-01 11:34:59,25493314,sha.sec,987654321,none,captcha,False,0.24,46
2026-01-01 11:34:59,25493314,secure_user,987654321,none,captcha,False,0.19,47
2026-01-01 11:35:00,25493314,cyber.auth,987654321,none,captcha,False,0.24,46
2026-01-01 11:35:00,25493314,dev.access,987654321,none,captcha,False,0.23,47
2026-01-01 11:35:01,25493314,root.guard,987654321,none,captcha,False,0.18,47
2026-01-01 11:35:01,25493314,net.lock,987654321,none,captcha,False,0.24,47
2026-01-01 11:35:02,25493314,auth.master,987654321,none,captcha,False,0.2,47
2026-01-01 11:35:03,25493314,vault_user,987654321,none,captcha,False,0.25,47
2026-01-01 11:35:03,25493314,system.sec,987654321,none,captcha,False,0.25,48
2026-01-01 11:35:04,25493314,secure.login,987654321,none,captcha,False,0.23,47
2026-01-01 11:35:04,25493314,user1,hello,none,captcha,False,0.23,49
2026-01-01 11:35:05,25493314,admin,hello,none,captcha,False,0.24,47
2026-01-01 11:35:05,25493314,guest,hello,none,captcha,False,0.58,46
2026-01-01 11:35:06,25493314,test,hello,none,captcha,False,0.24,49
2026-01-01 11:35:06,25493314,hello,hello,none,captcha,True,0.22,48
2026-01-01 11:35:07,25493314,name,hello,none,captcha,False,0.32,46
2026-01-01 11:35:07,25493314,login,hello,none,captcha,False,0.31,46
2026-01-01 11:35:08,25493314,abc,hello,none,captcha,False,0.25,47
2026-01-01 11:35:08,25493314,demo,hello,none,captcha,False,0.23,47
2026-01-01 11:35:09,25493314,student,hello,none,captcha,False,0.25,47
2026-01-01 11:35:09,25493314,Student_user,hello,none,captcha,False,0.26,48
2026-01-01 11:35:10,25493314,user_test,hello,none,captcha,False,0.23,49
2026-01-01 11:35:10,25493314,bluecat,hello,none,captcha,False,0.23,49
2026-01-01 11:35:11,25493314,student1,hello,none,captcha,False,0.23,47
2026-01-01 11:35:11,25493314,login_user,hello,none,captcha,False,0.24,46
2026-01-01 11:35:12,25493314,pythonfan,hello,none,captcha,False,0.25,48
2026-01-01 11:35:12,25493314,techgirl,hello,none,captcha,False,0.21,46
2026-01-01 11:35:13,25493314,cloud_user,hello,none,captcha,False,0.25,48
2026-01-01 11:35:13,25493314,gamer22,hello,none,captcha,False,0.25,48
2026-01-01 11:35:14,25493314,webdev,hello,none,captcha,False,0.25,48
2026-01-01 11:35:14,25493314,sha.sec,hello,none,captcha,False,0.27,47
2026-01-01 11:35:15,25493314,secure_user,hello,none,captcha,False,0.25,48
2026-01-01 11:35:16,25493314,cyber.auth,hello,none,captcha,False,0.25,47
2026-01-01 11:35:16,25493314,dev.access,hello,none,captcha,False,0.25,48
2026-01-01 11:35:17,25493314,root.guard,hello,none,captcha,False,0.2,48
2026-01-01 11:35:17,25493314,net.lock,hello,none,captcha,False,0.21,48
2026-01-01 11:35:18,25493314,auth.master,hello,none,captcha,False,0.21,48
2026-01-01 11:35:18,25493314,vault_user,hello,none,captcha,False,0.23,48
2026-01-01 11:35:19,25493314,system.sec,hello,none,captcha,False,0.24,49
2026-01-01 11:35:19,25493314,secure.login,hello,none,captcha,False,0.25,48
2026-01-01 11:35:20,25493314,user1,hello123,none,captcha,False,0.22,50
2026-01-01 11:35:20,25493314,admin,hello123,none,captcha,False,0.23,48
2026-01-01 11:35:21,25493314,guest,hello123,none,captcha,False,0.23,47
2026-01-01 11:35:21,25493314,test,hello123,none,captcha,False,0.25,50
2026-01-01 11:35:22,25493314,hello,hello123,none,captcha,False,0.22,49
2026-01-01 11:35:22,25493314,name,hello123,none,captcha,False,0.28,47
2026-01-01 11:35:23,25493314,login,hello123,none,captcha,False,0.24,47
2026-01-01 11:35:23,25493314,abc,hello123,none,captcha,False,0.21,48
2026-01-01 11:35:24,25493314,demo,hello123,none,captcha,False,0.21,48
2026-01-01 11:35:24,25493314,student,hello123,none,captcha,False,0.23,48
2026-01-01 11:35:25,25493314,Student_user,hello123,none,captcha,False,0.25,49
2026-01-01 11:35:25,25493314,user_test,hello123,none,captcha,False,0.22,50
2026-01-01 11:35:26,25493314,bluecat,hello123,none,captcha,False,0.23,50
2026-01-01 11:35:26,25493314,student1,hello123,none,captcha,False,0.23,48
2026-01-01 11:35:27,25493314,login_user,hello123,none,captcha,False,0.23,47
2026-01-01 11:35:28,25493314,pythonfan,hello123,none,captcha,False,0.24,49
2026-01-01 11:35:28,25493314,techgirl,hello123,none,captcha,False,0.17,47
2026-01-01 11:35:29,25493314,cloud_user,hello123,none,captcha,False,0.25,49
2026-01-01 11:35:29,25493314,gamer22,hello123,none,captcha,False,0.24,49
2026-01-01 11:35:30,25493314,webdev,hello123,none,captcha,False,0.22,49
2026-01-01 11:35:30,25493314,sha.sec,hello123,none,captcha,False,0.27,48
2026-01-01 11:35:31,25493314,secure_user,hello123,none,captcha,False,0.23,49
2026-01-01 11:35:31,25493314,cyber.auth,hello123,none,captcha,False,0.24,48
2026-01-01 11:35:32,25493314,dev.access,hello123,none,captcha,False,0.25,49
2026-01-01 11:35:32,25493314,root.guard,hello123,none,captcha,False,0.19,49
2026-01-01 11:35:33,25493314,net.lock,hello123,none,captcha,False,0.24,49
2026-01-01 11:35:33,25493314,auth.master,hello123,none,captcha,False,0.18,49
2026-01-01 11:35:34,25493314,vault_user,hello123,none,captcha,False,0.19,49
2026-01-01 11:35:34,25493314,system.sec,hello123,none,captcha,False,0.25,50
2026-01-01 11:35:35,25493314,secure.login,hello123,none,captcha,False,0.26,49
2026-01-01 11:35:35,25493314,user1,iloveyou,none,captcha,False,0.27,51
2026-01-01 11:35:36,25493314,admin,iloveyou,none,captcha,False,0.24,49
2026-01-01 11:35:36,25493314,guest,iloveyou,none,captcha,False,0.22,48
2026-01-01 11:35:37,25493314,test,iloveyou,none,captcha,False,0.23,51
2026-01-01 11:35:37,25493314,hello,iloveyou,none,captcha,False,0.21,50
2026-01-01 11:35:38,25493314,name,iloveyou,none,captcha,False,0.23,48
2026-01-01 11:35:38,25493314,login,iloveyou,none,captcha,False,0.19,48
2026-01-01 11:35:39,25493314,abc,iloveyou,none,captcha,False,0.23,49
2026-01-01 11:35:39,25493314,demo,iloveyou,none,captcha,False,0.2,49
2026-01-01 11:35:40,25493314,student,iloveyou,none,captcha,False,0.24,49
2026-01-01 11:35:41,25493314,Student_user,iloveyou,none,captcha,False,0.36,50
2026-01-01 11:35:41,25493314,user_test,iloveyou,none,captcha,False,0.24,51
2026-01-01 11:35:42,25493314,bluecat,iloveyou,none,captcha,False,0.23,51
2026-01-01 11:35:42,25493314,student1,iloveyou,none,captcha,False,0.26,49
2026-01-01 11:35:43,25493314,login_user,iloveyou,none,captcha,False,0.22,48
2026-01-01 11:35:43,25493314,pythonfan,iloveyou,none,captcha,False,0.24,50
2026-01-01 11:35:44,25493314,techgirl,iloveyou,none,captcha,False,0.21,48
2026-01-01 11:35:44,25493314,cloud_user,iloveyou,none,captcha,False,0.19,50
2026-01-01 11:35:45,25493314,gamer22,iloveyou,none,captcha,False,0.21,50
2026-01-01 11:35:45,25493314,webdev,iloveyou,none,captcha,False,0.24,50
2026-01-01 11:35:46,25493314,sha.sec,iloveyou,none,captcha,False,0.26,49
2026-01-01 11:35:46,25493314,secure_user,iloveyou,none,captcha,False,0.19,50
2026-01-01 11:35:47,25493314,cyber.auth,iloveyou,none,captcha,False,0.22,49
2026-01-01 11:35:47,25493314,dev.access,iloveyou,none,captcha,False,0.22,50
2026-01-01 11:35:48,25493314,root.guard,iloveyou,none,captcha,False,0.23,50
2026-01-01 11:35:48,25493314,net.lock,iloveyou,none,captcha,False,0.23,50
2026-01-01 11:35:49,25493314,auth.master,iloveyou,none,captcha,False,0.22,50
2026-01-01 11:35:49,25493314,vault_user,iloveyou,none,captcha,False,0.17,50
2026-01-01 11:35:50,25493314,system.sec,iloveyou,none,captcha,False,0.25,51
2026-01-01 11:35:50,25493314,secure.login,iloveyou,none,captcha,False,0.21,50
2026-01-01 11:35:51,25493314,user1,sunshine,none,captcha,False,0.23,52
2026-01-01 11:35:51,25493314,admin,sunshine,none,captcha,False,0.22,50
2026-01-01 11:35:52,25493314,test,sunshine,none,captcha,False,0.59,52
2026-01-01 11:35:53,25493314,hello,sunshine,none,captcha,False,0.27,51
2026-01-01 11:35:54,25493314,name,sunshine,none,captcha,False,0.23,49
2026-01-01 11:35:54,25493314,login,sunshine,none,captcha,False,0.22,49
2026-01-01 11:35:55,25493314,abc,sunshine,none,captcha,False,0.23,50
2026-01-01 11:35:55,25493314,demo,sunshine,none,captcha,False,0.21,50
2026-01-01 11:35:56,25493314,student,sunshine,none,captcha,False,0.25,50
2026-01-01 11:35:56,25493314,Student_user,sunshine,none,captcha,False,0.23,51
2026-01-01 11:35:57,25493314,user_test,sunshine,none,captcha,False,0.25,52
2026-01-01 11:35:57,25493314,bluecat,sunshine,none,captcha,False,0.25,52
2026-01-01 11:35:58,25493314,student1,sunshine,none,captcha,False,0.23,50
2026-01-01 11:35:58,25493314,login_user,sunshine,none,captcha,False,0.25,49
2026-01-01 11:35:59,25493314,pythonfan,sunshine,none,captcha,False,0.21,51
2026-01-01 11:35:59,25493314,techgirl,sunshine,none,captcha,False,0.23,49
2026-01-01 11:36:00,25493314,cloud_user,sunshine,none,captcha,False,0.24,51
2026-01-01 11:36:00,25493314,gamer22,sunshine,none,captcha,False,0.21,51
2026-01-01 11:36:01,25493314,webdev,sunshine,none,captcha,False,0.25,51
2026-01-01 11:36:01,25493314,sha.sec,sunshine,none,captcha,False,0.24,50
2026-01-01 11:36:02,25493314,secure_user,sunshine,none,captcha,False,0.25,51
2026-01-01 11:36:02,25493314,cyber.auth,sunshine,none,captcha,False,0.26,50
2026-01-01 11:36:03,25493314,dev.access,sunshine,none,captcha,False,0.26,51
2026-01-01 11:36:03,25493314,root.guard,sunshine,none,captcha,False,0.24,51
2026-01-01 11:36:04,25493314,net.lock,sunshine,none,captcha,False,0.24,51
2026-01-01 11:36:04,25493314,auth.master,sunshine,none,captcha,False,0.22,51
2026-01-01 11:36:05,25493314,vault_user,sunshine,none,captcha,False,0.24,51
2026-01-01 11:36:06,25493314,system.sec,sunshine,none,captcha,False,0.2,52
2026-01-01 11:36:06,25493314,secure.login,sunshine,none,captcha,False,0.23,51
2026-01-01 11:36:07,25493314,user1,princess,none,captcha,False,0.23,53
2026-01-01 11:36:07,25493314,admin,princess,none,captcha,False,0.24,51
2026-01-01 11:36:08,25493314,guest,princess,none,captcha,False,0.24,49
2026-01-01 11:36:08,25493314,test,princess,none,captcha,False,0.23,53
2026-01-01 11:36:09,25493314,hello,princess,none,captcha,False,0.26,52
2026-01-01 11:36:09,25493314,name,princess,none,captcha,False,0.24,50
2026-01-01 11:36:10,25493314,login,princess,none,captcha,False,0.22,50
2026-01-01 11:36:10,25493314,abc,princess,none,captcha,False,0.23,51
2026-01-01 11:36:11,25493314,demo,princess,none,captcha,False,0.23,51
2026-01-01 11:36:11,25493314,student,princess,none,captcha,False,0.25,51
2026-01-01 11:36:12,25493314,Student_user,princess,none,captcha,False,0.17,52
2026-01-01 11:36:12,25493314,user_test,princess,none,captcha,False,0.25,53
2026-01-01 11:36:13,25493314,bluecat,princess,none,captcha,False,0.2,53
2026-01-01 11:36:14,25493314,login_user,princess,none,captcha,False,3.02,50
2026-01-01 11:36:14,25493314,pythonfan,princess,none,captcha,False,0.22,52
2026-01-01 11:36:15,25493314,techgirl,princess,none,captcha,False,0.23,50
2026-01-01 11:36:15,25493314,cloud_user,princess,none,captcha,False,0.24,52
2026-01-01 11:36:16,25493314,gamer22,princess,none,captcha,False,0.28,52
2026-01-01 11:36:16,25493314,webdev,princess,none,captcha,False,0.26,52
2026-01-01 11:36:17,25493314,sha.sec,princess,none,captcha,False,0.23,51
2026-01-01 11:36:18,25493314,secure_user,princess,none,captcha,False,0.26,52
2026-01-01 11:36:18,25493314,cyber.auth,princess,none,captcha,False,0.26,51
2026-01-01 11:36:19,25493314,dev.access,princess,none,captcha,False,0.23,52
2026-01-01 11:36:19,25493314,root.guard,princess,none,captcha,False,0.23,52
2026-01-01 11:36:20,25493314,auth.master,princess,none,captcha,False,0.55,52
2026-01-01 11:36:21,25493314,vault_user,princess,none,captcha,False,0.23,52
2026-01-01 11:36:21,25493314,system.sec,princess,none,captcha,False,0.28,53
2026-01-01 11:36:22,25493314,secure.login,princess,none,captcha,False,2.87,52
2026-01-01 11:36:22,25493314,user1,Password1,none,captcha,False,0.21,54
2026-01-01 11:36:23,25493314,admin,Password1,none,captcha,False,0.21,52
2026-01-01 11:36:23,25493314,guest,Password1,none,captcha,False,0.22,50
2026-01-01 11:36:24,25493314,test,Password1,none,captcha,False,0.22,54
2026-01-01 11:36:24,25493314,hello,Password1,none,captcha,False,0.18,53
2026-01-01 11:36:25,25493314,name,Password1,none,captcha,False,0.21,51
2026-01-01 11:36:25,25493314,login,Password1,none,captcha,False,0.25,51
2026-01-01 11:36:26,25493314,abc,Password1,none,captcha,False,0.2,52
2026-01-01 11:36:26,25493314,demo,Password1,none,captcha,False,0.23,52
2026-01-01 11:36:27,25493314,student,Password1,none,captcha,False,0.24,52
2026-01-01 11:36:28,25493314,Student_user,Password1,none,captcha,False,0.21,53
2026-01-01 11:36:28,25493314,user_test,Password1,none,captcha,False,0.24,54
2026-01-01 11:36:29,25493314,bluecat,Password1,none,captcha,False,0.22,54
2026-01-01 11:36:29,25493314,student1,Password1,none,captcha,False,0.22,51
2026-01-01 11:36:30,25493314,login_user,Password1,none,captcha,False,0.24,51
2026-01-01 11:36:30,25493314,pythonfan,Password1,none,captcha,False,0.22,53
2026-01-01 11:36:31,25493314,techgirl,Password1,none,captcha,False,0.24,51
2026-01-01 11:36:31,25493314,cloud_user,Password1,none,captcha,False,0.23,53
2026-01-01 11:36:32,25493314,gamer22,Password1,none,captcha,False,0.21,53
2026-01-01 11:36:32,25493314,webdev,Password1,none,captcha,False,0.23,53
2026-01-01 11:36:33,25493314,sha.sec,Password1,none,captcha,False,0.25,52
2026-01-01 11:36:33,25493314,secure_user,Password1,none,captcha,False,0.25,53
2026-01-01 11:36:34,25493314,cyber.auth,Password1,none,captcha,False,0.23,52
2026-01-01 11:36:34,25493314,dev.access,Password1,none,captcha,False,0.21,53
2026-01-01 11:36:35,25493314,root.guard,Password1,none,captcha,False,0.23,53
2026-01-01 11:36:35,25493314,net.lock,Password1,none,captcha,False,0.22,52
2026-01-01 11:36:36,25493314,auth.master,Password1,none,captcha,False,0.23,53
2026-01-01 11:36:36,25493314,vault_user,Password1,none,captcha,False,0.21,53
2026-01-01 11:36:37,25493314,system.sec,Password1,none,captcha,False,0.24,54
2026-01-01 11:36:37,25493314,secure.login,Password1,none,captcha,False,0.23,53
2026-01-01 11:36:38,25493314,user1,Password123,none,captcha,False,0.25,55
2026-01-01 11:36:38,25493314,admin,Password123,none,captcha,False,0.24,53
2026-01-01 11:36:39,25493314,guest,Password123,none,captcha,False,0.22,51
2026-01-01 11:36:40,25493314,test,Password123,none,captcha,False,0.22,55
2026-01-01 11:36:40,25493314,hello,Password123,none,captcha,False,0.22,54
2026-01-01 11:36:41,25493314,name,Password123,none,captcha,False,0.23,52
2026-01-01 11:36:41,25493314,login,Password123,none,captcha,False,0.24,52
2026-01-01 11:36:42,25493314,abc,Password123,none,captcha,False,0.24,53
2026-01-01 11:36:42,25493314,demo,Password123,none,captcha,False,0.24,53
2026-01-01 11:36:43,25493314,student,Password123,none,captcha,False,0.22,53
2026-01-01 11:36:43,25493314,Student_user,Password123,none,captcha,False,0.27,54
2026-01-01 11:36:44,25493314,user_test,Password123,none,captcha,False,0.24,55
2026-01-01 11:36:45,25493314,student1,Password123,none,captcha,False,0.45,52
2026-01-01 11:36:45,25493314,login_user,Password123,none,captcha,False,0.22,52
2026-01-01 11:36:46,25493314,pythonfan,Password123,none,captcha,False,0.2,54
2026-01-01 11:36:46,25493314,techgirl,Password123,none,captcha,False,0.26,52
2026-01-01 11:36:47,25493314,cloud_user,Password123,none,captcha,False,0.24,54
2026-01-01 11:36:47,25493314,gamer22,Password123,none,captcha,False,0.23,54
2026-01-01 11:36:48,25493314,webdev,Password123,none,captcha,False,0.19,54
2026-01-01 11:36:48,25493314,sha.sec,Password123,none,captcha,False,0.22,53
2026-01-01 11:36:49,25493314,secure_user,Password123,none,captcha,False,0.23,54
2026-01-01 11:36:49,25493314,cyber.auth,Password123,none,captcha,False,0.19,53
2026-01-01 11:36:50,25493314,dev.access,Password123,none,captcha,False,0.32,54
2026-01-01 11:36:50,25493314,root.guard,Password123,none,captcha,False,0.26,54
2026-01-01 11:36:51,25493314,net.lock,Password123,none,captcha,False,0.22,53
2026-01-01 11:36:52,25493314,auth.master,Password123,none,captcha,False,0.26,54
2026-01-01 11:36:52,25493314,vault_user,Password123,none,captcha,False,0.26,54
2026-01-01 11:36:53,25493314,system.sec,Password123,none,captcha,False,0.27,55
2026-01-01 11:36:53,25493314,secure.login,Password123,none,captcha,False,0.27,54
2026-01-01 11:36:54,25493314,user1,Admin123,none,captcha,False,0.21,56
2026-01-01 11:36:54,25493314,admin,Admin123,none,captcha,False,0.37,54
2026-01-01 11:36:55,25493314,guest,Admin123,none,captcha,False,0.22,52
2026-01-01 11:36:55,25493314,test,Admin123,none,captcha,False,0.19,56
2026-01-01 11:36:56,25493314,hello,Admin123,none,captcha,False,0.26,55
2026-01-01 11:36:56,25493314,name,Admin123,none,captcha,False,0.21,53
2026-01-01 11:36:57,25493314,login,Admin123,none,captcha,False,0.23,53
2026-01-01 11:36:57,25493314,abc,Admin123,none,captcha,False,0.27,54
2026-01-01 11:36:58,25493314,demo,Admin123,none,captcha,False,0.23,54
2026-01-01 11:36:58,25493314,student,Admin123,none,captcha,False,0.23,54
2026-01-01 11:36:59,25493314,Student_user,Admin123,none,captcha,False,0.32,55
2026-01-01 11:36:59,25493314,user_test,Admin123,none,captcha,False,0.16,56
2026-01-01 11:37:00,25493314,bluecat,Admin123,none,captcha,False,0.19,55
2026-01-01 11:37:00,25493314,student1,Admin123,none,captcha,False,0.23,53
2026-01-01 11:37:01,25493314,login_user,Admin123,none,captcha,False,0.26,53
2026-01-01 11:37:01,25493314,pythonfan,Admin123,none,captcha,False,0.24,55
2026-01-01 11:37:02,25493314,techgirl,Admin123,none,captcha,False,0.25,53
2026-01-01 11:37:02,25493314,cloud_user,Admin123,none,captcha,False,0.21,55
2026-01-01 11:37:03,25493314,gamer22,Admin123,none,captcha,False,0.17,55
2026-01-01 11:37:03,25493314,webdev,Admin123,none,captcha,False,0.26,55
2026-01-01 11:37:04,25493314,sha.sec,Admin123,none,captcha,False,0.24,54
2026-01-01 11:37:05,25493314,secure_user,Admin123,none,captcha,False,0.19,55
2026-01-01 11:37:05,25493314,cyber.auth,Admin123,none,captcha,False,0.2,54
2026-01-01 11:37:06,25493314,dev.access,Admin123,none,captcha,False,0.21,55
2026-01-01 11:37:06,25493314,root.guard,Admin123,none,captcha,False,0.24,55
2026-01-01 11:37:07,25493314,net.lock,Admin123,none,captcha,False,0.21,54
2026-01-01 11:37:07,25493314,auth.master,Admin123,none,captcha,False,0.23,55
2026-01-01 11:37:08,25493314,vault_user,Admin123,none,captcha,False,0.22,55
2026-01-01 11:37:08,25493314,system.sec,Admin123,none,captcha,False,0.27,56
2026-01-01 11:37:09,25493314,secure.login,Admin123,none,captcha,False,0.22,55
2026-01-01 11:37:09,25493314,user1,Welcome1,none,captcha,False,0.26,57
2026-01-01 11:37:10,25493314,admin,Welcome1,none,captcha,False,0.24,55
2026-01-01 11:37:10,25493314,guest,Welcome1,none,captcha,False,0.22,53
2026-01-01 11:37:11,25493314,test,Welcome1,none,captcha,False,0.25,57
2026-01-01 11:37:11,25493314,hello,Welcome1,none,captcha,False,0.24,56
2026-01-01 11:37:12,25493314,name,Welcome1,none,captcha,False,0.28,54
2026-01-01 11:37:12,25493314,login,Welcome1,none,captcha,False,0.26,54
2026-01-01 11:37:13,25493314,abc,Welcome1,none,captcha,False,0.25,55
2026-01-01 11:37:13,25493314,demo,Welcome1,none,captcha,False,0.26,55
2026-01-01 11:37:14,25493314,student,Welcome1,none,captcha,False,0.25,55
2026-01-01 11:37:14,25493314,Student_user,Welcome1,none,captcha,False,0.24,56
2026-01-01 11:37:15,25493314,user_test,Welcome1,none,captcha,False,0.24,57
2026-01-01 11:37:15,25493314,bluecat,Welcome1,none,captcha,False,0.2,56
2026-01-01 11:37:16,25493314,student1,Welcome1,none,captcha,False,0.22,54
2026-01-01 11:37:17,25493314,pythonfan,Welcome1,none,captcha,False,0.48,56
2026-01-01 11:37:18,25493314,techgirl,Welcome1,none,captcha,False,0.3,54
2026-01-01 11:37:18,25493314,cloud_user,Welcome1,none,captcha,False,0.22,56
2026-01-01 11:37:19,25493314,gamer22,Welcome1,none,captcha,False,0.2,56
2026-01-01 11:37:19,25493314,webdev,Welcome1,none,captcha,False,0.21,56
2026-01-01 11:37:20,25493314,sha.sec,Welcome1,none,captcha,False,0.23,55
2026-01-01 11:37:20,25493314,secure_user,Welcome1,none,captcha,False,0.21,56
2026-01-01 11:37:21,25493314,cyber.auth,Welcome1,none,captcha,False,0.21,55
2026-01-01 11:37:21,25493314,dev.access,Welcome1,none,captcha,False,0.22,56
2026-01-01 11:37:22,25493314,root.guard,Welcome1,none,captcha,False,0.24,56
2026-01-01 11:37:22,25493314,net.lock,Welcome1,none,captcha,False,0.24,55
2026-01-01 11:37:23,25493314,auth.master,Welcome1,none,captcha,False,0.26,56
2026-01-01 11:37:23,25493314,vault_user,Welcome1,none,captcha,False,0.23,56
2026-01-01 11:37:24,25493314,system.sec,Welcome1,none,captcha,False,0.19,57
2026-01-01 11:37:24,25493314,secure.login,Welcome1,none,captcha,False,0.29,56
2026-01-01 11:37:25,25493314,user1,Student123,none,captcha,False,0.28,58
2026-01-01 11:37:25,25493314,admin,Student123,none,captcha,False,0.24,56
2026-01-01 11:37:26,25493314,guest,Student123,none,captcha,False,0.24,54
2026-01-01 11:37:26,25493314,test,Student123,none,captcha,False,0.19,58
2026-01-01 11:37:27,25493314,hello,Student123,none,captcha,False,0.22,57
2026-01-01 11:37:27,25493314,name,Student123,none,captcha,False,0.2,55
2026-01-01 11:37:28,25493314,login,Student123,none,captcha,False,0.24,55
2026-01-01 11:37:28,25493314,abc,Student123,none,captcha,False,0.3,56
2026-01-01 11:37:29,25493314,demo,Student123,none,captcha,False,0.25,56
2026-01-01 11:37:29,25493314,student,Student123,none,captcha,False,0.23,56
2026-01-01 11:37:30,25493314,Student_user,Student123,none,captcha,True,0.37,57
2026-01-01 11:37:31,25493314,user_test,Student123,none,captcha,False,0.25,58
2026-01-01 11:37:31,25493314,bluecat,Student123,none,captcha,False,0.22,57
2026-01-01 11:37:32,25493314,student1,Student123,none,captcha,False,0.46,55
2026-01-01 11:37:32,25493314,login_user,Student123,none,captcha,False,0.27,54
2026-01-01 11:37:33,25493314,pythonfan,Student123,none,captcha,False,0.25,57
2026-01-01 11:37:33,25493314,techgirl,Student123,none,captcha,False,0.26,55
2026-01-01 11:37:34,25493314,cloud_user,Student123,none,captcha,False,0.24,57
2026-01-01 11:37:34,25493314,gamer22,Student123,none,captcha,False,0.25,57
2026-01-01 11:37:35,25493314,webdev,Student123,none,captcha,False,0.24,57
2026-01-01 11:37:35,25493314,sha.sec,Student123,none,captcha,False,0.24,56
2026-01-01 11:37:36,25493314,secure_user,Student123,none,captcha,False,0.22,57
2026-01-01 11:37:36,25493314,cyber.auth,Student123,none,captcha,False,0.24,56
2026-01-01 11:37:37,25493314,dev.access,Student123,none,captcha,False,0.19,57
2026-01-01 11:37:37,25493314,root.guard,Student123,none,captcha,False,0.25,57
2026-01-01 11:37:38,25493314,net.lock,Student123,none,captcha,False,0.23,56
2026-01-01 11:37:38,25493314,auth.master,Student123,none,captcha,False,0.23,57
2026-01-01 11:37:39,25493314,vault_user,Student123,none,captcha,False,0.25,57
2026-01-01 11:37:39,25493314,system.sec,Student123,none,captcha,False,0.26,58
2026-01-01 11:37:40,25493314,secure.login,Student123,none,captcha,False,0.2,57
2026-01-01 11:37:40,25493314,user1,Student99,none,captcha,False,0.21,59
2026-01-01 11:37:41,25493314,admin,Student99,none,captcha,False,0.32,57
2026-01-01 11:37:41,25493314,guest,Student99,none,captcha,False,0.25,55
2026-01-01 11:37:42,25493314,test,Student99,none,captcha,False,0.22,59
2026-01-01 11:37:42,25493314,hello,Student99,none,captcha,False,0.21,58
2026-01-01 11:37:43,25493314,name,Student99,none,captcha,False,0.22,56
2026-01-01 11:37:44,25493314,login,Student99,none,captcha,False,0.22,56
2026-01-01 11:37:44,25493314,abc,Student99,none,captcha,False,0.24,57
2026-01-01 11:37:45,25493314,demo,Student99,none,captcha,False,0.23,57
2026-01-01 11:37:45,25493314,student,Student99,none,captcha,False,0.21,57
2026-01-01 11:37:46,25493314,Student_user,Student99,none,captcha,False,0.22,58
2026-01-01 11:37:46,25493314,user_test,Student99,none,captcha,False,0.27,59
2026-01-01 11:37:47,25493314,bluecat,Student99,none,captcha,False,0.22,58
2026-01-01 11:37:47,25493314,student1,Student99,none,captcha,True,0.21,56
2026-01-01 11:37:48,25493314,login_user,Student99,none,captcha,False,0.25,55
2026-01-01 11:37:48,25493314,pythonfan,Student99,none,captcha,False,0.21,58
2026-01-01 11:37:49,25493314,techgirl,Student99,none,captcha,False,0.22,56
2026-01-01 11:37:49,25493314,cloud_user,Student99,none,captcha,False,0.24,58
2026-01-01 11:37:50,25493314,gamer22,Student99,none,captcha,False,0.24,58
2026-01-01 11:37:50,25493314,webdev,Student99,none,captcha,False,0.27,58
2026-01-01 11:37:51,25493314,sha.sec,Student99,none,captcha,False,0.25,57
2026-01-01 11:37:51,25493314,secure_user,Student99,none,captcha,False,0.25,58
2026-01-01 11:37:52,25493314,cyber.auth,Student99,none,captcha,False,0.22,57
2026-01-01 11:37:52,25493314,dev.access,Student99,none,captcha,False,0.27,58
2026-01-01 11:37:53,25493314,root.guard,Student99,none,captcha,False,0.19,58
2026-01-01 11:37:53,25493314,net.lock,Student99,none,captcha,False,0.23,57
2026-01-01 11:37:54,25493314,auth.master,Student99,none,captcha,False,0.26,58
2026-01-01 11:37:54,25493314,vault_user,Student99,none,captcha,False,0.25,58
2026-01-01 11:37:55,25493314,system.sec,Student99,none,captcha,False,0.25,59
2026-01-01 11:37:56,25493314,secure.login,Student99,none,captcha,False,0.25,58
2026-01-01 11:37:56,25493314,user1,Test2024,none,captcha,False,0.28,60
2026-01-01 11:37:57,25493314,admin,Test2024,none,captcha,False,0.2,58
2026-01-01 11:37:57,25493314,guest,Test2024,none,captcha,False,0.25,56
2026-01-01 11:37:58,25493314,test,Test2024,none,captcha,False,0.24,60
2026-01-01 11:37:58,25493314,hello,Test2024,none,captcha,False,0.25,59
2026-01-01 11:37:59,25493314,name,Test2024,none,captcha,False,0.31,57
2026-01-01 11:37:59,25493314,login,Test2024,none,captcha,False,0.22,57
2026-01-01 11:38:00,25493314,abc,Test2024,none,captcha,False,0.22,58
2026-01-01 11:38:00,25493314,demo,Test2024,none,captcha,False,0.23,58
2026-01-01 11:38:01,25493314,student,Test2024,none,captcha,False,0.26,58
2026-01-01 11:38:01,25493314,Student_user,Test2024,none,captcha,False,0.21,59
2026-01-01 11:38:02,25493314,user_test,Test2024,none,captcha,True,0.26,60
2026-01-01 11:38:02,25493314,bluecat,Test2024,none,captcha,False,0.25,59
2026-01-01 11:38:03,25493314,student1,Test2024,none,captcha,False,0.23,57
2026-01-01 11:38:03,25493314,login_user,Test2024,none,captcha,False,0.23,56
2026-01-01 11:38:04,25493314,pythonfan,Test2024,none,captcha,False,0.21,59
2026-01-01 11:38:04,25493314,techgirl,Test2024,none,captcha,False,0.2,57
2026-01-01 11:38:05,25493314,cloud_user,Test2024,none,captcha,False,0.18,59
2026-01-01 11:38:05,25493314,gamer22,Test2024,none,captcha,False,0.2,59
2026-01-01 11:38:06,25493314,webdev,Test2024,none,captcha,False,0.22,59
2026-01-01 11:38:06,25493314,sha.sec,Test2024,none,captcha,False,0.25,58
2026-01-01 11:38:07,25493314,secure_user,Test2024,none,captcha,False,0.25,59
2026-01-01 11:38:07,25493314,cyber.auth,Test2024,none,captcha,False,0.27,58
2026-01-01 11:38:08,25493314,dev.access,Test2024,none,captcha,False,0.22,59
2026-01-01 11:38:09,25493314,root.guard,Test2024,none,captcha,False,0.25,59
2026-01-01 11:38:09,25493314,net.lock,Test2024,none,captcha,False,0.21,58
2026-01-01 11:38:10,25493314,auth.master,Test2024,none,captcha,False,0.19,59
2026-01-01 11:38:10,25493314,vault_user,Test2024,none,captcha,False,0.24,59
2026-01-01 11:38:11,25493314,system.sec,Test2024,none,captcha,False,0.24,60
2026-01-01 11:38:11,25493314,secure.login,Test2024,none,captcha,False,0.3,59
2026-01-01 11:38:12,25493314,user1,Login456,none,captcha,False,0.25,61
2026-01-01 11:38:12,25493314,admin,Login456,none,captcha,False,0.2,59
2026-01-01 11:38:13,25493314,guest,Login456,none,captcha,False,0.24,57
2026-01-01 11:38:13,25493314,test,Login456,none,captcha,False,0.21,61
2026-01-01 11:38:14,25493314,hello,Login456,none,captcha,False,0.23,60
2026-01-01 11:38:14,25493314,name,Login456,none,captcha,False,0.25,58
2026-01-01 11:38:15,25493314,login,Login456,none,captcha,False,0.21,58
2026-01-01 11:38:15,25493314,abc,Login456,none,captcha,False,0.24,59
2026-01-01 11:38:16,25493314,demo,Login456,none,captcha,False,0.22,59
2026-01-01 11:38:16,25493314,student,Login456,none,captcha,False,0.27,59
2026-01-01 11:38:17,25493314,Student_user,Login456,none,captcha,False,0.24,60
2026-01-01 11:38:17,25493314,user_test,Login456,none,captcha,False,0.81,61
2026-01-01 11:38:18,25493314,bluecat,Login456,none,captcha,False,0.28,60
2026-01-01 11:38:18,25493314,student1,Login456,none,captcha,False,0.24,58
2026-01-01 11:38:19,25493314,login_user,Login456,none,captcha,True,0.25,57
2026-01-01 11:38:19,25493314,pythonfan,Login456,none,captcha,False,0.26,60
2026-01-01 11:38:20,25493314,techgirl,Login456,none,captcha,False,0.23,58
2026-01-01 11:38:21,25493314,cloud_user,Login456,none,captcha,False,0.23,60
2026-01-01 11:38:21,25493314,gamer22,Login456,none,captcha,False,0.21,60
2026-01-01 11:38:22,25493314,webdev,Login456,none,captcha,False,0.26,60
2026-01-01 11:38:22,25493314,sha.sec,Login456,none,captcha,False,0.22,59
2026-01-01 11:38:23,25493314,secure_user,Login456,none,captcha,False,0.23,60
2026-01-01 11:38:23,25493314,cyber.auth,Login456,none,captcha,False,0.23,59
2026-01-01 11:38:24,25493314,dev.access,Login456,none,captcha,False,0.25,60
2026-01-01 11:38:24,25493314,root.guard,Login456,none,captcha,False,0.2,60
2026-01-01 11:38:25,25493314,net.lock,Login456,none,captcha,False,0.22,59
2026-01-01 11:38:25,25493314,auth.master,Login456,none,captcha,False,0.23,60
2026-01-01 11:38:26,25493314,vault_user,Login456,none,captcha,False,0.24,60
2026-01-01 11:38:26,25493314,system.sec,Login456,none,captcha,False,0.28,61
2026-01-01 11:38:27,25493314,secure.login,Login456,none,captcha,False,0.23,60
2026-01-01 11:38:27,25493314,user1,Python101,none,captcha,False,0.21,62
2026-01-01 11:38:28,25493314,admin,Python101,none,captcha,False,0.26,60
2026-01-01 11:38:28,25493314,guest,Python101,none,captcha,False,0.23,58
2026-01-01 11:38:29,25493314,test,Python101,none,captcha,False,0.22,62
2026-01-01 11:38:29,25493314,hello,Python101,none,captcha,False,0.22,61
2026-01-01 11:38:30,25493314,name,Python101,none,captcha,False,0.24,59
2026-01-01 11:38:30,25493314,login,Python101,none,captcha,False,0.4,59
2026-01-01 11:38:31,25493314,abc,Python101,none,captcha,False,0.22,60
2026-01-01 11:38:31,25493314,demo,Python101,none,captcha,False,0.24,60
2026-01-01 11:38:32,25493314,student,Python101,none,captcha,False,0.23,60
2026-01-01 11:38:32,25493314,Student_user,Python101,none,captcha,False,0.21,61
2026-01-01 11:38:34,25493314,bluecat,Python101,none,captcha,False,0.4,61
2026-01-01 11:38:34,25493314,student1,Python101,none,captcha,False,0.27,59
2026-01-01 11:38:35,25493314,login_user,Python101,none,captcha,False,0.22,58
2026-01-01 11:38:35,25493314,pythonfan,Python101,none,captcha,True,0.24,61
2026-01-01 11:38:36,25493314,cloud_user,Python101,none,captcha,False,0.55,61
2026-01-01 11:38:37,25493314,gamer22,Python101,none,captcha,False,0.27,61
2026-01-01 11:38:37,25493314,webdev,Python101,none,captcha,False,0.26,61
2026-01-01 11:38:38,25493314,sha.sec,Python101,none,captcha,False,0.22,60
2026-01-01 11:38:38,25493314,secure_user,Python101,none,captcha,False,0.25,61
2026-01-01 11:38:39,25493314,cyber.auth,Python101,none,captcha,False,0.21,60
2026-01-01 11:38:39,25493314,dev.access,Python101,none,captcha,False,0.19,61
2026-01-01 11:38:40,25493314,root.guard,Python101,none,captcha,False,0.24,61
2026-01-01 11:38:40,25493314,net.lock,Python101,none,captcha,False,0.24,60
2026-01-01 11:38:41,25493314,auth.master,Python101,none,captcha,False,0.25,61
2026-01-01 11:38:41,25493314,vault_user,Python101,none,captcha,False,0.2,61
2026-01-01 11:38:42,25493314,system.sec,Python101,none,captcha,False,0.25,62
2026-01-01 11:38:42,25493314,secure.login,Python101,none,captcha,False,0.22,61
2026-01-01 11:38:43,25493314,user1,demo,none,captcha,False,0.23,63
2026-01-01 11:38:43,25493314,admin,demo,none,captcha,False,0.25,61
2026-01-01 11:38:44,25493314,guest,demo,none,captcha,False,0.22,59
2026-01-01 11:38:44,25493314,test,demo,none,captcha,False,0.22,63
2026-01-01 11:38:45,25493314,hello,demo,none,captcha,False,0.26,62
2026-01-01 11:38:46,25493314,name,demo,none,captcha,False,0.26,60
2026-01-01 11:38:46,25493314,login,demo,none,captcha,False,0.25,60
2026-01-01 11:38:47,25493314,abc,demo,none,captcha,False,0.21,61
2026-01-01 11:38:47,25493314,demo,demo,none,captcha,True,0.37,61
2026-01-01 11:38:48,25493314,student,demo,none,captcha,False,0.36,61
2026-01-01 11:38:48,25493314,Student_user,demo,none,captcha,False,0.2,62
2026-01-01 11:38:49,25493314,user_test,demo,none,captcha,False,0.22,62
2026-01-01 11:38:49,25493314,bluecat,demo,none,captcha,False,0.24,62
2026-01-01 11:38:50,25493314,student1,demo,none,captcha,False,0.24,60
2026-01-01 11:38:50,25493314,login_user,demo,none,captcha,False,0.2,59
2026-01-01 11:38:51,25493314,pythonfan,demo,none,captcha,False,0.26,62
2026-01-01 11:38:51,25493314,techgirl,demo,none,captcha,False,0.24,59
2026-01-01 11:38:52,25493314,cloud_user,demo,none,captcha,False,0.24,62
2026-01-01 11:38:52,25493314,gamer22,demo,none,captcha,False,0.25,62
2026-01-01 11:38:53,25493314,webdev,demo,none,captcha,False,0.23,62
2026-01-01 11:38:53,25493314,sha.sec,demo,none,captcha,False,0.27,61
2026-01-01 11:38:54,25493314,secure_user,demo,none,captcha,False,0.2,62
2026-01-01 11:38:54,25493314,cyber.auth,demo,none,captcha,False,0.28,61
2026-01-01 11:38:55,25493314,dev.access,demo,none,captcha,False,0.31,62
2026-01-01 11:38:55,25493314,root.guard,demo,none,captcha,False,0.24,62
2026-01-01 11:38:56,25493314,net.lock,demo,none,captcha,False,0.34,61
2026-01-01 11:38:56,25493314,auth.master,demo,none,captcha,False,0.24,62
2026-01-01 11:38:57,25493314,vault_user,demo,none,captcha,False,0.29,62
2026-01-01 11:38:58,25493314,system.sec,demo,none,captcha,False,0.23,63
2026-01-01 11:38:58,25493314,secure.login,demo,none,captcha,False,0.22,62
2026-01-01 11:38:59,25493314,user1,student,none,captcha,False,0.24,64
2026-01-01 11:38:59,25493314,admin,student,none,captcha,False,0.21,62
2026-01-01 11:39:00,25493314,guest,student,none,captcha,False,0.21,60
2026-01-01 11:39:00,25493314,test,student,none,captcha,False,0.17,64
2026-01-01 11:39:01,25493314,hello,student,none,captcha,False,0.24,63
2026-01-01 11:39:01,25493314,name,student,none,captcha,False,0.24,61
2026-01-01 11:39:02,25493314,login,student,none,captcha,False,0.4,61
2026-01-01 11:39:02,25493314,abc,student,none,captcha,False,0.22,62
2026-01-01 11:39:03,25493314,demo,student,none,captcha,False,0.24,62
2026-01-01 11:39:03,25493314,student,student,none,captcha,True,0.24,62
2026-01-01 11:39:04,25493314,Student_user,student,none,captcha,False,0.25,63
2026-01-01 11:39:04,25493314,user_test,student,none,captcha,False,0.19,63
2026-01-01 11:39:05,25493314,bluecat,student,none,captcha,False,0.21,63
2026-01-01 11:39:05,25493314,student1,student,none,captcha,False,0.28,61
2026-01-01 11:39:06,25493314,login_user,student,none,captcha,False,0.21,60
2026-01-01 11:39:06,25493314,pythonfan,student,none,captcha,False,0.23,63
2026-01-01 11:39:07,25493314,techgirl,student,none,captcha,False,0.24,60
2026-01-01 11:39:07,25493314,cloud_user,student,none,captcha,False,0.25,63
2026-01-01 11:39:08,25493314,gamer22,student,none,captcha,False,0.19,63
2026-01-01 11:39:08,25493314,webdev,student,none,captcha,False,0.23,63
2026-01-01 11:39:09,25493314,sha.sec,student,none,captcha,False,0.25,62
2026-01-01 11:39:09,25493314,secure_user,student,none,captcha,False,0.21,63
2026-01-01 11:39:10,25493314,cyber.auth,student,none,captcha,False,0.25,62
2026-01-01 11:39:11,25493314,dev.access,student,none,captcha,False,0.24,63
2026-01-01 11:39:12,25493314,auth.master,student,none,captcha,False,0.33,63
2026-01-01 11:39:13,25493314,vault_user,student,none,captcha,False,0.3,63
2026-01-01 11:39:13,25493314,system.sec,student,none,captcha,False,0.21,64
2026-01-01 11:39:14,25493314,secure.login,student,none,captcha,False,0.24,63
2026-01-01 11:39:15,25493314,admin,name,none,captcha,False,0.68,63
2026-01-01 11:39:15,25493314,guest,name,none,captcha,False,0.27,61
2026-01-01 11:39:16,25493314,test,name,none,captcha,False,0.24,65
2026-01-01 11:39:16,25493314,hello,name,none,captcha,False,0.25,64
2026-01-01 11:39:17,25493314,name,name,none,captcha,False,0.19,62
2026-01-01 11:39:18,25493314,abc,name,none,captcha,False,0.57,63
2026-01-01 11:39:18,25493314,demo,name,none,captcha,False,0.28,63
2026-01-01 11:39:19,25493314,student,name,none,captcha,False,0.22,63
2026-01-01 11:39:19,25493314,Student_user,name,none,captcha,False,0.28,64
2026-01-01 11:39:20,25493314,user_test,name,none,captcha,False,0.23,64
2026-01-01 11:39:21,25493314,bluecat,name,none,captcha,False,0.21,64
2026-01-01 11:39:21,25493314,student1,name,none,captcha,False,0.24,62
2026-01-01 11:39:22,25493314,login_user,name,none,captcha,False,0.24,61
2026-01-01 11:39:22,25493314,pythonfan,name,none,captcha,False,0.18,64
2026-01-01 11:39:23,25493314,techgirl,name,none,captcha,False,0.24,61
2026-01-01 11:39:23,25493314,cloud_user,name,none,captcha,False,0.23,64
2026-01-01 11:39:24,25493314,gamer22,name,none,captcha,False,0.24,64
2026-01-01 11:39:24,25493314,webdev,name,none,captcha,False,0.24,64
2026-01-01 11:39:25,25493314,sha.sec,name,none,captcha,False,0.27,63
2026-01-01 11:39:25,25493314,secure_user,name,none,captcha,False,0.22,64
2026-01-01 11:39:26,25493314,cyber.auth,name,none,captcha,False,0.25,63
2026-01-01 11:39:26,25493314,dev.access,name,none,captcha,False,0.24,64
2026-01-01 11:39:27,25493314,root.guard,name,none,captcha,False,0.23,63
2026-01-01 11:39:27,25493314,net.lock,name,none,captcha,False,0.24,62
2026-01-01 11:39:28,25493314,auth.master,name,none,captcha,False,0.22,64
2026-01-01 11:39:28,25493314,vault_user,name,none,captcha,False,0.29,64
2026-01-01 11:39:29,25493314,system.sec,name,none,captcha,False,0.23,65
2026-01-01 11:39:29,25493314,secure.login,name,none,captcha,False,0.3,64
2026-01-01 11:39:30,25493314,user1,1111,none,captcha,False,0.25,65
2026-01-01 11:39:30,25493314,admin,1111,none,captcha,False,0.25,64
2026-01-01 11:39:31,25493314,guest,1111,none,captcha,False,0.24,62
2026-01-01 11:39:31,25493314,test,1111,none,captcha,False,0.24,66
2026-01-01 11:39:32,25493314,hello,1111,none,captcha,False,0.24,65
2026-01-01 11:39:33,25493314,name,1111,none,captcha,True,0.21,63
2026-01-01 11:39:33,25493314,login,1111,none,captcha,False,0.27,62
2026-01-01 11:39:34,25493314,abc,1111,none,captcha,False,0.19,64
2026-01-01 11:39:34,25493314,demo,1111,none,captcha,False,0.24,64
2026-01-01 11:39:35,25493314,student,1111,none,captcha,False,0.26,64
2026-01-01 11:39:35,25493314,Student_user,1111,none,captcha,False,0.24,65
2026-01-01 11:39:36,25493314,user_test,1111,none,captcha,False,0.22,65
2026-01-01 11:39:36,25493314,bluecat,1111,none,captcha,False,0.25,65
2026-01-01 11:39:37,25493314,student1,1111,none,captcha,False,0.26,63
2026-01-01 11:39:37,25493314,login_user,1111,none,captcha,False,0.26,62
2026-01-01 11:39:38,25493314,pythonfan,1111,none,captcha,False,0.23,65
2026-01-01 11:39:38,25493314,techgirl,1111,none,captcha,False,0.24,62
2026-01-01 11:39:39,25493314,cloud_user,1111,none,captcha,False,0.26,65
2026-01-01 11:39:39,25493314,gamer22,1111,none,captcha,False,0.33,65
2026-01-01 11:39:40,25493314,webdev,1111,none,captcha,False,0.33,65
2026-01-01 11:39:40,25493314,sha.sec,1111,none,captcha,False,0.32,64
2026-01-01 11:39:41,25493314,secure_user,1111,none,captcha,False,0.22,65
2026-01-01 11:39:41,25493314,cyber.auth,1111,none,captcha,False,0.27,64
2026-01-01 11:39:42,25493314,dev.access,1111,none,captcha,False,0.26,65
2026-01-01 11:39:42,25493314,root.guard,1111,none,captcha,False,0.32,64
2026-01-01 11:39:43,25493314,net.lock,1111,none,captcha,False,0.35,63
2026-01-01 11:39:44,25493314,auth.master,1111,none,captcha,False,0.4,65
2026-01-01 11:39:44,25493314,vault_user,1111,none,captcha,False,0.41,65
2026-01-01 11:39:45,25493314,system.sec,1111,none,captcha,False,0.57,66
2026-01-01 11:39:45,25493314,secure.login,1111,none,captcha,False,0.35,65
2026-01-01 11:39:46,25493314,user1,BlueCat12,none,captcha,False,0.4,66
2026-01-01 11:39:46,25493314,admin,BlueCat12,none,captcha,False,0.36,65
2026-01-01 11:39:47,25493314,guest,BlueCat12,none,captcha,False,0.25,63
2026-01-01 11:39:47,25493314,test,BlueCat12,none,captcha,False,0.39,67
2026-01-01 11:39:48,25493314,hello,BlueCat12,none,captcha,False,0.54,66
2026-01-01 11:39:48,25493314,name,BlueCat12,none,captcha,False,0.55,64
2026-01-01 11:39:49,25493314,login,BlueCat12,none,captcha,False,0.69,63
2026-01-01 11:39:49,25493314,abc,BlueCat12,none,captcha,False,0.47,65
2026-01-01 11:39:50,25493314,demo,BlueCat12,none,captcha,False,0.53,65
2026-01-01 11:39:51,25493314,student,BlueCat12,none,captcha,False,0.37,65
2026-01-01 11:39:51,25493314,Student_user,BlueCat12,none,captcha,False,0.38,66
2026-01-01 11:39:52,25493314,user_test,BlueCat12,none,captcha,False,0.47,66
2026-01-01 11:39:52,25493314,bluecat,BlueCat12,none,captcha,True,0.27,66
2026-01-01 11:39:53,25493314,student1,BlueCat12,none,captcha,False,0.46,64
2026-01-01 11:39:53,25493314,login_user,BlueCat12,none,captcha,False,0.4,63
2026-01-01 11:39:54,25493314,pythonfan,BlueCat12,none,captcha,False,0.51,66
2026-01-01 11:39:54,25493314,techgirl,BlueCat12,none,captcha,False,0.48,63
2026-01-01 11:39:55,25493314,cloud_user,BlueCat12,none,captcha,False,0.48,66
2026-01-01 11:39:55,25493314,gamer22,BlueCat12,none,captcha,False,0.81,66
2026-01-01 11:39:56,25493314,webdev,BlueCat12,none,captcha,False,0.43,66
2026-01-01 11:39:57,25493314,sha.sec,BlueCat12,none,captcha,False,0.66,65
2026-01-01 11:39:57,25493314,secure_user,BlueCat12,none,captcha,False,0.44,66
2026-01-01 11:39:58,25493314,dev.access,BlueCat12,none,captcha,False,0.25,66
2026-01-01 11:39:59,25493314,root.guard,BlueCat12,none,captcha,False,0.51,65
2026-01-01 11:39:59,25493314,net.lock,BlueCat12,none,captcha,False,0.8,64
2026-01-01 11:40:00,25493314,auth.master,BlueCat12,none,captcha,False,0.41,66
2026-01-01 11:40:00,25493314,vault_user,BlueCat12,none,captcha,False,0.49,66
2026-01-01 11:40:01,25493314,system.sec,BlueCat12,none,captcha,False,0.37,67
2026-01-01 11:40:01,25493314,secure.login,BlueCat12,none,captcha,False,0.7,66
2026-01-01 11:40:02,25493314,user1,TechGirl7,none,captcha,False,0.36,67
2026-01-01 11:40:02,25493314,admin,TechGirl7,none,captcha,False,0.55,66
2026-01-01 11:40:03,25493314,guest,TechGirl7,none,captcha,False,0.59,64
2026-01-01 11:40:04,25493314,test,TechGirl7,none,captcha,False,0.51,68
2026-01-01 11:40:04,25493314,hello,TechGirl7,none,captcha,False,0.58,67
2026-01-01 11:40:05,25493314,name,TechGirl7,none,captcha,False,0.58,65
2026-01-01 11:40:05,25493314,login,TechGirl7,none,captcha,False,0.72,64
2026-01-01 11:40:06,25493314,abc,TechGirl7,none,captcha,False,0.34,66
2026-01-01 11:40:06,25493314,demo,TechGirl7,none,captcha,False,0.43,66
2026-01-01 11:40:07,25493314,student,TechGirl7,none,captcha,False,0.77,66
2026-01-01 11:40:07,25493314,Student_user,TechGirl7,none,captcha,False,0.52,67
2026-01-01 11:40:08,25493314,user_test,TechGirl7,none,captcha,False,0.78,67
2026-01-01 11:40:09,25493314,bluecat,TechGirl7,none,captcha,False,0.55,67
2026-01-01 11:40:09,25493314,student1,TechGirl7,none,captcha,False,0.67,65
2026-01-01 11:40:10,25493314,login_user,TechGirl7,none,captcha,False,0.73,64
2026-01-01 11:40:10,25493314,pythonfan,TechGirl7,none,captcha,False,0.62,67
2026-01-01 11:40:11,25493314,cloud_user,TechGirl7,none,captcha,False,0.6,67
2026-01-01 11:40:12,25493314,gamer22,TechGirl7,none,captcha,False,0.63,67
2026-01-01 11:40:12,25493314,webdev,TechGirl7,none,captcha,False,0.46,67
2026-01-01 11:40:13,25493314,sha.sec,TechGirl7,none,captcha,False,0.48,66
2026-01-01 11:40:13,25493314,secure_user,TechGirl7,none,captcha,False,0.55,67
2026-01-01 11:40:14,25493314,cyber.auth,TechGirl7,none,captcha,False,0.56,65
2026-01-01 11:40:15,25493314,dev.access,TechGirl7,none,captcha,False,0.51,67
2026-01-01 11:40:15,25493314,root.guard,TechGirl7,none,captcha,False,0.55,66
2026-01-01 11:40:16,25493314,net.lock,TechGirl7,none,captcha,False,0.51,65
2026-01-01 11:40:16,25493314,auth.master,TechGirl7,none,captcha,False,0.56,67
2026-01-01 11:40:17,25493314,vault_user,TechGirl7,none,captcha,False,0.46,67
2026-01-01 11:40:17,25493314,system.sec,TechGirl7,none,captcha,False,0.39,68
2026-01-01 11:40:18,25493314,secure.login,TechGirl7,none,captcha,False,0.86,67
2026-01-01 11:40:18,25493314,user1,Cloud123,none,captcha,False,0.56,68
2026-01-01 11:40:19,25493314,admin,Cloud123,none,captcha,False,0.66,67
2026-01-01 11:40:19,25493314,guest,Cloud123,none,captcha,False,0.52,65
2026-01-01 11:40:20,25493314,test,Cloud123,none,captcha,False,0.5,69
2026-01-01 11:40:21,25493314,hello,Cloud123,none,captcha,False,0.38,68
2026-01-01 11:40:21,25493314,name,Cloud123,none,captcha,False,0.55,66
2026-01-01 11:40:22,25493314,login,Cloud123,none,captcha,False,0.55,65
2026-01-01 11:40:22,25493314,abc,Cloud123,none,captcha,False,0.3,67
2026-01-01 11:40:23,25493314,demo,Cloud123,none,captcha,False,0.59,67
2026-01-01 11:40:23,25493314,student,Cloud123,none,captcha,False,0.27,67
2026-01-01 11:40:24,25493314,Student_user,Cloud123,none,captcha,False,0.57,68
2026-01-01 11:40:24,25493314,user_test,Cloud123,none,captcha,False,0.53,68
2026-01-01 11:40:25,25493314,bluecat,Cloud123,none,captcha,False,0.3,68
2026-01-01 11:40:25,25493314,student1,Cloud123,none,captcha,False,0.63,66
2026-01-01 11:40:26,25493314,login_user,Cloud123,none,captcha,False,0.54,65
2026-01-01 11:40:26,25493314,pythonfan,Cloud123,none,captcha,False,0.47,68
2026-01-01 11:40:27,25493314,techgirl,Cloud123,none,captcha,False,0.53,64
2026-01-01 11:40:28,25493314,cloud_user,Cloud123,none,captcha,True,0.49,68
2026-01-01 11:40:28,25493314,gamer22,Cloud123,none,captcha,False,0.25,68
2026-01-01 11:40:29,25493314,webdev,Cloud123,none,captcha,False,0.49,68
2026-01-01 11:40:29,25493314,sha.sec,Cloud123,none,captcha,False,0.62,67
2026-01-01 11:40:30,25493314,secure_user,Cloud123,none,captcha,False,0.82,68
2026-01-01 11:40:30,25493314,cyber.auth,Cloud123,none,captcha,False,0.64,66
2026-01-01 11:40:31,25493314,dev.access,Cloud123,none,captcha,False,0.48,68
2026-01-01 11:40:31,25493314,root.guard,Cloud123,none,captcha,False,0.55,67
2026-01-01 11:40:32,25493314,net.lock,Cloud123,none,captcha,False,0.54,66
2026-01-01 11:40:33,25493314,auth.master,Cloud123,none,captcha,False,0.65,68
2026-01-01 11:40:33,25493314,vault_user,Cloud123,none,captcha,False,0.6,68
2026-01-01 11:40:34,25493314,system.sec,Cloud123,none,captcha,False,0.61,69
2026-01-01 11:40:34,25493314,secure.login,Cloud123,none,captcha,False,0.62,68
2026-01-01 11:40:35,25493314,user1,GameOn22,none,captcha,False,0.68,69
2026-01-01 11:40:35,25493314,admin,GameOn22,none,captcha,False,0.63,68
2026-01-01 11:40:36,25493314,guest,GameOn22,none,captcha,False,0.86,66
2026-01-01 11:40:36,25493314,test,GameOn22,none,captcha,False,0.61,70
2026-01-01 11:40:37,25493314,hello,GameOn22,none,captcha,False,0.7,69
2026-01-01 11:40:37,25493314,name,GameOn22,none,captcha,False,0.43,67
2026-01-01 11:40:38,25493314,login,GameOn22,none,captcha,False,0.64,66
2026-01-01 11:40:39,25493314,abc,GameOn22,none,captcha,False,0.42,68
2026-01-01 11:40:39,25493314,demo,GameOn22,none,captcha,False,0.57,68
2026-01-01 11:40:40,25493314,student,GameOn22,none,captcha,False,0.42,68
2026-01-01 11:40:40,25493314,Student_user,GameOn22,none,captcha,False,0.71,69
2026-01-01 11:40:41,25493314,user_test,GameOn22,none,captcha,False,0.73,69
2026-01-01 11:40:41,25493314,bluecat,GameOn22,none,captcha,False,0.68,69
2026-01-01 11:40:42,25493314,student1,GameOn22,none,captcha,False,0.4,67
2026-01-01 11:40:42,25493314,login_user,GameOn22,none,captcha,False,0.22,66
2026-01-01 11:40:43,25493314,pythonfan,GameOn22,none,captcha,False,0.51,69
2026-01-01 11:40:43,25493314,techgirl,GameOn22,none,captcha,False,0.4,65
2026-01-01 11:40:44,25493314,cloud_user,GameOn22,none,captcha,False,0.57,69
2026-01-01 11:40:45,25493314,gamer22,GameOn22,none,captcha,True,0.46,69
2026-01-01 11:40:45,25493314,webdev,GameOn22,none,captcha,False,0.69,69
2026-01-01 11:40:46,25493314,sha.sec,GameOn22,none,captcha,False,0.59,68
2026-01-01 11:40:46,25493314,secure_user,GameOn22,none,captcha,False,0.66,69
2026-01-01 11:40:47,25493314,cyber.auth,GameOn22,none,captcha,False,0.63,67
2026-01-01 11:40:47,25493314,dev.access,GameOn22,none,captcha,False,0.46,69
2026-01-01 11:40:48,25493314,root.guard,GameOn22,none,captcha,False,0.69,68
2026-01-01 11:40:48,25493314,net.lock,GameOn22,none,captcha,False,0.78,67
2026-01-01 11:40:49,25493314,auth.master,GameOn22,none,captcha,False,0.33,69
2026-01-01 11:40:49,25493314,vault_user,GameOn22,none,captcha,False,0.71,69
2026-01-01 11:40:50,25493314,system.sec,GameOn22,none,captcha,False,0.63,70
2026-01-01 11:40:51,25493314,secure.login,GameOn22,none,captcha,False,0.76,69
2026-01-01 11:40:51,25493314,user1,WebDev88,none,captcha,False,0.67,70
2026-01-01 11:40:52,25493314,admin,WebDev88,none,captcha,False,0.51,69
2026-01-01 11:40:52,25493314,guest,WebDev88,none,captcha,False,0.37,67
2026-01-01 11:40:53,25493314,test,WebDev88,none,captcha,False,0.8,71
2026-01-01 11:40:53,25493314,hello,WebDev88,none,captcha,False,0.47,70
2026-01-01 11:40:54,25493314,name,WebDev88,none,captcha,False,0.64,68
2026-01-01 11:40:54,25493314,login,WebDev88,none,captcha,False,0.56,67
2026-01-01 11:40:55,25493314,abc,WebDev88,none,captcha,False,0.56,69
2026-01-01 11:40:56,25493314,demo,WebDev88,none,captcha,False,0.72,69
2026-01-01 11:40:56,25493314,student,WebDev88,none,captcha,False,0.75,69
2026-01-01 11:40:57,25493314,Student_user,WebDev88,none,captcha,False,0.47,70
2026-01-01 11:40:57,25493314,user_test,WebDev88,none,captcha,False,0.37,70
2026-01-01 11:40:58,25493314,bluecat,WebDev88,none,captcha,False,0.6,70
2026-01-01 11:40:58,25493314,student1,WebDev88,none,captcha,False,0.34,68
2026-01-01 11:40:59,25493314,login_user,WebDev88,none,captcha,False,0.68,67
2026-01-01 11:40:59,25493314,pythonfan,WebDev88,none,captcha,False,0.5,70
2026-01-01 11:41:00,25493314,techgirl,WebDev88,none,captcha,False,0.67,66
2026-01-01 11:41:00,25493314,cloud_user,WebDev88,none,captcha,False,0.59,70
2026-01-01 11:41:01,25493314,gamer22,WebDev88,none,captcha,False,0.75,70
2026-01-01 11:41:02,25493314,webdev,WebDev88,none,captcha,True,0.59,70
2026-01-01 11:41:02,25493314,sha.sec,WebDev88,none,captcha,False,0.8,69
2026-01-01 11:41:03,25493314,secure_user,WebDev88,none,captcha,False,0.74,70
2026-01-01 11:41:03,25493314,cyber.auth,WebDev88,none,captcha,False,0.35,68
2026-01-01 11:41:04,25493314,dev.access,WebDev88,none,captcha,False,0.75,70
2026-01-01 11:41:04,25493314,root.guard,WebDev88,none,captcha,False,0.61,69
2026-01-01 11:41:05,25493314,net.lock,WebDev88,none,captcha,False,0.65,68
2026-01-01 11:41:05,25493314,auth.master,WebDev88,none,captcha,False,0.6,70
2026-01-01 11:41:06,25493314,vault_user,WebDev88,none,captcha,False,0.56,70
2026-01-01 11:41:06,25493314,system.sec,WebDev88,none,captcha,False,0.55,71
2026-01-01 11:41:07,25493314,secure.login,WebDev88,none,captcha,False,0.68,70

====================,SUMMARY STATISTICS,====================

Metric,Value
Total Attempts,2075
Successful Attempts,19
Failed Attempts,2056
Success Rate (%),0.92

Unique Usernames Tested,30
Unique Passwords Tested,71

Latency Statistics (ms)
Sum (Total Latency),638.50
Average Latency,0.31
Median Latency (P50),0.26
Min Latency,0.15
Max Latency,3.72

Percentiles (ms)
10th Percentile (P10),0.21
25th Percentile (P25),0.23
75th Percentile (P75),0.33
90th Percentile (P90),0.46
95th Percentile (P95),0.57
99th Percentile (P99),0.76

Time Range
First Attempt,2026-01-01 11:22:41
Last Attempt,2026-01-01 11:41:07

Report Generated,2026-01-01 11:41:23
