timestamp,group_seed,username,password,hash_mode,protection_flags,result,latency_ms,attempt_number
2025-12-31 13:40:57,25493314,user1,123456,none,"lockout(3fails/300s),totp,pepper",False,0.07,1
2025-12-31 13:40:57,25493314,user1,password,none,"lockout(3fails/300s),totp,pepper",False,0.01,2
2025-12-31 13:40:57,25493314,user1,12345678,none,"lockout(3fails/300s),totp,pepper",False,0.01,3
2025-12-31 13:40:57,25493314,user1,qwerty,none,"lockout(3fails/300s),totp,pepper",False,0.0,4
2025-12-31 13:45:56,25493314,user1,123456789,none,"lockout(3fails/300s),totp,pepper",False,0.02,5
2025-12-31 13:45:56,25493314,user1,12345,none,"lockout(3fails/300s),totp,pepper",False,0.01,6
2025-12-31 13:45:56,25493314,user1,1234,none,"lockout(3fails/300s),totp,pepper",False,0.01,7
2025-12-31 13:45:56,25493314,user1,111111,none,"lockout(3fails/300s),totp,pepper",False,0.01,8
2025-12-31 13:45:56,25493314,user1,1234567,none,"lockout(3fails/300s),totp,pepper",False,0.0,9
2025-12-31 13:45:56,25493314,user1,dragon,none,"lockout(3fails/300s),totp,pepper",False,0.01,10
2025-12-31 13:45:56,25493314,user1,123123,none,"lockout(3fails/300s),totp,pepper",False,0.0,11
2025-12-31 13:45:56,25493314,user1,baseball,none,"lockout(3fails/300s),totp,pepper",False,0.0,12
2025-12-31 13:45:56,25493314,user1,abc123,none,"lockout(3fails/300s),totp,pepper",False,0.0,13
2025-12-31 13:45:56,25493314,user1,football,none,"lockout(3fails/300s),totp,pepper",False,0.0,14
2025-12-31 13:45:56,25493314,user1,monkey,none,"lockout(3fails/300s),totp,pepper",False,0.0,15
2025-12-31 13:45:56,25493314,user1,letmein,none,"lockout(3fails/300s),totp,pepper",False,0.0,16
2025-12-31 13:45:56,25493314,user1,shadow,none,"lockout(3fails/300s),totp,pepper",False,0.0,17
2025-12-31 13:45:56,25493314,user1,master,none,"lockout(3fails/300s),totp,pepper",False,0.0,18
2025-12-31 13:45:56,25493314,user1,666666,none,"lockout(3fails/300s),totp,pepper",False,0.0,19
2025-12-31 13:45:56,25493314,user1,qwertyuiop,none,"lockout(3fails/300s),totp,pepper",False,0.0,20
2025-12-31 13:45:56,25493314,user1,123321,none,"lockout(3fails/300s),totp,pepper",False,0.0,21
2025-12-31 13:45:56,25493314,user1,mustang,none,"lockout(3fails/300s),totp,pepper",False,0.0,22
2025-12-31 13:45:56,25493314,user1,121212,none,"lockout(3fails/300s),totp,pepper",False,0.0,23
2025-12-31 13:45:56,25493314,user1,000000,none,"lockout(3fails/300s),totp,pepper",False,0.0,24
2025-12-31 13:45:56,25493314,user1,password1,none,"lockout(3fails/300s),totp,pepper",False,0.0,25
2025-12-31 13:45:56,25493314,user1,admin,none,"lockout(3fails/300s),totp,pepper",False,0.0,26
2025-12-31 13:45:56,25493314,user1,admin123,none,"lockout(3fails/300s),totp,pepper",False,0.0,27
2025-12-31 13:45:56,25493314,user1,root,none,"lockout(3fails/300s),totp,pepper",False,0.0,28
2025-12-31 13:45:56,25493314,user1,toor,none,"lockout(3fails/300s),totp,pepper",False,0.0,29
2025-12-31 13:45:56,25493314,user1,pass,none,"lockout(3fails/300s),totp,pepper",False,0.0,30
2025-12-31 13:45:56,25493314,user1,test,none,"lockout(3fails/300s),totp,pepper",False,0.0,31
2025-12-31 13:45:56,25493314,user1,test123,none,"lockout(3fails/300s),totp,pepper",False,0.0,32
2025-12-31 13:45:56,25493314,user1,guest,none,"lockout(3fails/300s),totp,pepper",False,0.0,33
2025-12-31 13:45:56,25493314,user1,guest123,none,"lockout(3fails/300s),totp,pepper",False,0.0,34
2025-12-31 13:45:56,25493314,user1,user,none,"lockout(3fails/300s),totp,pepper",False,0.0,35
2025-12-31 13:45:56,25493314,user1,user123,none,"lockout(3fails/300s),totp,pepper",False,0.0,36
2025-12-31 13:45:56,25493314,user1,login,none,"lockout(3fails/300s),totp,pepper",False,0.0,37
2025-12-31 13:45:56,25493314,user1,login123,none,"lockout(3fails/300s),totp,pepper",False,0.0,38
2025-12-31 13:45:56,25493314,user1,welcome,none,"lockout(3fails/300s),totp,pepper",False,0.0,39
2025-12-31 13:45:56,25493314,user1,welcome1,none,"lockout(3fails/300s),totp,pepper",False,0.0,40
2025-12-31 13:45:56,25493314,user1,password123,none,"lockout(3fails/300s),totp,pepper",False,0.0,41
2025-12-31 13:45:56,25493314,user1,admin1,none,"lockout(3fails/300s),totp,pepper",False,0.01,42
2025-12-31 13:45:56,25493314,user1,root123,none,"lockout(3fails/300s),totp,pepper",False,0.0,43
2025-12-31 13:45:56,25493314,user1,pass123,none,"lockout(3fails/300s),totp,pepper",False,0.0,44
2025-12-31 13:45:56,25493314,user1,1q2w3e4r,none,"lockout(3fails/300s),totp,pepper",False,0.0,45
2025-12-31 13:45:56,25493314,user1,qwerty123,none,"lockout(3fails/300s),totp,pepper",False,0.0,46
2025-12-31 13:45:56,25493314,user1,1234567890,none,"lockout(3fails/300s),totp,pepper",False,0.0,47
2025-12-31 13:45:56,25493314,user1,987654321,none,"lockout(3fails/300s),totp,pepper",False,0.0,48
2025-12-31 13:45:56,25493314,user1,hello,none,"lockout(3fails/300s),totp,pepper",False,0.0,49
2025-12-31 13:45:56,25493314,user1,hello123,none,"lockout(3fails/300s),totp,pepper",False,0.0,50
2025-12-31 13:45:56,25493314,user1,iloveyou,none,"lockout(3fails/300s),totp,pepper",False,0.0,51
2025-12-31 13:45:56,25493314,user1,sunshine,none,"lockout(3fails/300s),totp,pepper",False,0.0,52
2025-12-31 13:45:56,25493314,user1,princess,none,"lockout(3fails/300s),totp,pepper",False,0.0,53
2025-12-31 13:45:57,25493314,user1,Password1,none,"lockout(3fails/300s),totp,pepper",False,0.0,54
2025-12-31 13:45:57,25493314,user1,Password123,none,"lockout(3fails/300s),totp,pepper",False,0.0,55
2025-12-31 13:45:57,25493314,user1,Admin123,none,"lockout(3fails/300s),totp,pepper",False,0.0,56
2025-12-31 13:45:57,25493314,user1,Welcome1,none,"lockout(3fails/300s),totp,pepper",False,0.0,57
2025-12-31 13:45:57,25493314,user1,Student123,none,"lockout(3fails/300s),totp,pepper",False,0.0,58
2025-12-31 13:45:57,25493314,user1,Student99,none,"lockout(3fails/300s),totp,pepper",False,0.0,59
2025-12-31 13:45:57,25493314,user1,Test2024,none,"lockout(3fails/300s),totp,pepper",False,0.0,60
2025-12-31 13:45:57,25493314,user1,Login456,none,"lockout(3fails/300s),totp,pepper",False,0.0,61
2025-12-31 13:45:57,25493314,user1,Python101,none,"lockout(3fails/300s),totp,pepper",False,0.0,62
2025-12-31 13:45:57,25493314,user1,demo,none,"lockout(3fails/300s),totp,pepper",False,0.0,63
2025-12-31 13:45:57,25493314,user1,student,none,"lockout(3fails/300s),totp,pepper",False,0.0,64
2025-12-31 13:45:57,25493314,user1,name,none,"lockout(3fails/300s),totp,pepper",False,0.0,65
2025-12-31 13:45:57,25493314,user1,1111,none,"lockout(3fails/300s),totp,pepper",False,0.0,66
2025-12-31 13:45:57,25493314,user1,BlueCat12,none,"lockout(3fails/300s),totp,pepper",False,0.0,67
2025-12-31 13:45:57,25493314,user1,TechGirl7,none,"lockout(3fails/300s),totp,pepper",False,0.0,68
2025-12-31 13:45:57,25493314,user1,Cloud123,none,"lockout(3fails/300s),totp,pepper",False,0.0,69
2025-12-31 13:45:57,25493314,user1,GameOn22,none,"lockout(3fails/300s),totp,pepper",False,0.01,70
2025-12-31 13:45:57,25493314,user1,WebDev88,none,"lockout(3fails/300s),totp,pepper",False,0.0,71
2025-12-31 13:45:57,25493314,admin,123456,none,"lockout(3fails/300s),totp,pepper",False,0.01,1
2025-12-31 13:45:57,25493314,admin,password,none,"lockout(3fails/300s),totp,pepper",False,0.01,2
2025-12-31 13:45:57,25493314,admin,12345678,none,"lockout(3fails/300s),totp,pepper",False,0.01,3
2025-12-31 13:45:57,25493314,admin,qwerty,none,"lockout(3fails/300s),totp,pepper",False,0.0,4
2025-12-31 13:50:56,25493314,admin,123456789,none,"lockout(3fails/300s),totp,pepper",False,0.01,5
2025-12-31 13:50:56,25493314,admin,12345,none,"lockout(3fails/300s),totp,pepper",False,0.01,6
2025-12-31 13:50:56,25493314,admin,1234,none,"lockout(3fails/300s),totp,pepper",False,0.01,7
2025-12-31 13:50:56,25493314,admin,111111,none,"lockout(3fails/300s),totp,pepper",False,0.01,8
2025-12-31 13:50:56,25493314,admin,1234567,none,"lockout(3fails/300s),totp,pepper",False,0.0,9
2025-12-31 13:50:56,25493314,admin,dragon,none,"lockout(3fails/300s),totp,pepper",False,0.0,10
2025-12-31 13:50:56,25493314,admin,123123,none,"lockout(3fails/300s),totp,pepper",False,0.0,11
2025-12-31 13:50:56,25493314,admin,baseball,none,"lockout(3fails/300s),totp,pepper",False,0.0,12
2025-12-31 13:50:56,25493314,admin,abc123,none,"lockout(3fails/300s),totp,pepper",False,0.0,13
2025-12-31 13:50:56,25493314,admin,football,none,"lockout(3fails/300s),totp,pepper",False,0.0,14
2025-12-31 13:50:56,25493314,admin,monkey,none,"lockout(3fails/300s),totp,pepper",False,0.0,15
2025-12-31 13:50:56,25493314,admin,letmein,none,"lockout(3fails/300s),totp,pepper",False,0.0,16
2025-12-31 13:50:56,25493314,admin,shadow,none,"lockout(3fails/300s),totp,pepper",False,0.0,17
2025-12-31 13:50:56,25493314,admin,master,none,"lockout(3fails/300s),totp,pepper",False,0.0,18
2025-12-31 13:50:56,25493314,admin,666666,none,"lockout(3fails/300s),totp,pepper",False,0.0,19
2025-12-31 13:50:56,25493314,admin,qwertyuiop,none,"lockout(3fails/300s),totp,pepper",False,0.0,20
2025-12-31 13:50:56,25493314,admin,123321,none,"lockout(3fails/300s),totp,pepper",False,0.0,21
2025-12-31 13:50:56,25493314,admin,mustang,none,"lockout(3fails/300s),totp,pepper",False,0.0,22
2025-12-31 13:50:56,25493314,admin,121212,none,"lockout(3fails/300s),totp,pepper",False,0.0,23
2025-12-31 13:50:56,25493314,admin,000000,none,"lockout(3fails/300s),totp,pepper",False,0.0,24
2025-12-31 13:50:56,25493314,admin,password1,none,"lockout(3fails/300s),totp,pepper",False,0.0,25
2025-12-31 13:50:56,25493314,admin,admin,none,"lockout(3fails/300s),totp,pepper",False,0.0,26
2025-12-31 13:50:56,25493314,admin,admin123,none,"lockout(3fails/300s),totp,pepper",False,0.0,27
2025-12-31 13:50:56,25493314,admin,root,none,"lockout(3fails/300s),totp,pepper",False,0.0,28
2025-12-31 13:50:56,25493314,admin,toor,none,"lockout(3fails/300s),totp,pepper",False,0.0,29
2025-12-31 13:50:56,25493314,admin,pass,none,"lockout(3fails/300s),totp,pepper",False,0.0,30
2025-12-31 13:50:56,25493314,admin,test,none,"lockout(3fails/300s),totp,pepper",False,0.0,31
2025-12-31 13:50:56,25493314,admin,test123,none,"lockout(3fails/300s),totp,pepper",False,0.0,32
2025-12-31 13:50:56,25493314,admin,guest,none,"lockout(3fails/300s),totp,pepper",False,0.0,33
2025-12-31 13:50:56,25493314,admin,guest123,none,"lockout(3fails/300s),totp,pepper",False,0.0,34
2025-12-31 13:50:56,25493314,admin,user,none,"lockout(3fails/300s),totp,pepper",False,0.0,35
2025-12-31 13:50:56,25493314,admin,user123,none,"lockout(3fails/300s),totp,pepper",False,0.0,36
2025-12-31 13:50:56,25493314,admin,login,none,"lockout(3fails/300s),totp,pepper",False,0.0,37
2025-12-31 13:50:56,25493314,admin,login123,none,"lockout(3fails/300s),totp,pepper",False,0.0,38
2025-12-31 13:50:56,25493314,admin,welcome,none,"lockout(3fails/300s),totp,pepper",False,0.0,39
2025-12-31 13:50:56,25493314,admin,welcome1,none,"lockout(3fails/300s),totp,pepper",False,0.0,40
2025-12-31 13:50:56,25493314,admin,password123,none,"lockout(3fails/300s),totp,pepper",False,0.0,41
2025-12-31 13:50:56,25493314,admin,admin1,none,"lockout(3fails/300s),totp,pepper",False,0.0,42
2025-12-31 13:50:56,25493314,admin,root123,none,"lockout(3fails/300s),totp,pepper",False,0.0,43
2025-12-31 13:50:56,25493314,admin,pass123,none,"lockout(3fails/300s),totp,pepper",False,0.0,44
2025-12-31 13:50:56,25493314,admin,1q2w3e4r,none,"lockout(3fails/300s),totp,pepper",False,0.0,45
2025-12-31 13:50:56,25493314,admin,qwerty123,none,"lockout(3fails/300s),totp,pepper",False,0.0,46
2025-12-31 13:50:56,25493314,admin,1234567890,none,"lockout(3fails/300s),totp,pepper",False,0.0,47
2025-12-31 13:50:56,25493314,admin,987654321,none,"lockout(3fails/300s),totp,pepper",False,0.0,48
2025-12-31 13:50:56,25493314,admin,hello,none,"lockout(3fails/300s),totp,pepper",False,0.0,49
2025-12-31 13:50:56,25493314,admin,hello123,none,"lockout(3fails/300s),totp,pepper",False,0.0,50
2025-12-31 13:50:56,25493314,admin,iloveyou,none,"lockout(3fails/300s),totp,pepper",False,0.0,51
2025-12-31 13:50:56,25493314,admin,sunshine,none,"lockout(3fails/300s),totp,pepper",False,0.0,52
2025-12-31 13:50:56,25493314,admin,princess,none,"lockout(3fails/300s),totp,pepper",False,0.0,53
2025-12-31 13:50:56,25493314,admin,Password1,none,"lockout(3fails/300s),totp,pepper",False,0.0,54
2025-12-31 13:50:56,25493314,admin,Password123,none,"lockout(3fails/300s),totp,pepper",False,0.0,55
2025-12-31 13:50:56,25493314,admin,Admin123,none,"lockout(3fails/300s),totp,pepper",False,0.0,56
2025-12-31 13:50:56,25493314,admin,Welcome1,none,"lockout(3fails/300s),totp,pepper",False,0.0,57
2025-12-31 13:50:56,25493314,admin,Student123,none,"lockout(3fails/300s),totp,pepper",False,0.0,58
2025-12-31 13:50:56,25493314,admin,Student99,none,"lockout(3fails/300s),totp,pepper",False,0.0,59
2025-12-31 13:50:56,25493314,admin,Test2024,none,"lockout(3fails/300s),totp,pepper",False,0.0,60
2025-12-31 13:50:56,25493314,admin,Login456,none,"lockout(3fails/300s),totp,pepper",False,0.0,61
2025-12-31 13:50:56,25493314,admin,Python101,none,"lockout(3fails/300s),totp,pepper",False,0.0,62
2025-12-31 13:50:56,25493314,admin,demo,none,"lockout(3fails/300s),totp,pepper",False,0.0,63
2025-12-31 13:50:56,25493314,admin,student,none,"lockout(3fails/300s),totp,pepper",False,0.0,64
2025-12-31 13:50:56,25493314,admin,name,none,"lockout(3fails/300s),totp,pepper",False,0.0,65
2025-12-31 13:50:56,25493314,admin,1111,none,"lockout(3fails/300s),totp,pepper",False,0.0,66
2025-12-31 13:50:56,25493314,admin,BlueCat12,none,"lockout(3fails/300s),totp,pepper",False,0.0,67
2025-12-31 13:50:56,25493314,admin,TechGirl7,none,"lockout(3fails/300s),totp,pepper",False,0.0,68
2025-12-31 13:50:56,25493314,admin,Cloud123,none,"lockout(3fails/300s),totp,pepper",False,0.01,69
2025-12-31 13:50:56,25493314,admin,GameOn22,none,"lockout(3fails/300s),totp,pepper",False,0.0,70
2025-12-31 13:50:56,25493314,admin,WebDev88,none,"lockout(3fails/300s),totp,pepper",False,0.0,71
2025-12-31 13:50:56,25493314,guest,123456,none,"lockout(3fails/300s),totp,pepper",False,0.01,1
2025-12-31 13:50:56,25493314,guest,password,none,"lockout(3fails/300s),totp,pepper",False,0.01,2
2025-12-31 13:50:56,25493314,guest,12345678,none,"lockout(3fails/300s),totp,pepper",False,0.01,3
2025-12-31 13:50:56,25493314,guest,qwerty,none,"lockout(3fails/300s),totp,pepper",False,0.0,4
2025-12-31 13:55:55,25493314,guest,123456789,none,"lockout(3fails/300s),totp,pepper",False,0.01,5
2025-12-31 13:55:55,25493314,guest,12345,none,"lockout(3fails/300s),totp,pepper",False,0.0,6
2025-12-31 13:55:55,25493314,guest,1234,none,"lockout(3fails/300s),totp,pepper",False,0.0,7
2025-12-31 13:55:55,25493314,guest,111111,none,"lockout(3fails/300s),totp,pepper",False,0.0,8
2025-12-31 13:55:55,25493314,guest,1234567,none,"lockout(3fails/300s),totp,pepper",False,0.0,9
2025-12-31 13:55:55,25493314,guest,dragon,none,"lockout(3fails/300s),totp,pepper",False,0.0,10
2025-12-31 13:55:55,25493314,guest,123123,none,"lockout(3fails/300s),totp,pepper",False,0.0,11
2025-12-31 13:55:55,25493314,guest,baseball,none,"lockout(3fails/300s),totp,pepper",False,0.0,12
2025-12-31 13:55:55,25493314,guest,abc123,none,"lockout(3fails/300s),totp,pepper",False,0.0,13
2025-12-31 13:55:55,25493314,guest,football,none,"lockout(3fails/300s),totp,pepper",False,0.0,14
2025-12-31 13:55:55,25493314,guest,monkey,none,"lockout(3fails/300s),totp,pepper",False,0.0,15
2025-12-31 13:55:55,25493314,guest,letmein,none,"lockout(3fails/300s),totp,pepper",False,0.0,16
2025-12-31 13:55:56,25493314,guest,shadow,none,"lockout(3fails/300s),totp,pepper",False,0.0,17
2025-12-31 13:55:56,25493314,guest,master,none,"lockout(3fails/300s),totp,pepper",False,0.0,18
2025-12-31 13:55:56,25493314,guest,666666,none,"lockout(3fails/300s),totp,pepper",False,0.0,19
2025-12-31 13:55:56,25493314,guest,qwertyuiop,none,"lockout(3fails/300s),totp,pepper",False,0.0,20
2025-12-31 13:55:56,25493314,guest,123321,none,"lockout(3fails/300s),totp,pepper",False,0.0,21
2025-12-31 13:55:56,25493314,guest,mustang,none,"lockout(3fails/300s),totp,pepper",False,0.0,22
2025-12-31 13:55:56,25493314,guest,121212,none,"lockout(3fails/300s),totp,pepper",False,0.0,23
2025-12-31 13:55:56,25493314,guest,000000,none,"lockout(3fails/300s),totp,pepper",False,0.0,24
2025-12-31 13:55:56,25493314,guest,password1,none,"lockout(3fails/300s),totp,pepper",False,0.0,25
2025-12-31 13:55:56,25493314,guest,admin,none,"lockout(3fails/300s),totp,pepper",False,0.0,26
2025-12-31 13:55:56,25493314,guest,admin123,none,"lockout(3fails/300s),totp,pepper",False,0.0,27
2025-12-31 13:55:56,25493314,guest,root,none,"lockout(3fails/300s),totp,pepper",False,0.0,28
2025-12-31 13:55:56,25493314,guest,toor,none,"lockout(3fails/300s),totp,pepper",False,0.0,29
2025-12-31 13:55:56,25493314,guest,pass,none,"lockout(3fails/300s),totp,pepper",False,0.0,30
2025-12-31 13:55:56,25493314,guest,test,none,"lockout(3fails/300s),totp,pepper",False,0.0,31
2025-12-31 13:55:56,25493314,guest,test123,none,"lockout(3fails/300s),totp,pepper",False,0.0,32
2025-12-31 13:55:56,25493314,guest,guest,none,"lockout(3fails/300s),totp,pepper",False,0.0,33
2025-12-31 13:55:56,25493314,guest,guest123,none,"lockout(3fails/300s),totp,pepper",False,0.0,34
2025-12-31 13:55:56,25493314,guest,user,none,"lockout(3fails/300s),totp,pepper",False,0.0,35
2025-12-31 13:55:56,25493314,guest,user123,none,"lockout(3fails/300s),totp,pepper",False,0.0,36
2025-12-31 13:55:56,25493314,guest,login,none,"lockout(3fails/300s),totp,pepper",False,0.0,37
2025-12-31 13:55:56,25493314,guest,login123,none,"lockout(3fails/300s),totp,pepper",False,0.0,38
2025-12-31 13:55:56,25493314,guest,welcome,none,"lockout(3fails/300s),totp,pepper",False,0.0,39
2025-12-31 13:55:56,25493314,guest,welcome1,none,"lockout(3fails/300s),totp,pepper",False,0.0,40
2025-12-31 13:55:56,25493314,guest,password123,none,"lockout(3fails/300s),totp,pepper",False,0.0,41
2025-12-31 13:55:56,25493314,guest,admin1,none,"lockout(3fails/300s),totp,pepper",False,0.0,42
2025-12-31 13:55:56,25493314,guest,root123,none,"lockout(3fails/300s),totp,pepper",False,0.0,43
2025-12-31 13:55:56,25493314,guest,pass123,none,"lockout(3fails/300s),totp,pepper",False,0.0,44
2025-12-31 13:55:56,25493314,guest,1q2w3e4r,none,"lockout(3fails/300s),totp,pepper",False,0.0,45
2025-12-31 13:55:56,25493314,guest,qwerty123,none,"lockout(3fails/300s),totp,pepper",False,0.0,46
2025-12-31 13:55:56,25493314,guest,1234567890,none,"lockout(3fails/300s),totp,pepper",False,0.0,47
2025-12-31 13:55:56,25493314,guest,987654321,none,"lockout(3fails/300s),totp,pepper",False,0.0,48
2025-12-31 13:55:56,25493314,guest,hello,none,"lockout(3fails/300s),totp,pepper",False,0.0,49
2025-12-31 13:55:56,25493314,guest,hello123,none,"lockout(3fails/300s),totp,pepper",False,0.0,50
2025-12-31 13:55:56,25493314,guest,iloveyou,none,"lockout(3fails/300s),totp,pepper",False,0.0,51
2025-12-31 13:55:56,25493314,guest,sunshine,none,"lockout(3fails/300s),totp,pepper",False,0.0,52
2025-12-31 13:55:56,25493314,guest,princess,none,"lockout(3fails/300s),totp,pepper",False,0.0,53
2025-12-31 13:55:56,25493314,guest,Password1,none,"lockout(3fails/300s),totp,pepper",False,0.0,54
2025-12-31 13:55:56,25493314,guest,Password123,none,"lockout(3fails/300s),totp,pepper",False,0.0,55
2025-12-31 13:55:56,25493314,guest,Admin123,none,"lockout(3fails/300s),totp,pepper",False,0.0,56
2025-12-31 13:55:56,25493314,guest,Welcome1,none,"lockout(3fails/300s),totp,pepper",False,0.0,57
2025-12-31 13:55:56,25493314,guest,Student123,none,"lockout(3fails/300s),totp,pepper",False,0.0,58
2025-12-31 13:55:56,25493314,guest,Student99,none,"lockout(3fails/300s),totp,pepper",False,0.0,59
2025-12-31 13:55:56,25493314,guest,Test2024,none,"lockout(3fails/300s),totp,pepper",False,0.0,60
2025-12-31 13:55:56,25493314,guest,Login456,none,"lockout(3fails/300s),totp,pepper",False,0.0,61
2025-12-31 13:55:56,25493314,guest,Python101,none,"lockout(3fails/300s),totp,pepper",False,0.0,62
2025-12-31 13:55:56,25493314,guest,demo,none,"lockout(3fails/300s),totp,pepper",False,0.0,63
2025-12-31 13:55:56,25493314,guest,student,none,"lockout(3fails/300s),totp,pepper",False,0.0,64
2025-12-31 13:55:56,25493314,guest,name,none,"lockout(3fails/300s),totp,pepper",False,0.0,65
2025-12-31 13:55:56,25493314,guest,1111,none,"lockout(3fails/300s),totp,pepper",False,0.0,66
2025-12-31 13:55:56,25493314,guest,BlueCat12,none,"lockout(3fails/300s),totp,pepper",False,0.01,67
2025-12-31 13:55:56,25493314,guest,TechGirl7,none,"lockout(3fails/300s),totp,pepper",False,0.0,68
2025-12-31 13:55:56,25493314,guest,Cloud123,none,"lockout(3fails/300s),totp,pepper",False,0.0,69
2025-12-31 13:55:56,25493314,guest,GameOn22,none,"lockout(3fails/300s),totp,pepper",False,0.0,70
2025-12-31 13:55:56,25493314,guest,WebDev88,none,"lockout(3fails/300s),totp,pepper",False,0.0,71
2025-12-31 13:55:56,25493314,test,123456,none,"lockout(3fails/300s),totp,pepper",False,0.01,1
2025-12-31 13:55:56,25493314,test,password,none,"lockout(3fails/300s),totp,pepper",False,0.01,2
2025-12-31 13:55:56,25493314,test,12345678,none,"lockout(3fails/300s),totp,pepper",False,0.01,3
2025-12-31 13:55:56,25493314,test,qwerty,none,"lockout(3fails/300s),totp,pepper",False,0.0,4
2025-12-31 14:00:55,25493314,test,123456789,none,"lockout(3fails/300s),totp,pepper",False,0.03,5
2025-12-31 14:00:55,25493314,test,12345,none,"lockout(3fails/300s),totp,pepper",False,0.01,6
2025-12-31 14:00:55,25493314,test,1234,none,"lockout(3fails/300s),totp,pepper",False,0.01,7
2025-12-31 14:00:55,25493314,test,111111,none,"lockout(3fails/300s),totp,pepper",False,0.0,8
2025-12-31 14:00:55,25493314,test,1234567,none,"lockout(3fails/300s),totp,pepper",False,0.0,9
2025-12-31 14:00:55,25493314,test,dragon,none,"lockout(3fails/300s),totp,pepper",False,0.0,10
2025-12-31 14:00:55,25493314,test,123123,none,"lockout(3fails/300s),totp,pepper",False,0.0,11
2025-12-31 14:00:55,25493314,test,baseball,none,"lockout(3fails/300s),totp,pepper",False,0.0,12
2025-12-31 14:00:55,25493314,test,abc123,none,"lockout(3fails/300s),totp,pepper",False,0.0,13
2025-12-31 14:00:55,25493314,test,football,none,"lockout(3fails/300s),totp,pepper",False,0.0,14
2025-12-31 14:00:55,25493314,test,monkey,none,"lockout(3fails/300s),totp,pepper",False,0.0,15
2025-12-31 14:00:55,25493314,test,letmein,none,"lockout(3fails/300s),totp,pepper",False,0.0,16
2025-12-31 14:00:55,25493314,test,shadow,none,"lockout(3fails/300s),totp,pepper",False,0.0,17
2025-12-31 14:00:55,25493314,test,master,none,"lockout(3fails/300s),totp,pepper",False,0.0,18
2025-12-31 14:00:55,25493314,test,666666,none,"lockout(3fails/300s),totp,pepper",False,0.0,19
2025-12-31 14:00:55,25493314,test,qwertyuiop,none,"lockout(3fails/300s),totp,pepper",False,0.0,20
2025-12-31 14:00:55,25493314,test,123321,none,"lockout(3fails/300s),totp,pepper",False,0.0,21
2025-12-31 14:00:55,25493314,test,mustang,none,"lockout(3fails/300s),totp,pepper",False,0.0,22
2025-12-31 14:00:55,25493314,test,121212,none,"lockout(3fails/300s),totp,pepper",False,0.0,23
2025-12-31 14:00:55,25493314,test,000000,none,"lockout(3fails/300s),totp,pepper",False,0.0,24
2025-12-31 14:00:55,25493314,test,password1,none,"lockout(3fails/300s),totp,pepper",False,0.0,25
2025-12-31 14:00:55,25493314,test,admin,none,"lockout(3fails/300s),totp,pepper",False,0.0,26
2025-12-31 14:00:55,25493314,test,admin123,none,"lockout(3fails/300s),totp,pepper",False,0.0,27
2025-12-31 14:00:55,25493314,test,root,none,"lockout(3fails/300s),totp,pepper",False,0.0,28
2025-12-31 14:00:55,25493314,test,toor,none,"lockout(3fails/300s),totp,pepper",False,0.0,29
2025-12-31 14:00:55,25493314,test,pass,none,"lockout(3fails/300s),totp,pepper",False,0.0,30
2025-12-31 14:00:55,25493314,test,test,none,"lockout(3fails/300s),totp,pepper",False,0.0,31
2025-12-31 14:00:55,25493314,test,test123,none,"lockout(3fails/300s),totp,pepper",False,0.0,32
2025-12-31 14:00:55,25493314,test,guest,none,"lockout(3fails/300s),totp,pepper",False,0.0,33
2025-12-31 14:00:55,25493314,test,guest123,none,"lockout(3fails/300s),totp,pepper",False,0.0,34
2025-12-31 14:00:55,25493314,test,user,none,"lockout(3fails/300s),totp,pepper",False,0.0,35
2025-12-31 14:00:55,25493314,test,user123,none,"lockout(3fails/300s),totp,pepper",False,0.0,36
2025-12-31 14:00:55,25493314,test,login,none,"lockout(3fails/300s),totp,pepper",False,0.0,37
2025-12-31 14:00:55,25493314,test,login123,none,"lockout(3fails/300s),totp,pepper",False,0.0,38
2025-12-31 14:00:55,25493314,test,welcome,none,"lockout(3fails/300s),totp,pepper",False,0.0,39
2025-12-31 14:00:55,25493314,test,welcome1,none,"lockout(3fails/300s),totp,pepper",False,0.0,40
2025-12-31 14:00:55,25493314,test,password123,none,"lockout(3fails/300s),totp,pepper",False,0.0,41
2025-12-31 14:00:55,25493314,test,admin1,none,"lockout(3fails/300s),totp,pepper",False,0.0,42
2025-12-31 14:00:55,25493314,test,root123,none,"lockout(3fails/300s),totp,pepper",False,0.0,43
2025-12-31 14:00:55,25493314,test,pass123,none,"lockout(3fails/300s),totp,pepper",False,0.0,44
2025-12-31 14:00:55,25493314,test,1q2w3e4r,none,"lockout(3fails/300s),totp,pepper",False,0.0,45
2025-12-31 14:00:55,25493314,test,qwerty123,none,"lockout(3fails/300s),totp,pepper",False,0.0,46
2025-12-31 14:00:55,25493314,test,1234567890,none,"lockout(3fails/300s),totp,pepper",False,0.0,47
2025-12-31 14:00:55,25493314,test,987654321,none,"lockout(3fails/300s),totp,pepper",False,0.0,48
2025-12-31 14:00:55,25493314,test,hello,none,"lockout(3fails/300s),totp,pepper",False,0.0,49
2025-12-31 14:00:55,25493314,test,hello123,none,"lockout(3fails/300s),totp,pepper",False,0.0,50
2025-12-31 14:00:55,25493314,test,iloveyou,none,"lockout(3fails/300s),totp,pepper",False,0.0,51
2025-12-31 14:00:55,25493314,test,sunshine,none,"lockout(3fails/300s),totp,pepper",False,0.0,52
2025-12-31 14:00:55,25493314,test,princess,none,"lockout(3fails/300s),totp,pepper",False,0.0,53
2025-12-31 14:00:55,25493314,test,Password1,none,"lockout(3fails/300s),totp,pepper",False,0.0,54
2025-12-31 14:00:55,25493314,test,Password123,none,"lockout(3fails/300s),totp,pepper",False,0.0,55
2025-12-31 14:00:55,25493314,test,Admin123,none,"lockout(3fails/300s),totp,pepper",False,0.0,56
2025-12-31 14:00:55,25493314,test,Welcome1,none,"lockout(3fails/300s),totp,pepper",False,0.0,57
2025-12-31 14:00:56,25493314,test,Student123,none,"lockout(3fails/300s),totp,pepper",False,0.0,58
2025-12-31 14:00:56,25493314,test,Student99,none,"lockout(3fails/300s),totp,pepper",False,0.0,59
2025-12-31 14:00:56,25493314,test,Test2024,none,"lockout(3fails/300s),totp,pepper",False,0.0,60
2025-12-31 14:00:56,25493314,test,Login456,none,"lockout(3fails/300s),totp,pepper",False,0.0,61
2025-12-31 14:00:56,25493314,test,Python101,none,"lockout(3fails/300s),totp,pepper",False,0.0,62
2025-12-31 14:00:56,25493314,test,demo,none,"lockout(3fails/300s),totp,pepper",False,0.0,63
2025-12-31 14:00:56,25493314,test,student,none,"lockout(3fails/300s),totp,pepper",False,0.0,64
2025-12-31 14:00:56,25493314,test,name,none,"lockout(3fails/300s),totp,pepper",False,0.0,65
2025-12-31 14:00:56,25493314,test,1111,none,"lockout(3fails/300s),totp,pepper",False,0.0,66
2025-12-31 14:00:56,25493314,test,BlueCat12,none,"lockout(3fails/300s),totp,pepper",False,0.0,67
2025-12-31 14:00:56,25493314,test,TechGirl7,none,"lockout(3fails/300s),totp,pepper",False,0.0,68
2025-12-31 14:00:56,25493314,test,Cloud123,none,"lockout(3fails/300s),totp,pepper",False,0.0,69
2025-12-31 14:00:56,25493314,test,GameOn22,none,"lockout(3fails/300s),totp,pepper",False,0.0,70
2025-12-31 14:00:56,25493314,test,WebDev88,none,"lockout(3fails/300s),totp,pepper",False,0.0,71
2025-12-31 14:00:56,25493314,hello,123456,none,"lockout(3fails/300s),totp,pepper",False,0.01,1
2025-12-31 14:00:56,25493314,hello,password,none,"lockout(3fails/300s),totp,pepper",False,0.01,2
2025-12-31 14:00:56,25493314,hello,12345678,none,"lockout(3fails/300s),totp,pepper",False,0.01,3
2025-12-31 14:00:56,25493314,hello,qwerty,none,"lockout(3fails/300s),totp,pepper",False,0.0,4
2025-12-31 14:05:55,25493314,hello,123456789,none,"lockout(3fails/300s),totp,pepper",False,0.02,5
2025-12-31 14:05:55,25493314,hello,12345,none,"lockout(3fails/300s),totp,pepper",False,0.01,6
2025-12-31 14:05:55,25493314,hello,1234,none,"lockout(3fails/300s),totp,pepper",False,0.01,7
2025-12-31 14:05:55,25493314,hello,111111,none,"lockout(3fails/300s),totp,pepper",False,0.0,8
2025-12-31 14:05:55,25493314,hello,1234567,none,"lockout(3fails/300s),totp,pepper",False,0.0,9
2025-12-31 14:05:55,25493314,hello,dragon,none,"lockout(3fails/300s),totp,pepper",False,0.0,10
2025-12-31 14:05:55,25493314,hello,123123,none,"lockout(3fails/300s),totp,pepper",False,0.0,11
2025-12-31 14:05:55,25493314,hello,baseball,none,"lockout(3fails/300s),totp,pepper",False,0.0,12
2025-12-31 14:05:55,25493314,hello,abc123,none,"lockout(3fails/300s),totp,pepper",False,0.0,13
2025-12-31 14:05:55,25493314,hello,football,none,"lockout(3fails/300s),totp,pepper",False,0.0,14
2025-12-31 14:05:55,25493314,hello,monkey,none,"lockout(3fails/300s),totp,pepper",False,0.0,15
2025-12-31 14:05:55,25493314,hello,letmein,none,"lockout(3fails/300s),totp,pepper",False,0.0,16
2025-12-31 14:05:55,25493314,hello,shadow,none,"lockout(3fails/300s),totp,pepper",False,0.0,17
2025-12-31 14:05:55,25493314,hello,master,none,"lockout(3fails/300s),totp,pepper",False,0.0,18
2025-12-31 14:05:55,25493314,hello,666666,none,"lockout(3fails/300s),totp,pepper",False,0.0,19
2025-12-31 14:05:55,25493314,hello,qwertyuiop,none,"lockout(3fails/300s),totp,pepper",False,0.0,20
2025-12-31 14:05:55,25493314,hello,123321,none,"lockout(3fails/300s),totp,pepper",False,0.0,21
2025-12-31 14:05:55,25493314,hello,mustang,none,"lockout(3fails/300s),totp,pepper",False,0.0,22
2025-12-31 14:05:55,25493314,hello,121212,none,"lockout(3fails/300s),totp,pepper",False,0.0,23
2025-12-31 14:05:55,25493314,hello,000000,none,"lockout(3fails/300s),totp,pepper",False,0.0,24
2025-12-31 14:05:55,25493314,hello,password1,none,"lockout(3fails/300s),totp,pepper",False,0.0,25
2025-12-31 14:05:55,25493314,hello,admin,none,"lockout(3fails/300s),totp,pepper",False,0.0,26
2025-12-31 14:05:55,25493314,hello,admin123,none,"lockout(3fails/300s),totp,pepper",False,0.0,27
2025-12-31 14:05:55,25493314,hello,root,none,"lockout(3fails/300s),totp,pepper",False,0.0,28
2025-12-31 14:05:55,25493314,hello,toor,none,"lockout(3fails/300s),totp,pepper",False,0.0,29
2025-12-31 14:05:55,25493314,hello,pass,none,"lockout(3fails/300s),totp,pepper",False,0.0,30
2025-12-31 14:05:55,25493314,hello,test,none,"lockout(3fails/300s),totp,pepper",False,0.0,31
2025-12-31 14:05:55,25493314,hello,test123,none,"lockout(3fails/300s),totp,pepper",False,0.0,32
2025-12-31 14:05:55,25493314,hello,guest,none,"lockout(3fails/300s),totp,pepper",False,0.0,33
2025-12-31 14:05:55,25493314,hello,guest123,none,"lockout(3fails/300s),totp,pepper",False,0.0,34
2025-12-31 14:05:55,25493314,hello,user,none,"lockout(3fails/300s),totp,pepper",False,0.0,35
2025-12-31 14:05:55,25493314,hello,user123,none,"lockout(3fails/300s),totp,pepper",False,0.0,36
2025-12-31 14:05:55,25493314,hello,login,none,"lockout(3fails/300s),totp,pepper",False,0.0,37
2025-12-31 14:05:55,25493314,hello,login123,none,"lockout(3fails/300s),totp,pepper",False,0.0,38
2025-12-31 14:05:55,25493314,hello,welcome,none,"lockout(3fails/300s),totp,pepper",False,0.0,39
2025-12-31 14:05:55,25493314,hello,welcome1,none,"lockout(3fails/300s),totp,pepper",False,0.0,40
2025-12-31 14:05:55,25493314,hello,password123,none,"lockout(3fails/300s),totp,pepper",False,0.0,41
2025-12-31 14:05:55,25493314,hello,admin1,none,"lockout(3fails/300s),totp,pepper",False,0.0,42
2025-12-31 14:05:55,25493314,hello,root123,none,"lockout(3fails/300s),totp,pepper",False,0.0,43
2025-12-31 14:05:55,25493314,hello,pass123,none,"lockout(3fails/300s),totp,pepper",False,0.0,44
2025-12-31 14:05:55,25493314,hello,1q2w3e4r,none,"lockout(3fails/300s),totp,pepper",False,0.0,45
2025-12-31 14:05:55,25493314,hello,qwerty123,none,"lockout(3fails/300s),totp,pepper",False,0.0,46
2025-12-31 14:05:55,25493314,hello,1234567890,none,"lockout(3fails/300s),totp,pepper",False,0.0,47
2025-12-31 14:05:55,25493314,hello,987654321,none,"lockout(3fails/300s),totp,pepper",False,0.0,48
2025-12-31 14:05:55,25493314,hello,hello,none,"lockout(3fails/300s),totp,pepper",False,0.0,49
2025-12-31 14:05:55,25493314,hello,hello123,none,"lockout(3fails/300s),totp,pepper",False,0.0,50
2025-12-31 14:05:55,25493314,hello,iloveyou,none,"lockout(3fails/300s),totp,pepper",False,0.0,51
2025-12-31 14:05:55,25493314,hello,sunshine,none,"lockout(3fails/300s),totp,pepper",False,0.0,52
2025-12-31 14:05:55,25493314,hello,princess,none,"lockout(3fails/300s),totp,pepper",False,0.0,53
2025-12-31 14:05:55,25493314,hello,Password1,none,"lockout(3fails/300s),totp,pepper",False,0.0,54
2025-12-31 14:05:55,25493314,hello,Password123,none,"lockout(3fails/300s),totp,pepper",False,0.0,55
2025-12-31 14:05:55,25493314,hello,Admin123,none,"lockout(3fails/300s),totp,pepper",False,0.0,56
2025-12-31 14:05:55,25493314,hello,Welcome1,none,"lockout(3fails/300s),totp,pepper",False,0.0,57
2025-12-31 14:05:55,25493314,hello,Student123,none,"lockout(3fails/300s),totp,pepper",False,0.0,58
2025-12-31 14:05:55,25493314,hello,Student99,none,"lockout(3fails/300s),totp,pepper",False,0.0,59
2025-12-31 14:05:55,25493314,hello,Test2024,none,"lockout(3fails/300s),totp,pepper",False,0.0,60
2025-12-31 14:05:55,25493314,hello,Login456,none,"lockout(3fails/300s),totp,pepper",False,0.0,61
2025-12-31 14:05:55,25493314,hello,Python101,none,"lockout(3fails/300s),totp,pepper",False,0.0,62
2025-12-31 14:05:55,25493314,hello,demo,none,"lockout(3fails/300s),totp,pepper",False,0.0,63
2025-12-31 14:05:55,25493314,hello,student,none,"lockout(3fails/300s),totp,pepper",False,0.0,64
2025-12-31 14:05:55,25493314,hello,name,none,"lockout(3fails/300s),totp,pepper",False,0.0,65
2025-12-31 14:05:55,25493314,hello,1111,none,"lockout(3fails/300s),totp,pepper",False,0.0,66
2025-12-31 14:05:55,25493314,hello,BlueCat12,none,"lockout(3fails/300s),totp,pepper",False,0.0,67
2025-12-31 14:05:55,25493314,hello,TechGirl7,none,"lockout(3fails/300s),totp,pepper",False,0.0,68
2025-12-31 14:05:55,25493314,hello,Cloud123,none,"lockout(3fails/300s),totp,pepper",False,0.0,69
2025-12-31 14:05:55,25493314,hello,GameOn22,none,"lockout(3fails/300s),totp,pepper",False,0.0,70
2025-12-31 14:05:55,25493314,hello,WebDev88,none,"lockout(3fails/300s),totp,pepper",False,0.0,71
2025-12-31 14:05:56,25493314,name,123456,none,"lockout(3fails/300s),totp,pepper",False,0.01,1
2025-12-31 14:05:56,25493314,name,password,none,"lockout(3fails/300s),totp,pepper",False,0.01,2
2025-12-31 14:05:56,25493314,name,12345678,none,"lockout(3fails/300s),totp,pepper",False,0.01,3
2025-12-31 14:05:56,25493314,name,qwerty,none,"lockout(3fails/300s),totp,pepper",False,0.0,4
2025-12-31 14:14:24,25493314,name,123456789,none,"lockout(3fails/300s),totp,pepper",False,0.19,5
2025-12-31 14:14:24,25493314,name,12345,none,"lockout(3fails/300s),totp,pepper",False,0.04,6
2025-12-31 14:14:24,25493314,name,1234,none,"lockout(3fails/300s),totp,pepper",False,0.02,7
2025-12-31 14:14:24,25493314,name,111111,none,"lockout(3fails/300s),totp,pepper",False,0.0,8
2025-12-31 14:19:23,25493314,name,1234567,none,"lockout(3fails/300s),totp,pepper",False,0.01,9
2025-12-31 14:19:23,25493314,name,dragon,none,"lockout(3fails/300s),totp,pepper",False,0.01,10
2025-12-31 14:19:23,25493314,name,123123,none,"lockout(3fails/300s),totp,pepper",False,0.01,11
2025-12-31 14:19:23,25493314,name,baseball,none,"lockout(3fails/300s),totp,pepper",False,0.02,12
2025-12-31 14:19:23,25493314,name,abc123,none,"lockout(3fails/300s),totp,pepper",False,0.01,13
2025-12-31 14:19:23,25493314,name,football,none,"lockout(3fails/300s),totp,pepper",False,0.0,14
2025-12-31 14:19:23,25493314,name,monkey,none,"lockout(3fails/300s),totp,pepper",False,0.0,15
2025-12-31 14:19:23,25493314,name,letmein,none,"lockout(3fails/300s),totp,pepper",False,0.0,16
2025-12-31 14:19:23,25493314,name,shadow,none,"lockout(3fails/300s),totp,pepper",False,0.0,17
2025-12-31 14:19:23,25493314,name,master,none,"lockout(3fails/300s),totp,pepper",False,0.0,18
2025-12-31 14:19:23,25493314,name,666666,none,"lockout(3fails/300s),totp,pepper",False,0.0,19
2025-12-31 14:19:23,25493314,name,qwertyuiop,none,"lockout(3fails/300s),totp,pepper",False,0.0,20
2025-12-31 14:19:23,25493314,name,123321,none,"lockout(3fails/300s),totp,pepper",False,0.0,21
2025-12-31 14:19:23,25493314,name,mustang,none,"lockout(3fails/300s),totp,pepper",False,0.0,22
2025-12-31 14:19:23,25493314,name,121212,none,"lockout(3fails/300s),totp,pepper",False,0.0,23
2025-12-31 14:19:23,25493314,name,000000,none,"lockout(3fails/300s),totp,pepper",False,0.0,24
2025-12-31 14:19:23,25493314,name,password1,none,"lockout(3fails/300s),totp,pepper",False,0.0,25
2025-12-31 14:19:23,25493314,name,admin,none,"lockout(3fails/300s),totp,pepper",False,0.0,26
2025-12-31 14:19:23,25493314,name,admin123,none,"lockout(3fails/300s),totp,pepper",False,0.0,27
2025-12-31 14:19:23,25493314,name,root,none,"lockout(3fails/300s),totp,pepper",False,0.0,28
2025-12-31 14:19:23,25493314,name,toor,none,"lockout(3fails/300s),totp,pepper",False,0.0,29
2025-12-31 14:19:23,25493314,name,pass,none,"lockout(3fails/300s),totp,pepper",False,0.0,30
2025-12-31 14:19:23,25493314,name,test,none,"lockout(3fails/300s),totp,pepper",False,0.0,31
2025-12-31 14:19:23,25493314,name,test123,none,"lockout(3fails/300s),totp,pepper",False,0.0,32
2025-12-31 14:19:23,25493314,name,guest,none,"lockout(3fails/300s),totp,pepper",False,0.0,33
2025-12-31 14:19:23,25493314,name,guest123,none,"lockout(3fails/300s),totp,pepper",False,0.0,34
2025-12-31 14:19:23,25493314,name,user,none,"lockout(3fails/300s),totp,pepper",False,0.0,35
2025-12-31 14:19:23,25493314,name,user123,none,"lockout(3fails/300s),totp,pepper",False,0.0,36
2025-12-31 14:19:23,25493314,name,login,none,"lockout(3fails/300s),totp,pepper",False,0.0,37
2025-12-31 14:19:23,25493314,name,login123,none,"lockout(3fails/300s),totp,pepper",False,0.0,38
2025-12-31 14:19:23,25493314,name,welcome,none,"lockout(3fails/300s),totp,pepper",False,0.0,39
2025-12-31 14:19:23,25493314,name,welcome1,none,"lockout(3fails/300s),totp,pepper",False,0.0,40
2025-12-31 14:19:23,25493314,name,password123,none,"lockout(3fails/300s),totp,pepper",False,0.01,41
2025-12-31 14:19:23,25493314,name,admin1,none,"lockout(3fails/300s),totp,pepper",False,0.0,42
2025-12-31 14:19:23,25493314,name,root123,none,"lockout(3fails/300s),totp,pepper",False,0.0,43
2025-12-31 14:19:23,25493314,name,pass123,none,"lockout(3fails/300s),totp,pepper",False,0.0,44
2025-12-31 14:19:23,25493314,name,1q2w3e4r,none,"lockout(3fails/300s),totp,pepper",False,0.0,45
2025-12-31 14:19:23,25493314,name,qwerty123,none,"lockout(3fails/300s),totp,pepper",False,0.0,46
2025-12-31 14:19:23,25493314,name,1234567890,none,"lockout(3fails/300s),totp,pepper",False,0.0,47
2025-12-31 14:19:23,25493314,name,987654321,none,"lockout(3fails/300s),totp,pepper",False,0.0,48
2025-12-31 14:19:23,25493314,name,hello,none,"lockout(3fails/300s),totp,pepper",False,0.0,49
2025-12-31 14:19:23,25493314,name,hello123,none,"lockout(3fails/300s),totp,pepper",False,0.0,50
2025-12-31 14:19:23,25493314,name,iloveyou,none,"lockout(3fails/300s),totp,pepper",False,0.0,51
2025-12-31 14:19:23,25493314,name,sunshine,none,"lockout(3fails/300s),totp,pepper",False,0.0,52
2025-12-31 14:19:23,25493314,name,princess,none,"lockout(3fails/300s),totp,pepper",False,0.0,53
2025-12-31 14:19:23,25493314,name,Password1,none,"lockout(3fails/300s),totp,pepper",False,0.0,54
2025-12-31 14:19:23,25493314,name,Password123,none,"lockout(3fails/300s),totp,pepper",False,0.0,55
2025-12-31 14:19:23,25493314,name,Admin123,none,"lockout(3fails/300s),totp,pepper",False,0.0,56
2025-12-31 14:19:23,25493314,name,Welcome1,none,"lockout(3fails/300s),totp,pepper",False,0.0,57
2025-12-31 14:19:23,25493314,name,Student123,none,"lockout(3fails/300s),totp,pepper",False,0.0,58
2025-12-31 14:19:23,25493314,name,Student99,none,"lockout(3fails/300s),totp,pepper",False,0.01,59
2025-12-31 14:19:23,25493314,name,Test2024,none,"lockout(3fails/300s),totp,pepper",False,0.01,60
2025-12-31 14:19:23,25493314,name,Login456,none,"lockout(3fails/300s),totp,pepper",False,0.0,61
2025-12-31 14:19:23,25493314,name,Python101,none,"lockout(3fails/300s),totp,pepper",False,0.0,62
2025-12-31 14:19:23,25493314,name,demo,none,"lockout(3fails/300s),totp,pepper",False,0.0,63
2025-12-31 14:19:23,25493314,name,student,none,"lockout(3fails/300s),totp,pepper",False,0.0,64
2025-12-31 14:19:23,25493314,name,name,none,"lockout(3fails/300s),totp,pepper",False,0.0,65
2025-12-31 14:19:23,25493314,name,1111,none,"lockout(3fails/300s),totp,pepper",False,0.0,66
2025-12-31 14:19:23,25493314,name,BlueCat12,none,"lockout(3fails/300s),totp,pepper",False,0.0,67
2025-12-31 14:19:23,25493314,name,TechGirl7,none,"lockout(3fails/300s),totp,pepper",False,0.0,68
2025-12-31 14:19:23,25493314,name,Cloud123,none,"lockout(3fails/300s),totp,pepper",False,0.0,69
2025-12-31 14:19:23,25493314,name,GameOn22,none,"lockout(3fails/300s),totp,pepper",False,0.0,70
2025-12-31 14:19:23,25493314,name,WebDev88,none,"lockout(3fails/300s),totp,pepper",False,0.0,71
2025-12-31 14:19:24,25493314,login,123456,none,"lockout(3fails/300s),totp,pepper",False,0.02,1
2025-12-31 14:19:24,25493314,login,password,none,"lockout(3fails/300s),totp,pepper",False,0.01,2
2025-12-31 14:19:24,25493314,login,12345678,none,"lockout(3fails/300s),totp,pepper",False,0.01,3
2025-12-31 14:19:24,25493314,login,qwerty,none,"lockout(3fails/300s),totp,pepper",False,0.0,4
2025-12-31 14:24:23,25493314,login,123456789,none,"lockout(3fails/300s),totp,pepper",False,0.05,5
2025-12-31 14:24:23,25493314,login,12345,none,"lockout(3fails/300s),totp,pepper",False,0.0,6
2025-12-31 14:24:23,25493314,login,1234,none,"lockout(3fails/300s),totp,pepper",False,0.0,7
2025-12-31 14:24:23,25493314,login,111111,none,"lockout(3fails/300s),totp,pepper",False,0.0,8
2025-12-31 14:24:23,25493314,login,1234567,none,"lockout(3fails/300s),totp,pepper",False,0.0,9
2025-12-31 14:24:23,25493314,login,dragon,none,"lockout(3fails/300s),totp,pepper",False,0.0,10
2025-12-31 14:24:23,25493314,login,123123,none,"lockout(3fails/300s),totp,pepper",False,0.0,11
2025-12-31 14:24:23,25493314,login,baseball,none,"lockout(3fails/300s),totp,pepper",False,0.0,12
2025-12-31 14:24:23,25493314,login,abc123,none,"lockout(3fails/300s),totp,pepper",False,0.0,13
2025-12-31 14:24:23,25493314,login,football,none,"lockout(3fails/300s),totp,pepper",False,0.01,14
2025-12-31 14:24:23,25493314,login,monkey,none,"lockout(3fails/300s),totp,pepper",False,0.0,15
2025-12-31 14:24:23,25493314,login,letmein,none,"lockout(3fails/300s),totp,pepper",False,0.0,16
2025-12-31 14:24:23,25493314,login,shadow,none,"lockout(3fails/300s),totp,pepper",False,0.0,17
2025-12-31 14:24:23,25493314,login,master,none,"lockout(3fails/300s),totp,pepper",False,0.0,18
2025-12-31 14:24:23,25493314,login,666666,none,"lockout(3fails/300s),totp,pepper",False,0.0,19
2025-12-31 14:24:23,25493314,login,qwertyuiop,none,"lockout(3fails/300s),totp,pepper",False,0.0,20
2025-12-31 14:24:23,25493314,login,123321,none,"lockout(3fails/300s),totp,pepper",False,0.0,21
2025-12-31 14:24:23,25493314,login,mustang,none,"lockout(3fails/300s),totp,pepper",False,0.0,22
2025-12-31 14:24:23,25493314,login,121212,none,"lockout(3fails/300s),totp,pepper",False,0.0,23
2025-12-31 14:24:23,25493314,login,000000,none,"lockout(3fails/300s),totp,pepper",False,0.0,24
2025-12-31 14:24:23,25493314,login,password1,none,"lockout(3fails/300s),totp,pepper",False,0.0,25
2025-12-31 14:24:23,25493314,login,admin,none,"lockout(3fails/300s),totp,pepper",False,0.0,26
2025-12-31 14:24:23,25493314,login,admin123,none,"lockout(3fails/300s),totp,pepper",False,0.0,27
2025-12-31 14:24:23,25493314,login,root,none,"lockout(3fails/300s),totp,pepper",False,0.0,28
2025-12-31 14:24:23,25493314,login,toor,none,"lockout(3fails/300s),totp,pepper",False,0.0,29
2025-12-31 14:24:23,25493314,login,pass,none,"lockout(3fails/300s),totp,pepper",False,0.0,30
2025-12-31 14:24:23,25493314,login,test,none,"lockout(3fails/300s),totp,pepper",False,0.0,31
2025-12-31 14:24:23,25493314,login,test123,none,"lockout(3fails/300s),totp,pepper",False,0.0,32
2025-12-31 14:24:23,25493314,login,guest,none,"lockout(3fails/300s),totp,pepper",False,0.0,33
2025-12-31 14:24:23,25493314,login,guest123,none,"lockout(3fails/300s),totp,pepper",False,0.0,34
2025-12-31 14:24:23,25493314,login,user,none,"lockout(3fails/300s),totp,pepper",False,0.0,35
2025-12-31 14:24:23,25493314,login,user123,none,"lockout(3fails/300s),totp,pepper",False,0.0,36
2025-12-31 14:24:23,25493314,login,login,none,"lockout(3fails/300s),totp,pepper",False,0.0,37
2025-12-31 14:24:23,25493314,login,login123,none,"lockout(3fails/300s),totp,pepper",False,0.0,38
2025-12-31 14:24:23,25493314,login,welcome,none,"lockout(3fails/300s),totp,pepper",False,0.0,39
2025-12-31 14:24:23,25493314,login,welcome1,none,"lockout(3fails/300s),totp,pepper",False,0.0,40
2025-12-31 14:24:23,25493314,login,password123,none,"lockout(3fails/300s),totp,pepper",False,0.0,41
2025-12-31 14:24:23,25493314,login,admin1,none,"lockout(3fails/300s),totp,pepper",False,0.0,42
2025-12-31 14:24:23,25493314,login,root123,none,"lockout(3fails/300s),totp,pepper",False,0.0,43
2025-12-31 14:24:23,25493314,login,pass123,none,"lockout(3fails/300s),totp,pepper",False,0.0,44
2025-12-31 14:24:23,25493314,login,1q2w3e4r,none,"lockout(3fails/300s),totp,pepper",False,0.0,45
2025-12-31 14:24:23,25493314,login,qwerty123,none,"lockout(3fails/300s),totp,pepper",False,0.0,46
2025-12-31 14:24:23,25493314,login,1234567890,none,"lockout(3fails/300s),totp,pepper",False,0.0,47
2025-12-31 14:24:23,25493314,login,987654321,none,"lockout(3fails/300s),totp,pepper",False,0.0,48
2025-12-31 14:24:23,25493314,login,hello,none,"lockout(3fails/300s),totp,pepper",False,0.0,49
2025-12-31 14:24:23,25493314,login,hello123,none,"lockout(3fails/300s),totp,pepper",False,0.0,50
2025-12-31 14:24:23,25493314,login,iloveyou,none,"lockout(3fails/300s),totp,pepper",False,0.0,51
2025-12-31 14:24:23,25493314,login,sunshine,none,"lockout(3fails/300s),totp,pepper",False,0.0,52
2025-12-31 14:24:23,25493314,login,princess,none,"lockout(3fails/300s),totp,pepper",False,0.0,53
2025-12-31 14:24:23,25493314,login,Password1,none,"lockout(3fails/300s),totp,pepper",False,0.0,54
2025-12-31 14:24:23,25493314,login,Password123,none,"lockout(3fails/300s),totp,pepper",False,0.0,55
2025-12-31 14:24:23,25493314,login,Admin123,none,"lockout(3fails/300s),totp,pepper",False,0.0,56
2025-12-31 14:24:23,25493314,login,Welcome1,none,"lockout(3fails/300s),totp,pepper",False,0.0,57
2025-12-31 14:24:23,25493314,login,Student123,none,"lockout(3fails/300s),totp,pepper",False,0.0,58
2025-12-31 14:24:23,25493314,login,Student99,none,"lockout(3fails/300s),totp,pepper",False,0.0,59
2025-12-31 14:24:23,25493314,login,Test2024,none,"lockout(3fails/300s),totp,pepper",False,0.0,60
2025-12-31 14:24:23,25493314,login,Login456,none,"lockout(3fails/300s),totp,pepper",False,0.0,61
2025-12-31 14:24:23,25493314,login,Python101,none,"lockout(3fails/300s),totp,pepper",False,0.0,62
2025-12-31 14:24:23,25493314,login,demo,none,"lockout(3fails/300s),totp,pepper",False,0.0,63
2025-12-31 14:24:23,25493314,login,student,none,"lockout(3fails/300s),totp,pepper",False,0.0,64
2025-12-31 14:24:23,25493314,login,name,none,"lockout(3fails/300s),totp,pepper",False,0.0,65
2025-12-31 14:24:23,25493314,login,1111,none,"lockout(3fails/300s),totp,pepper",False,0.0,66
2025-12-31 14:24:23,25493314,login,BlueCat12,none,"lockout(3fails/300s),totp,pepper",False,0.0,67
2025-12-31 14:24:23,25493314,login,TechGirl7,none,"lockout(3fails/300s),totp,pepper",False,0.0,68
2025-12-31 14:24:23,25493314,login,Cloud123,none,"lockout(3fails/300s),totp,pepper",False,0.0,69
2025-12-31 14:24:23,25493314,login,GameOn22,none,"lockout(3fails/300s),totp,pepper",False,0.0,70
2025-12-31 14:24:23,25493314,login,WebDev88,none,"lockout(3fails/300s),totp,pepper",False,0.0,71
2025-12-31 14:24:24,25493314,abc,123456,none,"lockout(3fails/300s),totp,pepper",False,0.03,1
2025-12-31 14:24:24,25493314,abc,password,none,"lockout(3fails/300s),totp,pepper",False,0.01,2
2025-12-31 14:24:24,25493314,abc,12345678,none,"lockout(3fails/300s),totp,pepper",False,0.01,3
2025-12-31 14:24:24,25493314,abc,qwerty,none,"lockout(3fails/300s),totp,pepper",False,0.0,4
2025-12-31 14:29:23,25493314,abc,123456789,none,"lockout(3fails/300s),totp,pepper",False,0.01,5
2025-12-31 14:29:23,25493314,abc,12345,none,"lockout(3fails/300s),totp,pepper",False,0.01,6
2025-12-31 14:29:23,25493314,abc,1234,none,"lockout(3fails/300s),totp,pepper",False,0.0,7
2025-12-31 14:29:23,25493314,abc,111111,none,"lockout(3fails/300s),totp,pepper",False,0.0,8
2025-12-31 14:29:23,25493314,abc,1234567,none,"lockout(3fails/300s),totp,pepper",False,0.0,9
2025-12-31 14:29:23,25493314,abc,dragon,none,"lockout(3fails/300s),totp,pepper",False,0.0,10
2025-12-31 14:29:23,25493314,abc,123123,none,"lockout(3fails/300s),totp,pepper",False,0.0,11
2025-12-31 14:29:23,25493314,abc,baseball,none,"lockout(3fails/300s),totp,pepper",False,0.0,12
2025-12-31 14:29:23,25493314,abc,abc123,none,"lockout(3fails/300s),totp,pepper",False,0.0,13
2025-12-31 14:29:23,25493314,abc,football,none,"lockout(3fails/300s),totp,pepper",False,0.0,14
2025-12-31 14:29:23,25493314,abc,monkey,none,"lockout(3fails/300s),totp,pepper",False,0.0,15
2025-12-31 14:29:23,25493314,abc,letmein,none,"lockout(3fails/300s),totp,pepper",False,0.0,16
2025-12-31 14:29:23,25493314,abc,shadow,none,"lockout(3fails/300s),totp,pepper",False,0.0,17
2025-12-31 14:29:23,25493314,abc,master,none,"lockout(3fails/300s),totp,pepper",False,0.0,18
2025-12-31 14:29:23,25493314,abc,666666,none,"lockout(3fails/300s),totp,pepper",False,0.0,19
2025-12-31 14:29:23,25493314,abc,qwertyuiop,none,"lockout(3fails/300s),totp,pepper",False,0.0,20
2025-12-31 14:29:23,25493314,abc,123321,none,"lockout(3fails/300s),totp,pepper",False,0.0,21
2025-12-31 14:29:23,25493314,abc,mustang,none,"lockout(3fails/300s),totp,pepper",False,0.0,22
2025-12-31 14:29:23,25493314,abc,121212,none,"lockout(3fails/300s),totp,pepper",False,0.0,23
2025-12-31 14:29:23,25493314,abc,000000,none,"lockout(3fails/300s),totp,pepper",False,0.0,24
2025-12-31 14:29:23,25493314,abc,password1,none,"lockout(3fails/300s),totp,pepper",False,0.0,25
2025-12-31 14:29:23,25493314,abc,admin,none,"lockout(3fails/300s),totp,pepper",False,0.0,26
2025-12-31 14:29:23,25493314,abc,admin123,none,"lockout(3fails/300s),totp,pepper",False,0.0,27
2025-12-31 14:29:23,25493314,abc,root,none,"lockout(3fails/300s),totp,pepper",False,0.0,28
2025-12-31 14:29:23,25493314,abc,toor,none,"lockout(3fails/300s),totp,pepper",False,0.0,29
2025-12-31 14:29:23,25493314,abc,pass,none,"lockout(3fails/300s),totp,pepper",False,0.0,30
2025-12-31 14:29:23,25493314,abc,test,none,"lockout(3fails/300s),totp,pepper",False,0.0,31
2025-12-31 14:29:23,25493314,abc,test123,none,"lockout(3fails/300s),totp,pepper",False,0.0,32
2025-12-31 14:29:23,25493314,abc,guest,none,"lockout(3fails/300s),totp,pepper",False,0.0,33
2025-12-31 14:29:23,25493314,abc,guest123,none,"lockout(3fails/300s),totp,pepper",False,0.0,34
2025-12-31 14:29:23,25493314,abc,user,none,"lockout(3fails/300s),totp,pepper",False,0.0,35
2025-12-31 14:29:23,25493314,abc,user123,none,"lockout(3fails/300s),totp,pepper",False,0.0,36
2025-12-31 14:29:23,25493314,abc,login,none,"lockout(3fails/300s),totp,pepper",False,0.0,37
2025-12-31 14:29:23,25493314,abc,login123,none,"lockout(3fails/300s),totp,pepper",False,0.0,38
2025-12-31 14:29:23,25493314,abc,welcome,none,"lockout(3fails/300s),totp,pepper",False,0.0,39
2025-12-31 14:29:23,25493314,abc,welcome1,none,"lockout(3fails/300s),totp,pepper",False,0.0,40
2025-12-31 14:29:23,25493314,abc,password123,none,"lockout(3fails/300s),totp,pepper",False,0.0,41
2025-12-31 14:29:23,25493314,abc,admin1,none,"lockout(3fails/300s),totp,pepper",False,0.0,42
2025-12-31 14:29:23,25493314,abc,root123,none,"lockout(3fails/300s),totp,pepper",False,0.0,43
2025-12-31 14:29:23,25493314,abc,pass123,none,"lockout(3fails/300s),totp,pepper",False,0.0,44
2025-12-31 14:29:23,25493314,abc,1q2w3e4r,none,"lockout(3fails/300s),totp,pepper",False,0.0,45
2025-12-31 14:29:23,25493314,abc,qwerty123,none,"lockout(3fails/300s),totp,pepper",False,0.0,46
2025-12-31 14:29:23,25493314,abc,1234567890,none,"lockout(3fails/300s),totp,pepper",False,0.0,47
2025-12-31 14:29:23,25493314,abc,987654321,none,"lockout(3fails/300s),totp,pepper",False,0.0,48
2025-12-31 14:29:23,25493314,abc,hello,none,"lockout(3fails/300s),totp,pepper",False,0.0,49
2025-12-31 14:29:23,25493314,abc,hello123,none,"lockout(3fails/300s),totp,pepper",False,0.0,50
2025-12-31 14:29:23,25493314,abc,iloveyou,none,"lockout(3fails/300s),totp,pepper",False,0.0,51
2025-12-31 14:29:23,25493314,abc,sunshine,none,"lockout(3fails/300s),totp,pepper",False,0.0,52
2025-12-31 14:29:23,25493314,abc,princess,none,"lockout(3fails/300s),totp,pepper",False,0.0,53
2025-12-31 14:29:23,25493314,abc,Password1,none,"lockout(3fails/300s),totp,pepper",False,0.0,54
2025-12-31 14:29:23,25493314,abc,Password123,none,"lockout(3fails/300s),totp,pepper",False,0.0,55
2025-12-31 14:29:23,25493314,abc,Admin123,none,"lockout(3fails/300s),totp,pepper",False,0.0,56
2025-12-31 14:29:23,25493314,abc,Welcome1,none,"lockout(3fails/300s),totp,pepper",False,0.0,57
2025-12-31 14:29:23,25493314,abc,Student123,none,"lockout(3fails/300s),totp,pepper",False,0.0,58
2025-12-31 14:29:23,25493314,abc,Student99,none,"lockout(3fails/300s),totp,pepper",False,0.0,59
2025-12-31 14:29:23,25493314,abc,Test2024,none,"lockout(3fails/300s),totp,pepper",False,0.0,60
2025-12-31 14:29:23,25493314,abc,Login456,none,"lockout(3fails/300s),totp,pepper",False,0.0,61
2025-12-31 14:29:23,25493314,abc,Python101,none,"lockout(3fails/300s),totp,pepper",False,0.0,62
2025-12-31 14:29:23,25493314,abc,demo,none,"lockout(3fails/300s),totp,pepper",False,0.0,63
2025-12-31 14:29:23,25493314,abc,student,none,"lockout(3fails/300s),totp,pepper",False,0.0,64
2025-12-31 14:29:24,25493314,abc,name,none,"lockout(3fails/300s),totp,pepper",False,0.0,65
2025-12-31 14:29:24,25493314,abc,1111,none,"lockout(3fails/300s),totp,pepper",False,0.0,66
2025-12-31 14:29:24,25493314,abc,BlueCat12,none,"lockout(3fails/300s),totp,pepper",False,0.0,67
2025-12-31 14:29:24,25493314,abc,TechGirl7,none,"lockout(3fails/300s),totp,pepper",False,0.0,68
2025-12-31 14:29:24,25493314,abc,Cloud123,none,"lockout(3fails/300s),totp,pepper",False,0.0,69
2025-12-31 14:29:24,25493314,abc,GameOn22,none,"lockout(3fails/300s),totp,pepper",False,0.0,70
2025-12-31 14:29:24,25493314,abc,WebDev88,none,"lockout(3fails/300s),totp,pepper",False,0.0,71
2025-12-31 14:29:24,25493314,demo,123456,none,"lockout(3fails/300s),totp,pepper",False,0.01,1
2025-12-31 14:29:24,25493314,demo,password,none,"lockout(3fails/300s),totp,pepper",False,0.02,2
2025-12-31 14:29:24,25493314,demo,12345678,none,"lockout(3fails/300s),totp,pepper",False,0.01,3
2025-12-31 14:29:24,25493314,demo,qwerty,none,"lockout(3fails/300s),totp,pepper",False,0.0,4
2025-12-31 14:34:23,25493314,demo,123456789,none,"lockout(3fails/300s),totp,pepper",False,0.01,5
2025-12-31 14:34:23,25493314,demo,12345,none,"lockout(3fails/300s),totp,pepper",False,0.01,6
2025-12-31 14:34:23,25493314,demo,1234,none,"lockout(3fails/300s),totp,pepper",False,0.0,7
2025-12-31 14:34:23,25493314,demo,111111,none,"lockout(3fails/300s),totp,pepper",False,0.0,8
2025-12-31 14:34:23,25493314,demo,1234567,none,"lockout(3fails/300s),totp,pepper",False,0.0,9
2025-12-31 14:34:23,25493314,demo,dragon,none,"lockout(3fails/300s),totp,pepper",False,0.0,10
2025-12-31 14:34:23,25493314,demo,123123,none,"lockout(3fails/300s),totp,pepper",False,0.0,11
2025-12-31 14:34:23,25493314,demo,baseball,none,"lockout(3fails/300s),totp,pepper",False,0.0,12
2025-12-31 14:34:23,25493314,demo,abc123,none,"lockout(3fails/300s),totp,pepper",False,0.0,13
2025-12-31 14:34:23,25493314,demo,football,none,"lockout(3fails/300s),totp,pepper",False,0.0,14
2025-12-31 14:34:23,25493314,demo,monkey,none,"lockout(3fails/300s),totp,pepper",False,0.0,15
2025-12-31 14:34:23,25493314,demo,letmein,none,"lockout(3fails/300s),totp,pepper",False,0.0,16
2025-12-31 14:34:23,25493314,demo,shadow,none,"lockout(3fails/300s),totp,pepper",False,0.0,17
2025-12-31 14:34:23,25493314,demo,master,none,"lockout(3fails/300s),totp,pepper",False,0.0,18
2025-12-31 14:34:23,25493314,demo,666666,none,"lockout(3fails/300s),totp,pepper",False,0.0,19
2025-12-31 14:34:23,25493314,demo,qwertyuiop,none,"lockout(3fails/300s),totp,pepper",False,0.0,20
2025-12-31 14:34:23,25493314,demo,123321,none,"lockout(3fails/300s),totp,pepper",False,0.0,21
2025-12-31 14:34:23,25493314,demo,mustang,none,"lockout(3fails/300s),totp,pepper",False,0.0,22
2025-12-31 14:34:23,25493314,demo,121212,none,"lockout(3fails/300s),totp,pepper",False,0.0,23
2025-12-31 14:34:23,25493314,demo,000000,none,"lockout(3fails/300s),totp,pepper",False,0.0,24
2025-12-31 14:34:23,25493314,demo,password1,none,"lockout(3fails/300s),totp,pepper",False,0.0,25
2025-12-31 14:34:23,25493314,demo,admin,none,"lockout(3fails/300s),totp,pepper",False,0.0,26
2025-12-31 14:34:23,25493314,demo,admin123,none,"lockout(3fails/300s),totp,pepper",False,0.0,27
2025-12-31 14:34:23,25493314,demo,root,none,"lockout(3fails/300s),totp,pepper",False,0.0,28
2025-12-31 14:34:23,25493314,demo,toor,none,"lockout(3fails/300s),totp,pepper",False,0.0,29
2025-12-31 14:34:23,25493314,demo,pass,none,"lockout(3fails/300s),totp,pepper",False,0.0,30
2025-12-31 14:34:23,25493314,demo,test,none,"lockout(3fails/300s),totp,pepper",False,0.0,31
2025-12-31 14:34:23,25493314,demo,test123,none,"lockout(3fails/300s),totp,pepper",False,0.0,32
2025-12-31 14:34:23,25493314,demo,guest,none,"lockout(3fails/300s),totp,pepper",False,0.0,33
2025-12-31 14:34:23,25493314,demo,guest123,none,"lockout(3fails/300s),totp,pepper",False,0.0,34
2025-12-31 14:34:23,25493314,demo,user,none,"lockout(3fails/300s),totp,pepper",False,0.0,35
2025-12-31 14:34:23,25493314,demo,user123,none,"lockout(3fails/300s),totp,pepper",False,0.0,36
2025-12-31 14:34:23,25493314,demo,login,none,"lockout(3fails/300s),totp,pepper",False,0.0,37
2025-12-31 14:34:23,25493314,demo,login123,none,"lockout(3fails/300s),totp,pepper",False,0.0,38
2025-12-31 14:34:23,25493314,demo,welcome,none,"lockout(3fails/300s),totp,pepper",False,0.0,39
2025-12-31 14:34:23,25493314,demo,welcome1,none,"lockout(3fails/300s),totp,pepper",False,0.0,40
2025-12-31 14:34:23,25493314,demo,password123,none,"lockout(3fails/300s),totp,pepper",False,0.0,41
2025-12-31 14:34:23,25493314,demo,admin1,none,"lockout(3fails/300s),totp,pepper",False,0.0,42
2025-12-31 14:34:23,25493314,demo,root123,none,"lockout(3fails/300s),totp,pepper",False,0.0,43
2025-12-31 14:34:23,25493314,demo,pass123,none,"lockout(3fails/300s),totp,pepper",False,0.0,44
2025-12-31 14:34:23,25493314,demo,1q2w3e4r,none,"lockout(3fails/300s),totp,pepper",False,0.0,45
2025-12-31 14:34:23,25493314,demo,qwerty123,none,"lockout(3fails/300s),totp,pepper",False,0.0,46
2025-12-31 14:34:23,25493314,demo,1234567890,none,"lockout(3fails/300s),totp,pepper",False,0.0,47
2025-12-31 14:34:23,25493314,demo,987654321,none,"lockout(3fails/300s),totp,pepper",False,0.0,48
2025-12-31 14:34:23,25493314,demo,hello,none,"lockout(3fails/300s),totp,pepper",False,0.0,49
2025-12-31 14:34:23,25493314,demo,hello123,none,"lockout(3fails/300s),totp,pepper",False,0.0,50
2025-12-31 14:34:23,25493314,demo,iloveyou,none,"lockout(3fails/300s),totp,pepper",False,0.0,51
2025-12-31 14:34:24,25493314,demo,sunshine,none,"lockout(3fails/300s),totp,pepper",False,0.0,52
2025-12-31 14:34:24,25493314,demo,princess,none,"lockout(3fails/300s),totp,pepper",False,0.0,53
2025-12-31 14:34:24,25493314,demo,Password1,none,"lockout(3fails/300s),totp,pepper",False,0.0,54
2025-12-31 14:34:24,25493314,demo,Password123,none,"lockout(3fails/300s),totp,pepper",False,0.0,55
2025-12-31 14:34:24,25493314,demo,Admin123,none,"lockout(3fails/300s),totp,pepper",False,0.0,56
2025-12-31 14:34:24,25493314,demo,Welcome1,none,"lockout(3fails/300s),totp,pepper",False,0.0,57
2025-12-31 14:34:24,25493314,demo,Student123,none,"lockout(3fails/300s),totp,pepper",False,0.0,58
2025-12-31 14:34:24,25493314,demo,Student99,none,"lockout(3fails/300s),totp,pepper",False,0.0,59
2025-12-31 14:34:24,25493314,demo,Test2024,none,"lockout(3fails/300s),totp,pepper",False,0.0,60
2025-12-31 14:34:24,25493314,demo,Login456,none,"lockout(3fails/300s),totp,pepper",False,0.0,61
2025-12-31 14:34:24,25493314,demo,Python101,none,"lockout(3fails/300s),totp,pepper",False,0.0,62
2025-12-31 14:34:24,25493314,demo,demo,none,"lockout(3fails/300s),totp,pepper",False,0.0,63
2025-12-31 14:34:24,25493314,demo,student,none,"lockout(3fails/300s),totp,pepper",False,0.0,64
2025-12-31 14:34:24,25493314,demo,name,none,"lockout(3fails/300s),totp,pepper",False,0.0,65
2025-12-31 14:34:24,25493314,demo,1111,none,"lockout(3fails/300s),totp,pepper",False,0.0,66
2025-12-31 14:34:24,25493314,demo,BlueCat12,none,"lockout(3fails/300s),totp,pepper",False,0.0,67
2025-12-31 14:34:24,25493314,demo,TechGirl7,none,"lockout(3fails/300s),totp,pepper",False,0.0,68
2025-12-31 14:34:24,25493314,demo,Cloud123,none,"lockout(3fails/300s),totp,pepper",False,0.0,69
2025-12-31 14:34:24,25493314,demo,GameOn22,none,"lockout(3fails/300s),totp,pepper",False,0.0,70
2025-12-31 14:34:24,25493314,demo,WebDev88,none,"lockout(3fails/300s),totp,pepper",False,0.01,71
2025-12-31 14:34:24,25493314,student,123456,none,"lockout(3fails/300s),totp,pepper",False,0.01,1
2025-12-31 14:34:24,25493314,student,password,none,"lockout(3fails/300s),totp,pepper",False,0.02,2
2025-12-31 14:34:24,25493314,student,12345678,none,"lockout(3fails/300s),totp,pepper",False,0.01,3
2025-12-31 14:34:24,25493314,student,qwerty,none,"lockout(3fails/300s),totp,pepper",False,0.0,4
2025-12-31 14:39:23,25493314,student,123456789,none,"lockout(3fails/300s),totp,pepper",False,0.02,5
2025-12-31 14:39:23,25493314,student,12345,none,"lockout(3fails/300s),totp,pepper",False,0.01,6
2025-12-31 14:39:23,25493314,student,1234,none,"lockout(3fails/300s),totp,pepper",False,0.0,7
2025-12-31 14:39:23,25493314,student,111111,none,"lockout(3fails/300s),totp,pepper",False,0.0,8
2025-12-31 14:39:23,25493314,student,1234567,none,"lockout(3fails/300s),totp,pepper",False,0.0,9
2025-12-31 14:39:23,25493314,student,dragon,none,"lockout(3fails/300s),totp,pepper",False,0.0,10
2025-12-31 14:39:23,25493314,student,123123,none,"lockout(3fails/300s),totp,pepper",False,0.0,11
2025-12-31 14:39:23,25493314,student,baseball,none,"lockout(3fails/300s),totp,pepper",False,0.0,12
2025-12-31 14:39:23,25493314,student,abc123,none,"lockout(3fails/300s),totp,pepper",False,0.0,13
2025-12-31 14:39:23,25493314,student,football,none,"lockout(3fails/300s),totp,pepper",False,0.0,14
2025-12-31 14:39:23,25493314,student,monkey,none,"lockout(3fails/300s),totp,pepper",False,0.0,15
2025-12-31 14:39:23,25493314,student,letmein,none,"lockout(3fails/300s),totp,pepper",False,0.0,16
2025-12-31 14:39:23,25493314,student,shadow,none,"lockout(3fails/300s),totp,pepper",False,0.0,17
2025-12-31 14:39:23,25493314,student,master,none,"lockout(3fails/300s),totp,pepper",False,0.0,18
2025-12-31 14:39:23,25493314,student,666666,none,"lockout(3fails/300s),totp,pepper",False,0.0,19
2025-12-31 14:39:23,25493314,student,qwertyuiop,none,"lockout(3fails/300s),totp,pepper",False,0.0,20
2025-12-31 14:39:23,25493314,student,123321,none,"lockout(3fails/300s),totp,pepper",False,0.0,21
2025-12-31 14:39:23,25493314,student,mustang,none,"lockout(3fails/300s),totp,pepper",False,0.0,22
2025-12-31 14:39:23,25493314,student,121212,none,"lockout(3fails/300s),totp,pepper",False,0.0,23
2025-12-31 14:39:23,25493314,student,000000,none,"lockout(3fails/300s),totp,pepper",False,0.0,24
2025-12-31 14:39:23,25493314,student,password1,none,"lockout(3fails/300s),totp,pepper",False,0.0,25
2025-12-31 14:39:23,25493314,student,admin,none,"lockout(3fails/300s),totp,pepper",False,0.0,26
2025-12-31 14:39:23,25493314,student,admin123,none,"lockout(3fails/300s),totp,pepper",False,0.0,27
2025-12-31 14:39:23,25493314,student,root,none,"lockout(3fails/300s),totp,pepper",False,0.0,28
2025-12-31 14:39:23,25493314,student,toor,none,"lockout(3fails/300s),totp,pepper",False,0.0,29
2025-12-31 14:39:23,25493314,student,pass,none,"lockout(3fails/300s),totp,pepper",False,0.0,30
2025-12-31 14:39:23,25493314,student,test,none,"lockout(3fails/300s),totp,pepper",False,0.0,31
2025-12-31 14:39:23,25493314,student,test123,none,"lockout(3fails/300s),totp,pepper",False,0.0,32
2025-12-31 14:39:23,25493314,student,guest,none,"lockout(3fails/300s),totp,pepper",False,0.0,33
2025-12-31 14:39:23,25493314,student,guest123,none,"lockout(3fails/300s),totp,pepper",False,0.0,34
2025-12-31 14:39:24,25493314,student,user,none,"lockout(3fails/300s),totp,pepper",False,0.0,35
2025-12-31 14:39:24,25493314,student,user123,none,"lockout(3fails/300s),totp,pepper",False,0.0,36
2025-12-31 14:39:24,25493314,student,login,none,"lockout(3fails/300s),totp,pepper",False,0.0,37
2025-12-31 14:39:24,25493314,student,login123,none,"lockout(3fails/300s),totp,pepper",False,0.0,38
2025-12-31 14:39:24,25493314,student,welcome,none,"lockout(3fails/300s),totp,pepper",False,0.0,39
2025-12-31 14:39:24,25493314,student,welcome1,none,"lockout(3fails/300s),totp,pepper",False,0.0,40
2025-12-31 14:39:24,25493314,student,password123,none,"lockout(3fails/300s),totp,pepper",False,0.0,41
2025-12-31 14:39:24,25493314,student,admin1,none,"lockout(3fails/300s),totp,pepper",False,0.0,42
2025-12-31 14:39:24,25493314,student,root123,none,"lockout(3fails/300s),totp,pepper",False,0.0,43
2025-12-31 14:39:24,25493314,student,pass123,none,"lockout(3fails/300s),totp,pepper",False,0.0,44
2025-12-31 14:39:24,25493314,student,1q2w3e4r,none,"lockout(3fails/300s),totp,pepper",False,0.0,45
2025-12-31 14:39:24,25493314,student,qwerty123,none,"lockout(3fails/300s),totp,pepper",False,0.0,46
2025-12-31 14:39:24,25493314,student,1234567890,none,"lockout(3fails/300s),totp,pepper",False,0.0,47
2025-12-31 14:39:24,25493314,student,987654321,none,"lockout(3fails/300s),totp,pepper",False,0.0,48
2025-12-31 14:39:24,25493314,student,hello,none,"lockout(3fails/300s),totp,pepper",False,0.0,49
2025-12-31 14:39:24,25493314,student,hello123,none,"lockout(3fails/300s),totp,pepper",False,0.0,50
2025-12-31 14:39:24,25493314,student,iloveyou,none,"lockout(3fails/300s),totp,pepper",False,0.0,51
2025-12-31 14:39:24,25493314,student,sunshine,none,"lockout(3fails/300s),totp,pepper",False,0.0,52
2025-12-31 14:39:24,25493314,student,princess,none,"lockout(3fails/300s),totp,pepper",False,0.0,53
2025-12-31 14:39:24,25493314,student,Password1,none,"lockout(3fails/300s),totp,pepper",False,0.0,54
2025-12-31 14:39:24,25493314,student,Password123,none,"lockout(3fails/300s),totp,pepper",False,0.0,55
2025-12-31 14:39:24,25493314,student,Admin123,none,"lockout(3fails/300s),totp,pepper",False,0.0,56
2025-12-31 14:39:24,25493314,student,Welcome1,none,"lockout(3fails/300s),totp,pepper",False,0.0,57
2025-12-31 14:39:24,25493314,student,Student123,none,"lockout(3fails/300s),totp,pepper",False,0.0,58
2025-12-31 14:39:24,25493314,student,Student99,none,"lockout(3fails/300s),totp,pepper",False,0.0,59
2025-12-31 14:39:24,25493314,student,Test2024,none,"lockout(3fails/300s),totp,pepper",False,0.0,60
2025-12-31 14:39:24,25493314,student,Login456,none,"lockout(3fails/300s),totp,pepper",False,0.0,61
2025-12-31 14:39:24,25493314,student,Python101,none,"lockout(3fails/300s),totp,pepper",False,0.0,62
2025-12-31 14:39:24,25493314,student,demo,none,"lockout(3fails/300s),totp,pepper",False,0.0,63
2025-12-31 14:39:24,25493314,student,student,none,"lockout(3fails/300s),totp,pepper",False,0.0,64
2025-12-31 14:39:24,25493314,student,name,none,"lockout(3fails/300s),totp,pepper",False,0.01,65
2025-12-31 14:39:24,25493314,student,1111,none,"lockout(3fails/300s),totp,pepper",False,0.01,66
2025-12-31 14:39:24,25493314,student,BlueCat12,none,"lockout(3fails/300s),totp,pepper",False,0.01,67
2025-12-31 14:39:24,25493314,student,TechGirl7,none,"lockout(3fails/300s),totp,pepper",False,0.0,68
2025-12-31 14:44:23,25493314,student,Cloud123,none,"lockout(3fails/300s),totp,pepper",False,0.02,69
2025-12-31 14:44:23,25493314,student,GameOn22,none,"lockout(3fails/300s),totp,pepper",False,0.01,70
2025-12-31 14:44:23,25493314,student,WebDev88,none,"lockout(3fails/300s),totp,pepper",False,0.0,71
2025-12-31 14:44:23,25493314,Student_user,123456,none,"lockout(3fails/300s),totp,pepper",False,0.02,1
2025-12-31 14:44:23,25493314,Student_user,password,none,"lockout(3fails/300s),totp,pepper",False,0.01,2
2025-12-31 14:44:23,25493314,Student_user,12345678,none,"lockout(3fails/300s),totp,pepper",False,0.01,3
2025-12-31 14:44:23,25493314,Student_user,qwerty,none,"lockout(3fails/300s),totp,pepper",False,0.0,4
2025-12-31 14:49:22,25493314,Student_user,123456789,none,"lockout(3fails/300s),totp,pepper",False,0.01,5
2025-12-31 14:49:22,25493314,Student_user,12345,none,"lockout(3fails/300s),totp,pepper",False,0.0,6
2025-12-31 14:49:22,25493314,Student_user,1234,none,"lockout(3fails/300s),totp,pepper",False,0.0,7
2025-12-31 14:49:22,25493314,Student_user,111111,none,"lockout(3fails/300s),totp,pepper",False,0.0,8
2025-12-31 14:49:22,25493314,Student_user,1234567,none,"lockout(3fails/300s),totp,pepper",False,0.0,9
2025-12-31 14:49:22,25493314,Student_user,dragon,none,"lockout(3fails/300s),totp,pepper",False,0.0,10
2025-12-31 14:49:23,25493314,Student_user,123123,none,"lockout(3fails/300s),totp,pepper",False,0.0,11
2025-12-31 14:49:23,25493314,Student_user,baseball,none,"lockout(3fails/300s),totp,pepper",False,0.0,12
2025-12-31 14:49:23,25493314,Student_user,abc123,none,"lockout(3fails/300s),totp,pepper",False,0.0,13
2025-12-31 14:49:23,25493314,Student_user,football,none,"lockout(3fails/300s),totp,pepper",False,0.0,14
2025-12-31 14:49:23,25493314,Student_user,monkey,none,"lockout(3fails/300s),totp,pepper",False,0.01,15
2025-12-31 14:49:23,25493314,Student_user,letmein,none,"lockout(3fails/300s),totp,pepper",False,0.0,16
2025-12-31 14:49:23,25493314,Student_user,shadow,none,"lockout(3fails/300s),totp,pepper",False,0.0,17
2025-12-31 14:49:23,25493314,Student_user,master,none,"lockout(3fails/300s),totp,pepper",False,0.0,18
2025-12-31 14:49:23,25493314,Student_user,666666,none,"lockout(3fails/300s),totp,pepper",False,0.0,19
2025-12-31 14:49:23,25493314,Student_user,qwertyuiop,none,"lockout(3fails/300s),totp,pepper",False,0.0,20
2025-12-31 14:49:23,25493314,Student_user,123321,none,"lockout(3fails/300s),totp,pepper",False,0.0,21
2025-12-31 14:49:23,25493314,Student_user,mustang,none,"lockout(3fails/300s),totp,pepper",False,0.0,22
2025-12-31 14:49:23,25493314,Student_user,121212,none,"lockout(3fails/300s),totp,pepper",False,0.0,23
2025-12-31 14:49:23,25493314,Student_user,000000,none,"lockout(3fails/300s),totp,pepper",False,0.0,24
2025-12-31 14:49:23,25493314,Student_user,password1,none,"lockout(3fails/300s),totp,pepper",False,0.0,25
2025-12-31 14:49:23,25493314,Student_user,admin,none,"lockout(3fails/300s),totp,pepper",False,0.0,26
2025-12-31 14:49:23,25493314,Student_user,admin123,none,"lockout(3fails/300s),totp,pepper",False,0.0,27
2025-12-31 14:49:23,25493314,Student_user,root,none,"lockout(3fails/300s),totp,pepper",False,0.0,28
2025-12-31 14:49:23,25493314,Student_user,toor,none,"lockout(3fails/300s),totp,pepper",False,0.0,29
2025-12-31 14:49:23,25493314,Student_user,pass,none,"lockout(3fails/300s),totp,pepper",False,0.0,30
2025-12-31 14:49:23,25493314,Student_user,test,none,"lockout(3fails/300s),totp,pepper",False,0.0,31
2025-12-31 14:49:23,25493314,Student_user,test123,none,"lockout(3fails/300s),totp,pepper",False,0.0,32
2025-12-31 14:49:23,25493314,Student_user,guest,none,"lockout(3fails/300s),totp,pepper",False,0.0,33
2025-12-31 14:49:23,25493314,Student_user,guest123,none,"lockout(3fails/300s),totp,pepper",False,0.0,34
2025-12-31 14:49:23,25493314,Student_user,user,none,"lockout(3fails/300s),totp,pepper",False,0.0,35
2025-12-31 14:49:23,25493314,Student_user,user123,none,"lockout(3fails/300s),totp,pepper",False,0.0,36
2025-12-31 14:49:23,25493314,Student_user,login,none,"lockout(3fails/300s),totp,pepper",False,0.0,37
2025-12-31 14:49:23,25493314,Student_user,login123,none,"lockout(3fails/300s),totp,pepper",False,0.0,38
2025-12-31 14:49:23,25493314,Student_user,welcome,none,"lockout(3fails/300s),totp,pepper",False,0.0,39
2025-12-31 14:49:23,25493314,Student_user,welcome1,none,"lockout(3fails/300s),totp,pepper",False,0.0,40
2025-12-31 14:49:23,25493314,Student_user,password123,none,"lockout(3fails/300s),totp,pepper",False,0.0,41
2025-12-31 14:49:23,25493314,Student_user,admin1,none,"lockout(3fails/300s),totp,pepper",False,0.0,42
2025-12-31 14:49:23,25493314,Student_user,root123,none,"lockout(3fails/300s),totp,pepper",False,0.0,43
2025-12-31 14:49:23,25493314,Student_user,pass123,none,"lockout(3fails/300s),totp,pepper",False,0.0,44
2025-12-31 14:49:23,25493314,Student_user,1q2w3e4r,none,"lockout(3fails/300s),totp,pepper",False,0.0,45
2025-12-31 14:49:23,25493314,Student_user,qwerty123,none,"lockout(3fails/300s),totp,pepper",False,0.0,46
2025-12-31 14:49:23,25493314,Student_user,1234567890,none,"lockout(3fails/300s),totp,pepper",False,0.0,47
2025-12-31 14:49:23,25493314,Student_user,987654321,none,"lockout(3fails/300s),totp,pepper",False,0.0,48
2025-12-31 14:49:23,25493314,Student_user,hello,none,"lockout(3fails/300s),totp,pepper",False,0.0,49
2025-12-31 14:49:23,25493314,Student_user,hello123,none,"lockout(3fails/300s),totp,pepper",False,0.0,50
2025-12-31 14:49:23,25493314,Student_user,iloveyou,none,"lockout(3fails/300s),totp,pepper",False,0.0,51
2025-12-31 14:49:23,25493314,Student_user,sunshine,none,"lockout(3fails/300s),totp,pepper",False,0.0,52
2025-12-31 14:49:23,25493314,Student_user,princess,none,"lockout(3fails/300s),totp,pepper",False,0.0,53
2025-12-31 14:49:23,25493314,Student_user,Password1,none,"lockout(3fails/300s),totp,pepper",False,0.0,54
2025-12-31 14:49:23,25493314,Student_user,Password123,none,"lockout(3fails/300s),totp,pepper",False,0.01,55
2025-12-31 14:49:23,25493314,Student_user,Admin123,none,"lockout(3fails/300s),totp,pepper",False,0.0,56
2025-12-31 14:49:23,25493314,Student_user,Welcome1,none,"lockout(3fails/300s),totp,pepper",False,0.0,57
2025-12-31 14:49:23,25493314,Student_user,Student123,none,"lockout(3fails/300s),totp,pepper",False,0.0,58
2025-12-31 14:49:23,25493314,Student_user,Student99,none,"lockout(3fails/300s),totp,pepper",False,0.0,59
2025-12-31 14:49:23,25493314,Student_user,Test2024,none,"lockout(3fails/300s),totp,pepper",False,0.0,60
2025-12-31 14:49:23,25493314,Student_user,Login456,none,"lockout(3fails/300s),totp,pepper",False,0.01,61
2025-12-31 14:49:23,25493314,Student_user,Python101,none,"lockout(3fails/300s),totp,pepper",False,0.0,62
2025-12-31 14:49:23,25493314,Student_user,demo,none,"lockout(3fails/300s),totp,pepper",False,0.0,63
2025-12-31 14:49:23,25493314,Student_user,student,none,"lockout(3fails/300s),totp,pepper",False,0.0,64
2025-12-31 14:49:23,25493314,Student_user,name,none,"lockout(3fails/300s),totp,pepper",False,0.01,65
2025-12-31 14:49:23,25493314,Student_user,1111,none,"lockout(3fails/300s),totp,pepper",False,0.01,66
2025-12-31 14:49:23,25493314,Student_user,BlueCat12,none,"lockout(3fails/300s),totp,pepper",False,0.01,67
2025-12-31 14:49:23,25493314,Student_user,TechGirl7,none,"lockout(3fails/300s),totp,pepper",False,0.0,68
2025-12-31 14:54:22,25493314,Student_user,Cloud123,none,"lockout(3fails/300s),totp,pepper",False,0.02,69
2025-12-31 14:54:22,25493314,Student_user,GameOn22,none,"lockout(3fails/300s),totp,pepper",False,0.01,70
2025-12-31 14:54:22,25493314,Student_user,WebDev88,none,"lockout(3fails/300s),totp,pepper",False,0.0,71
2025-12-31 14:54:23,25493314,user_test,123456,none,"lockout(3fails/300s),totp,pepper",False,0.01,1
2025-12-31 14:54:23,25493314,user_test,password,none,"lockout(3fails/300s),totp,pepper",False,0.01,2
2025-12-31 14:54:23,25493314,user_test,12345678,none,"lockout(3fails/300s),totp,pepper",False,0.01,3
2025-12-31 14:54:23,25493314,user_test,qwerty,none,"lockout(3fails/300s),totp,pepper",False,0.0,4
2025-12-31 14:59:22,25493314,user_test,123456789,none,"lockout(3fails/300s),totp,pepper",False,0.02,5
2025-12-31 14:59:22,25493314,user_test,12345,none,"lockout(3fails/300s),totp,pepper",False,0.01,6
2025-12-31 14:59:22,25493314,user_test,1234,none,"lockout(3fails/300s),totp,pepper",False,0.0,7
2025-12-31 14:59:22,25493314,user_test,111111,none,"lockout(3fails/300s),totp,pepper",False,0.0,8
2025-12-31 14:59:22,25493314,user_test,1234567,none,"lockout(3fails/300s),totp,pepper",False,0.0,9
2025-12-31 14:59:22,25493314,user_test,dragon,none,"lockout(3fails/300s),totp,pepper",False,0.0,10
2025-12-31 14:59:22,25493314,user_test,123123,none,"lockout(3fails/300s),totp,pepper",False,0.0,11
2025-12-31 14:59:22,25493314,user_test,baseball,none,"lockout(3fails/300s),totp,pepper",False,0.0,12
2025-12-31 14:59:22,25493314,user_test,abc123,none,"lockout(3fails/300s),totp,pepper",False,0.0,13
2025-12-31 14:59:22,25493314,user_test,football,none,"lockout(3fails/300s),totp,pepper",False,0.0,14
2025-12-31 14:59:22,25493314,user_test,monkey,none,"lockout(3fails/300s),totp,pepper",False,0.0,15
2025-12-31 14:59:22,25493314,user_test,letmein,none,"lockout(3fails/300s),totp,pepper",False,0.0,16
2025-12-31 14:59:22,25493314,user_test,shadow,none,"lockout(3fails/300s),totp,pepper",False,0.0,17
2025-12-31 14:59:22,25493314,user_test,master,none,"lockout(3fails/300s),totp,pepper",False,0.0,18
2025-12-31 14:59:22,25493314,user_test,666666,none,"lockout(3fails/300s),totp,pepper",False,0.0,19
2025-12-31 14:59:22,25493314,user_test,qwertyuiop,none,"lockout(3fails/300s),totp,pepper",False,0.0,20
2025-12-31 14:59:22,25493314,user_test,123321,none,"lockout(3fails/300s),totp,pepper",False,0.0,21
2025-12-31 14:59:22,25493314,user_test,mustang,none,"lockout(3fails/300s),totp,pepper",False,0.0,22
2025-12-31 14:59:22,25493314,user_test,121212,none,"lockout(3fails/300s),totp,pepper",False,0.0,23
2025-12-31 14:59:22,25493314,user_test,000000,none,"lockout(3fails/300s),totp,pepper",False,0.0,24
2025-12-31 14:59:22,25493314,user_test,password1,none,"lockout(3fails/300s),totp,pepper",False,0.0,25
2025-12-31 14:59:22,25493314,user_test,admin,none,"lockout(3fails/300s),totp,pepper",False,0.0,26
2025-12-31 14:59:22,25493314,user_test,admin123,none,"lockout(3fails/300s),totp,pepper",False,0.0,27
2025-12-31 14:59:22,25493314,user_test,root,none,"lockout(3fails/300s),totp,pepper",False,0.0,28
2025-12-31 14:59:22,25493314,user_test,toor,none,"lockout(3fails/300s),totp,pepper",False,0.0,29
2025-12-31 14:59:22,25493314,user_test,pass,none,"lockout(3fails/300s),totp,pepper",False,0.0,30
2025-12-31 14:59:22,25493314,user_test,test,none,"lockout(3fails/300s),totp,pepper",False,0.0,31
2025-12-31 14:59:22,25493314,user_test,test123,none,"lockout(3fails/300s),totp,pepper",False,0.0,32
2025-12-31 14:59:22,25493314,user_test,guest,none,"lockout(3fails/300s),totp,pepper",False,0.0,33
2025-12-31 14:59:22,25493314,user_test,guest123,none,"lockout(3fails/300s),totp,pepper",False,0.0,34
2025-12-31 14:59:22,25493314,user_test,user,none,"lockout(3fails/300s),totp,pepper",False,0.0,35
2025-12-31 14:59:22,25493314,user_test,user123,none,"lockout(3fails/300s),totp,pepper",False,0.0,36
2025-12-31 14:59:22,25493314,user_test,login,none,"lockout(3fails/300s),totp,pepper",False,0.0,37
2025-12-31 14:59:22,25493314,user_test,login123,none,"lockout(3fails/300s),totp,pepper",False,0.0,38
2025-12-31 14:59:22,25493314,user_test,welcome,none,"lockout(3fails/300s),totp,pepper",False,0.0,39
2025-12-31 14:59:22,25493314,user_test,welcome1,none,"lockout(3fails/300s),totp,pepper",False,0.0,40
2025-12-31 14:59:22,25493314,user_test,password123,none,"lockout(3fails/300s),totp,pepper",False,0.0,41
2025-12-31 14:59:22,25493314,user_test,admin1,none,"lockout(3fails/300s),totp,pepper",False,0.0,42
2025-12-31 14:59:22,25493314,user_test,root123,none,"lockout(3fails/300s),totp,pepper",False,0.0,43
2025-12-31 14:59:23,25493314,user_test,pass123,none,"lockout(3fails/300s),totp,pepper",False,0.0,44
2025-12-31 14:59:23,25493314,user_test,1q2w3e4r,none,"lockout(3fails/300s),totp,pepper",False,0.0,45
2025-12-31 14:59:23,25493314,user_test,qwerty123,none,"lockout(3fails/300s),totp,pepper",False,0.0,46
2025-12-31 14:59:23,25493314,user_test,1234567890,none,"lockout(3fails/300s),totp,pepper",False,0.0,47
2025-12-31 14:59:23,25493314,user_test,987654321,none,"lockout(3fails/300s),totp,pepper",False,0.0,48
2025-12-31 14:59:23,25493314,user_test,hello,none,"lockout(3fails/300s),totp,pepper",False,0.0,49
2025-12-31 14:59:23,25493314,user_test,hello123,none,"lockout(3fails/300s),totp,pepper",False,0.0,50
2025-12-31 14:59:23,25493314,user_test,iloveyou,none,"lockout(3fails/300s),totp,pepper",False,0.0,51
2025-12-31 14:59:23,25493314,user_test,sunshine,none,"lockout(3fails/300s),totp,pepper",False,0.0,52
2025-12-31 14:59:23,25493314,user_test,princess,none,"lockout(3fails/300s),totp,pepper",False,0.0,53
2025-12-31 14:59:23,25493314,user_test,Password1,none,"lockout(3fails/300s),totp,pepper",False,0.01,54
2025-12-31 14:59:23,25493314,user_test,Password123,none,"lockout(3fails/300s),totp,pepper",False,0.0,55
2025-12-31 14:59:23,25493314,user_test,Admin123,none,"lockout(3fails/300s),totp,pepper",False,0.0,56
2025-12-31 14:59:23,25493314,user_test,Welcome1,none,"lockout(3fails/300s),totp,pepper",False,0.01,57
2025-12-31 14:59:23,25493314,user_test,Student123,none,"lockout(3fails/300s),totp,pepper",False,0.01,58
2025-12-31 14:59:23,25493314,user_test,Student99,none,"lockout(3fails/300s),totp,pepper",False,0.01,59
2025-12-31 14:59:23,25493314,user_test,Test2024,none,"lockout(3fails/300s),totp,pepper",False,0.0,60
2025-12-31 15:04:22,25493314,user_test,Login456,none,"lockout(3fails/300s),totp,pepper",False,0.01,61
2025-12-31 15:04:22,25493314,user_test,Python101,none,"lockout(3fails/300s),totp,pepper",False,0.01,62
2025-12-31 15:04:22,25493314,user_test,demo,none,"lockout(3fails/300s),totp,pepper",False,0.0,63
2025-12-31 15:04:22,25493314,user_test,student,none,"lockout(3fails/300s),totp,pepper",False,0.0,64
2025-12-31 15:04:22,25493314,user_test,name,none,"lockout(3fails/300s),totp,pepper",False,0.0,65
2025-12-31 15:04:22,25493314,user_test,1111,none,"lockout(3fails/300s),totp,pepper",False,0.0,66
2025-12-31 15:04:22,25493314,user_test,BlueCat12,none,"lockout(3fails/300s),totp,pepper",False,0.0,67
2025-12-31 15:04:22,25493314,user_test,TechGirl7,none,"lockout(3fails/300s),totp,pepper",False,0.0,68
2025-12-31 15:04:22,25493314,user_test,Cloud123,none,"lockout(3fails/300s),totp,pepper",False,0.0,69
2025-12-31 15:04:22,25493314,user_test,GameOn22,none,"lockout(3fails/300s),totp,pepper",False,0.0,70
2025-12-31 15:04:22,25493314,user_test,WebDev88,none,"lockout(3fails/300s),totp,pepper",False,0.0,71
2025-12-31 15:04:22,25493314,bluecat,123456,none,"lockout(3fails/300s),totp,pepper",False,0.01,1
2025-12-31 15:04:22,25493314,bluecat,password,none,"lockout(3fails/300s),totp,pepper",False,0.01,2
2025-12-31 15:04:22,25493314,bluecat,12345678,none,"lockout(3fails/300s),totp,pepper",False,0.01,3
2025-12-31 15:04:22,25493314,bluecat,qwerty,none,"lockout(3fails/300s),totp,pepper",False,0.0,4
2025-12-31 15:09:21,25493314,bluecat,123456789,none,"lockout(3fails/300s),totp,pepper",False,0.01,5
2025-12-31 15:09:21,25493314,bluecat,12345,none,"lockout(3fails/300s),totp,pepper",False,0.0,6
2025-12-31 15:09:21,25493314,bluecat,1234,none,"lockout(3fails/300s),totp,pepper",False,0.0,7
2025-12-31 15:09:21,25493314,bluecat,111111,none,"lockout(3fails/300s),totp,pepper",False,0.01,8
2025-12-31 15:09:21,25493314,bluecat,1234567,none,"lockout(3fails/300s),totp,pepper",False,0.0,9
2025-12-31 15:09:21,25493314,bluecat,dragon,none,"lockout(3fails/300s),totp,pepper",False,0.0,10
2025-12-31 15:09:21,25493314,bluecat,123123,none,"lockout(3fails/300s),totp,pepper",False,0.0,11
2025-12-31 15:09:21,25493314,bluecat,baseball,none,"lockout(3fails/300s),totp,pepper",False,0.0,12
2025-12-31 15:09:21,25493314,bluecat,abc123,none,"lockout(3fails/300s),totp,pepper",False,0.0,13
2025-12-31 15:09:21,25493314,bluecat,football,none,"lockout(3fails/300s),totp,pepper",False,0.0,14
2025-12-31 15:09:21,25493314,bluecat,monkey,none,"lockout(3fails/300s),totp,pepper",False,0.0,15
2025-12-31 15:09:21,25493314,bluecat,letmein,none,"lockout(3fails/300s),totp,pepper",False,0.0,16
2025-12-31 15:09:21,25493314,bluecat,shadow,none,"lockout(3fails/300s),totp,pepper",False,0.0,17
2025-12-31 15:09:22,25493314,bluecat,master,none,"lockout(3fails/300s),totp,pepper",False,0.0,18
2025-12-31 15:09:22,25493314,bluecat,666666,none,"lockout(3fails/300s),totp,pepper",False,0.0,19
2025-12-31 15:09:22,25493314,bluecat,qwertyuiop,none,"lockout(3fails/300s),totp,pepper",False,0.0,20
2025-12-31 15:09:22,25493314,bluecat,123321,none,"lockout(3fails/300s),totp,pepper",False,0.0,21
2025-12-31 15:09:22,25493314,bluecat,mustang,none,"lockout(3fails/300s),totp,pepper",False,0.0,22
2025-12-31 15:09:22,25493314,bluecat,121212,none,"lockout(3fails/300s),totp,pepper",False,0.0,23
2025-12-31 15:09:22,25493314,bluecat,000000,none,"lockout(3fails/300s),totp,pepper",False,0.0,24
2025-12-31 15:09:22,25493314,bluecat,password1,none,"lockout(3fails/300s),totp,pepper",False,0.0,25
2025-12-31 15:09:22,25493314,bluecat,admin,none,"lockout(3fails/300s),totp,pepper",False,0.0,26
2025-12-31 15:09:22,25493314,bluecat,admin123,none,"lockout(3fails/300s),totp,pepper",False,0.0,27
2025-12-31 15:09:22,25493314,bluecat,root,none,"lockout(3fails/300s),totp,pepper",False,0.0,28
2025-12-31 15:09:22,25493314,bluecat,toor,none,"lockout(3fails/300s),totp,pepper",False,0.0,29
2025-12-31 15:09:22,25493314,bluecat,pass,none,"lockout(3fails/300s),totp,pepper",False,0.0,30
2025-12-31 15:09:22,25493314,bluecat,test,none,"lockout(3fails/300s),totp,pepper",False,0.0,31
2025-12-31 15:09:22,25493314,bluecat,test123,none,"lockout(3fails/300s),totp,pepper",False,0.0,32
2025-12-31 15:09:22,25493314,bluecat,guest,none,"lockout(3fails/300s),totp,pepper",False,0.0,33
2025-12-31 15:09:22,25493314,bluecat,guest123,none,"lockout(3fails/300s),totp,pepper",False,0.0,34
2025-12-31 15:09:22,25493314,bluecat,user,none,"lockout(3fails/300s),totp,pepper",False,0.0,35
2025-12-31 15:09:22,25493314,bluecat,user123,none,"lockout(3fails/300s),totp,pepper",False,0.01,36
2025-12-31 15:09:22,25493314,bluecat,login,none,"lockout(3fails/300s),totp,pepper",False,0.0,37
2025-12-31 15:09:22,25493314,bluecat,login123,none,"lockout(3fails/300s),totp,pepper",False,0.0,38
2025-12-31 15:09:22,25493314,bluecat,welcome,none,"lockout(3fails/300s),totp,pepper",False,0.0,39
2025-12-31 15:09:22,25493314,bluecat,welcome1,none,"lockout(3fails/300s),totp,pepper",False,0.0,40
2025-12-31 15:09:22,25493314,bluecat,password123,none,"lockout(3fails/300s),totp,pepper",False,0.0,41
2025-12-31 15:09:22,25493314,bluecat,admin1,none,"lockout(3fails/300s),totp,pepper",False,0.0,42
2025-12-31 15:09:22,25493314,bluecat,root123,none,"lockout(3fails/300s),totp,pepper",False,0.0,43
2025-12-31 15:09:22,25493314,bluecat,pass123,none,"lockout(3fails/300s),totp,pepper",False,0.0,44
2025-12-31 15:09:22,25493314,bluecat,1q2w3e4r,none,"lockout(3fails/300s),totp,pepper",False,0.01,45
2025-12-31 15:09:22,25493314,bluecat,qwerty123,none,"lockout(3fails/300s),totp,pepper",False,0.0,46
2025-12-31 15:09:22,25493314,bluecat,1234567890,none,"lockout(3fails/300s),totp,pepper",False,0.0,47
2025-12-31 15:09:22,25493314,bluecat,987654321,none,"lockout(3fails/300s),totp,pepper",False,0.0,48
2025-12-31 15:09:22,25493314,bluecat,hello,none,"lockout(3fails/300s),totp,pepper",False,0.0,49
2025-12-31 15:09:22,25493314,bluecat,hello123,none,"lockout(3fails/300s),totp,pepper",False,0.0,50
2025-12-31 15:09:22,25493314,bluecat,iloveyou,none,"lockout(3fails/300s),totp,pepper",False,0.01,51
2025-12-31 15:09:22,25493314,bluecat,sunshine,none,"lockout(3fails/300s),totp,pepper",False,0.0,52
2025-12-31 15:09:22,25493314,bluecat,princess,none,"lockout(3fails/300s),totp,pepper",False,0.0,53
2025-12-31 15:09:22,25493314,bluecat,Password1,none,"lockout(3fails/300s),totp,pepper",False,0.0,54
2025-12-31 15:09:22,25493314,bluecat,Password123,none,"lockout(3fails/300s),totp,pepper",False,0.01,55
2025-12-31 15:09:22,25493314,bluecat,Admin123,none,"lockout(3fails/300s),totp,pepper",False,0.01,56
2025-12-31 15:09:22,25493314,bluecat,Welcome1,none,"lockout(3fails/300s),totp,pepper",False,0.01,57
2025-12-31 15:09:22,25493314,bluecat,Student123,none,"lockout(3fails/300s),totp,pepper",False,0.0,58
2025-12-31 15:14:21,25493314,bluecat,Student99,none,"lockout(3fails/300s),totp,pepper",False,0.02,59
2025-12-31 15:14:21,25493314,bluecat,Test2024,none,"lockout(3fails/300s),totp,pepper",False,0.01,60
2025-12-31 15:14:21,25493314,bluecat,Login456,none,"lockout(3fails/300s),totp,pepper",False,0.0,61
2025-12-31 15:14:21,25493314,bluecat,Python101,none,"lockout(3fails/300s),totp,pepper",False,0.01,62
2025-12-31 15:14:21,25493314,bluecat,demo,none,"lockout(3fails/300s),totp,pepper",False,0.0,63
2025-12-31 15:14:21,25493314,bluecat,student,none,"lockout(3fails/300s),totp,pepper",False,0.0,64
2025-12-31 15:14:21,25493314,bluecat,name,none,"lockout(3fails/300s),totp,pepper",False,0.01,65
2025-12-31 15:14:21,25493314,bluecat,1111,none,"lockout(3fails/300s),totp,pepper",False,0.0,66
2025-12-31 15:14:21,25493314,bluecat,BlueCat12,none,"lockout(3fails/300s),totp,pepper",False,0.0,67
2025-12-31 15:14:22,25493314,bluecat,TechGirl7,none,"lockout(3fails/300s),totp,pepper",False,0.0,68
2025-12-31 15:14:22,25493314,bluecat,Cloud123,none,"lockout(3fails/300s),totp,pepper",False,0.0,69
2025-12-31 15:14:22,25493314,bluecat,GameOn22,none,"lockout(3fails/300s),totp,pepper",False,0.0,70
2025-12-31 15:14:22,25493314,bluecat,WebDev88,none,"lockout(3fails/300s),totp,pepper",False,0.0,71
2025-12-31 15:14:22,25493314,student1,123456,none,"lockout(3fails/300s),totp,pepper",False,0.01,1
2025-12-31 15:14:22,25493314,student1,password,none,"lockout(3fails/300s),totp,pepper",False,0.01,2
2025-12-31 15:14:22,25493314,student1,12345678,none,"lockout(3fails/300s),totp,pepper",False,0.01,3
2025-12-31 15:14:22,25493314,student1,qwerty,none,"lockout(3fails/300s),totp,pepper",False,0.0,4
2025-12-31 15:19:21,25493314,student1,123456789,none,"lockout(3fails/300s),totp,pepper",False,0.01,5
2025-12-31 15:19:21,25493314,student1,12345,none,"lockout(3fails/300s),totp,pepper",False,0.01,6
2025-12-31 15:19:21,25493314,student1,1234,none,"lockout(3fails/300s),totp,pepper",False,0.0,7
2025-12-31 15:19:21,25493314,student1,111111,none,"lockout(3fails/300s),totp,pepper",False,0.0,8
2025-12-31 15:19:21,25493314,student1,1234567,none,"lockout(3fails/300s),totp,pepper",False,0.0,9
2025-12-31 15:19:21,25493314,student1,dragon,none,"lockout(3fails/300s),totp,pepper",False,0.0,10
2025-12-31 15:19:21,25493314,student1,123123,none,"lockout(3fails/300s),totp,pepper",False,0.0,11
2025-12-31 15:19:21,25493314,student1,baseball,none,"lockout(3fails/300s),totp,pepper",False,0.0,12
2025-12-31 15:19:21,25493314,student1,abc123,none,"lockout(3fails/300s),totp,pepper",False,0.0,13
2025-12-31 15:19:21,25493314,student1,football,none,"lockout(3fails/300s),totp,pepper",False,0.0,14
2025-12-31 15:19:21,25493314,student1,monkey,none,"lockout(3fails/300s),totp,pepper",False,0.0,15
2025-12-31 15:19:21,25493314,student1,letmein,none,"lockout(3fails/300s),totp,pepper",False,0.0,16
2025-12-31 15:19:21,25493314,student1,shadow,none,"lockout(3fails/300s),totp,pepper",False,0.0,17
2025-12-31 15:19:21,25493314,student1,master,none,"lockout(3fails/300s),totp,pepper",False,0.0,18
2025-12-31 15:19:21,25493314,student1,666666,none,"lockout(3fails/300s),totp,pepper",False,0.0,19
2025-12-31 15:19:21,25493314,student1,qwertyuiop,none,"lockout(3fails/300s),totp,pepper",False,0.0,20
2025-12-31 15:19:21,25493314,student1,123321,none,"lockout(3fails/300s),totp,pepper",False,0.0,21
2025-12-31 15:19:21,25493314,student1,mustang,none,"lockout(3fails/300s),totp,pepper",False,0.0,22
2025-12-31 15:19:21,25493314,student1,121212,none,"lockout(3fails/300s),totp,pepper",False,0.0,23
2025-12-31 15:19:21,25493314,student1,000000,none,"lockout(3fails/300s),totp,pepper",False,0.0,24
2025-12-31 15:19:21,25493314,student1,password1,none,"lockout(3fails/300s),totp,pepper",False,0.0,25
2025-12-31 15:19:21,25493314,student1,admin,none,"lockout(3fails/300s),totp,pepper",False,0.0,26
2025-12-31 15:19:21,25493314,student1,admin123,none,"lockout(3fails/300s),totp,pepper",False,0.0,27
2025-12-31 15:19:21,25493314,student1,root,none,"lockout(3fails/300s),totp,pepper",False,0.0,28
2025-12-31 15:19:21,25493314,student1,toor,none,"lockout(3fails/300s),totp,pepper",False,0.0,29
2025-12-31 15:19:21,25493314,student1,pass,none,"lockout(3fails/300s),totp,pepper",False,0.0,30
2025-12-31 15:19:21,25493314,student1,test,none,"lockout(3fails/300s),totp,pepper",False,0.0,31
2025-12-31 15:19:21,25493314,student1,test123,none,"lockout(3fails/300s),totp,pepper",False,0.0,32
2025-12-31 15:19:21,25493314,student1,guest,none,"lockout(3fails/300s),totp,pepper",False,0.0,33
2025-12-31 15:19:21,25493314,student1,guest123,none,"lockout(3fails/300s),totp,pepper",False,0.0,34
2025-12-31 15:19:21,25493314,student1,user,none,"lockout(3fails/300s),totp,pepper",False,0.0,35
2025-12-31 15:19:21,25493314,student1,user123,none,"lockout(3fails/300s),totp,pepper",False,0.0,36
2025-12-31 15:19:22,25493314,student1,login,none,"lockout(3fails/300s),totp,pepper",False,0.0,37
2025-12-31 15:19:22,25493314,student1,login123,none,"lockout(3fails/300s),totp,pepper",False,0.0,38
2025-12-31 15:19:22,25493314,student1,welcome,none,"lockout(3fails/300s),totp,pepper",False,0.0,39
2025-12-31 15:19:22,25493314,student1,welcome1,none,"lockout(3fails/300s),totp,pepper",False,0.0,40
2025-12-31 15:19:22,25493314,student1,password123,none,"lockout(3fails/300s),totp,pepper",False,0.0,41
2025-12-31 15:19:22,25493314,student1,admin1,none,"lockout(3fails/300s),totp,pepper",False,0.0,42
2025-12-31 15:19:22,25493314,student1,root123,none,"lockout(3fails/300s),totp,pepper",False,0.0,43
2025-12-31 15:19:22,25493314,student1,pass123,none,"lockout(3fails/300s),totp,pepper",False,0.0,44
2025-12-31 15:19:22,25493314,student1,1q2w3e4r,none,"lockout(3fails/300s),totp,pepper",False,0.0,45
2025-12-31 15:19:22,25493314,student1,qwerty123,none,"lockout(3fails/300s),totp,pepper",False,0.0,46
2025-12-31 15:19:22,25493314,student1,1234567890,none,"lockout(3fails/300s),totp,pepper",False,0.0,47
2025-12-31 15:19:22,25493314,student1,987654321,none,"lockout(3fails/300s),totp,pepper",False,0.0,48
2025-12-31 15:19:22,25493314,student1,hello,none,"lockout(3fails/300s),totp,pepper",False,0.0,49
2025-12-31 15:19:22,25493314,student1,hello123,none,"lockout(3fails/300s),totp,pepper",False,0.0,50
2025-12-31 15:19:22,25493314,student1,iloveyou,none,"lockout(3fails/300s),totp,pepper",False,0.0,51
2025-12-31 15:19:22,25493314,student1,sunshine,none,"lockout(3fails/300s),totp,pepper",False,0.0,52
2025-12-31 15:19:22,25493314,student1,princess,none,"lockout(3fails/300s),totp,pepper",False,0.01,53
2025-12-31 15:19:22,25493314,student1,Password1,none,"lockout(3fails/300s),totp,pepper",False,0.01,54
2025-12-31 15:19:22,25493314,student1,Password123,none,"lockout(3fails/300s),totp,pepper",False,0.01,55
2025-12-31 15:19:22,25493314,student1,Admin123,none,"lockout(3fails/300s),totp,pepper",False,0.0,56
2025-12-31 15:24:21,25493314,student1,Welcome1,none,"lockout(3fails/300s),totp,pepper",False,0.01,57
2025-12-31 15:24:21,25493314,student1,Student123,none,"lockout(3fails/300s),totp,pepper",False,0.01,58
2025-12-31 15:24:21,25493314,student1,Student99,none,"lockout(3fails/300s),totp,pepper",False,0.0,59
2025-12-31 15:24:21,25493314,student1,Test2024,none,"lockout(3fails/300s),totp,pepper",False,0.0,60
2025-12-31 15:24:21,25493314,student1,Login456,none,"lockout(3fails/300s),totp,pepper",False,0.0,61
2025-12-31 15:24:21,25493314,student1,Python101,none,"lockout(3fails/300s),totp,pepper",False,0.0,62
2025-12-31 15:24:21,25493314,student1,demo,none,"lockout(3fails/300s),totp,pepper",False,0.0,63
2025-12-31 15:24:21,25493314,student1,student,none,"lockout(3fails/300s),totp,pepper",False,0.0,64
2025-12-31 15:24:21,25493314,student1,name,none,"lockout(3fails/300s),totp,pepper",False,0.0,65
2025-12-31 15:24:21,25493314,student1,1111,none,"lockout(3fails/300s),totp,pepper",False,0.0,66
2025-12-31 15:24:21,25493314,student1,BlueCat12,none,"lockout(3fails/300s),totp,pepper",False,0.0,67
2025-12-31 15:24:21,25493314,student1,TechGirl7,none,"lockout(3fails/300s),totp,pepper",False,0.0,68
2025-12-31 15:24:21,25493314,student1,Cloud123,none,"lockout(3fails/300s),totp,pepper",False,0.0,69
2025-12-31 15:24:21,25493314,student1,GameOn22,none,"lockout(3fails/300s),totp,pepper",False,0.0,70
2025-12-31 15:24:21,25493314,student1,WebDev88,none,"lockout(3fails/300s),totp,pepper",False,0.0,71
2025-12-31 15:24:21,25493314,login_user,123456,none,"lockout(3fails/300s),totp,pepper",False,0.01,1
2025-12-31 15:24:21,25493314,login_user,password,none,"lockout(3fails/300s),totp,pepper",False,0.01,2
2025-12-31 15:24:21,25493314,login_user,12345678,none,"lockout(3fails/300s),totp,pepper",False,0.01,3
2025-12-31 15:24:21,25493314,login_user,qwerty,none,"lockout(3fails/300s),totp,pepper",False,0.0,4
2025-12-31 15:29:21,25493314,login_user,123456789,none,"lockout(3fails/300s),totp,pepper",False,0.02,5
2025-12-31 15:29:21,25493314,login_user,12345,none,"lockout(3fails/300s),totp,pepper",False,0.0,6
2025-12-31 15:29:21,25493314,login_user,1234,none,"lockout(3fails/300s),totp,pepper",False,0.0,7
2025-12-31 15:29:21,25493314,login_user,111111,none,"lockout(3fails/300s),totp,pepper",False,0.0,8
2025-12-31 15:29:21,25493314,login_user,1234567,none,"lockout(3fails/300s),totp,pepper",False,0.0,9
2025-12-31 15:29:21,25493314,login_user,dragon,none,"lockout(3fails/300s),totp,pepper",False,0.0,10
2025-12-31 15:29:21,25493314,login_user,123123,none,"lockout(3fails/300s),totp,pepper",False,0.0,11
2025-12-31 15:29:21,25493314,login_user,baseball,none,"lockout(3fails/300s),totp,pepper",False,0.0,12
2025-12-31 15:29:21,25493314,login_user,abc123,none,"lockout(3fails/300s),totp,pepper",False,0.0,13
2025-12-31 15:29:21,25493314,login_user,football,none,"lockout(3fails/300s),totp,pepper",False,0.0,14
2025-12-31 15:29:21,25493314,login_user,monkey,none,"lockout(3fails/300s),totp,pepper",False,0.0,15
2025-12-31 15:29:21,25493314,login_user,letmein,none,"lockout(3fails/300s),totp,pepper",False,0.0,16
2025-12-31 15:29:21,25493314,login_user,shadow,none,"lockout(3fails/300s),totp,pepper",False,0.0,17
2025-12-31 15:29:21,25493314,login_user,master,none,"lockout(3fails/300s),totp,pepper",False,0.0,18
2025-12-31 15:29:21,25493314,login_user,666666,none,"lockout(3fails/300s),totp,pepper",False,0.0,19
2025-12-31 15:29:21,25493314,login_user,qwertyuiop,none,"lockout(3fails/300s),totp,pepper",False,0.0,20
2025-12-31 15:29:21,25493314,login_user,123321,none,"lockout(3fails/300s),totp,pepper",False,0.0,21
2025-12-31 15:29:21,25493314,login_user,mustang,none,"lockout(3fails/300s),totp,pepper",False,0.0,22
2025-12-31 15:29:21,25493314,login_user,121212,none,"lockout(3fails/300s),totp,pepper",False,0.0,23
2025-12-31 15:29:21,25493314,login_user,000000,none,"lockout(3fails/300s),totp,pepper",False,0.0,24
2025-12-31 15:29:21,25493314,login_user,password1,none,"lockout(3fails/300s),totp,pepper",False,0.0,25
2025-12-31 15:29:21,25493314,login_user,admin,none,"lockout(3fails/300s),totp,pepper",False,0.0,26
2025-12-31 15:29:21,25493314,login_user,admin123,none,"lockout(3fails/300s),totp,pepper",False,0.0,27
2025-12-31 15:29:21,25493314,login_user,root,none,"lockout(3fails/300s),totp,pepper",False,0.0,28
2025-12-31 15:29:21,25493314,login_user,toor,none,"lockout(3fails/300s),totp,pepper",False,0.0,29
2025-12-31 15:29:21,25493314,login_user,pass,none,"lockout(3fails/300s),totp,pepper",False,0.0,30
2025-12-31 15:29:21,25493314,login_user,test,none,"lockout(3fails/300s),totp,pepper",False,0.0,31
2025-12-31 15:29:21,25493314,login_user,test123,none,"lockout(3fails/300s),totp,pepper",False,0.0,32
2025-12-31 15:29:21,25493314,login_user,guest,none,"lockout(3fails/300s),totp,pepper",False,0.0,33
2025-12-31 15:29:21,25493314,login_user,guest123,none,"lockout(3fails/300s),totp,pepper",False,0.0,34
2025-12-31 15:29:21,25493314,login_user,user,none,"lockout(3fails/300s),totp,pepper",False,0.0,35
2025-12-31 15:29:21,25493314,login_user,user123,none,"lockout(3fails/300s),totp,pepper",False,0.01,36
2025-12-31 15:29:21,25493314,login_user,login,none,"lockout(3fails/300s),totp,pepper",False,0.0,37
2025-12-31 15:29:21,25493314,login_user,login123,none,"lockout(3fails/300s),totp,pepper",False,0.0,38
2025-12-31 15:29:21,25493314,login_user,welcome,none,"lockout(3fails/300s),totp,pepper",False,0.0,39
2025-12-31 15:29:21,25493314,login_user,welcome1,none,"lockout(3fails/300s),totp,pepper",False,0.0,40
2025-12-31 15:29:21,25493314,login_user,password123,none,"lockout(3fails/300s),totp,pepper",False,0.0,41
2025-12-31 15:29:21,25493314,login_user,admin1,none,"lockout(3fails/300s),totp,pepper",False,0.0,42
2025-12-31 15:29:21,25493314,login_user,root123,none,"lockout(3fails/300s),totp,pepper",False,0.0,43
2025-12-31 15:29:21,25493314,login_user,pass123,none,"lockout(3fails/300s),totp,pepper",False,0.0,44
2025-12-31 15:29:21,25493314,login_user,1q2w3e4r,none,"lockout(3fails/300s),totp,pepper",False,0.0,45
2025-12-31 15:29:21,25493314,login_user,qwerty123,none,"lockout(3fails/300s),totp,pepper",False,0.0,46
2025-12-31 15:29:21,25493314,login_user,1234567890,none,"lockout(3fails/300s),totp,pepper",False,0.0,47
2025-12-31 15:29:21,25493314,login_user,987654321,none,"lockout(3fails/300s),totp,pepper",False,0.0,48
2025-12-31 15:29:21,25493314,login_user,hello,none,"lockout(3fails/300s),totp,pepper",False,0.01,49
2025-12-31 15:29:21,25493314,login_user,hello123,none,"lockout(3fails/300s),totp,pepper",False,0.02,50
2025-12-31 15:29:22,25493314,login_user,iloveyou,none,"lockout(3fails/300s),totp,pepper",False,0.01,51
2025-12-31 15:29:22,25493314,login_user,sunshine,none,"lockout(3fails/300s),totp,pepper",False,0.0,52
2025-12-31 15:34:21,25493314,login_user,princess,none,"lockout(3fails/300s),totp,pepper",False,0.01,53
2025-12-31 15:34:21,25493314,login_user,Password1,none,"lockout(3fails/300s),totp,pepper",False,0.01,54
2025-12-31 15:34:21,25493314,login_user,Password123,none,"lockout(3fails/300s),totp,pepper",False,0.0,55
2025-12-31 15:34:21,25493314,login_user,Admin123,none,"lockout(3fails/300s),totp,pepper",False,0.0,56
2025-12-31 15:34:21,25493314,login_user,Welcome1,none,"lockout(3fails/300s),totp,pepper",False,0.0,57
2025-12-31 15:34:21,25493314,login_user,Student123,none,"lockout(3fails/300s),totp,pepper",False,0.01,58
2025-12-31 15:34:21,25493314,login_user,Student99,none,"lockout(3fails/300s),totp,pepper",False,0.0,59
2025-12-31 15:34:21,25493314,login_user,Test2024,none,"lockout(3fails/300s),totp,pepper",False,0.0,60
2025-12-31 15:34:21,25493314,login_user,Login456,none,"lockout(3fails/300s),totp,pepper",False,0.0,61
2025-12-31 15:34:21,25493314,login_user,Python101,none,"lockout(3fails/300s),totp,pepper",False,0.0,62
2025-12-31 15:34:21,25493314,login_user,demo,none,"lockout(3fails/300s),totp,pepper",False,0.0,63
2025-12-31 15:34:21,25493314,login_user,student,none,"lockout(3fails/300s),totp,pepper",False,0.0,64
2025-12-31 15:34:21,25493314,login_user,name,none,"lockout(3fails/300s),totp,pepper",False,0.0,65
2025-12-31 15:34:21,25493314,login_user,1111,none,"lockout(3fails/300s),totp,pepper",False,0.0,66
2025-12-31 15:34:21,25493314,login_user,BlueCat12,none,"lockout(3fails/300s),totp,pepper",False,0.0,67
2025-12-31 15:34:21,25493314,login_user,TechGirl7,none,"lockout(3fails/300s),totp,pepper",False,0.0,68
2025-12-31 15:34:21,25493314,login_user,Cloud123,none,"lockout(3fails/300s),totp,pepper",False,0.0,69
2025-12-31 15:34:21,25493314,login_user,GameOn22,none,"lockout(3fails/300s),totp,pepper",False,0.0,70
2025-12-31 15:34:21,25493314,login_user,WebDev88,none,"lockout(3fails/300s),totp,pepper",False,0.0,71
2025-12-31 15:34:21,25493314,pythonfan,123456,none,"lockout(3fails/300s),totp,pepper",False,0.01,1
2025-12-31 15:34:21,25493314,pythonfan,password,none,"lockout(3fails/300s),totp,pepper",False,0.01,2
2025-12-31 15:34:21,25493314,pythonfan,12345678,none,"lockout(3fails/300s),totp,pepper",False,0.01,3
2025-12-31 15:34:21,25493314,pythonfan,qwerty,none,"lockout(3fails/300s),totp,pepper",False,0.0,4
2025-12-31 15:39:20,25493314,pythonfan,123456789,none,"lockout(3fails/300s),totp,pepper",False,0.03,5
2025-12-31 15:39:20,25493314,pythonfan,12345,none,"lockout(3fails/300s),totp,pepper",False,0.0,6
2025-12-31 15:39:20,25493314,pythonfan,1234,none,"lockout(3fails/300s),totp,pepper",False,0.0,7
2025-12-31 15:39:20,25493314,pythonfan,111111,none,"lockout(3fails/300s),totp,pepper",False,0.0,8
2025-12-31 15:39:20,25493314,pythonfan,1234567,none,"lockout(3fails/300s),totp,pepper",False,0.0,9
2025-12-31 15:39:20,25493314,pythonfan,dragon,none,"lockout(3fails/300s),totp,pepper",False,0.0,10
2025-12-31 15:39:20,25493314,pythonfan,123123,none,"lockout(3fails/300s),totp,pepper",False,0.0,11
2025-12-31 15:39:20,25493314,pythonfan,baseball,none,"lockout(3fails/300s),totp,pepper",False,0.0,12
2025-12-31 15:39:21,25493314,pythonfan,abc123,none,"lockout(3fails/300s),totp,pepper",False,0.0,13
2025-12-31 15:39:21,25493314,pythonfan,football,none,"lockout(3fails/300s),totp,pepper",False,0.0,14
2025-12-31 15:39:21,25493314,pythonfan,monkey,none,"lockout(3fails/300s),totp,pepper",False,0.0,15
2025-12-31 15:39:21,25493314,pythonfan,letmein,none,"lockout(3fails/300s),totp,pepper",False,0.0,16
2025-12-31 15:39:21,25493314,pythonfan,shadow,none,"lockout(3fails/300s),totp,pepper",False,0.0,17
2025-12-31 15:39:21,25493314,pythonfan,master,none,"lockout(3fails/300s),totp,pepper",False,0.0,18
2025-12-31 15:39:21,25493314,pythonfan,666666,none,"lockout(3fails/300s),totp,pepper",False,0.0,19
2025-12-31 15:39:21,25493314,pythonfan,qwertyuiop,none,"lockout(3fails/300s),totp,pepper",False,0.0,20
2025-12-31 15:39:21,25493314,pythonfan,123321,none,"lockout(3fails/300s),totp,pepper",False,0.0,21
2025-12-31 15:39:21,25493314,pythonfan,mustang,none,"lockout(3fails/300s),totp,pepper",False,0.0,22
2025-12-31 15:39:21,25493314,pythonfan,121212,none,"lockout(3fails/300s),totp,pepper",False,0.0,23
2025-12-31 15:39:21,25493314,pythonfan,000000,none,"lockout(3fails/300s),totp,pepper",False,0.0,24
2025-12-31 15:39:21,25493314,pythonfan,password1,none,"lockout(3fails/300s),totp,pepper",False,0.0,25
2025-12-31 15:39:21,25493314,pythonfan,admin,none,"lockout(3fails/300s),totp,pepper",False,0.0,26
2025-12-31 15:39:21,25493314,pythonfan,admin123,none,"lockout(3fails/300s),totp,pepper",False,0.0,27
2025-12-31 15:39:21,25493314,pythonfan,root,none,"lockout(3fails/300s),totp,pepper",False,0.0,28
2025-12-31 15:39:21,25493314,pythonfan,toor,none,"lockout(3fails/300s),totp,pepper",False,0.0,29
2025-12-31 15:39:21,25493314,pythonfan,pass,none,"lockout(3fails/300s),totp,pepper",False,0.01,30
2025-12-31 15:39:21,25493314,pythonfan,test,none,"lockout(3fails/300s),totp,pepper",False,0.0,31
2025-12-31 15:39:21,25493314,pythonfan,test123,none,"lockout(3fails/300s),totp,pepper",False,0.0,32
2025-12-31 15:39:21,25493314,pythonfan,guest,none,"lockout(3fails/300s),totp,pepper",False,0.0,33
2025-12-31 15:39:21,25493314,pythonfan,guest123,none,"lockout(3fails/300s),totp,pepper",False,0.0,34
2025-12-31 15:39:21,25493314,pythonfan,user,none,"lockout(3fails/300s),totp,pepper",False,0.0,35
2025-12-31 15:39:21,25493314,pythonfan,user123,none,"lockout(3fails/300s),totp,pepper",False,0.0,36
2025-12-31 15:39:21,25493314,pythonfan,login,none,"lockout(3fails/300s),totp,pepper",False,0.0,37
2025-12-31 15:39:21,25493314,pythonfan,login123,none,"lockout(3fails/300s),totp,pepper",False,0.0,38
2025-12-31 15:39:21,25493314,pythonfan,welcome,none,"lockout(3fails/300s),totp,pepper",False,0.0,39
2025-12-31 15:39:21,25493314,pythonfan,welcome1,none,"lockout(3fails/300s),totp,pepper",False,0.0,40
2025-12-31 15:39:21,25493314,pythonfan,password123,none,"lockout(3fails/300s),totp,pepper",False,0.0,41
2025-12-31 15:39:21,25493314,pythonfan,admin1,none,"lockout(3fails/300s),totp,pepper",False,0.0,42
2025-12-31 15:39:21,25493314,pythonfan,root123,none,"lockout(3fails/300s),totp,pepper",False,0.0,43
2025-12-31 15:39:21,25493314,pythonfan,pass123,none,"lockout(3fails/300s),totp,pepper",False,0.0,44
2025-12-31 15:39:21,25493314,pythonfan,1q2w3e4r,none,"lockout(3fails/300s),totp,pepper",False,0.0,45
2025-12-31 15:39:21,25493314,pythonfan,qwerty123,none,"lockout(3fails/300s),totp,pepper",False,0.0,46
2025-12-31 15:39:21,25493314,pythonfan,1234567890,none,"lockout(3fails/300s),totp,pepper",False,0.0,47
2025-12-31 15:39:21,25493314,pythonfan,987654321,none,"lockout(3fails/300s),totp,pepper",False,0.0,48
2025-12-31 15:39:21,25493314,pythonfan,hello,none,"lockout(3fails/300s),totp,pepper",False,0.01,49
2025-12-31 15:39:21,25493314,pythonfan,hello123,none,"lockout(3fails/300s),totp,pepper",False,0.01,50
2025-12-31 15:39:21,25493314,pythonfan,iloveyou,none,"lockout(3fails/300s),totp,pepper",False,0.01,51
2025-12-31 15:39:21,25493314,pythonfan,sunshine,none,"lockout(3fails/300s),totp,pepper",False,0.0,52
2025-12-31 15:44:20,25493314,pythonfan,princess,none,"lockout(3fails/300s),totp,pepper",False,0.02,53
2025-12-31 15:44:20,25493314,pythonfan,Password1,none,"lockout(3fails/300s),totp,pepper",False,0.0,54
2025-12-31 15:44:20,25493314,pythonfan,Password123,none,"lockout(3fails/300s),totp,pepper",False,0.0,55
2025-12-31 15:44:20,25493314,pythonfan,Admin123,none,"lockout(3fails/300s),totp,pepper",False,0.0,56
2025-12-31 15:44:20,25493314,pythonfan,Welcome1,none,"lockout(3fails/300s),totp,pepper",False,0.0,57
2025-12-31 15:44:20,25493314,pythonfan,Student123,none,"lockout(3fails/300s),totp,pepper",False,0.0,58
2025-12-31 15:44:21,25493314,pythonfan,Student99,none,"lockout(3fails/300s),totp,pepper",False,0.0,59
2025-12-31 15:44:21,25493314,pythonfan,Test2024,none,"lockout(3fails/300s),totp,pepper",False,0.0,60
2025-12-31 15:44:21,25493314,pythonfan,Login456,none,"lockout(3fails/300s),totp,pepper",False,0.0,61
2025-12-31 15:44:21,25493314,pythonfan,Python101,none,"lockout(3fails/300s),totp,pepper",False,0.0,62
2025-12-31 15:44:21,25493314,pythonfan,demo,none,"lockout(3fails/300s),totp,pepper",False,0.0,63
2025-12-31 15:44:21,25493314,pythonfan,student,none,"lockout(3fails/300s),totp,pepper",False,0.0,64
2025-12-31 15:44:21,25493314,pythonfan,name,none,"lockout(3fails/300s),totp,pepper",False,0.0,65
2025-12-31 15:44:21,25493314,pythonfan,1111,none,"lockout(3fails/300s),totp,pepper",False,0.0,66
2025-12-31 15:44:21,25493314,pythonfan,BlueCat12,none,"lockout(3fails/300s),totp,pepper",False,0.0,67
2025-12-31 15:44:21,25493314,pythonfan,TechGirl7,none,"lockout(3fails/300s),totp,pepper",False,0.0,68
2025-12-31 15:44:21,25493314,pythonfan,Cloud123,none,"lockout(3fails/300s),totp,pepper",False,0.0,69
2025-12-31 15:44:21,25493314,pythonfan,GameOn22,none,"lockout(3fails/300s),totp,pepper",False,0.0,70
2025-12-31 15:44:21,25493314,pythonfan,WebDev88,none,"lockout(3fails/300s),totp,pepper",False,0.0,71
2025-12-31 15:44:21,25493314,techgirl,123456,none,"lockout(3fails/300s),totp,pepper",False,0.01,1
2025-12-31 15:44:21,25493314,techgirl,password,none,"lockout(3fails/300s),totp,pepper",False,0.01,2
2025-12-31 15:44:21,25493314,techgirl,12345678,none,"lockout(3fails/300s),totp,pepper",False,0.01,3
2025-12-31 15:44:21,25493314,techgirl,qwerty,none,"lockout(3fails/300s),totp,pepper",False,0.0,4
2025-12-31 15:49:20,25493314,techgirl,123456789,none,"lockout(3fails/300s),totp,pepper",False,0.01,5
2025-12-31 15:49:20,25493314,techgirl,12345,none,"lockout(3fails/300s),totp,pepper",False,0.01,6
2025-12-31 15:49:20,25493314,techgirl,1234,none,"lockout(3fails/300s),totp,pepper",False,0.0,7
2025-12-31 15:49:20,25493314,techgirl,111111,none,"lockout(3fails/300s),totp,pepper",False,0.0,8
2025-12-31 15:49:20,25493314,techgirl,1234567,none,"lockout(3fails/300s),totp,pepper",False,0.0,9
2025-12-31 15:49:20,25493314,techgirl,dragon,none,"lockout(3fails/300s),totp,pepper",False,0.0,10
2025-12-31 15:49:20,25493314,techgirl,123123,none,"lockout(3fails/300s),totp,pepper",False,0.0,11
2025-12-31 15:49:20,25493314,techgirl,baseball,none,"lockout(3fails/300s),totp,pepper",False,0.0,12
2025-12-31 15:49:20,25493314,techgirl,abc123,none,"lockout(3fails/300s),totp,pepper",False,0.0,13
2025-12-31 15:49:20,25493314,techgirl,football,none,"lockout(3fails/300s),totp,pepper",False,0.0,14
2025-12-31 15:49:20,25493314,techgirl,monkey,none,"lockout(3fails/300s),totp,pepper",False,0.0,15
2025-12-31 15:49:20,25493314,techgirl,letmein,none,"lockout(3fails/300s),totp,pepper",False,0.0,16
2025-12-31 15:49:20,25493314,techgirl,shadow,none,"lockout(3fails/300s),totp,pepper",False,0.0,17
2025-12-31 15:49:20,25493314,techgirl,master,none,"lockout(3fails/300s),totp,pepper",False,0.0,18
2025-12-31 15:49:20,25493314,techgirl,666666,none,"lockout(3fails/300s),totp,pepper",False,0.0,19
2025-12-31 15:49:20,25493314,techgirl,qwertyuiop,none,"lockout(3fails/300s),totp,pepper",False,0.0,20
2025-12-31 15:49:20,25493314,techgirl,123321,none,"lockout(3fails/300s),totp,pepper",False,0.0,21
2025-12-31 15:49:21,25493314,techgirl,mustang,none,"lockout(3fails/300s),totp,pepper",False,0.0,22
2025-12-31 15:49:21,25493314,techgirl,121212,none,"lockout(3fails/300s),totp,pepper",False,0.0,23
2025-12-31 15:49:21,25493314,techgirl,000000,none,"lockout(3fails/300s),totp,pepper",False,0.0,24
2025-12-31 15:49:21,25493314,techgirl,password1,none,"lockout(3fails/300s),totp,pepper",False,0.0,25
2025-12-31 15:49:21,25493314,techgirl,admin,none,"lockout(3fails/300s),totp,pepper",False,0.0,26
2025-12-31 15:49:21,25493314,techgirl,admin123,none,"lockout(3fails/300s),totp,pepper",False,0.0,27
2025-12-31 15:49:21,25493314,techgirl,root,none,"lockout(3fails/300s),totp,pepper",False,0.01,28
2025-12-31 15:49:21,25493314,techgirl,toor,none,"lockout(3fails/300s),totp,pepper",False,0.0,29
2025-12-31 15:49:21,25493314,techgirl,pass,none,"lockout(3fails/300s),totp,pepper",False,0.0,30
2025-12-31 15:49:21,25493314,techgirl,test,none,"lockout(3fails/300s),totp,pepper",False,0.0,31
2025-12-31 15:49:21,25493314,techgirl,test123,none,"lockout(3fails/300s),totp,pepper",False,0.0,32
2025-12-31 15:49:21,25493314,techgirl,guest,none,"lockout(3fails/300s),totp,pepper",False,0.0,33
2025-12-31 15:49:21,25493314,techgirl,guest123,none,"lockout(3fails/300s),totp,pepper",False,0.0,34
2025-12-31 15:49:21,25493314,techgirl,user,none,"lockout(3fails/300s),totp,pepper",False,0.0,35
2025-12-31 15:49:21,25493314,techgirl,user123,none,"lockout(3fails/300s),totp,pepper",False,0.0,36
2025-12-31 15:49:21,25493314,techgirl,login,none,"lockout(3fails/300s),totp,pepper",False,0.0,37
2025-12-31 15:49:21,25493314,techgirl,login123,none,"lockout(3fails/300s),totp,pepper",False,0.0,38
2025-12-31 15:49:21,25493314,techgirl,welcome,none,"lockout(3fails/300s),totp,pepper",False,0.0,39
2025-12-31 15:49:21,25493314,techgirl,welcome1,none,"lockout(3fails/300s),totp,pepper",False,0.0,40
2025-12-31 15:49:21,25493314,techgirl,password123,none,"lockout(3fails/300s),totp,pepper",False,0.0,41
2025-12-31 15:49:21,25493314,techgirl,admin1,none,"lockout(3fails/300s),totp,pepper",False,0.0,42
2025-12-31 15:49:21,25493314,techgirl,root123,none,"lockout(3fails/300s),totp,pepper",False,0.0,43
2025-12-31 15:49:21,25493314,techgirl,pass123,none,"lockout(3fails/300s),totp,pepper",False,0.0,44
2025-12-31 15:49:21,25493314,techgirl,1q2w3e4r,none,"lockout(3fails/300s),totp,pepper",False,0.01,45
2025-12-31 15:49:21,25493314,techgirl,qwerty123,none,"lockout(3fails/300s),totp,pepper",False,0.01,46
2025-12-31 15:49:21,25493314,techgirl,1234567890,none,"lockout(3fails/300s),totp,pepper",False,0.01,47
2025-12-31 15:49:21,25493314,techgirl,987654321,none,"lockout(3fails/300s),totp,pepper",False,0.0,48
2025-12-31 15:54:20,25493314,techgirl,hello,none,"lockout(3fails/300s),totp,pepper",False,0.02,49
2025-12-31 15:54:21,25493314,techgirl,hello123,none,"lockout(3fails/300s),totp,pepper",False,0.04,50
2025-12-31 15:54:21,25493314,techgirl,iloveyou,none,"lockout(3fails/300s),totp,pepper",False,0.02,51
2025-12-31 15:54:21,25493314,techgirl,sunshine,none,"lockout(3fails/300s),totp,pepper",False,0.02,52
2025-12-31 15:54:21,25493314,techgirl,princess,none,"lockout(3fails/300s),totp,pepper",False,0.0,53
2025-12-31 15:59:20,25493314,techgirl,Password1,none,"lockout(3fails/300s),totp,pepper",False,0.02,54
2025-12-31 15:59:20,25493314,techgirl,Password123,none,"lockout(3fails/300s),totp,pepper",False,0.01,55
2025-12-31 15:59:20,25493314,techgirl,Admin123,none,"lockout(3fails/300s),totp,pepper",False,0.01,56
2025-12-31 15:59:20,25493314,techgirl,Welcome1,none,"lockout(3fails/300s),totp,pepper",False,0.0,57
2025-12-31 15:59:20,25493314,techgirl,Student123,none,"lockout(3fails/300s),totp,pepper",False,0.0,58
2025-12-31 15:59:20,25493314,techgirl,Student99,none,"lockout(3fails/300s),totp,pepper",False,0.01,59
2025-12-31 15:59:20,25493314,techgirl,Test2024,none,"lockout(3fails/300s),totp,pepper",False,0.0,60
2025-12-31 15:59:20,25493314,techgirl,Login456,none,"lockout(3fails/300s),totp,pepper",False,0.0,61
2025-12-31 15:59:20,25493314,techgirl,Python101,none,"lockout(3fails/300s),totp,pepper",False,0.0,62
2025-12-31 15:59:20,25493314,techgirl,demo,none,"lockout(3fails/300s),totp,pepper",False,0.0,63
2025-12-31 15:59:20,25493314,techgirl,student,none,"lockout(3fails/300s),totp,pepper",False,0.0,64
2025-12-31 15:59:21,25493314,techgirl,name,none,"lockout(3fails/300s),totp,pepper",False,0.0,65
2025-12-31 15:59:21,25493314,techgirl,1111,none,"lockout(3fails/300s),totp,pepper",False,0.0,66
2025-12-31 15:59:21,25493314,techgirl,BlueCat12,none,"lockout(3fails/300s),totp,pepper",False,0.0,67
2025-12-31 15:59:21,25493314,techgirl,TechGirl7,none,"lockout(3fails/300s),totp,pepper",False,0.0,68
2025-12-31 15:59:21,25493314,techgirl,Cloud123,none,"lockout(3fails/300s),totp,pepper",False,0.01,69
2025-12-31 15:59:21,25493314,techgirl,GameOn22,none,"lockout(3fails/300s),totp,pepper",False,0.0,70
2025-12-31 15:59:21,25493314,techgirl,WebDev88,none,"lockout(3fails/300s),totp,pepper",False,0.0,71
2025-12-31 15:59:21,25493314,cloud_user,123456,none,"lockout(3fails/300s),totp,pepper",False,0.02,1
2025-12-31 15:59:21,25493314,cloud_user,password,none,"lockout(3fails/300s),totp,pepper",False,0.02,2
2025-12-31 15:59:21,25493314,cloud_user,12345678,none,"lockout(3fails/300s),totp,pepper",False,0.02,3
2025-12-31 15:59:21,25493314,cloud_user,qwerty,none,"lockout(3fails/300s),totp,pepper",False,0.0,4
2025-12-31 16:04:20,25493314,cloud_user,123456789,none,"lockout(3fails/300s),totp,pepper",False,0.02,5
2025-12-31 16:04:20,25493314,cloud_user,12345,none,"lockout(3fails/300s),totp,pepper",False,0.01,6
2025-12-31 16:04:20,25493314,cloud_user,1234,none,"lockout(3fails/300s),totp,pepper",False,0.0,7
2025-12-31 16:04:20,25493314,cloud_user,111111,none,"lockout(3fails/300s),totp,pepper",False,0.0,8
2025-12-31 16:04:20,25493314,cloud_user,1234567,none,"lockout(3fails/300s),totp,pepper",False,0.0,9
2025-12-31 16:04:20,25493314,cloud_user,dragon,none,"lockout(3fails/300s),totp,pepper",False,0.01,10
2025-12-31 16:04:20,25493314,cloud_user,123123,none,"lockout(3fails/300s),totp,pepper",False,0.0,11
2025-12-31 16:04:20,25493314,cloud_user,baseball,none,"lockout(3fails/300s),totp,pepper",False,0.0,12
2025-12-31 16:04:20,25493314,cloud_user,abc123,none,"lockout(3fails/300s),totp,pepper",False,0.0,13
2025-12-31 16:04:20,25493314,cloud_user,football,none,"lockout(3fails/300s),totp,pepper",False,0.0,14
2025-12-31 16:04:20,25493314,cloud_user,monkey,none,"lockout(3fails/300s),totp,pepper",False,0.0,15
2025-12-31 16:04:20,25493314,cloud_user,letmein,none,"lockout(3fails/300s),totp,pepper",False,0.0,16
2025-12-31 16:04:20,25493314,cloud_user,shadow,none,"lockout(3fails/300s),totp,pepper",False,0.0,17
2025-12-31 16:04:20,25493314,cloud_user,master,none,"lockout(3fails/300s),totp,pepper",False,0.0,18
2025-12-31 16:04:20,25493314,cloud_user,666666,none,"lockout(3fails/300s),totp,pepper",False,0.0,19
2025-12-31 16:04:20,25493314,cloud_user,qwertyuiop,none,"lockout(3fails/300s),totp,pepper",False,0.0,20
2025-12-31 16:04:20,25493314,cloud_user,123321,none,"lockout(3fails/300s),totp,pepper",False,0.0,21
2025-12-31 16:04:20,25493314,cloud_user,mustang,none,"lockout(3fails/300s),totp,pepper",False,0.0,22
2025-12-31 16:04:20,25493314,cloud_user,121212,none,"lockout(3fails/300s),totp,pepper",False,0.0,23
2025-12-31 16:04:20,25493314,cloud_user,000000,none,"lockout(3fails/300s),totp,pepper",False,0.0,24
2025-12-31 16:04:20,25493314,cloud_user,password1,none,"lockout(3fails/300s),totp,pepper",False,0.0,25
2025-12-31 16:04:20,25493314,cloud_user,admin,none,"lockout(3fails/300s),totp,pepper",False,0.0,26
2025-12-31 16:04:20,25493314,cloud_user,admin123,none,"lockout(3fails/300s),totp,pepper",False,0.0,27
2025-12-31 16:04:21,25493314,cloud_user,root,none,"lockout(3fails/300s),totp,pepper",False,0.0,28
2025-12-31 16:04:21,25493314,cloud_user,toor,none,"lockout(3fails/300s),totp,pepper",False,0.0,29
2025-12-31 16:04:21,25493314,cloud_user,pass,none,"lockout(3fails/300s),totp,pepper",False,0.0,30
2025-12-31 16:04:21,25493314,cloud_user,test,none,"lockout(3fails/300s),totp,pepper",False,0.0,31
2025-12-31 16:04:21,25493314,cloud_user,test123,none,"lockout(3fails/300s),totp,pepper",False,0.0,32
2025-12-31 16:04:21,25493314,cloud_user,guest,none,"lockout(3fails/300s),totp,pepper",False,0.0,33
2025-12-31 16:04:21,25493314,cloud_user,guest123,none,"lockout(3fails/300s),totp,pepper",False,0.0,34
2025-12-31 16:04:21,25493314,cloud_user,user,none,"lockout(3fails/300s),totp,pepper",False,0.0,35
2025-12-31 16:04:21,25493314,cloud_user,user123,none,"lockout(3fails/300s),totp,pepper",False,0.0,36
2025-12-31 16:04:21,25493314,cloud_user,login,none,"lockout(3fails/300s),totp,pepper",False,0.0,37
2025-12-31 16:04:21,25493314,cloud_user,login123,none,"lockout(3fails/300s),totp,pepper",False,0.0,38
2025-12-31 16:04:21,25493314,cloud_user,welcome,none,"lockout(3fails/300s),totp,pepper",False,0.0,39
2025-12-31 16:04:21,25493314,cloud_user,welcome1,none,"lockout(3fails/300s),totp,pepper",False,0.0,40
2025-12-31 16:04:21,25493314,cloud_user,password123,none,"lockout(3fails/300s),totp,pepper",False,0.0,41
2025-12-31 16:04:21,25493314,cloud_user,admin1,none,"lockout(3fails/300s),totp,pepper",False,0.0,42
2025-12-31 16:04:21,25493314,cloud_user,root123,none,"lockout(3fails/300s),totp,pepper",False,0.0,43
2025-12-31 16:04:21,25493314,cloud_user,pass123,none,"lockout(3fails/300s),totp,pepper",False,0.0,44
2025-12-31 16:04:21,25493314,cloud_user,1q2w3e4r,none,"lockout(3fails/300s),totp,pepper",False,0.01,45
2025-12-31 16:04:21,25493314,cloud_user,qwerty123,none,"lockout(3fails/300s),totp,pepper",False,0.01,46
2025-12-31 16:04:21,25493314,cloud_user,1234567890,none,"lockout(3fails/300s),totp,pepper",False,0.01,47
2025-12-31 16:04:21,25493314,cloud_user,987654321,none,"lockout(3fails/300s),totp,pepper",False,0.0,48
2025-12-31 16:09:20,25493314,cloud_user,hello,none,"lockout(3fails/300s),totp,pepper",False,0.02,49
2025-12-31 16:09:20,25493314,cloud_user,hello123,none,"lockout(3fails/300s),totp,pepper",False,0.01,50
2025-12-31 16:09:20,25493314,cloud_user,iloveyou,none,"lockout(3fails/300s),totp,pepper",False,0.0,51
2025-12-31 16:09:20,25493314,cloud_user,sunshine,none,"lockout(3fails/300s),totp,pepper",False,0.0,52
2025-12-31 16:09:20,25493314,cloud_user,princess,none,"lockout(3fails/300s),totp,pepper",False,0.0,53
2025-12-31 16:09:20,25493314,cloud_user,Password1,none,"lockout(3fails/300s),totp,pepper",False,0.0,54
2025-12-31 16:09:20,25493314,cloud_user,Password123,none,"lockout(3fails/300s),totp,pepper",False,0.0,55
2025-12-31 16:09:20,25493314,cloud_user,Admin123,none,"lockout(3fails/300s),totp,pepper",False,0.0,56
2025-12-31 16:09:20,25493314,cloud_user,Welcome1,none,"lockout(3fails/300s),totp,pepper",False,0.0,57
2025-12-31 16:09:20,25493314,cloud_user,Student123,none,"lockout(3fails/300s),totp,pepper",False,0.0,58
2025-12-31 16:09:20,25493314,cloud_user,Student99,none,"lockout(3fails/300s),totp,pepper",False,0.0,59
2025-12-31 16:09:20,25493314,cloud_user,Test2024,none,"lockout(3fails/300s),totp,pepper",False,0.0,60
2025-12-31 16:09:20,25493314,cloud_user,Login456,none,"lockout(3fails/300s),totp,pepper",False,0.0,61
2025-12-31 16:09:20,25493314,cloud_user,Python101,none,"lockout(3fails/300s),totp,pepper",False,0.0,62
2025-12-31 16:09:20,25493314,cloud_user,demo,none,"lockout(3fails/300s),totp,pepper",False,0.0,63
2025-12-31 16:09:20,25493314,cloud_user,student,none,"lockout(3fails/300s),totp,pepper",False,0.0,64
2025-12-31 16:09:20,25493314,cloud_user,name,none,"lockout(3fails/300s),totp,pepper",False,0.0,65
2025-12-31 16:09:20,25493314,cloud_user,1111,none,"lockout(3fails/300s),totp,pepper",False,0.0,66
2025-12-31 16:09:20,25493314,cloud_user,BlueCat12,none,"lockout(3fails/300s),totp,pepper",False,0.0,67
2025-12-31 16:09:20,25493314,cloud_user,TechGirl7,none,"lockout(3fails/300s),totp,pepper",False,0.0,68
2025-12-31 16:09:21,25493314,cloud_user,Cloud123,none,"lockout(3fails/300s),totp,pepper",False,0.0,69
2025-12-31 16:09:21,25493314,cloud_user,GameOn22,none,"lockout(3fails/300s),totp,pepper",False,0.0,70
2025-12-31 16:09:21,25493314,cloud_user,WebDev88,none,"lockout(3fails/300s),totp,pepper",False,0.0,71
2025-12-31 16:09:21,25493314,gamer22,123456,none,"lockout(3fails/300s),totp,pepper",False,0.01,1
2025-12-31 16:09:21,25493314,gamer22,password,none,"lockout(3fails/300s),totp,pepper",False,0.01,2
2025-12-31 16:09:21,25493314,gamer22,12345678,none,"lockout(3fails/300s),totp,pepper",False,0.01,3
2025-12-31 16:09:21,25493314,gamer22,qwerty,none,"lockout(3fails/300s),totp,pepper",False,0.0,4
2025-12-31 16:14:20,25493314,gamer22,123456789,none,"lockout(3fails/300s),totp,pepper",False,0.02,5
2025-12-31 16:14:20,25493314,gamer22,12345,none,"lockout(3fails/300s),totp,pepper",False,0.0,6
2025-12-31 16:14:20,25493314,gamer22,1234,none,"lockout(3fails/300s),totp,pepper",False,0.0,7
2025-12-31 16:14:20,25493314,gamer22,111111,none,"lockout(3fails/300s),totp,pepper",False,0.0,8
2025-12-31 16:14:20,25493314,gamer22,1234567,none,"lockout(3fails/300s),totp,pepper",False,0.0,9
2025-12-31 16:14:20,25493314,gamer22,dragon,none,"lockout(3fails/300s),totp,pepper",False,0.0,10
2025-12-31 16:14:20,25493314,gamer22,123123,none,"lockout(3fails/300s),totp,pepper",False,0.0,11
2025-12-31 16:14:20,25493314,gamer22,baseball,none,"lockout(3fails/300s),totp,pepper",False,0.0,12
2025-12-31 16:14:20,25493314,gamer22,abc123,none,"lockout(3fails/300s),totp,pepper",False,0.0,13
2025-12-31 16:14:20,25493314,gamer22,football,none,"lockout(3fails/300s),totp,pepper",False,0.0,14
2025-12-31 16:14:20,25493314,gamer22,monkey,none,"lockout(3fails/300s),totp,pepper",False,0.0,15
2025-12-31 16:14:20,25493314,gamer22,letmein,none,"lockout(3fails/300s),totp,pepper",False,0.0,16
2025-12-31 16:14:20,25493314,gamer22,shadow,none,"lockout(3fails/300s),totp,pepper",False,0.0,17
2025-12-31 16:14:20,25493314,gamer22,master,none,"lockout(3fails/300s),totp,pepper",False,0.0,18
2025-12-31 16:14:20,25493314,gamer22,666666,none,"lockout(3fails/300s),totp,pepper",False,0.0,19
2025-12-31 16:14:20,25493314,gamer22,qwertyuiop,none,"lockout(3fails/300s),totp,pepper",False,0.0,20
2025-12-31 16:14:20,25493314,gamer22,123321,none,"lockout(3fails/300s),totp,pepper",False,0.0,21
2025-12-31 16:14:20,25493314,gamer22,mustang,none,"lockout(3fails/300s),totp,pepper",False,0.0,22
2025-12-31 16:14:20,25493314,gamer22,121212,none,"lockout(3fails/300s),totp,pepper",False,0.0,23
2025-12-31 16:14:20,25493314,gamer22,000000,none,"lockout(3fails/300s),totp,pepper",False,0.0,24
2025-12-31 16:14:20,25493314,gamer22,password1,none,"lockout(3fails/300s),totp,pepper",False,0.0,25
2025-12-31 16:14:20,25493314,gamer22,admin,none,"lockout(3fails/300s),totp,pepper",False,0.01,26
2025-12-31 16:14:20,25493314,gamer22,admin123,none,"lockout(3fails/300s),totp,pepper",False,0.01,27
2025-12-31 16:14:21,25493314,gamer22,root,none,"lockout(3fails/300s),totp,pepper",False,0.0,28
2025-12-31 16:14:21,25493314,gamer22,toor,none,"lockout(3fails/300s),totp,pepper",False,0.0,29
2025-12-31 16:14:21,25493314,gamer22,pass,none,"lockout(3fails/300s),totp,pepper",False,0.0,30
2025-12-31 16:14:21,25493314,gamer22,test,none,"lockout(3fails/300s),totp,pepper",False,0.0,31
2025-12-31 16:14:21,25493314,gamer22,test123,none,"lockout(3fails/300s),totp,pepper",False,0.0,32
2025-12-31 16:14:21,25493314,gamer22,guest,none,"lockout(3fails/300s),totp,pepper",False,0.0,33
2025-12-31 16:14:21,25493314,gamer22,guest123,none,"lockout(3fails/300s),totp,pepper",False,0.0,34
2025-12-31 16:14:21,25493314,gamer22,user,none,"lockout(3fails/300s),totp,pepper",False,0.0,35
2025-12-31 16:14:21,25493314,gamer22,user123,none,"lockout(3fails/300s),totp,pepper",False,0.0,36
2025-12-31 16:14:21,25493314,gamer22,login,none,"lockout(3fails/300s),totp,pepper",False,0.0,37
2025-12-31 16:14:21,25493314,gamer22,login123,none,"lockout(3fails/300s),totp,pepper",False,0.0,38
2025-12-31 16:14:21,25493314,gamer22,welcome,none,"lockout(3fails/300s),totp,pepper",False,0.01,39
2025-12-31 16:14:21,25493314,gamer22,welcome1,none,"lockout(3fails/300s),totp,pepper",False,0.0,40
2025-12-31 16:14:21,25493314,gamer22,password123,none,"lockout(3fails/300s),totp,pepper",False,0.0,41
2025-12-31 16:14:21,25493314,gamer22,admin1,none,"lockout(3fails/300s),totp,pepper",False,0.01,42
2025-12-31 16:14:21,25493314,gamer22,root123,none,"lockout(3fails/300s),totp,pepper",False,0.01,43
2025-12-31 16:14:21,25493314,gamer22,pass123,none,"lockout(3fails/300s),totp,pepper",False,0.01,44
2025-12-31 16:14:21,25493314,gamer22,1q2w3e4r,none,"lockout(3fails/300s),totp,pepper",False,0.0,45

====================,SUMMARY STATISTICS,====================

Metric,Value
Total Attempts,1323
Successful Attempts,0
Failed Attempts,1323
Success Rate (%),0.00

Unique Usernames Tested,19
Unique Passwords Tested,71

Latency Statistics (ms)
Sum (Total Latency),2.48
Average Latency,0.00
Median Latency (P50),0.00
Min Latency,0.00
Max Latency,0.19

Percentiles (ms)
10th Percentile (P10),0.00
25th Percentile (P25),0.00
75th Percentile (P75),0.00
90th Percentile (P90),0.01
95th Percentile (P95),0.01
99th Percentile (P99),0.02

Time Range
First Attempt,2025-12-31 13:40:57
Last Attempt,2025-12-31 16:14:21

Report Generated,2025-12-31 20:35:01
