timestamp,group_seed,username,password,hash_mode,protection_flags,result,latency_ms,attempt_number
2026-01-01 12:18:17,25493314,user1,123456,none,lockout(3fails/300s),False,0.31,1
2026-01-01 12:18:17,25493314,admin,123456,none,lockout(3fails/300s),False,0.25,1
2026-01-01 12:18:17,25493314,guest,123456,none,lockout(3fails/300s),False,0.14,1
2026-01-01 12:18:17,25493314,test,123456,none,lockout(3fails/300s),False,0.11,1
2026-01-01 12:18:17,25493314,hello,123456,none,lockout(3fails/300s),False,0.13,1
2026-01-01 12:18:17,25493314,name,123456,none,lockout(3fails/300s),False,0.16,1
2026-01-01 12:18:17,25493314,login,123456,none,lockout(3fails/300s),False,0.19,1
2026-01-01 12:18:17,25493314,abc,123456,none,lockout(3fails/300s),False,0.15,1
2026-01-01 12:18:17,25493314,demo,123456,none,lockout(3fails/300s),False,0.17,1
2026-01-01 12:18:17,25493314,student,123456,none,lockout(3fails/300s),False,0.16,1
2026-01-01 12:18:17,25493314,Student_user,123456,none,lockout(3fails/300s),False,0.19,1
2026-01-01 12:18:17,25493314,user_test,123456,none,lockout(3fails/300s),False,0.15,1
2026-01-01 12:18:17,25493314,bluecat,123456,none,lockout(3fails/300s),False,0.13,1
2026-01-01 12:18:17,25493314,student1,123456,none,lockout(3fails/300s),False,0.14,1
2026-01-01 12:18:17,25493314,login_user,123456,none,lockout(3fails/300s),False,0.11,1
2026-01-01 12:18:17,25493314,pythonfan,123456,none,lockout(3fails/300s),False,0.15,1
2026-01-01 12:18:17,25493314,techgirl,123456,none,lockout(3fails/300s),False,0.16,1
2026-01-01 12:18:17,25493314,cloud_user,123456,none,lockout(3fails/300s),False,0.13,1
2026-01-01 12:18:17,25493314,gamer22,123456,none,lockout(3fails/300s),False,0.18,1
2026-01-01 12:18:17,25493314,webdev,123456,none,lockout(3fails/300s),False,0.16,1
2026-01-01 12:18:17,25493314,sha.sec,123456,none,lockout(3fails/300s),False,0.2,1
2026-01-01 12:18:17,25493314,secure_user,123456,none,lockout(3fails/300s),False,0.13,1
2026-01-01 12:18:17,25493314,cyber.auth,123456,none,lockout(3fails/300s),False,0.21,1
2026-01-01 12:18:17,25493314,dev.access,123456,none,lockout(3fails/300s),False,0.18,1
2026-01-01 12:18:17,25493314,root.guard,123456,none,lockout(3fails/300s),False,0.16,1
2026-01-01 12:18:17,25493314,net.lock,123456,none,lockout(3fails/300s),False,0.16,1
2026-01-01 12:18:17,25493314,auth.master,123456,none,lockout(3fails/300s),False,0.17,1
2026-01-01 12:18:17,25493314,vault_user,123456,none,lockout(3fails/300s),False,0.2,1
2026-01-01 12:18:17,25493314,system.sec,123456,none,lockout(3fails/300s),False,0.15,1
2026-01-01 12:18:17,25493314,secure.login,123456,none,lockout(3fails/300s),False,0.41,1
2026-01-01 12:18:17,25493314,user1,password,none,lockout(3fails/300s),False,0.25,2
2026-01-01 12:18:17,25493314,admin,password,none,lockout(3fails/300s),False,0.21,2
2026-01-01 12:18:17,25493314,guest,password,none,lockout(3fails/300s),False,0.15,2
2026-01-01 12:18:17,25493314,test,password,none,lockout(3fails/300s),False,0.14,2
2026-01-01 12:18:17,25493314,hello,password,none,lockout(3fails/300s),False,0.18,2
2026-01-01 12:18:17,25493314,name,password,none,lockout(3fails/300s),False,0.16,2
2026-01-01 12:18:17,25493314,login,password,none,lockout(3fails/300s),False,0.17,2
2026-01-01 12:18:17,25493314,abc,password,none,lockout(3fails/300s),False,0.16,2
2026-01-01 12:18:17,25493314,demo,password,none,lockout(3fails/300s),False,0.17,2
2026-01-01 12:18:17,25493314,student,password,none,lockout(3fails/300s),False,0.13,2
2026-01-01 12:18:17,25493314,Student_user,password,none,lockout(3fails/300s),False,0.21,2
2026-01-01 12:18:17,25493314,user_test,password,none,lockout(3fails/300s),False,0.17,2
2026-01-01 12:18:17,25493314,bluecat,password,none,lockout(3fails/300s),False,0.18,2
2026-01-01 12:18:17,25493314,student1,password,none,lockout(3fails/300s),False,0.2,2
2026-01-01 12:18:17,25493314,login_user,password,none,lockout(3fails/300s),False,0.12,2
2026-01-01 12:18:17,25493314,pythonfan,password,none,lockout(3fails/300s),False,0.17,2
2026-01-01 12:18:17,25493314,techgirl,password,none,lockout(3fails/300s),False,0.18,2
2026-01-01 12:18:17,25493314,cloud_user,password,none,lockout(3fails/300s),False,0.18,2
2026-01-01 12:18:17,25493314,gamer22,password,none,lockout(3fails/300s),False,0.12,2
2026-01-01 12:18:17,25493314,webdev,password,none,lockout(3fails/300s),False,0.17,2
2026-01-01 12:18:17,25493314,sha.sec,password,none,lockout(3fails/300s),False,0.17,2
2026-01-01 12:18:17,25493314,secure_user,password,none,lockout(3fails/300s),False,0.19,2
2026-01-01 12:18:17,25493314,cyber.auth,password,none,lockout(3fails/300s),False,0.13,2
2026-01-01 12:18:17,25493314,dev.access,password,none,lockout(3fails/300s),False,0.16,2
2026-01-01 12:18:17,25493314,root.guard,password,none,lockout(3fails/300s),False,0.16,2
2026-01-01 12:18:17,25493314,net.lock,password,none,lockout(3fails/300s),False,0.21,2
2026-01-01 12:18:17,25493314,auth.master,password,none,lockout(3fails/300s),False,0.15,2
2026-01-01 12:18:17,25493314,vault_user,password,none,lockout(3fails/300s),False,0.13,2
2026-01-01 12:18:17,25493314,system.sec,password,none,lockout(3fails/300s),False,0.19,2
2026-01-01 12:18:17,25493314,secure.login,password,none,lockout(3fails/300s),False,0.17,2
2026-01-01 12:18:17,25493314,user1,12345678,none,lockout(3fails/300s),False,0.18,3
2026-01-01 12:18:17,25493314,admin,12345678,none,lockout(3fails/300s),False,0.12,3
2026-01-01 12:18:17,25493314,guest,12345678,none,lockout(3fails/300s),False,0.19,3
2026-01-01 12:18:17,25493314,test,12345678,none,lockout(3fails/300s),False,0.26,3
2026-01-01 12:18:17,25493314,hello,12345678,none,lockout(3fails/300s),False,0.13,3
2026-01-01 12:18:17,25493314,name,12345678,none,lockout(3fails/300s),False,0.12,3
2026-01-01 12:18:17,25493314,login,12345678,none,lockout(3fails/300s),False,0.19,3
2026-01-01 12:18:17,25493314,abc,12345678,none,lockout(3fails/300s),False,0.18,3
2026-01-01 12:18:17,25493314,demo,12345678,none,lockout(3fails/300s),False,0.15,3
2026-01-01 12:18:17,25493314,student,12345678,none,lockout(3fails/300s),False,0.16,3
2026-01-01 12:18:17,25493314,Student_user,12345678,none,lockout(3fails/300s),False,0.14,3
2026-01-01 12:18:17,25493314,user_test,12345678,none,lockout(3fails/300s),False,0.21,3
2026-01-01 12:18:17,25493314,bluecat,12345678,none,lockout(3fails/300s),False,0.13,3
2026-01-01 12:18:17,25493314,student1,12345678,none,lockout(3fails/300s),False,0.15,3
2026-01-01 12:18:17,25493314,login_user,12345678,none,lockout(3fails/300s),False,0.17,3
2026-01-01 12:18:18,25493314,pythonfan,12345678,none,lockout(3fails/300s),False,0.21,3
2026-01-01 12:18:18,25493314,techgirl,12345678,none,lockout(3fails/300s),False,0.13,3
2026-01-01 12:18:18,25493314,cloud_user,12345678,none,lockout(3fails/300s),False,0.14,3
2026-01-01 12:18:18,25493314,gamer22,12345678,none,lockout(3fails/300s),False,0.14,3
2026-01-01 12:18:18,25493314,webdev,12345678,none,lockout(3fails/300s),False,0.19,3
2026-01-01 12:18:18,25493314,sha.sec,12345678,none,lockout(3fails/300s),False,0.13,3
2026-01-01 12:18:18,25493314,secure_user,12345678,none,lockout(3fails/300s),False,0.16,3
2026-01-01 12:18:18,25493314,cyber.auth,12345678,none,lockout(3fails/300s),False,0.15,3
2026-01-01 12:18:18,25493314,dev.access,12345678,none,lockout(3fails/300s),False,0.19,3
2026-01-01 12:18:18,25493314,root.guard,12345678,none,lockout(3fails/300s),False,0.13,3
2026-01-01 12:18:18,25493314,net.lock,12345678,none,lockout(3fails/300s),False,0.17,3
2026-01-01 12:18:18,25493314,auth.master,12345678,none,lockout(3fails/300s),False,0.16,3
2026-01-01 12:18:18,25493314,vault_user,12345678,none,lockout(3fails/300s),False,0.16,3
2026-01-01 12:18:18,25493314,system.sec,12345678,none,lockout(3fails/300s),False,0.14,3
2026-01-01 12:18:18,25493314,secure.login,12345678,none,lockout(3fails/300s),False,0.22,3
2026-01-01 12:18:18,25493314,user1,qwerty,none,lockout(3fails/300s),False,0.01,4
2026-01-01 12:18:18,25493314,admin,qwerty,none,lockout(3fails/300s),False,0.0,4
2026-01-01 12:18:18,25493314,guest,qwerty,none,lockout(3fails/300s),False,0.0,4
2026-01-01 12:18:18,25493314,test,qwerty,none,lockout(3fails/300s),False,0.0,4
2026-01-01 12:18:18,25493314,hello,qwerty,none,lockout(3fails/300s),False,0.0,4
2026-01-01 12:18:18,25493314,name,qwerty,none,lockout(3fails/300s),False,0.0,4
2026-01-01 12:18:18,25493314,login,qwerty,none,lockout(3fails/300s),False,0.0,4
2026-01-01 12:18:18,25493314,abc,qwerty,none,lockout(3fails/300s),False,0.0,4
2026-01-01 12:18:18,25493314,demo,qwerty,none,lockout(3fails/300s),False,0.0,4
2026-01-01 12:18:18,25493314,student,qwerty,none,lockout(3fails/300s),False,0.0,4
2026-01-01 12:18:18,25493314,Student_user,qwerty,none,lockout(3fails/300s),False,0.0,4
2026-01-01 12:18:18,25493314,user_test,qwerty,none,lockout(3fails/300s),False,0.0,4
2026-01-01 12:18:18,25493314,bluecat,qwerty,none,lockout(3fails/300s),False,0.0,4
2026-01-01 12:18:18,25493314,student1,qwerty,none,lockout(3fails/300s),False,0.0,4
2026-01-01 12:18:18,25493314,login_user,qwerty,none,lockout(3fails/300s),False,0.01,4
2026-01-01 12:18:18,25493314,pythonfan,qwerty,none,lockout(3fails/300s),False,0.0,4
2026-01-01 12:18:18,25493314,techgirl,qwerty,none,lockout(3fails/300s),False,0.0,4
2026-01-01 12:18:18,25493314,cloud_user,qwerty,none,lockout(3fails/300s),False,0.0,4
2026-01-01 12:18:18,25493314,gamer22,qwerty,none,lockout(3fails/300s),False,0.0,4
2026-01-01 12:18:18,25493314,webdev,qwerty,none,lockout(3fails/300s),False,0.0,4
2026-01-01 12:18:18,25493314,sha.sec,qwerty,none,lockout(3fails/300s),False,0.0,4
2026-01-01 12:18:18,25493314,secure_user,qwerty,none,lockout(3fails/300s),False,0.0,4
2026-01-01 12:18:18,25493314,cyber.auth,qwerty,none,lockout(3fails/300s),False,0.0,4
2026-01-01 12:18:18,25493314,dev.access,qwerty,none,lockout(3fails/300s),False,0.0,4
2026-01-01 12:18:18,25493314,root.guard,qwerty,none,lockout(3fails/300s),False,0.0,4
2026-01-01 12:18:18,25493314,net.lock,qwerty,none,lockout(3fails/300s),False,0.0,4
2026-01-01 12:18:18,25493314,auth.master,qwerty,none,lockout(3fails/300s),False,0.0,4
2026-01-01 12:18:18,25493314,vault_user,qwerty,none,lockout(3fails/300s),False,0.0,4
2026-01-01 12:18:18,25493314,system.sec,qwerty,none,lockout(3fails/300s),False,0.01,4
2026-01-01 12:18:18,25493314,secure.login,qwerty,none,lockout(3fails/300s),False,0.0,4
2026-01-01 12:18:18,25493314,user1,123456789,none,lockout(3fails/300s),False,0.0,5
2026-01-01 12:18:18,25493314,admin,123456789,none,lockout(3fails/300s),False,0.0,5
2026-01-01 12:18:18,25493314,guest,123456789,none,lockout(3fails/300s),False,0.0,5
2026-01-01 12:18:18,25493314,test,123456789,none,lockout(3fails/300s),False,0.0,5
2026-01-01 12:18:18,25493314,hello,123456789,none,lockout(3fails/300s),False,0.0,5
2026-01-01 12:18:18,25493314,name,123456789,none,lockout(3fails/300s),False,0.0,5
2026-01-01 12:18:18,25493314,login,123456789,none,lockout(3fails/300s),False,0.0,5
2026-01-01 12:18:18,25493314,abc,123456789,none,lockout(3fails/300s),False,0.0,5
2026-01-01 12:18:18,25493314,demo,123456789,none,lockout(3fails/300s),False,0.0,5
2026-01-01 12:18:18,25493314,student,123456789,none,lockout(3fails/300s),False,0.0,5
2026-01-01 12:18:18,25493314,Student_user,123456789,none,lockout(3fails/300s),False,0.0,5
2026-01-01 12:18:18,25493314,user_test,123456789,none,lockout(3fails/300s),False,0.0,5
2026-01-01 12:18:18,25493314,bluecat,123456789,none,lockout(3fails/300s),False,0.0,5
2026-01-01 12:18:18,25493314,student1,123456789,none,lockout(3fails/300s),False,0.0,5
2026-01-01 12:18:18,25493314,login_user,123456789,none,lockout(3fails/300s),False,0.0,5
2026-01-01 12:18:18,25493314,pythonfan,123456789,none,lockout(3fails/300s),False,0.0,5
2026-01-01 12:18:18,25493314,techgirl,123456789,none,lockout(3fails/300s),False,0.0,5
2026-01-01 12:18:18,25493314,cloud_user,123456789,none,lockout(3fails/300s),False,0.0,5
2026-01-01 12:18:18,25493314,gamer22,123456789,none,lockout(3fails/300s),False,0.0,5
2026-01-01 12:18:18,25493314,webdev,123456789,none,lockout(3fails/300s),False,0.0,5
2026-01-01 12:18:18,25493314,sha.sec,123456789,none,lockout(3fails/300s),False,0.0,5
2026-01-01 12:18:18,25493314,secure_user,123456789,none,lockout(3fails/300s),False,0.0,5
2026-01-01 12:18:18,25493314,cyber.auth,123456789,none,lockout(3fails/300s),False,0.0,5
2026-01-01 12:18:18,25493314,dev.access,123456789,none,lockout(3fails/300s),False,0.0,5
2026-01-01 12:18:18,25493314,root.guard,123456789,none,lockout(3fails/300s),False,0.0,5
2026-01-01 12:18:18,25493314,net.lock,123456789,none,lockout(3fails/300s),False,0.0,5
2026-01-01 12:18:18,25493314,auth.master,123456789,none,lockout(3fails/300s),False,0.0,5
2026-01-01 12:18:18,25493314,vault_user,123456789,none,lockout(3fails/300s),False,0.0,5
2026-01-01 12:18:18,25493314,system.sec,123456789,none,lockout(3fails/300s),False,0.0,5
2026-01-01 12:18:18,25493314,secure.login,123456789,none,lockout(3fails/300s),False,0.0,5
2026-01-01 12:18:18,25493314,user1,12345,none,lockout(3fails/300s),False,0.0,6
2026-01-01 12:18:18,25493314,admin,12345,none,lockout(3fails/300s),False,0.0,6
2026-01-01 12:18:18,25493314,guest,12345,none,lockout(3fails/300s),False,0.0,6
2026-01-01 12:18:18,25493314,test,12345,none,lockout(3fails/300s),False,0.0,6
2026-01-01 12:18:18,25493314,hello,12345,none,lockout(3fails/300s),False,0.0,6
2026-01-01 12:18:18,25493314,name,12345,none,lockout(3fails/300s),False,0.0,6
2026-01-01 12:18:18,25493314,login,12345,none,lockout(3fails/300s),False,0.0,6
2026-01-01 12:18:18,25493314,abc,12345,none,lockout(3fails/300s),False,0.0,6
2026-01-01 12:18:18,25493314,demo,12345,none,lockout(3fails/300s),False,0.0,6
2026-01-01 12:18:18,25493314,student,12345,none,lockout(3fails/300s),False,0.0,6
2026-01-01 12:18:18,25493314,Student_user,12345,none,lockout(3fails/300s),False,0.0,6
2026-01-01 12:18:18,25493314,user_test,12345,none,lockout(3fails/300s),False,0.0,6
2026-01-01 12:18:18,25493314,bluecat,12345,none,lockout(3fails/300s),False,0.0,6
2026-01-01 12:18:18,25493314,student1,12345,none,lockout(3fails/300s),False,0.0,6
2026-01-01 12:18:18,25493314,login_user,12345,none,lockout(3fails/300s),False,0.0,6
2026-01-01 12:18:18,25493314,pythonfan,12345,none,lockout(3fails/300s),False,0.0,6
2026-01-01 12:18:18,25493314,techgirl,12345,none,lockout(3fails/300s),False,0.0,6
2026-01-01 12:18:18,25493314,cloud_user,12345,none,lockout(3fails/300s),False,0.0,6
2026-01-01 12:18:18,25493314,gamer22,12345,none,lockout(3fails/300s),False,0.0,6
2026-01-01 12:18:18,25493314,webdev,12345,none,lockout(3fails/300s),False,0.01,6
2026-01-01 12:18:18,25493314,sha.sec,12345,none,lockout(3fails/300s),False,0.0,6
2026-01-01 12:18:18,25493314,secure_user,12345,none,lockout(3fails/300s),False,0.0,6
2026-01-01 12:18:18,25493314,cyber.auth,12345,none,lockout(3fails/300s),False,0.0,6
2026-01-01 12:18:18,25493314,dev.access,12345,none,lockout(3fails/300s),False,0.0,6
2026-01-01 12:18:18,25493314,root.guard,12345,none,lockout(3fails/300s),False,0.0,6
2026-01-01 12:18:18,25493314,net.lock,12345,none,lockout(3fails/300s),False,0.01,6
2026-01-01 12:18:18,25493314,auth.master,12345,none,lockout(3fails/300s),False,0.0,6
2026-01-01 12:18:18,25493314,vault_user,12345,none,lockout(3fails/300s),False,0.0,6
2026-01-01 12:18:18,25493314,system.sec,12345,none,lockout(3fails/300s),False,0.0,6
2026-01-01 12:18:18,25493314,secure.login,12345,none,lockout(3fails/300s),False,0.0,6
2026-01-01 12:18:18,25493314,user1,1234,none,lockout(3fails/300s),False,0.0,7
2026-01-01 12:18:18,25493314,admin,1234,none,lockout(3fails/300s),False,0.01,7
2026-01-01 12:18:18,25493314,guest,1234,none,lockout(3fails/300s),False,0.0,7
2026-01-01 12:18:18,25493314,test,1234,none,lockout(3fails/300s),False,0.0,7
2026-01-01 12:18:18,25493314,hello,1234,none,lockout(3fails/300s),False,0.0,7
2026-01-01 12:18:18,25493314,name,1234,none,lockout(3fails/300s),False,0.0,7
2026-01-01 12:18:18,25493314,login,1234,none,lockout(3fails/300s),False,0.0,7
2026-01-01 12:18:18,25493314,abc,1234,none,lockout(3fails/300s),False,0.0,7
2026-01-01 12:18:18,25493314,demo,1234,none,lockout(3fails/300s),False,0.0,7
2026-01-01 12:18:18,25493314,student,1234,none,lockout(3fails/300s),False,0.0,7
2026-01-01 12:18:18,25493314,Student_user,1234,none,lockout(3fails/300s),False,0.0,7
2026-01-01 12:18:18,25493314,user_test,1234,none,lockout(3fails/300s),False,0.0,7
2026-01-01 12:18:18,25493314,bluecat,1234,none,lockout(3fails/300s),False,0.0,7
2026-01-01 12:18:18,25493314,student1,1234,none,lockout(3fails/300s),False,0.0,7
2026-01-01 12:18:18,25493314,login_user,1234,none,lockout(3fails/300s),False,0.0,7
2026-01-01 12:18:18,25493314,pythonfan,1234,none,lockout(3fails/300s),False,0.01,7
2026-01-01 12:18:18,25493314,techgirl,1234,none,lockout(3fails/300s),False,0.0,7
2026-01-01 12:18:18,25493314,cloud_user,1234,none,lockout(3fails/300s),False,0.0,7
2026-01-01 12:18:18,25493314,gamer22,1234,none,lockout(3fails/300s),False,0.0,7
2026-01-01 12:18:18,25493314,webdev,1234,none,lockout(3fails/300s),False,0.0,7
2026-01-01 12:18:18,25493314,sha.sec,1234,none,lockout(3fails/300s),False,0.01,7
2026-01-01 12:18:18,25493314,secure_user,1234,none,lockout(3fails/300s),False,0.0,7
2026-01-01 12:18:18,25493314,cyber.auth,1234,none,lockout(3fails/300s),False,0.0,7
2026-01-01 12:18:18,25493314,dev.access,1234,none,lockout(3fails/300s),False,0.0,7
2026-01-01 12:18:18,25493314,root.guard,1234,none,lockout(3fails/300s),False,0.0,7
2026-01-01 12:18:18,25493314,net.lock,1234,none,lockout(3fails/300s),False,0.0,7
2026-01-01 12:18:18,25493314,auth.master,1234,none,lockout(3fails/300s),False,0.28,7
2026-01-01 12:18:18,25493314,vault_user,1234,none,lockout(3fails/300s),False,0.01,7
2026-01-01 12:18:18,25493314,system.sec,1234,none,lockout(3fails/300s),False,0.0,7
2026-01-01 12:18:18,25493314,secure.login,1234,none,lockout(3fails/300s),False,0.0,7
2026-01-01 12:18:18,25493314,user1,111111,none,lockout(3fails/300s),False,0.0,8
2026-01-01 12:18:18,25493314,admin,111111,none,lockout(3fails/300s),False,0.0,8
2026-01-01 12:18:18,25493314,guest,111111,none,lockout(3fails/300s),False,0.0,8
2026-01-01 12:18:18,25493314,test,111111,none,lockout(3fails/300s),False,0.0,8
2026-01-01 12:18:18,25493314,hello,111111,none,lockout(3fails/300s),False,0.0,8
2026-01-01 12:18:18,25493314,name,111111,none,lockout(3fails/300s),False,0.0,8
2026-01-01 12:18:18,25493314,login,111111,none,lockout(3fails/300s),False,0.0,8
2026-01-01 12:18:18,25493314,abc,111111,none,lockout(3fails/300s),False,0.0,8
2026-01-01 12:18:18,25493314,demo,111111,none,lockout(3fails/300s),False,0.0,8
2026-01-01 12:18:18,25493314,student,111111,none,lockout(3fails/300s),False,0.0,8
2026-01-01 12:18:18,25493314,Student_user,111111,none,lockout(3fails/300s),False,0.0,8
2026-01-01 12:18:18,25493314,user_test,111111,none,lockout(3fails/300s),False,0.0,8
2026-01-01 12:18:18,25493314,bluecat,111111,none,lockout(3fails/300s),False,0.0,8
2026-01-01 12:18:18,25493314,student1,111111,none,lockout(3fails/300s),False,0.0,8
2026-01-01 12:18:18,25493314,login_user,111111,none,lockout(3fails/300s),False,0.0,8
2026-01-01 12:18:18,25493314,pythonfan,111111,none,lockout(3fails/300s),False,0.0,8
2026-01-01 12:18:18,25493314,techgirl,111111,none,lockout(3fails/300s),False,0.0,8
2026-01-01 12:18:18,25493314,cloud_user,111111,none,lockout(3fails/300s),False,0.0,8
2026-01-01 12:18:18,25493314,gamer22,111111,none,lockout(3fails/300s),False,0.0,8
2026-01-01 12:18:18,25493314,webdev,111111,none,lockout(3fails/300s),False,0.0,8
2026-01-01 12:18:18,25493314,sha.sec,111111,none,lockout(3fails/300s),False,0.0,8
2026-01-01 12:18:18,25493314,secure_user,111111,none,lockout(3fails/300s),False,0.0,8
2026-01-01 12:18:18,25493314,cyber.auth,111111,none,lockout(3fails/300s),False,0.0,8
2026-01-01 12:18:18,25493314,dev.access,111111,none,lockout(3fails/300s),False,0.0,8
2026-01-01 12:18:18,25493314,root.guard,111111,none,lockout(3fails/300s),False,0.0,8
2026-01-01 12:18:18,25493314,net.lock,111111,none,lockout(3fails/300s),False,0.0,8
2026-01-01 12:18:18,25493314,auth.master,111111,none,lockout(3fails/300s),False,0.0,8
2026-01-01 12:18:18,25493314,vault_user,111111,none,lockout(3fails/300s),False,0.0,8
2026-01-01 12:18:18,25493314,system.sec,111111,none,lockout(3fails/300s),False,0.0,8
2026-01-01 12:18:18,25493314,secure.login,111111,none,lockout(3fails/300s),False,0.0,8
2026-01-01 12:18:18,25493314,user1,1234567,none,lockout(3fails/300s),False,0.0,9
2026-01-01 12:18:18,25493314,admin,1234567,none,lockout(3fails/300s),False,0.0,9
2026-01-01 12:18:19,25493314,guest,1234567,none,lockout(3fails/300s),False,0.0,9
2026-01-01 12:18:19,25493314,test,1234567,none,lockout(3fails/300s),False,0.0,9
2026-01-01 12:18:19,25493314,hello,1234567,none,lockout(3fails/300s),False,0.0,9
2026-01-01 12:18:19,25493314,name,1234567,none,lockout(3fails/300s),False,0.0,9
2026-01-01 12:18:19,25493314,login,1234567,none,lockout(3fails/300s),False,0.0,9
2026-01-01 12:18:19,25493314,abc,1234567,none,lockout(3fails/300s),False,0.0,9
2026-01-01 12:18:19,25493314,demo,1234567,none,lockout(3fails/300s),False,0.0,9
2026-01-01 12:18:19,25493314,student,1234567,none,lockout(3fails/300s),False,0.0,9
2026-01-01 12:18:19,25493314,Student_user,1234567,none,lockout(3fails/300s),False,0.0,9
2026-01-01 12:18:19,25493314,user_test,1234567,none,lockout(3fails/300s),False,0.0,9
2026-01-01 12:18:19,25493314,bluecat,1234567,none,lockout(3fails/300s),False,0.0,9
2026-01-01 12:18:19,25493314,student1,1234567,none,lockout(3fails/300s),False,0.0,9
2026-01-01 12:18:19,25493314,login_user,1234567,none,lockout(3fails/300s),False,0.0,9
2026-01-01 12:18:19,25493314,pythonfan,1234567,none,lockout(3fails/300s),False,0.0,9
2026-01-01 12:18:19,25493314,techgirl,1234567,none,lockout(3fails/300s),False,0.0,9
2026-01-01 12:18:19,25493314,cloud_user,1234567,none,lockout(3fails/300s),False,0.0,9
2026-01-01 12:18:19,25493314,gamer22,1234567,none,lockout(3fails/300s),False,0.0,9
2026-01-01 12:18:19,25493314,webdev,1234567,none,lockout(3fails/300s),False,0.0,9
2026-01-01 12:18:19,25493314,sha.sec,1234567,none,lockout(3fails/300s),False,0.0,9
2026-01-01 12:18:19,25493314,secure_user,1234567,none,lockout(3fails/300s),False,0.0,9
2026-01-01 12:18:19,25493314,cyber.auth,1234567,none,lockout(3fails/300s),False,0.0,9
2026-01-01 12:18:19,25493314,dev.access,1234567,none,lockout(3fails/300s),False,0.0,9
2026-01-01 12:18:19,25493314,root.guard,1234567,none,lockout(3fails/300s),False,0.0,9
2026-01-01 12:18:19,25493314,net.lock,1234567,none,lockout(3fails/300s),False,0.0,9
2026-01-01 12:18:19,25493314,auth.master,1234567,none,lockout(3fails/300s),False,0.0,9
2026-01-01 12:18:19,25493314,vault_user,1234567,none,lockout(3fails/300s),False,0.0,9
2026-01-01 12:18:19,25493314,system.sec,1234567,none,lockout(3fails/300s),False,0.0,9
2026-01-01 12:18:19,25493314,secure.login,1234567,none,lockout(3fails/300s),False,0.0,9
2026-01-01 12:18:19,25493314,user1,dragon,none,lockout(3fails/300s),False,0.0,10
2026-01-01 12:18:19,25493314,admin,dragon,none,lockout(3fails/300s),False,0.0,10
2026-01-01 12:18:19,25493314,guest,dragon,none,lockout(3fails/300s),False,0.0,10
2026-01-01 12:18:19,25493314,test,dragon,none,lockout(3fails/300s),False,0.0,10
2026-01-01 12:18:19,25493314,hello,dragon,none,lockout(3fails/300s),False,0.0,10
2026-01-01 12:18:19,25493314,name,dragon,none,lockout(3fails/300s),False,0.0,10
2026-01-01 12:18:19,25493314,login,dragon,none,lockout(3fails/300s),False,0.0,10
2026-01-01 12:18:19,25493314,abc,dragon,none,lockout(3fails/300s),False,0.0,10
2026-01-01 12:18:19,25493314,demo,dragon,none,lockout(3fails/300s),False,0.0,10
2026-01-01 12:18:19,25493314,student,dragon,none,lockout(3fails/300s),False,0.0,10
2026-01-01 12:18:19,25493314,Student_user,dragon,none,lockout(3fails/300s),False,0.0,10
2026-01-01 12:18:19,25493314,user_test,dragon,none,lockout(3fails/300s),False,0.0,10
2026-01-01 12:18:19,25493314,bluecat,dragon,none,lockout(3fails/300s),False,0.0,10
2026-01-01 12:18:19,25493314,student1,dragon,none,lockout(3fails/300s),False,0.0,10
2026-01-01 12:18:19,25493314,login_user,dragon,none,lockout(3fails/300s),False,0.0,10
2026-01-01 12:18:19,25493314,pythonfan,dragon,none,lockout(3fails/300s),False,0.0,10
2026-01-01 12:18:19,25493314,techgirl,dragon,none,lockout(3fails/300s),False,0.0,10
2026-01-01 12:18:19,25493314,cloud_user,dragon,none,lockout(3fails/300s),False,0.0,10
2026-01-01 12:18:19,25493314,gamer22,dragon,none,lockout(3fails/300s),False,0.0,10
2026-01-01 12:18:19,25493314,webdev,dragon,none,lockout(3fails/300s),False,0.0,10
2026-01-01 12:18:19,25493314,sha.sec,dragon,none,lockout(3fails/300s),False,0.0,10
2026-01-01 12:18:19,25493314,secure_user,dragon,none,lockout(3fails/300s),False,0.0,10
2026-01-01 12:18:19,25493314,cyber.auth,dragon,none,lockout(3fails/300s),False,0.0,10
2026-01-01 12:18:19,25493314,dev.access,dragon,none,lockout(3fails/300s),False,0.0,10
2026-01-01 12:18:19,25493314,root.guard,dragon,none,lockout(3fails/300s),False,0.0,10
2026-01-01 12:18:19,25493314,net.lock,dragon,none,lockout(3fails/300s),False,0.0,10
2026-01-01 12:18:19,25493314,auth.master,dragon,none,lockout(3fails/300s),False,0.0,10
2026-01-01 12:18:19,25493314,vault_user,dragon,none,lockout(3fails/300s),False,0.0,10
2026-01-01 12:18:19,25493314,system.sec,dragon,none,lockout(3fails/300s),False,0.0,10
2026-01-01 12:18:19,25493314,secure.login,dragon,none,lockout(3fails/300s),False,0.0,10
2026-01-01 12:18:19,25493314,user1,123123,none,lockout(3fails/300s),False,0.0,11
2026-01-01 12:18:19,25493314,admin,123123,none,lockout(3fails/300s),False,0.0,11
2026-01-01 12:18:19,25493314,guest,123123,none,lockout(3fails/300s),False,0.0,11
2026-01-01 12:18:19,25493314,test,123123,none,lockout(3fails/300s),False,0.0,11
2026-01-01 12:18:19,25493314,hello,123123,none,lockout(3fails/300s),False,0.0,11
2026-01-01 12:18:19,25493314,name,123123,none,lockout(3fails/300s),False,0.0,11
2026-01-01 12:18:19,25493314,login,123123,none,lockout(3fails/300s),False,0.0,11
2026-01-01 12:18:19,25493314,abc,123123,none,lockout(3fails/300s),False,0.0,11
2026-01-01 12:18:19,25493314,demo,123123,none,lockout(3fails/300s),False,0.0,11
2026-01-01 12:18:19,25493314,student,123123,none,lockout(3fails/300s),False,0.0,11
2026-01-01 12:18:19,25493314,Student_user,123123,none,lockout(3fails/300s),False,0.0,11
2026-01-01 12:18:19,25493314,user_test,123123,none,lockout(3fails/300s),False,0.0,11
2026-01-01 12:18:19,25493314,bluecat,123123,none,lockout(3fails/300s),False,0.0,11
2026-01-01 12:18:19,25493314,student1,123123,none,lockout(3fails/300s),False,0.0,11
2026-01-01 12:18:19,25493314,login_user,123123,none,lockout(3fails/300s),False,0.0,11
2026-01-01 12:18:19,25493314,pythonfan,123123,none,lockout(3fails/300s),False,0.0,11
2026-01-01 12:18:19,25493314,techgirl,123123,none,lockout(3fails/300s),False,0.0,11
2026-01-01 12:18:19,25493314,cloud_user,123123,none,lockout(3fails/300s),False,0.0,11
2026-01-01 12:18:19,25493314,gamer22,123123,none,lockout(3fails/300s),False,0.0,11
2026-01-01 12:18:19,25493314,webdev,123123,none,lockout(3fails/300s),False,0.0,11
2026-01-01 12:18:19,25493314,sha.sec,123123,none,lockout(3fails/300s),False,0.0,11
2026-01-01 12:18:19,25493314,secure_user,123123,none,lockout(3fails/300s),False,0.0,11
2026-01-01 12:18:19,25493314,cyber.auth,123123,none,lockout(3fails/300s),False,0.0,11
2026-01-01 12:18:19,25493314,dev.access,123123,none,lockout(3fails/300s),False,0.0,11
2026-01-01 12:18:19,25493314,root.guard,123123,none,lockout(3fails/300s),False,0.0,11
2026-01-01 12:18:19,25493314,net.lock,123123,none,lockout(3fails/300s),False,0.0,11
2026-01-01 12:18:19,25493314,auth.master,123123,none,lockout(3fails/300s),False,0.0,11
2026-01-01 12:18:19,25493314,vault_user,123123,none,lockout(3fails/300s),False,0.0,11
2026-01-01 12:18:19,25493314,system.sec,123123,none,lockout(3fails/300s),False,0.0,11
2026-01-01 12:18:19,25493314,secure.login,123123,none,lockout(3fails/300s),False,0.0,11
2026-01-01 12:18:19,25493314,user1,baseball,none,lockout(3fails/300s),False,0.0,12
2026-01-01 12:18:19,25493314,admin,baseball,none,lockout(3fails/300s),False,0.0,12
2026-01-01 12:18:19,25493314,guest,baseball,none,lockout(3fails/300s),False,0.0,12
2026-01-01 12:18:19,25493314,test,baseball,none,lockout(3fails/300s),False,0.0,12
2026-01-01 12:18:19,25493314,hello,baseball,none,lockout(3fails/300s),False,0.0,12
2026-01-01 12:18:19,25493314,name,baseball,none,lockout(3fails/300s),False,0.0,12
2026-01-01 12:18:19,25493314,login,baseball,none,lockout(3fails/300s),False,0.0,12
2026-01-01 12:18:19,25493314,abc,baseball,none,lockout(3fails/300s),False,0.0,12
2026-01-01 12:18:19,25493314,demo,baseball,none,lockout(3fails/300s),False,0.0,12
2026-01-01 12:18:19,25493314,student,baseball,none,lockout(3fails/300s),False,0.0,12
2026-01-01 12:18:19,25493314,Student_user,baseball,none,lockout(3fails/300s),False,0.0,12
2026-01-01 12:18:19,25493314,user_test,baseball,none,lockout(3fails/300s),False,0.0,12
2026-01-01 12:18:19,25493314,bluecat,baseball,none,lockout(3fails/300s),False,0.0,12
2026-01-01 12:18:19,25493314,student1,baseball,none,lockout(3fails/300s),False,0.0,12
2026-01-01 12:18:19,25493314,login_user,baseball,none,lockout(3fails/300s),False,0.0,12
2026-01-01 12:18:19,25493314,pythonfan,baseball,none,lockout(3fails/300s),False,0.0,12
2026-01-01 12:18:19,25493314,techgirl,baseball,none,lockout(3fails/300s),False,0.0,12
2026-01-01 12:18:19,25493314,cloud_user,baseball,none,lockout(3fails/300s),False,0.0,12
2026-01-01 12:18:19,25493314,gamer22,baseball,none,lockout(3fails/300s),False,0.0,12
2026-01-01 12:18:19,25493314,webdev,baseball,none,lockout(3fails/300s),False,0.0,12
2026-01-01 12:18:19,25493314,sha.sec,baseball,none,lockout(3fails/300s),False,0.0,12
2026-01-01 12:18:19,25493314,secure_user,baseball,none,lockout(3fails/300s),False,0.0,12
2026-01-01 12:18:19,25493314,cyber.auth,baseball,none,lockout(3fails/300s),False,0.0,12
2026-01-01 12:18:19,25493314,dev.access,baseball,none,lockout(3fails/300s),False,0.0,12
2026-01-01 12:18:19,25493314,root.guard,baseball,none,lockout(3fails/300s),False,0.0,12
2026-01-01 12:18:19,25493314,net.lock,baseball,none,lockout(3fails/300s),False,0.0,12
2026-01-01 12:18:19,25493314,auth.master,baseball,none,lockout(3fails/300s),False,0.0,12
2026-01-01 12:18:19,25493314,vault_user,baseball,none,lockout(3fails/300s),False,0.0,12
2026-01-01 12:18:19,25493314,system.sec,baseball,none,lockout(3fails/300s),False,0.0,12
2026-01-01 12:18:19,25493314,secure.login,baseball,none,lockout(3fails/300s),False,0.0,12
2026-01-01 12:18:20,25493314,user1,abc123,none,lockout(3fails/300s),False,0.0,13
2026-01-01 12:18:20,25493314,admin,abc123,none,lockout(3fails/300s),False,0.0,13
2026-01-01 12:18:20,25493314,guest,abc123,none,lockout(3fails/300s),False,0.0,13
2026-01-01 12:18:20,25493314,test,abc123,none,lockout(3fails/300s),False,0.0,13
2026-01-01 12:18:20,25493314,hello,abc123,none,lockout(3fails/300s),False,0.01,13
2026-01-01 12:18:20,25493314,name,abc123,none,lockout(3fails/300s),False,0.0,13
2026-01-01 12:18:20,25493314,login,abc123,none,lockout(3fails/300s),False,0.0,13
2026-01-01 12:18:20,25493314,abc,abc123,none,lockout(3fails/300s),False,0.0,13
2026-01-01 12:18:20,25493314,demo,abc123,none,lockout(3fails/300s),False,0.0,13
2026-01-01 12:18:20,25493314,student,abc123,none,lockout(3fails/300s),False,0.0,13
2026-01-01 12:18:20,25493314,Student_user,abc123,none,lockout(3fails/300s),False,0.0,13
2026-01-01 12:18:20,25493314,user_test,abc123,none,lockout(3fails/300s),False,0.0,13
2026-01-01 12:18:20,25493314,bluecat,abc123,none,lockout(3fails/300s),False,0.0,13
2026-01-01 12:18:20,25493314,student1,abc123,none,lockout(3fails/300s),False,0.0,13
2026-01-01 12:18:20,25493314,login_user,abc123,none,lockout(3fails/300s),False,0.0,13
2026-01-01 12:18:20,25493314,pythonfan,abc123,none,lockout(3fails/300s),False,0.0,13
2026-01-01 12:18:20,25493314,techgirl,abc123,none,lockout(3fails/300s),False,0.0,13
2026-01-01 12:18:20,25493314,cloud_user,abc123,none,lockout(3fails/300s),False,0.0,13
2026-01-01 12:18:20,25493314,gamer22,abc123,none,lockout(3fails/300s),False,0.0,13
2026-01-01 12:18:20,25493314,webdev,abc123,none,lockout(3fails/300s),False,0.0,13
2026-01-01 12:18:20,25493314,sha.sec,abc123,none,lockout(3fails/300s),False,0.0,13
2026-01-01 12:18:20,25493314,secure_user,abc123,none,lockout(3fails/300s),False,0.0,13
2026-01-01 12:18:20,25493314,cyber.auth,abc123,none,lockout(3fails/300s),False,0.0,13
2026-01-01 12:18:20,25493314,dev.access,abc123,none,lockout(3fails/300s),False,0.0,13
2026-01-01 12:18:20,25493314,root.guard,abc123,none,lockout(3fails/300s),False,0.0,13
2026-01-01 12:18:20,25493314,net.lock,abc123,none,lockout(3fails/300s),False,0.0,13
2026-01-01 12:18:20,25493314,auth.master,abc123,none,lockout(3fails/300s),False,0.0,13
2026-01-01 12:18:20,25493314,vault_user,abc123,none,lockout(3fails/300s),False,0.0,13
2026-01-01 12:18:20,25493314,system.sec,abc123,none,lockout(3fails/300s),False,0.0,13
2026-01-01 12:18:20,25493314,secure.login,abc123,none,lockout(3fails/300s),False,0.0,13
2026-01-01 12:18:20,25493314,user1,football,none,lockout(3fails/300s),False,0.0,14
2026-01-01 12:18:20,25493314,admin,football,none,lockout(3fails/300s),False,0.0,14
2026-01-01 12:18:20,25493314,guest,football,none,lockout(3fails/300s),False,0.0,14
2026-01-01 12:18:20,25493314,test,football,none,lockout(3fails/300s),False,0.0,14
2026-01-01 12:18:20,25493314,hello,football,none,lockout(3fails/300s),False,0.0,14
2026-01-01 12:18:20,25493314,name,football,none,lockout(3fails/300s),False,0.0,14
2026-01-01 12:18:20,25493314,login,football,none,lockout(3fails/300s),False,0.0,14
2026-01-01 12:18:20,25493314,abc,football,none,lockout(3fails/300s),False,0.0,14
2026-01-01 12:18:20,25493314,demo,football,none,lockout(3fails/300s),False,0.0,14
2026-01-01 12:18:20,25493314,student,football,none,lockout(3fails/300s),False,0.0,14
2026-01-01 12:18:20,25493314,Student_user,football,none,lockout(3fails/300s),False,0.0,14
2026-01-01 12:18:20,25493314,user_test,football,none,lockout(3fails/300s),False,0.0,14
2026-01-01 12:18:20,25493314,bluecat,football,none,lockout(3fails/300s),False,0.0,14
2026-01-01 12:18:20,25493314,student1,football,none,lockout(3fails/300s),False,0.0,14
2026-01-01 12:18:20,25493314,login_user,football,none,lockout(3fails/300s),False,0.0,14
2026-01-01 12:18:20,25493314,pythonfan,football,none,lockout(3fails/300s),False,0.0,14
2026-01-01 12:18:20,25493314,techgirl,football,none,lockout(3fails/300s),False,0.0,14
2026-01-01 12:18:20,25493314,cloud_user,football,none,lockout(3fails/300s),False,0.0,14
2026-01-01 12:18:20,25493314,gamer22,football,none,lockout(3fails/300s),False,0.0,14
2026-01-01 12:18:20,25493314,webdev,football,none,lockout(3fails/300s),False,0.0,14
2026-01-01 12:18:20,25493314,sha.sec,football,none,lockout(3fails/300s),False,0.0,14
2026-01-01 12:18:20,25493314,secure_user,football,none,lockout(3fails/300s),False,0.0,14
2026-01-01 12:18:20,25493314,cyber.auth,football,none,lockout(3fails/300s),False,0.0,14
2026-01-01 12:18:20,25493314,dev.access,football,none,lockout(3fails/300s),False,0.0,14
2026-01-01 12:18:20,25493314,root.guard,football,none,lockout(3fails/300s),False,0.0,14
2026-01-01 12:18:20,25493314,net.lock,football,none,lockout(3fails/300s),False,0.0,14
2026-01-01 12:18:20,25493314,auth.master,football,none,lockout(3fails/300s),False,0.0,14
2026-01-01 12:18:20,25493314,vault_user,football,none,lockout(3fails/300s),False,0.0,14
2026-01-01 12:18:20,25493314,system.sec,football,none,lockout(3fails/300s),False,0.0,14
2026-01-01 12:18:20,25493314,secure.login,football,none,lockout(3fails/300s),False,0.0,14
2026-01-01 12:18:20,25493314,user1,monkey,none,lockout(3fails/300s),False,0.0,15
2026-01-01 12:18:20,25493314,admin,monkey,none,lockout(3fails/300s),False,0.0,15
2026-01-01 12:18:20,25493314,guest,monkey,none,lockout(3fails/300s),False,0.0,15
2026-01-01 12:18:20,25493314,test,monkey,none,lockout(3fails/300s),False,0.0,15
2026-01-01 12:18:20,25493314,hello,monkey,none,lockout(3fails/300s),False,0.0,15
2026-01-01 12:18:20,25493314,name,monkey,none,lockout(3fails/300s),False,0.0,15
2026-01-01 12:18:20,25493314,login,monkey,none,lockout(3fails/300s),False,0.0,15
2026-01-01 12:18:20,25493314,abc,monkey,none,lockout(3fails/300s),False,0.0,15
2026-01-01 12:18:20,25493314,demo,monkey,none,lockout(3fails/300s),False,0.0,15
2026-01-01 12:18:20,25493314,student,monkey,none,lockout(3fails/300s),False,0.0,15
2026-01-01 12:18:20,25493314,Student_user,monkey,none,lockout(3fails/300s),False,0.0,15
2026-01-01 12:18:20,25493314,user_test,monkey,none,lockout(3fails/300s),False,0.0,15
2026-01-01 12:18:20,25493314,bluecat,monkey,none,lockout(3fails/300s),False,0.0,15
2026-01-01 12:18:20,25493314,student1,monkey,none,lockout(3fails/300s),False,0.0,15
2026-01-01 12:18:20,25493314,login_user,monkey,none,lockout(3fails/300s),False,0.0,15
2026-01-01 12:18:20,25493314,pythonfan,monkey,none,lockout(3fails/300s),False,0.0,15
2026-01-01 12:18:20,25493314,techgirl,monkey,none,lockout(3fails/300s),False,0.0,15
2026-01-01 12:18:20,25493314,cloud_user,monkey,none,lockout(3fails/300s),False,0.0,15
2026-01-01 12:18:20,25493314,gamer22,monkey,none,lockout(3fails/300s),False,0.0,15
2026-01-01 12:18:20,25493314,webdev,monkey,none,lockout(3fails/300s),False,0.0,15
2026-01-01 12:18:20,25493314,sha.sec,monkey,none,lockout(3fails/300s),False,0.0,15
2026-01-01 12:18:20,25493314,secure_user,monkey,none,lockout(3fails/300s),False,0.0,15
2026-01-01 12:18:20,25493314,cyber.auth,monkey,none,lockout(3fails/300s),False,0.0,15
2026-01-01 12:18:20,25493314,dev.access,monkey,none,lockout(3fails/300s),False,0.01,15
2026-01-01 12:18:20,25493314,root.guard,monkey,none,lockout(3fails/300s),False,0.01,15
2026-01-01 12:18:20,25493314,net.lock,monkey,none,lockout(3fails/300s),False,0.0,15
2026-01-01 12:18:20,25493314,auth.master,monkey,none,lockout(3fails/300s),False,0.0,15
2026-01-01 12:18:20,25493314,vault_user,monkey,none,lockout(3fails/300s),False,0.0,15
2026-01-01 12:18:20,25493314,system.sec,monkey,none,lockout(3fails/300s),False,0.0,15
2026-01-01 12:18:20,25493314,secure.login,monkey,none,lockout(3fails/300s),False,0.0,15
2026-01-01 12:18:21,25493314,user1,letmein,none,lockout(3fails/300s),False,0.0,16
2026-01-01 12:18:21,25493314,admin,letmein,none,lockout(3fails/300s),False,0.0,16
2026-01-01 12:18:21,25493314,guest,letmein,none,lockout(3fails/300s),False,0.0,16
2026-01-01 12:18:21,25493314,test,letmein,none,lockout(3fails/300s),False,0.0,16
2026-01-01 12:18:21,25493314,hello,letmein,none,lockout(3fails/300s),False,0.0,16
2026-01-01 12:18:21,25493314,name,letmein,none,lockout(3fails/300s),False,0.0,16
2026-01-01 12:18:21,25493314,login,letmein,none,lockout(3fails/300s),False,0.0,16
2026-01-01 12:18:21,25493314,abc,letmein,none,lockout(3fails/300s),False,0.0,16
2026-01-01 12:18:21,25493314,demo,letmein,none,lockout(3fails/300s),False,0.0,16
2026-01-01 12:18:21,25493314,student,letmein,none,lockout(3fails/300s),False,0.0,16
2026-01-01 12:18:21,25493314,Student_user,letmein,none,lockout(3fails/300s),False,0.0,16
2026-01-01 12:18:21,25493314,user_test,letmein,none,lockout(3fails/300s),False,0.0,16
2026-01-01 12:18:21,25493314,bluecat,letmein,none,lockout(3fails/300s),False,0.0,16
2026-01-01 12:18:21,25493314,student1,letmein,none,lockout(3fails/300s),False,0.0,16
2026-01-01 12:18:21,25493314,login_user,letmein,none,lockout(3fails/300s),False,0.0,16
2026-01-01 12:18:21,25493314,pythonfan,letmein,none,lockout(3fails/300s),False,0.0,16
2026-01-01 12:18:21,25493314,techgirl,letmein,none,lockout(3fails/300s),False,0.0,16
2026-01-01 12:18:21,25493314,cloud_user,letmein,none,lockout(3fails/300s),False,0.0,16
2026-01-01 12:18:21,25493314,gamer22,letmein,none,lockout(3fails/300s),False,0.0,16
2026-01-01 12:18:21,25493314,webdev,letmein,none,lockout(3fails/300s),False,0.0,16
2026-01-01 12:18:21,25493314,sha.sec,letmein,none,lockout(3fails/300s),False,0.0,16
2026-01-01 12:18:21,25493314,secure_user,letmein,none,lockout(3fails/300s),False,0.0,16
2026-01-01 12:18:21,25493314,cyber.auth,letmein,none,lockout(3fails/300s),False,0.0,16
2026-01-01 12:18:21,25493314,dev.access,letmein,none,lockout(3fails/300s),False,0.0,16
2026-01-01 12:18:21,25493314,root.guard,letmein,none,lockout(3fails/300s),False,0.0,16
2026-01-01 12:18:21,25493314,net.lock,letmein,none,lockout(3fails/300s),False,0.0,16
2026-01-01 12:18:21,25493314,auth.master,letmein,none,lockout(3fails/300s),False,0.0,16
2026-01-01 12:18:21,25493314,vault_user,letmein,none,lockout(3fails/300s),False,0.0,16
2026-01-01 12:18:21,25493314,system.sec,letmein,none,lockout(3fails/300s),False,0.0,16
2026-01-01 12:18:21,25493314,secure.login,letmein,none,lockout(3fails/300s),False,0.0,16
2026-01-01 12:18:21,25493314,user1,shadow,none,lockout(3fails/300s),False,0.0,17
2026-01-01 12:18:21,25493314,admin,shadow,none,lockout(3fails/300s),False,0.0,17
2026-01-01 12:18:21,25493314,guest,shadow,none,lockout(3fails/300s),False,0.0,17
2026-01-01 12:18:21,25493314,test,shadow,none,lockout(3fails/300s),False,0.0,17
2026-01-01 12:18:21,25493314,hello,shadow,none,lockout(3fails/300s),False,0.0,17
2026-01-01 12:18:21,25493314,name,shadow,none,lockout(3fails/300s),False,0.0,17
2026-01-01 12:18:21,25493314,login,shadow,none,lockout(3fails/300s),False,0.0,17
2026-01-01 12:18:21,25493314,abc,shadow,none,lockout(3fails/300s),False,0.0,17
2026-01-01 12:18:21,25493314,demo,shadow,none,lockout(3fails/300s),False,0.0,17
2026-01-01 12:18:21,25493314,student,shadow,none,lockout(3fails/300s),False,0.0,17
2026-01-01 12:18:21,25493314,Student_user,shadow,none,lockout(3fails/300s),False,0.0,17
2026-01-01 12:18:21,25493314,user_test,shadow,none,lockout(3fails/300s),False,0.0,17
2026-01-01 12:18:21,25493314,bluecat,shadow,none,lockout(3fails/300s),False,0.0,17
2026-01-01 12:18:21,25493314,student1,shadow,none,lockout(3fails/300s),False,0.0,17
2026-01-01 12:18:21,25493314,login_user,shadow,none,lockout(3fails/300s),False,0.0,17
2026-01-01 12:18:21,25493314,pythonfan,shadow,none,lockout(3fails/300s),False,0.0,17
2026-01-01 12:18:21,25493314,techgirl,shadow,none,lockout(3fails/300s),False,0.0,17
2026-01-01 12:18:21,25493314,cloud_user,shadow,none,lockout(3fails/300s),False,0.0,17
2026-01-01 12:18:21,25493314,gamer22,shadow,none,lockout(3fails/300s),False,0.0,17
2026-01-01 12:18:21,25493314,webdev,shadow,none,lockout(3fails/300s),False,0.0,17
2026-01-01 12:18:21,25493314,sha.sec,shadow,none,lockout(3fails/300s),False,0.0,17
2026-01-01 12:18:21,25493314,secure_user,shadow,none,lockout(3fails/300s),False,0.0,17
2026-01-01 12:18:21,25493314,cyber.auth,shadow,none,lockout(3fails/300s),False,0.0,17
2026-01-01 12:18:21,25493314,dev.access,shadow,none,lockout(3fails/300s),False,0.0,17
2026-01-01 12:18:21,25493314,root.guard,shadow,none,lockout(3fails/300s),False,0.0,17
2026-01-01 12:18:21,25493314,net.lock,shadow,none,lockout(3fails/300s),False,0.0,17
2026-01-01 12:18:21,25493314,auth.master,shadow,none,lockout(3fails/300s),False,0.0,17
2026-01-01 12:18:21,25493314,vault_user,shadow,none,lockout(3fails/300s),False,0.0,17
2026-01-01 12:18:21,25493314,system.sec,shadow,none,lockout(3fails/300s),False,0.0,17
2026-01-01 12:18:21,25493314,secure.login,shadow,none,lockout(3fails/300s),False,0.0,17
2026-01-01 12:18:21,25493314,user1,master,none,lockout(3fails/300s),False,0.0,18
2026-01-01 12:18:21,25493314,admin,master,none,lockout(3fails/300s),False,0.0,18
2026-01-01 12:18:21,25493314,guest,master,none,lockout(3fails/300s),False,0.0,18
2026-01-01 12:18:21,25493314,test,master,none,lockout(3fails/300s),False,0.0,18
2026-01-01 12:18:21,25493314,hello,master,none,lockout(3fails/300s),False,0.0,18
2026-01-01 12:18:21,25493314,name,master,none,lockout(3fails/300s),False,0.0,18
2026-01-01 12:18:21,25493314,login,master,none,lockout(3fails/300s),False,0.0,18
2026-01-01 12:18:21,25493314,abc,master,none,lockout(3fails/300s),False,0.0,18
2026-01-01 12:18:21,25493314,demo,master,none,lockout(3fails/300s),False,0.0,18
2026-01-01 12:18:21,25493314,student,master,none,lockout(3fails/300s),False,0.0,18
2026-01-01 12:18:21,25493314,Student_user,master,none,lockout(3fails/300s),False,0.0,18
2026-01-01 12:18:21,25493314,user_test,master,none,lockout(3fails/300s),False,0.0,18
2026-01-01 12:18:21,25493314,bluecat,master,none,lockout(3fails/300s),False,0.0,18
2026-01-01 12:18:21,25493314,student1,master,none,lockout(3fails/300s),False,0.0,18
2026-01-01 12:18:21,25493314,login_user,master,none,lockout(3fails/300s),False,0.0,18
2026-01-01 12:18:21,25493314,pythonfan,master,none,lockout(3fails/300s),False,0.01,18
2026-01-01 12:18:21,25493314,techgirl,master,none,lockout(3fails/300s),False,0.0,18
2026-01-01 12:18:21,25493314,cloud_user,master,none,lockout(3fails/300s),False,0.0,18
2026-01-01 12:18:21,25493314,gamer22,master,none,lockout(3fails/300s),False,0.0,18
2026-01-01 12:18:22,25493314,webdev,master,none,lockout(3fails/300s),False,0.0,18
2026-01-01 12:18:22,25493314,sha.sec,master,none,lockout(3fails/300s),False,0.0,18
2026-01-01 12:18:22,25493314,secure_user,master,none,lockout(3fails/300s),False,0.0,18
2026-01-01 12:18:22,25493314,cyber.auth,master,none,lockout(3fails/300s),False,0.0,18
2026-01-01 12:18:22,25493314,dev.access,master,none,lockout(3fails/300s),False,0.0,18
2026-01-01 12:18:22,25493314,root.guard,master,none,lockout(3fails/300s),False,0.0,18
2026-01-01 12:18:22,25493314,net.lock,master,none,lockout(3fails/300s),False,0.0,18
2026-01-01 12:18:22,25493314,auth.master,master,none,lockout(3fails/300s),False,0.0,18
2026-01-01 12:18:22,25493314,vault_user,master,none,lockout(3fails/300s),False,0.0,18
2026-01-01 12:18:22,25493314,system.sec,master,none,lockout(3fails/300s),False,0.0,18
2026-01-01 12:18:22,25493314,secure.login,master,none,lockout(3fails/300s),False,0.0,18
2026-01-01 12:18:22,25493314,user1,666666,none,lockout(3fails/300s),False,0.0,19
2026-01-01 12:18:22,25493314,admin,666666,none,lockout(3fails/300s),False,0.0,19
2026-01-01 12:18:22,25493314,guest,666666,none,lockout(3fails/300s),False,0.0,19
2026-01-01 12:18:22,25493314,test,666666,none,lockout(3fails/300s),False,0.0,19
2026-01-01 12:18:22,25493314,hello,666666,none,lockout(3fails/300s),False,0.0,19
2026-01-01 12:18:22,25493314,name,666666,none,lockout(3fails/300s),False,0.0,19
2026-01-01 12:18:22,25493314,login,666666,none,lockout(3fails/300s),False,0.0,19
2026-01-01 12:18:22,25493314,abc,666666,none,lockout(3fails/300s),False,0.0,19
2026-01-01 12:18:22,25493314,demo,666666,none,lockout(3fails/300s),False,0.0,19
2026-01-01 12:18:22,25493314,student,666666,none,lockout(3fails/300s),False,0.0,19
2026-01-01 12:18:22,25493314,Student_user,666666,none,lockout(3fails/300s),False,0.0,19
2026-01-01 12:18:22,25493314,user_test,666666,none,lockout(3fails/300s),False,0.0,19
2026-01-01 12:18:22,25493314,bluecat,666666,none,lockout(3fails/300s),False,0.0,19
2026-01-01 12:18:22,25493314,student1,666666,none,lockout(3fails/300s),False,0.0,19
2026-01-01 12:18:22,25493314,login_user,666666,none,lockout(3fails/300s),False,0.0,19
2026-01-01 12:18:22,25493314,pythonfan,666666,none,lockout(3fails/300s),False,0.0,19
2026-01-01 12:18:22,25493314,techgirl,666666,none,lockout(3fails/300s),False,0.0,19
2026-01-01 12:18:22,25493314,cloud_user,666666,none,lockout(3fails/300s),False,0.0,19
2026-01-01 12:18:22,25493314,gamer22,666666,none,lockout(3fails/300s),False,0.0,19
2026-01-01 12:18:22,25493314,webdev,666666,none,lockout(3fails/300s),False,0.0,19
2026-01-01 12:18:22,25493314,sha.sec,666666,none,lockout(3fails/300s),False,0.0,19
2026-01-01 12:18:22,25493314,secure_user,666666,none,lockout(3fails/300s),False,0.0,19
2026-01-01 12:18:22,25493314,cyber.auth,666666,none,lockout(3fails/300s),False,0.0,19
2026-01-01 12:18:22,25493314,dev.access,666666,none,lockout(3fails/300s),False,0.0,19
2026-01-01 12:18:22,25493314,root.guard,666666,none,lockout(3fails/300s),False,0.0,19
2026-01-01 12:18:22,25493314,net.lock,666666,none,lockout(3fails/300s),False,0.0,19
2026-01-01 12:18:22,25493314,auth.master,666666,none,lockout(3fails/300s),False,0.0,19
2026-01-01 12:18:22,25493314,vault_user,666666,none,lockout(3fails/300s),False,0.0,19
2026-01-01 12:18:22,25493314,system.sec,666666,none,lockout(3fails/300s),False,0.0,19
2026-01-01 12:18:22,25493314,secure.login,666666,none,lockout(3fails/300s),False,0.0,19
2026-01-01 12:18:22,25493314,user1,qwertyuiop,none,lockout(3fails/300s),False,0.0,20
2026-01-01 12:18:22,25493314,admin,qwertyuiop,none,lockout(3fails/300s),False,0.0,20
2026-01-01 12:18:22,25493314,guest,qwertyuiop,none,lockout(3fails/300s),False,0.0,20
2026-01-01 12:18:22,25493314,test,qwertyuiop,none,lockout(3fails/300s),False,0.0,20
2026-01-01 12:18:22,25493314,hello,qwertyuiop,none,lockout(3fails/300s),False,0.0,20
2026-01-01 12:18:22,25493314,name,qwertyuiop,none,lockout(3fails/300s),False,0.0,20
2026-01-01 12:18:22,25493314,login,qwertyuiop,none,lockout(3fails/300s),False,0.0,20
2026-01-01 12:18:22,25493314,abc,qwertyuiop,none,lockout(3fails/300s),False,0.0,20
2026-01-01 12:18:22,25493314,demo,qwertyuiop,none,lockout(3fails/300s),False,0.0,20
2026-01-01 12:18:22,25493314,student,qwertyuiop,none,lockout(3fails/300s),False,0.0,20
2026-01-01 12:18:22,25493314,Student_user,qwertyuiop,none,lockout(3fails/300s),False,0.0,20
2026-01-01 12:18:22,25493314,user_test,qwertyuiop,none,lockout(3fails/300s),False,0.0,20
2026-01-01 12:18:22,25493314,bluecat,qwertyuiop,none,lockout(3fails/300s),False,0.0,20
2026-01-01 12:18:22,25493314,student1,qwertyuiop,none,lockout(3fails/300s),False,0.0,20
2026-01-01 12:18:22,25493314,login_user,qwertyuiop,none,lockout(3fails/300s),False,0.0,20
2026-01-01 12:18:22,25493314,pythonfan,qwertyuiop,none,lockout(3fails/300s),False,0.0,20
2026-01-01 12:18:22,25493314,techgirl,qwertyuiop,none,lockout(3fails/300s),False,0.0,20
2026-01-01 12:18:22,25493314,cloud_user,qwertyuiop,none,lockout(3fails/300s),False,0.0,20
2026-01-01 12:18:22,25493314,gamer22,qwertyuiop,none,lockout(3fails/300s),False,0.0,20
2026-01-01 12:18:22,25493314,webdev,qwertyuiop,none,lockout(3fails/300s),False,0.0,20
2026-01-01 12:18:22,25493314,sha.sec,qwertyuiop,none,lockout(3fails/300s),False,0.0,20
2026-01-01 12:18:22,25493314,secure_user,qwertyuiop,none,lockout(3fails/300s),False,0.0,20
2026-01-01 12:18:22,25493314,cyber.auth,qwertyuiop,none,lockout(3fails/300s),False,0.0,20
2026-01-01 12:18:22,25493314,dev.access,qwertyuiop,none,lockout(3fails/300s),False,0.0,20
2026-01-01 12:18:22,25493314,root.guard,qwertyuiop,none,lockout(3fails/300s),False,0.0,20
2026-01-01 12:18:22,25493314,net.lock,qwertyuiop,none,lockout(3fails/300s),False,0.0,20
2026-01-01 12:18:22,25493314,auth.master,qwertyuiop,none,lockout(3fails/300s),False,0.0,20
2026-01-01 12:18:22,25493314,vault_user,qwertyuiop,none,lockout(3fails/300s),False,0.0,20
2026-01-01 12:18:22,25493314,system.sec,qwertyuiop,none,lockout(3fails/300s),False,0.0,20
2026-01-01 12:18:22,25493314,secure.login,qwertyuiop,none,lockout(3fails/300s),False,0.0,20
2026-01-01 12:18:22,25493314,user1,123321,none,lockout(3fails/300s),False,0.0,21
2026-01-01 12:18:22,25493314,admin,123321,none,lockout(3fails/300s),False,0.0,21
2026-01-01 12:18:22,25493314,guest,123321,none,lockout(3fails/300s),False,0.0,21
2026-01-01 12:18:22,25493314,test,123321,none,lockout(3fails/300s),False,0.0,21
2026-01-01 12:18:23,25493314,hello,123321,none,lockout(3fails/300s),False,0.0,21
2026-01-01 12:18:23,25493314,name,123321,none,lockout(3fails/300s),False,0.0,21
2026-01-01 12:18:23,25493314,login,123321,none,lockout(3fails/300s),False,0.0,21
2026-01-01 12:18:23,25493314,abc,123321,none,lockout(3fails/300s),False,0.0,21
2026-01-01 12:18:23,25493314,demo,123321,none,lockout(3fails/300s),False,0.0,21
2026-01-01 12:18:23,25493314,student,123321,none,lockout(3fails/300s),False,0.0,21
2026-01-01 12:18:23,25493314,Student_user,123321,none,lockout(3fails/300s),False,0.0,21
2026-01-01 12:18:23,25493314,user_test,123321,none,lockout(3fails/300s),False,0.0,21
2026-01-01 12:18:23,25493314,bluecat,123321,none,lockout(3fails/300s),False,0.0,21
2026-01-01 12:18:23,25493314,student1,123321,none,lockout(3fails/300s),False,0.0,21
2026-01-01 12:18:23,25493314,login_user,123321,none,lockout(3fails/300s),False,0.0,21
2026-01-01 12:18:23,25493314,pythonfan,123321,none,lockout(3fails/300s),False,0.0,21
2026-01-01 12:18:23,25493314,techgirl,123321,none,lockout(3fails/300s),False,0.0,21
2026-01-01 12:18:23,25493314,cloud_user,123321,none,lockout(3fails/300s),False,0.0,21
2026-01-01 12:18:23,25493314,gamer22,123321,none,lockout(3fails/300s),False,0.0,21
2026-01-01 12:18:23,25493314,webdev,123321,none,lockout(3fails/300s),False,0.0,21
2026-01-01 12:18:23,25493314,sha.sec,123321,none,lockout(3fails/300s),False,0.0,21
2026-01-01 12:18:23,25493314,secure_user,123321,none,lockout(3fails/300s),False,0.0,21
2026-01-01 12:18:23,25493314,cyber.auth,123321,none,lockout(3fails/300s),False,0.0,21
2026-01-01 12:18:23,25493314,dev.access,123321,none,lockout(3fails/300s),False,0.0,21
2026-01-01 12:18:23,25493314,root.guard,123321,none,lockout(3fails/300s),False,0.0,21
2026-01-01 12:18:23,25493314,net.lock,123321,none,lockout(3fails/300s),False,0.0,21
2026-01-01 12:18:23,25493314,auth.master,123321,none,lockout(3fails/300s),False,0.0,21
2026-01-01 12:18:23,25493314,vault_user,123321,none,lockout(3fails/300s),False,0.0,21
2026-01-01 12:18:23,25493314,system.sec,123321,none,lockout(3fails/300s),False,0.0,21
2026-01-01 12:18:23,25493314,secure.login,123321,none,lockout(3fails/300s),False,0.0,21
2026-01-01 12:18:23,25493314,user1,mustang,none,lockout(3fails/300s),False,0.0,22
2026-01-01 12:18:23,25493314,admin,mustang,none,lockout(3fails/300s),False,0.0,22
2026-01-01 12:18:23,25493314,guest,mustang,none,lockout(3fails/300s),False,0.0,22
2026-01-01 12:18:23,25493314,test,mustang,none,lockout(3fails/300s),False,0.0,22
2026-01-01 12:18:23,25493314,hello,mustang,none,lockout(3fails/300s),False,0.0,22
2026-01-01 12:18:23,25493314,name,mustang,none,lockout(3fails/300s),False,0.0,22
2026-01-01 12:18:23,25493314,login,mustang,none,lockout(3fails/300s),False,0.0,22
2026-01-01 12:18:23,25493314,abc,mustang,none,lockout(3fails/300s),False,0.0,22
2026-01-01 12:18:23,25493314,demo,mustang,none,lockout(3fails/300s),False,0.0,22
2026-01-01 12:18:23,25493314,student,mustang,none,lockout(3fails/300s),False,0.0,22
2026-01-01 12:18:23,25493314,Student_user,mustang,none,lockout(3fails/300s),False,0.0,22
2026-01-01 12:18:23,25493314,user_test,mustang,none,lockout(3fails/300s),False,0.0,22
2026-01-01 12:18:23,25493314,bluecat,mustang,none,lockout(3fails/300s),False,0.0,22
2026-01-01 12:18:23,25493314,student1,mustang,none,lockout(3fails/300s),False,0.0,22
2026-01-01 12:18:23,25493314,login_user,mustang,none,lockout(3fails/300s),False,0.0,22
2026-01-01 12:18:23,25493314,pythonfan,mustang,none,lockout(3fails/300s),False,0.0,22
2026-01-01 12:18:23,25493314,techgirl,mustang,none,lockout(3fails/300s),False,0.0,22
2026-01-01 12:18:23,25493314,cloud_user,mustang,none,lockout(3fails/300s),False,0.0,22
2026-01-01 12:18:23,25493314,gamer22,mustang,none,lockout(3fails/300s),False,0.0,22
2026-01-01 12:18:23,25493314,webdev,mustang,none,lockout(3fails/300s),False,0.0,22
2026-01-01 12:18:23,25493314,sha.sec,mustang,none,lockout(3fails/300s),False,0.0,22
2026-01-01 12:18:23,25493314,secure_user,mustang,none,lockout(3fails/300s),False,0.0,22
2026-01-01 12:18:23,25493314,cyber.auth,mustang,none,lockout(3fails/300s),False,0.0,22
2026-01-01 12:18:23,25493314,dev.access,mustang,none,lockout(3fails/300s),False,0.0,22
2026-01-01 12:18:23,25493314,root.guard,mustang,none,lockout(3fails/300s),False,0.0,22
2026-01-01 12:18:23,25493314,net.lock,mustang,none,lockout(3fails/300s),False,0.0,22
2026-01-01 12:18:23,25493314,auth.master,mustang,none,lockout(3fails/300s),False,0.0,22
2026-01-01 12:18:23,25493314,vault_user,mustang,none,lockout(3fails/300s),False,0.0,22
2026-01-01 12:18:23,25493314,system.sec,mustang,none,lockout(3fails/300s),False,0.0,22
2026-01-01 12:18:23,25493314,secure.login,mustang,none,lockout(3fails/300s),False,0.0,22
2026-01-01 12:18:23,25493314,user1,121212,none,lockout(3fails/300s),False,0.0,23
2026-01-01 12:18:23,25493314,admin,121212,none,lockout(3fails/300s),False,0.0,23
2026-01-01 12:18:23,25493314,guest,121212,none,lockout(3fails/300s),False,0.0,23
2026-01-01 12:18:23,25493314,test,121212,none,lockout(3fails/300s),False,0.0,23
2026-01-01 12:18:23,25493314,hello,121212,none,lockout(3fails/300s),False,0.0,23
2026-01-01 12:18:23,25493314,name,121212,none,lockout(3fails/300s),False,0.0,23
2026-01-01 12:18:23,25493314,login,121212,none,lockout(3fails/300s),False,0.0,23
2026-01-01 12:18:23,25493314,abc,121212,none,lockout(3fails/300s),False,0.0,23
2026-01-01 12:18:24,25493314,demo,121212,none,lockout(3fails/300s),False,0.0,23
2026-01-01 12:18:24,25493314,student,121212,none,lockout(3fails/300s),False,0.0,23
2026-01-01 12:18:24,25493314,Student_user,121212,none,lockout(3fails/300s),False,0.0,23
2026-01-01 12:18:24,25493314,user_test,121212,none,lockout(3fails/300s),False,0.0,23
2026-01-01 12:18:24,25493314,bluecat,121212,none,lockout(3fails/300s),False,0.0,23
2026-01-01 12:18:24,25493314,student1,121212,none,lockout(3fails/300s),False,0.0,23
2026-01-01 12:18:24,25493314,login_user,121212,none,lockout(3fails/300s),False,0.0,23
2026-01-01 12:18:24,25493314,pythonfan,121212,none,lockout(3fails/300s),False,0.0,23
2026-01-01 12:18:24,25493314,techgirl,121212,none,lockout(3fails/300s),False,0.0,23
2026-01-01 12:18:24,25493314,cloud_user,121212,none,lockout(3fails/300s),False,0.0,23
2026-01-01 12:18:24,25493314,gamer22,121212,none,lockout(3fails/300s),False,0.0,23
2026-01-01 12:18:24,25493314,webdev,121212,none,lockout(3fails/300s),False,0.0,23
2026-01-01 12:18:24,25493314,sha.sec,121212,none,lockout(3fails/300s),False,0.0,23
2026-01-01 12:18:24,25493314,secure_user,121212,none,lockout(3fails/300s),False,0.0,23
2026-01-01 12:18:24,25493314,cyber.auth,121212,none,lockout(3fails/300s),False,0.0,23
2026-01-01 12:18:24,25493314,dev.access,121212,none,lockout(3fails/300s),False,0.0,23
2026-01-01 12:18:24,25493314,root.guard,121212,none,lockout(3fails/300s),False,0.0,23
2026-01-01 12:18:24,25493314,net.lock,121212,none,lockout(3fails/300s),False,0.0,23
2026-01-01 12:18:24,25493314,auth.master,121212,none,lockout(3fails/300s),False,0.0,23
2026-01-01 12:18:24,25493314,vault_user,121212,none,lockout(3fails/300s),False,0.0,23
2026-01-01 12:18:24,25493314,system.sec,121212,none,lockout(3fails/300s),False,0.0,23
2026-01-01 12:18:24,25493314,secure.login,121212,none,lockout(3fails/300s),False,0.0,23
2026-01-01 12:18:24,25493314,user1,000000,none,lockout(3fails/300s),False,0.0,24
2026-01-01 12:18:24,25493314,admin,000000,none,lockout(3fails/300s),False,0.0,24
2026-01-01 12:18:24,25493314,guest,000000,none,lockout(3fails/300s),False,0.0,24
2026-01-01 12:18:24,25493314,test,000000,none,lockout(3fails/300s),False,0.0,24
2026-01-01 12:18:24,25493314,hello,000000,none,lockout(3fails/300s),False,0.0,24
2026-01-01 12:18:24,25493314,name,000000,none,lockout(3fails/300s),False,0.0,24
2026-01-01 12:18:24,25493314,login,000000,none,lockout(3fails/300s),False,0.0,24
2026-01-01 12:18:24,25493314,abc,000000,none,lockout(3fails/300s),False,0.0,24
2026-01-01 12:18:24,25493314,demo,000000,none,lockout(3fails/300s),False,0.0,24
2026-01-01 12:18:24,25493314,student,000000,none,lockout(3fails/300s),False,0.0,24
2026-01-01 12:18:24,25493314,Student_user,000000,none,lockout(3fails/300s),False,0.0,24
2026-01-01 12:18:24,25493314,user_test,000000,none,lockout(3fails/300s),False,0.0,24
2026-01-01 12:18:24,25493314,bluecat,000000,none,lockout(3fails/300s),False,0.0,24
2026-01-01 12:18:24,25493314,student1,000000,none,lockout(3fails/300s),False,0.0,24
2026-01-01 12:18:24,25493314,login_user,000000,none,lockout(3fails/300s),False,0.0,24
2026-01-01 12:18:24,25493314,pythonfan,000000,none,lockout(3fails/300s),False,0.0,24
2026-01-01 12:18:24,25493314,techgirl,000000,none,lockout(3fails/300s),False,0.0,24
2026-01-01 12:18:24,25493314,cloud_user,000000,none,lockout(3fails/300s),False,0.0,24
2026-01-01 12:18:24,25493314,gamer22,000000,none,lockout(3fails/300s),False,0.0,24
2026-01-01 12:18:24,25493314,webdev,000000,none,lockout(3fails/300s),False,0.0,24
2026-01-01 12:18:24,25493314,sha.sec,000000,none,lockout(3fails/300s),False,0.0,24
2026-01-01 12:18:24,25493314,secure_user,000000,none,lockout(3fails/300s),False,0.0,24
2026-01-01 12:18:24,25493314,cyber.auth,000000,none,lockout(3fails/300s),False,0.0,24
2026-01-01 12:18:24,25493314,dev.access,000000,none,lockout(3fails/300s),False,0.0,24
2026-01-01 12:18:24,25493314,root.guard,000000,none,lockout(3fails/300s),False,0.0,24
2026-01-01 12:18:24,25493314,net.lock,000000,none,lockout(3fails/300s),False,0.0,24
2026-01-01 12:18:24,25493314,auth.master,000000,none,lockout(3fails/300s),False,0.0,24
2026-01-01 12:18:24,25493314,vault_user,000000,none,lockout(3fails/300s),False,0.0,24
2026-01-01 12:18:24,25493314,system.sec,000000,none,lockout(3fails/300s),False,0.0,24
2026-01-01 12:18:24,25493314,secure.login,000000,none,lockout(3fails/300s),False,0.0,24
2026-01-01 12:18:24,25493314,user1,password1,none,lockout(3fails/300s),False,0.0,25
2026-01-01 12:18:24,25493314,admin,password1,none,lockout(3fails/300s),False,0.0,25
2026-01-01 12:18:24,25493314,guest,password1,none,lockout(3fails/300s),False,0.0,25
2026-01-01 12:18:24,25493314,test,password1,none,lockout(3fails/300s),False,0.0,25
2026-01-01 12:18:24,25493314,hello,password1,none,lockout(3fails/300s),False,0.0,25
2026-01-01 12:18:24,25493314,name,password1,none,lockout(3fails/300s),False,0.0,25
2026-01-01 12:18:24,25493314,login,password1,none,lockout(3fails/300s),False,0.0,25
2026-01-01 12:18:24,25493314,abc,password1,none,lockout(3fails/300s),False,0.0,25
2026-01-01 12:18:24,25493314,demo,password1,none,lockout(3fails/300s),False,0.0,25
2026-01-01 12:18:25,25493314,student,password1,none,lockout(3fails/300s),False,0.0,25
2026-01-01 12:18:25,25493314,Student_user,password1,none,lockout(3fails/300s),False,0.0,25
2026-01-01 12:18:25,25493314,user_test,password1,none,lockout(3fails/300s),False,0.0,25
2026-01-01 12:18:25,25493314,bluecat,password1,none,lockout(3fails/300s),False,0.0,25
2026-01-01 12:18:25,25493314,student1,password1,none,lockout(3fails/300s),False,0.0,25
2026-01-01 12:18:25,25493314,login_user,password1,none,lockout(3fails/300s),False,0.0,25
2026-01-01 12:18:25,25493314,pythonfan,password1,none,lockout(3fails/300s),False,0.0,25
2026-01-01 12:18:25,25493314,techgirl,password1,none,lockout(3fails/300s),False,0.0,25
2026-01-01 12:18:25,25493314,cloud_user,password1,none,lockout(3fails/300s),False,0.0,25
2026-01-01 12:18:25,25493314,gamer22,password1,none,lockout(3fails/300s),False,0.0,25
2026-01-01 12:18:25,25493314,webdev,password1,none,lockout(3fails/300s),False,0.0,25
2026-01-01 12:18:25,25493314,sha.sec,password1,none,lockout(3fails/300s),False,0.01,25
2026-01-01 12:18:25,25493314,secure_user,password1,none,lockout(3fails/300s),False,0.0,25
2026-01-01 12:18:25,25493314,cyber.auth,password1,none,lockout(3fails/300s),False,0.0,25
2026-01-01 12:18:25,25493314,dev.access,password1,none,lockout(3fails/300s),False,0.0,25
2026-01-01 12:18:25,25493314,root.guard,password1,none,lockout(3fails/300s),False,0.0,25
2026-01-01 12:18:25,25493314,net.lock,password1,none,lockout(3fails/300s),False,0.0,25
2026-01-01 12:18:25,25493314,auth.master,password1,none,lockout(3fails/300s),False,0.0,25
2026-01-01 12:18:25,25493314,vault_user,password1,none,lockout(3fails/300s),False,0.0,25
2026-01-01 12:18:25,25493314,system.sec,password1,none,lockout(3fails/300s),False,0.0,25
2026-01-01 12:18:25,25493314,secure.login,password1,none,lockout(3fails/300s),False,0.0,25
2026-01-01 12:18:25,25493314,user1,admin,none,lockout(3fails/300s),False,0.0,26
2026-01-01 12:18:25,25493314,admin,admin,none,lockout(3fails/300s),False,0.0,26
2026-01-01 12:18:25,25493314,guest,admin,none,lockout(3fails/300s),False,0.0,26
2026-01-01 12:18:25,25493314,test,admin,none,lockout(3fails/300s),False,0.0,26
2026-01-01 12:18:25,25493314,hello,admin,none,lockout(3fails/300s),False,0.0,26
2026-01-01 12:18:25,25493314,name,admin,none,lockout(3fails/300s),False,0.0,26
2026-01-01 12:18:25,25493314,login,admin,none,lockout(3fails/300s),False,0.0,26
2026-01-01 12:18:25,25493314,abc,admin,none,lockout(3fails/300s),False,0.0,26
2026-01-01 12:18:25,25493314,demo,admin,none,lockout(3fails/300s),False,0.0,26
2026-01-01 12:18:25,25493314,student,admin,none,lockout(3fails/300s),False,0.0,26
2026-01-01 12:18:25,25493314,Student_user,admin,none,lockout(3fails/300s),False,0.0,26
2026-01-01 12:18:25,25493314,user_test,admin,none,lockout(3fails/300s),False,0.0,26
2026-01-01 12:18:25,25493314,bluecat,admin,none,lockout(3fails/300s),False,0.0,26
2026-01-01 12:18:25,25493314,student1,admin,none,lockout(3fails/300s),False,0.0,26
2026-01-01 12:18:25,25493314,login_user,admin,none,lockout(3fails/300s),False,0.0,26
2026-01-01 12:18:25,25493314,pythonfan,admin,none,lockout(3fails/300s),False,0.0,26
2026-01-01 12:18:25,25493314,techgirl,admin,none,lockout(3fails/300s),False,0.0,26
2026-01-01 12:18:25,25493314,cloud_user,admin,none,lockout(3fails/300s),False,0.0,26
2026-01-01 12:18:25,25493314,gamer22,admin,none,lockout(3fails/300s),False,0.0,26
2026-01-01 12:18:25,25493314,webdev,admin,none,lockout(3fails/300s),False,0.0,26
2026-01-01 12:18:25,25493314,sha.sec,admin,none,lockout(3fails/300s),False,0.0,26
2026-01-01 12:18:25,25493314,secure_user,admin,none,lockout(3fails/300s),False,0.0,26
2026-01-01 12:18:25,25493314,cyber.auth,admin,none,lockout(3fails/300s),False,0.0,26
2026-01-01 12:18:25,25493314,dev.access,admin,none,lockout(3fails/300s),False,0.0,26
2026-01-01 12:18:25,25493314,root.guard,admin,none,lockout(3fails/300s),False,0.0,26
2026-01-01 12:18:25,25493314,net.lock,admin,none,lockout(3fails/300s),False,0.0,26
2026-01-01 12:18:25,25493314,auth.master,admin,none,lockout(3fails/300s),False,0.0,26
2026-01-01 12:18:25,25493314,vault_user,admin,none,lockout(3fails/300s),False,0.0,26
2026-01-01 12:18:25,25493314,system.sec,admin,none,lockout(3fails/300s),False,0.0,26
2026-01-01 12:18:25,25493314,secure.login,admin,none,lockout(3fails/300s),False,0.0,26
2026-01-01 12:18:25,25493314,user1,admin123,none,lockout(3fails/300s),False,0.0,27
2026-01-01 12:18:25,25493314,admin,admin123,none,lockout(3fails/300s),False,0.0,27
2026-01-01 12:18:25,25493314,guest,admin123,none,lockout(3fails/300s),False,0.0,27
2026-01-01 12:18:25,25493314,test,admin123,none,lockout(3fails/300s),False,0.0,27
2026-01-01 12:18:25,25493314,hello,admin123,none,lockout(3fails/300s),False,0.0,27
2026-01-01 12:18:25,25493314,name,admin123,none,lockout(3fails/300s),False,0.0,27
2026-01-01 12:18:26,25493314,login,admin123,none,lockout(3fails/300s),False,0.0,27
2026-01-01 12:18:26,25493314,abc,admin123,none,lockout(3fails/300s),False,0.0,27
2026-01-01 12:18:26,25493314,demo,admin123,none,lockout(3fails/300s),False,0.0,27
2026-01-01 12:18:26,25493314,student,admin123,none,lockout(3fails/300s),False,0.0,27
2026-01-01 12:18:26,25493314,Student_user,admin123,none,lockout(3fails/300s),False,0.0,27
2026-01-01 12:18:26,25493314,user_test,admin123,none,lockout(3fails/300s),False,0.0,27
2026-01-01 12:18:26,25493314,bluecat,admin123,none,lockout(3fails/300s),False,0.0,27
2026-01-01 12:18:26,25493314,student1,admin123,none,lockout(3fails/300s),False,0.0,27
2026-01-01 12:18:26,25493314,login_user,admin123,none,lockout(3fails/300s),False,0.0,27
2026-01-01 12:18:26,25493314,pythonfan,admin123,none,lockout(3fails/300s),False,0.0,27
2026-01-01 12:18:26,25493314,techgirl,admin123,none,lockout(3fails/300s),False,0.0,27
2026-01-01 12:18:26,25493314,cloud_user,admin123,none,lockout(3fails/300s),False,0.0,27
2026-01-01 12:18:26,25493314,gamer22,admin123,none,lockout(3fails/300s),False,0.0,27
2026-01-01 12:18:26,25493314,webdev,admin123,none,lockout(3fails/300s),False,0.0,27
2026-01-01 12:18:26,25493314,sha.sec,admin123,none,lockout(3fails/300s),False,0.0,27
2026-01-01 12:18:26,25493314,secure_user,admin123,none,lockout(3fails/300s),False,0.01,27
2026-01-01 12:18:26,25493314,cyber.auth,admin123,none,lockout(3fails/300s),False,0.0,27
2026-01-01 12:18:26,25493314,dev.access,admin123,none,lockout(3fails/300s),False,0.0,27
2026-01-01 12:18:26,25493314,root.guard,admin123,none,lockout(3fails/300s),False,0.01,27
2026-01-01 12:18:26,25493314,net.lock,admin123,none,lockout(3fails/300s),False,0.0,27
2026-01-01 12:18:26,25493314,auth.master,admin123,none,lockout(3fails/300s),False,0.0,27
2026-01-01 12:18:26,25493314,vault_user,admin123,none,lockout(3fails/300s),False,0.0,27
2026-01-01 12:18:26,25493314,system.sec,admin123,none,lockout(3fails/300s),False,0.0,27
2026-01-01 12:18:26,25493314,secure.login,admin123,none,lockout(3fails/300s),False,0.0,27
2026-01-01 12:18:26,25493314,user1,root,none,lockout(3fails/300s),False,0.0,28
2026-01-01 12:18:26,25493314,admin,root,none,lockout(3fails/300s),False,0.0,28
2026-01-01 12:18:26,25493314,guest,root,none,lockout(3fails/300s),False,0.0,28
2026-01-01 12:18:26,25493314,test,root,none,lockout(3fails/300s),False,0.0,28
2026-01-01 12:18:26,25493314,hello,root,none,lockout(3fails/300s),False,0.0,28
2026-01-01 12:18:26,25493314,name,root,none,lockout(3fails/300s),False,0.0,28
2026-01-01 12:18:26,25493314,login,root,none,lockout(3fails/300s),False,0.0,28
2026-01-01 12:18:26,25493314,abc,root,none,lockout(3fails/300s),False,0.0,28
2026-01-01 12:18:26,25493314,demo,root,none,lockout(3fails/300s),False,0.0,28
2026-01-01 12:18:26,25493314,student,root,none,lockout(3fails/300s),False,0.0,28
2026-01-01 12:18:26,25493314,Student_user,root,none,lockout(3fails/300s),False,0.0,28
2026-01-01 12:18:26,25493314,user_test,root,none,lockout(3fails/300s),False,0.0,28
2026-01-01 12:18:26,25493314,bluecat,root,none,lockout(3fails/300s),False,0.0,28
2026-01-01 12:18:26,25493314,student1,root,none,lockout(3fails/300s),False,0.0,28
2026-01-01 12:18:26,25493314,login_user,root,none,lockout(3fails/300s),False,0.0,28
2026-01-01 12:18:26,25493314,pythonfan,root,none,lockout(3fails/300s),False,0.0,28
2026-01-01 12:18:26,25493314,techgirl,root,none,lockout(3fails/300s),False,0.0,28
2026-01-01 12:18:26,25493314,cloud_user,root,none,lockout(3fails/300s),False,0.0,28
2026-01-01 12:18:26,25493314,gamer22,root,none,lockout(3fails/300s),False,0.0,28
2026-01-01 12:18:26,25493314,webdev,root,none,lockout(3fails/300s),False,0.0,28
2026-01-01 12:18:26,25493314,sha.sec,root,none,lockout(3fails/300s),False,0.0,28
2026-01-01 12:18:26,25493314,secure_user,root,none,lockout(3fails/300s),False,0.0,28
2026-01-01 12:18:26,25493314,cyber.auth,root,none,lockout(3fails/300s),False,0.0,28
2026-01-01 12:18:26,25493314,dev.access,root,none,lockout(3fails/300s),False,0.0,28
2026-01-01 12:18:26,25493314,root.guard,root,none,lockout(3fails/300s),False,0.0,28
2026-01-01 12:18:26,25493314,net.lock,root,none,lockout(3fails/300s),False,0.0,28
2026-01-01 12:18:26,25493314,auth.master,root,none,lockout(3fails/300s),False,0.0,28
2026-01-01 12:18:26,25493314,vault_user,root,none,lockout(3fails/300s),False,0.0,28
2026-01-01 12:18:26,25493314,system.sec,root,none,lockout(3fails/300s),False,0.0,28
2026-01-01 12:18:26,25493314,secure.login,root,none,lockout(3fails/300s),False,0.0,28
2026-01-01 12:18:26,25493314,user1,toor,none,lockout(3fails/300s),False,0.0,29
2026-01-01 12:18:26,25493314,admin,toor,none,lockout(3fails/300s),False,0.0,29
2026-01-01 12:18:26,25493314,guest,toor,none,lockout(3fails/300s),False,0.0,29
2026-01-01 12:18:27,25493314,test,toor,none,lockout(3fails/300s),False,0.0,29
2026-01-01 12:18:27,25493314,hello,toor,none,lockout(3fails/300s),False,0.0,29
2026-01-01 12:18:27,25493314,name,toor,none,lockout(3fails/300s),False,0.0,29
2026-01-01 12:18:27,25493314,login,toor,none,lockout(3fails/300s),False,0.0,29
2026-01-01 12:18:27,25493314,abc,toor,none,lockout(3fails/300s),False,0.0,29
2026-01-01 12:18:27,25493314,demo,toor,none,lockout(3fails/300s),False,0.0,29
2026-01-01 12:18:27,25493314,student,toor,none,lockout(3fails/300s),False,0.0,29
2026-01-01 12:18:27,25493314,Student_user,toor,none,lockout(3fails/300s),False,0.0,29
2026-01-01 12:18:27,25493314,user_test,toor,none,lockout(3fails/300s),False,0.0,29
2026-01-01 12:18:27,25493314,bluecat,toor,none,lockout(3fails/300s),False,0.0,29
2026-01-01 12:18:27,25493314,student1,toor,none,lockout(3fails/300s),False,0.0,29
2026-01-01 12:18:27,25493314,login_user,toor,none,lockout(3fails/300s),False,0.0,29
2026-01-01 12:18:27,25493314,pythonfan,toor,none,lockout(3fails/300s),False,0.0,29
2026-01-01 12:18:27,25493314,techgirl,toor,none,lockout(3fails/300s),False,0.0,29
2026-01-01 12:18:27,25493314,cloud_user,toor,none,lockout(3fails/300s),False,0.0,29
2026-01-01 12:18:27,25493314,gamer22,toor,none,lockout(3fails/300s),False,0.0,29
2026-01-01 12:18:27,25493314,webdev,toor,none,lockout(3fails/300s),False,0.0,29
2026-01-01 12:18:27,25493314,sha.sec,toor,none,lockout(3fails/300s),False,0.0,29
2026-01-01 12:18:27,25493314,secure_user,toor,none,lockout(3fails/300s),False,0.0,29
2026-01-01 12:18:27,25493314,cyber.auth,toor,none,lockout(3fails/300s),False,0.0,29
2026-01-01 12:18:27,25493314,dev.access,toor,none,lockout(3fails/300s),False,0.0,29
2026-01-01 12:18:27,25493314,root.guard,toor,none,lockout(3fails/300s),False,0.01,29
2026-01-01 12:18:27,25493314,net.lock,toor,none,lockout(3fails/300s),False,0.0,29
2026-01-01 12:18:27,25493314,auth.master,toor,none,lockout(3fails/300s),False,0.0,29
2026-01-01 12:18:27,25493314,vault_user,toor,none,lockout(3fails/300s),False,0.0,29
2026-01-01 12:18:27,25493314,system.sec,toor,none,lockout(3fails/300s),False,0.0,29
2026-01-01 12:18:27,25493314,secure.login,toor,none,lockout(3fails/300s),False,0.0,29
2026-01-01 12:18:27,25493314,user1,pass,none,lockout(3fails/300s),False,0.0,30
2026-01-01 12:18:27,25493314,admin,pass,none,lockout(3fails/300s),False,0.0,30
2026-01-01 12:18:27,25493314,guest,pass,none,lockout(3fails/300s),False,0.0,30
2026-01-01 12:18:27,25493314,test,pass,none,lockout(3fails/300s),False,0.0,30
2026-01-01 12:18:27,25493314,hello,pass,none,lockout(3fails/300s),False,0.0,30
2026-01-01 12:18:27,25493314,name,pass,none,lockout(3fails/300s),False,0.0,30
2026-01-01 12:18:27,25493314,login,pass,none,lockout(3fails/300s),False,0.0,30
2026-01-01 12:18:27,25493314,abc,pass,none,lockout(3fails/300s),False,0.0,30
2026-01-01 12:18:27,25493314,demo,pass,none,lockout(3fails/300s),False,0.0,30
2026-01-01 12:18:27,25493314,student,pass,none,lockout(3fails/300s),False,0.0,30
2026-01-01 12:18:27,25493314,Student_user,pass,none,lockout(3fails/300s),False,0.0,30
2026-01-01 12:18:27,25493314,user_test,pass,none,lockout(3fails/300s),False,0.0,30
2026-01-01 12:18:27,25493314,bluecat,pass,none,lockout(3fails/300s),False,0.0,30
2026-01-01 12:18:27,25493314,student1,pass,none,lockout(3fails/300s),False,0.0,30
2026-01-01 12:18:27,25493314,login_user,pass,none,lockout(3fails/300s),False,0.0,30
2026-01-01 12:18:27,25493314,pythonfan,pass,none,lockout(3fails/300s),False,0.0,30
2026-01-01 12:18:27,25493314,techgirl,pass,none,lockout(3fails/300s),False,0.0,30
2026-01-01 12:18:27,25493314,cloud_user,pass,none,lockout(3fails/300s),False,0.0,30
2026-01-01 12:18:27,25493314,gamer22,pass,none,lockout(3fails/300s),False,0.0,30
2026-01-01 12:18:27,25493314,webdev,pass,none,lockout(3fails/300s),False,0.0,30
2026-01-01 12:18:27,25493314,sha.sec,pass,none,lockout(3fails/300s),False,0.0,30
2026-01-01 12:18:27,25493314,secure_user,pass,none,lockout(3fails/300s),False,0.0,30
2026-01-01 12:18:27,25493314,cyber.auth,pass,none,lockout(3fails/300s),False,0.0,30
2026-01-01 12:18:27,25493314,dev.access,pass,none,lockout(3fails/300s),False,0.0,30
2026-01-01 12:18:27,25493314,root.guard,pass,none,lockout(3fails/300s),False,0.0,30
2026-01-01 12:18:27,25493314,net.lock,pass,none,lockout(3fails/300s),False,0.0,30
2026-01-01 12:18:27,25493314,auth.master,pass,none,lockout(3fails/300s),False,0.0,30
2026-01-01 12:18:27,25493314,vault_user,pass,none,lockout(3fails/300s),False,0.0,30
2026-01-01 12:18:27,25493314,system.sec,pass,none,lockout(3fails/300s),False,0.0,30
2026-01-01 12:18:27,25493314,secure.login,pass,none,lockout(3fails/300s),False,0.0,30
2026-01-01 12:18:28,25493314,user1,test,none,lockout(3fails/300s),False,0.0,31
2026-01-01 12:18:28,25493314,admin,test,none,lockout(3fails/300s),False,0.0,31
2026-01-01 12:18:28,25493314,guest,test,none,lockout(3fails/300s),False,0.0,31
2026-01-01 12:18:28,25493314,test,test,none,lockout(3fails/300s),False,0.0,31
2026-01-01 12:18:28,25493314,hello,test,none,lockout(3fails/300s),False,0.0,31
2026-01-01 12:18:28,25493314,name,test,none,lockout(3fails/300s),False,0.0,31
2026-01-01 12:18:28,25493314,login,test,none,lockout(3fails/300s),False,0.0,31
2026-01-01 12:18:28,25493314,abc,test,none,lockout(3fails/300s),False,0.0,31
2026-01-01 12:18:28,25493314,demo,test,none,lockout(3fails/300s),False,0.0,31
2026-01-01 12:18:28,25493314,student,test,none,lockout(3fails/300s),False,0.0,31
2026-01-01 12:18:28,25493314,Student_user,test,none,lockout(3fails/300s),False,0.0,31
2026-01-01 12:18:28,25493314,user_test,test,none,lockout(3fails/300s),False,0.0,31
2026-01-01 12:18:28,25493314,bluecat,test,none,lockout(3fails/300s),False,0.0,31
2026-01-01 12:18:28,25493314,student1,test,none,lockout(3fails/300s),False,0.0,31
2026-01-01 12:18:28,25493314,login_user,test,none,lockout(3fails/300s),False,0.0,31
2026-01-01 12:18:28,25493314,pythonfan,test,none,lockout(3fails/300s),False,0.0,31
2026-01-01 12:18:28,25493314,techgirl,test,none,lockout(3fails/300s),False,0.0,31
2026-01-01 12:18:28,25493314,cloud_user,test,none,lockout(3fails/300s),False,0.0,31
2026-01-01 12:18:28,25493314,gamer22,test,none,lockout(3fails/300s),False,0.0,31
2026-01-01 12:18:28,25493314,webdev,test,none,lockout(3fails/300s),False,0.0,31
2026-01-01 12:18:28,25493314,sha.sec,test,none,lockout(3fails/300s),False,0.0,31
2026-01-01 12:18:28,25493314,secure_user,test,none,lockout(3fails/300s),False,0.0,31
2026-01-01 12:18:28,25493314,cyber.auth,test,none,lockout(3fails/300s),False,0.0,31
2026-01-01 12:18:28,25493314,dev.access,test,none,lockout(3fails/300s),False,0.0,31
2026-01-01 12:18:28,25493314,root.guard,test,none,lockout(3fails/300s),False,0.0,31
2026-01-01 12:18:28,25493314,net.lock,test,none,lockout(3fails/300s),False,0.0,31
2026-01-01 12:18:28,25493314,auth.master,test,none,lockout(3fails/300s),False,0.0,31
2026-01-01 12:18:28,25493314,vault_user,test,none,lockout(3fails/300s),False,0.01,31
2026-01-01 12:18:28,25493314,system.sec,test,none,lockout(3fails/300s),False,0.0,31
2026-01-01 12:18:28,25493314,secure.login,test,none,lockout(3fails/300s),False,0.0,31
2026-01-01 12:18:28,25493314,user1,test123,none,lockout(3fails/300s),False,0.0,32
2026-01-01 12:18:28,25493314,admin,test123,none,lockout(3fails/300s),False,0.0,32
2026-01-01 12:18:28,25493314,guest,test123,none,lockout(3fails/300s),False,0.0,32
2026-01-01 12:18:28,25493314,test,test123,none,lockout(3fails/300s),False,0.0,32
2026-01-01 12:18:28,25493314,hello,test123,none,lockout(3fails/300s),False,0.0,32
2026-01-01 12:18:28,25493314,name,test123,none,lockout(3fails/300s),False,0.0,32
2026-01-01 12:18:28,25493314,login,test123,none,lockout(3fails/300s),False,0.0,32
2026-01-01 12:18:28,25493314,abc,test123,none,lockout(3fails/300s),False,0.0,32
2026-01-01 12:18:28,25493314,demo,test123,none,lockout(3fails/300s),False,0.0,32
2026-01-01 12:18:28,25493314,student,test123,none,lockout(3fails/300s),False,0.0,32
2026-01-01 12:18:28,25493314,Student_user,test123,none,lockout(3fails/300s),False,0.0,32
2026-01-01 12:18:28,25493314,user_test,test123,none,lockout(3fails/300s),False,0.0,32
2026-01-01 12:18:28,25493314,bluecat,test123,none,lockout(3fails/300s),False,0.0,32
2026-01-01 12:18:28,25493314,student1,test123,none,lockout(3fails/300s),False,0.0,32
2026-01-01 12:18:28,25493314,login_user,test123,none,lockout(3fails/300s),False,0.0,32
2026-01-01 12:18:28,25493314,pythonfan,test123,none,lockout(3fails/300s),False,0.0,32
2026-01-01 12:18:28,25493314,techgirl,test123,none,lockout(3fails/300s),False,0.0,32
2026-01-01 12:18:28,25493314,cloud_user,test123,none,lockout(3fails/300s),False,0.0,32
2026-01-01 12:18:28,25493314,gamer22,test123,none,lockout(3fails/300s),False,0.0,32
2026-01-01 12:18:28,25493314,webdev,test123,none,lockout(3fails/300s),False,0.0,32
2026-01-01 12:18:28,25493314,sha.sec,test123,none,lockout(3fails/300s),False,0.0,32
2026-01-01 12:18:28,25493314,secure_user,test123,none,lockout(3fails/300s),False,0.0,32
2026-01-01 12:18:28,25493314,cyber.auth,test123,none,lockout(3fails/300s),False,0.0,32
2026-01-01 12:18:29,25493314,dev.access,test123,none,lockout(3fails/300s),False,0.0,32
2026-01-01 12:18:29,25493314,root.guard,test123,none,lockout(3fails/300s),False,0.0,32
2026-01-01 12:18:29,25493314,net.lock,test123,none,lockout(3fails/300s),False,0.0,32
2026-01-01 12:18:29,25493314,auth.master,test123,none,lockout(3fails/300s),False,0.0,32
2026-01-01 12:18:29,25493314,vault_user,test123,none,lockout(3fails/300s),False,0.0,32
2026-01-01 12:18:29,25493314,system.sec,test123,none,lockout(3fails/300s),False,0.0,32
2026-01-01 12:18:29,25493314,secure.login,test123,none,lockout(3fails/300s),False,0.0,32
2026-01-01 12:18:29,25493314,user1,guest,none,lockout(3fails/300s),False,0.0,33
2026-01-01 12:18:29,25493314,admin,guest,none,lockout(3fails/300s),False,0.0,33
2026-01-01 12:18:29,25493314,guest,guest,none,lockout(3fails/300s),False,0.0,33
2026-01-01 12:18:29,25493314,test,guest,none,lockout(3fails/300s),False,0.0,33
2026-01-01 12:18:29,25493314,hello,guest,none,lockout(3fails/300s),False,0.0,33
2026-01-01 12:18:29,25493314,name,guest,none,lockout(3fails/300s),False,0.0,33
2026-01-01 12:18:29,25493314,login,guest,none,lockout(3fails/300s),False,0.0,33
2026-01-01 12:18:29,25493314,abc,guest,none,lockout(3fails/300s),False,0.0,33
2026-01-01 12:18:29,25493314,demo,guest,none,lockout(3fails/300s),False,0.0,33
2026-01-01 12:18:29,25493314,student,guest,none,lockout(3fails/300s),False,0.0,33
2026-01-01 12:18:29,25493314,Student_user,guest,none,lockout(3fails/300s),False,0.0,33
2026-01-01 12:18:29,25493314,user_test,guest,none,lockout(3fails/300s),False,0.0,33
2026-01-01 12:18:29,25493314,bluecat,guest,none,lockout(3fails/300s),False,0.0,33
2026-01-01 12:18:29,25493314,student1,guest,none,lockout(3fails/300s),False,0.0,33
2026-01-01 12:18:29,25493314,login_user,guest,none,lockout(3fails/300s),False,0.0,33
2026-01-01 12:18:29,25493314,pythonfan,guest,none,lockout(3fails/300s),False,0.0,33
2026-01-01 12:18:29,25493314,techgirl,guest,none,lockout(3fails/300s),False,0.0,33
2026-01-01 12:18:29,25493314,cloud_user,guest,none,lockout(3fails/300s),False,0.0,33
2026-01-01 12:18:29,25493314,gamer22,guest,none,lockout(3fails/300s),False,0.0,33
2026-01-01 12:18:29,25493314,webdev,guest,none,lockout(3fails/300s),False,0.0,33
2026-01-01 12:18:29,25493314,sha.sec,guest,none,lockout(3fails/300s),False,0.0,33
2026-01-01 12:18:29,25493314,secure_user,guest,none,lockout(3fails/300s),False,0.0,33
2026-01-01 12:18:29,25493314,cyber.auth,guest,none,lockout(3fails/300s),False,0.0,33
2026-01-01 12:18:29,25493314,dev.access,guest,none,lockout(3fails/300s),False,0.0,33
2026-01-01 12:18:29,25493314,root.guard,guest,none,lockout(3fails/300s),False,0.0,33
2026-01-01 12:18:29,25493314,net.lock,guest,none,lockout(3fails/300s),False,0.0,33
2026-01-01 12:18:29,25493314,auth.master,guest,none,lockout(3fails/300s),False,0.0,33
2026-01-01 12:18:29,25493314,vault_user,guest,none,lockout(3fails/300s),False,0.0,33
2026-01-01 12:18:29,25493314,system.sec,guest,none,lockout(3fails/300s),False,0.0,33
2026-01-01 12:18:29,25493314,secure.login,guest,none,lockout(3fails/300s),False,0.0,33
2026-01-01 12:18:29,25493314,user1,guest123,none,lockout(3fails/300s),False,0.0,34
2026-01-01 12:18:29,25493314,admin,guest123,none,lockout(3fails/300s),False,0.0,34
2026-01-01 12:18:29,25493314,guest,guest123,none,lockout(3fails/300s),False,0.0,34
2026-01-01 12:18:29,25493314,test,guest123,none,lockout(3fails/300s),False,0.0,34
2026-01-01 12:18:29,25493314,hello,guest123,none,lockout(3fails/300s),False,0.0,34
2026-01-01 12:18:29,25493314,name,guest123,none,lockout(3fails/300s),False,0.0,34
2026-01-01 12:18:29,25493314,login,guest123,none,lockout(3fails/300s),False,0.0,34
2026-01-01 12:18:29,25493314,abc,guest123,none,lockout(3fails/300s),False,0.0,34
2026-01-01 12:18:29,25493314,demo,guest123,none,lockout(3fails/300s),False,0.0,34
2026-01-01 12:18:29,25493314,student,guest123,none,lockout(3fails/300s),False,0.0,34
2026-01-01 12:18:29,25493314,Student_user,guest123,none,lockout(3fails/300s),False,0.0,34
2026-01-01 12:18:29,25493314,user_test,guest123,none,lockout(3fails/300s),False,0.0,34
2026-01-01 12:18:29,25493314,bluecat,guest123,none,lockout(3fails/300s),False,0.0,34
2026-01-01 12:18:30,25493314,student1,guest123,none,lockout(3fails/300s),False,0.0,34
2026-01-01 12:18:30,25493314,login_user,guest123,none,lockout(3fails/300s),False,0.0,34
2026-01-01 12:18:30,25493314,pythonfan,guest123,none,lockout(3fails/300s),False,0.0,34
2026-01-01 12:18:30,25493314,techgirl,guest123,none,lockout(3fails/300s),False,0.0,34
2026-01-01 12:18:30,25493314,cloud_user,guest123,none,lockout(3fails/300s),False,0.0,34
2026-01-01 12:18:30,25493314,gamer22,guest123,none,lockout(3fails/300s),False,0.0,34
2026-01-01 12:18:30,25493314,webdev,guest123,none,lockout(3fails/300s),False,0.0,34
2026-01-01 12:18:30,25493314,sha.sec,guest123,none,lockout(3fails/300s),False,0.0,34
2026-01-01 12:18:30,25493314,secure_user,guest123,none,lockout(3fails/300s),False,0.0,34
2026-01-01 12:18:30,25493314,cyber.auth,guest123,none,lockout(3fails/300s),False,0.0,34
2026-01-01 12:18:30,25493314,dev.access,guest123,none,lockout(3fails/300s),False,0.0,34
2026-01-01 12:18:30,25493314,root.guard,guest123,none,lockout(3fails/300s),False,0.0,34
2026-01-01 12:18:30,25493314,net.lock,guest123,none,lockout(3fails/300s),False,0.0,34
2026-01-01 12:18:30,25493314,auth.master,guest123,none,lockout(3fails/300s),False,0.0,34
2026-01-01 12:18:30,25493314,vault_user,guest123,none,lockout(3fails/300s),False,0.0,34
2026-01-01 12:18:30,25493314,system.sec,guest123,none,lockout(3fails/300s),False,0.0,34
2026-01-01 12:18:30,25493314,secure.login,guest123,none,lockout(3fails/300s),False,0.0,34
2026-01-01 12:18:30,25493314,user1,user,none,lockout(3fails/300s),False,0.0,35
2026-01-01 12:18:30,25493314,admin,user,none,lockout(3fails/300s),False,0.0,35
2026-01-01 12:18:30,25493314,guest,user,none,lockout(3fails/300s),False,0.0,35
2026-01-01 12:18:30,25493314,test,user,none,lockout(3fails/300s),False,0.0,35
2026-01-01 12:18:30,25493314,hello,user,none,lockout(3fails/300s),False,0.0,35
2026-01-01 12:18:30,25493314,name,user,none,lockout(3fails/300s),False,0.0,35
2026-01-01 12:18:30,25493314,login,user,none,lockout(3fails/300s),False,0.0,35
2026-01-01 12:18:30,25493314,abc,user,none,lockout(3fails/300s),False,0.0,35
2026-01-01 12:18:30,25493314,demo,user,none,lockout(3fails/300s),False,0.0,35
2026-01-01 12:18:30,25493314,student,user,none,lockout(3fails/300s),False,0.0,35
2026-01-01 12:18:30,25493314,Student_user,user,none,lockout(3fails/300s),False,0.0,35
2026-01-01 12:18:30,25493314,user_test,user,none,lockout(3fails/300s),False,0.0,35
2026-01-01 12:18:30,25493314,bluecat,user,none,lockout(3fails/300s),False,0.0,35
2026-01-01 12:18:30,25493314,student1,user,none,lockout(3fails/300s),False,0.0,35
2026-01-01 12:18:30,25493314,login_user,user,none,lockout(3fails/300s),False,0.0,35
2026-01-01 12:18:30,25493314,pythonfan,user,none,lockout(3fails/300s),False,0.0,35
2026-01-01 12:18:30,25493314,techgirl,user,none,lockout(3fails/300s),False,0.0,35
2026-01-01 12:18:30,25493314,cloud_user,user,none,lockout(3fails/300s),False,0.0,35
2026-01-01 12:18:30,25493314,gamer22,user,none,lockout(3fails/300s),False,0.0,35
2026-01-01 12:18:30,25493314,webdev,user,none,lockout(3fails/300s),False,0.0,35
2026-01-01 12:18:30,25493314,sha.sec,user,none,lockout(3fails/300s),False,0.01,35
2026-01-01 12:18:30,25493314,secure_user,user,none,lockout(3fails/300s),False,0.0,35
2026-01-01 12:18:30,25493314,cyber.auth,user,none,lockout(3fails/300s),False,0.0,35
2026-01-01 12:18:30,25493314,dev.access,user,none,lockout(3fails/300s),False,0.0,35
2026-01-01 12:18:30,25493314,root.guard,user,none,lockout(3fails/300s),False,0.0,35
2026-01-01 12:18:30,25493314,net.lock,user,none,lockout(3fails/300s),False,0.0,35
2026-01-01 12:18:30,25493314,auth.master,user,none,lockout(3fails/300s),False,0.0,35
2026-01-01 12:18:30,25493314,vault_user,user,none,lockout(3fails/300s),False,0.0,35
2026-01-01 12:18:30,25493314,system.sec,user,none,lockout(3fails/300s),False,0.0,35
2026-01-01 12:18:30,25493314,secure.login,user,none,lockout(3fails/300s),False,0.0,35
2026-01-01 12:18:30,25493314,user1,user123,none,lockout(3fails/300s),False,0.0,36
2026-01-01 12:18:30,25493314,admin,user123,none,lockout(3fails/300s),False,0.0,36
2026-01-01 12:18:31,25493314,guest,user123,none,lockout(3fails/300s),False,0.0,36
2026-01-01 12:18:31,25493314,test,user123,none,lockout(3fails/300s),False,0.0,36
2026-01-01 12:18:31,25493314,hello,user123,none,lockout(3fails/300s),False,0.0,36
2026-01-01 12:18:31,25493314,name,user123,none,lockout(3fails/300s),False,0.0,36
2026-01-01 12:18:31,25493314,login,user123,none,lockout(3fails/300s),False,0.0,36
2026-01-01 12:18:31,25493314,abc,user123,none,lockout(3fails/300s),False,0.0,36
2026-01-01 12:18:31,25493314,demo,user123,none,lockout(3fails/300s),False,0.0,36
2026-01-01 12:18:31,25493314,student,user123,none,lockout(3fails/300s),False,0.0,36
2026-01-01 12:18:31,25493314,Student_user,user123,none,lockout(3fails/300s),False,0.0,36
2026-01-01 12:18:31,25493314,user_test,user123,none,lockout(3fails/300s),False,0.0,36
2026-01-01 12:18:31,25493314,bluecat,user123,none,lockout(3fails/300s),False,0.0,36
2026-01-01 12:18:31,25493314,student1,user123,none,lockout(3fails/300s),False,0.0,36
2026-01-01 12:18:31,25493314,login_user,user123,none,lockout(3fails/300s),False,0.0,36
2026-01-01 12:18:31,25493314,pythonfan,user123,none,lockout(3fails/300s),False,0.0,36
2026-01-01 12:18:31,25493314,techgirl,user123,none,lockout(3fails/300s),False,0.0,36
2026-01-01 12:18:31,25493314,cloud_user,user123,none,lockout(3fails/300s),False,0.0,36
2026-01-01 12:18:31,25493314,gamer22,user123,none,lockout(3fails/300s),False,0.0,36
2026-01-01 12:18:31,25493314,webdev,user123,none,lockout(3fails/300s),False,0.0,36
2026-01-01 12:18:31,25493314,sha.sec,user123,none,lockout(3fails/300s),False,0.0,36
2026-01-01 12:18:31,25493314,secure_user,user123,none,lockout(3fails/300s),False,0.0,36
2026-01-01 12:18:31,25493314,cyber.auth,user123,none,lockout(3fails/300s),False,0.0,36
2026-01-01 12:18:31,25493314,dev.access,user123,none,lockout(3fails/300s),False,0.0,36
2026-01-01 12:18:31,25493314,root.guard,user123,none,lockout(3fails/300s),False,0.0,36
2026-01-01 12:18:31,25493314,net.lock,user123,none,lockout(3fails/300s),False,0.0,36
2026-01-01 12:18:31,25493314,auth.master,user123,none,lockout(3fails/300s),False,0.0,36
2026-01-01 12:18:31,25493314,vault_user,user123,none,lockout(3fails/300s),False,0.0,36
2026-01-01 12:18:31,25493314,system.sec,user123,none,lockout(3fails/300s),False,0.0,36
2026-01-01 12:18:31,25493314,secure.login,user123,none,lockout(3fails/300s),False,0.0,36
2026-01-01 12:18:31,25493314,user1,login,none,lockout(3fails/300s),False,0.0,37
2026-01-01 12:18:31,25493314,admin,login,none,lockout(3fails/300s),False,0.0,37
2026-01-01 12:18:31,25493314,guest,login,none,lockout(3fails/300s),False,0.0,37
2026-01-01 12:18:31,25493314,test,login,none,lockout(3fails/300s),False,0.0,37
2026-01-01 12:18:31,25493314,hello,login,none,lockout(3fails/300s),False,0.0,37
2026-01-01 12:18:31,25493314,name,login,none,lockout(3fails/300s),False,0.0,37
2026-01-01 12:18:31,25493314,login,login,none,lockout(3fails/300s),False,0.0,37
2026-01-01 12:18:31,25493314,abc,login,none,lockout(3fails/300s),False,0.0,37
2026-01-01 12:18:31,25493314,demo,login,none,lockout(3fails/300s),False,0.0,37
2026-01-01 12:18:31,25493314,student,login,none,lockout(3fails/300s),False,0.0,37
2026-01-01 12:18:31,25493314,Student_user,login,none,lockout(3fails/300s),False,0.0,37
2026-01-01 12:18:31,25493314,user_test,login,none,lockout(3fails/300s),False,0.0,37
2026-01-01 12:18:31,25493314,bluecat,login,none,lockout(3fails/300s),False,0.0,37
2026-01-01 12:18:31,25493314,student1,login,none,lockout(3fails/300s),False,0.0,37
2026-01-01 12:18:31,25493314,login_user,login,none,lockout(3fails/300s),False,0.0,37
2026-01-01 12:18:31,25493314,pythonfan,login,none,lockout(3fails/300s),False,0.0,37
2026-01-01 12:18:31,25493314,techgirl,login,none,lockout(3fails/300s),False,0.0,37
2026-01-01 12:18:31,25493314,cloud_user,login,none,lockout(3fails/300s),False,0.0,37
2026-01-01 12:18:32,25493314,gamer22,login,none,lockout(3fails/300s),False,0.0,37
2026-01-01 12:18:32,25493314,webdev,login,none,lockout(3fails/300s),False,0.0,37
2026-01-01 12:18:32,25493314,sha.sec,login,none,lockout(3fails/300s),False,0.0,37
2026-01-01 12:18:32,25493314,secure_user,login,none,lockout(3fails/300s),False,0.0,37
2026-01-01 12:18:32,25493314,cyber.auth,login,none,lockout(3fails/300s),False,0.0,37
2026-01-01 12:18:32,25493314,dev.access,login,none,lockout(3fails/300s),False,0.0,37
2026-01-01 12:18:32,25493314,root.guard,login,none,lockout(3fails/300s),False,0.0,37
2026-01-01 12:18:32,25493314,net.lock,login,none,lockout(3fails/300s),False,0.0,37
2026-01-01 12:18:32,25493314,auth.master,login,none,lockout(3fails/300s),False,0.0,37
2026-01-01 12:18:32,25493314,vault_user,login,none,lockout(3fails/300s),False,0.0,37
2026-01-01 12:18:32,25493314,system.sec,login,none,lockout(3fails/300s),False,0.0,37
2026-01-01 12:18:32,25493314,secure.login,login,none,lockout(3fails/300s),False,0.0,37
2026-01-01 12:18:32,25493314,user1,login123,none,lockout(3fails/300s),False,0.0,38
2026-01-01 12:18:32,25493314,admin,login123,none,lockout(3fails/300s),False,0.0,38
2026-01-01 12:18:32,25493314,guest,login123,none,lockout(3fails/300s),False,0.0,38
2026-01-01 12:18:32,25493314,test,login123,none,lockout(3fails/300s),False,0.0,38
2026-01-01 12:18:32,25493314,hello,login123,none,lockout(3fails/300s),False,0.0,38
2026-01-01 12:18:32,25493314,name,login123,none,lockout(3fails/300s),False,0.0,38
2026-01-01 12:18:32,25493314,login,login123,none,lockout(3fails/300s),False,0.0,38
2026-01-01 12:18:32,25493314,abc,login123,none,lockout(3fails/300s),False,0.0,38
2026-01-01 12:18:32,25493314,demo,login123,none,lockout(3fails/300s),False,0.0,38
2026-01-01 12:18:32,25493314,student,login123,none,lockout(3fails/300s),False,0.0,38
2026-01-01 12:18:32,25493314,Student_user,login123,none,lockout(3fails/300s),False,0.0,38
2026-01-01 12:18:32,25493314,user_test,login123,none,lockout(3fails/300s),False,0.0,38
2026-01-01 12:18:32,25493314,bluecat,login123,none,lockout(3fails/300s),False,0.0,38
2026-01-01 12:18:32,25493314,student1,login123,none,lockout(3fails/300s),False,0.0,38
2026-01-01 12:18:32,25493314,login_user,login123,none,lockout(3fails/300s),False,0.0,38
2026-01-01 12:18:32,25493314,pythonfan,login123,none,lockout(3fails/300s),False,0.0,38
2026-01-01 12:18:32,25493314,techgirl,login123,none,lockout(3fails/300s),False,0.0,38
2026-01-01 12:18:32,25493314,cloud_user,login123,none,lockout(3fails/300s),False,0.0,38
2026-01-01 12:18:32,25493314,gamer22,login123,none,lockout(3fails/300s),False,0.0,38
2026-01-01 12:18:32,25493314,webdev,login123,none,lockout(3fails/300s),False,0.0,38
2026-01-01 12:18:32,25493314,sha.sec,login123,none,lockout(3fails/300s),False,0.0,38
2026-01-01 12:18:32,25493314,secure_user,login123,none,lockout(3fails/300s),False,0.0,38
2026-01-01 12:18:32,25493314,cyber.auth,login123,none,lockout(3fails/300s),False,0.0,38
2026-01-01 12:18:32,25493314,dev.access,login123,none,lockout(3fails/300s),False,0.0,38
2026-01-01 12:18:32,25493314,root.guard,login123,none,lockout(3fails/300s),False,0.0,38
2026-01-01 12:18:32,25493314,net.lock,login123,none,lockout(3fails/300s),False,0.0,38
2026-01-01 12:18:32,25493314,auth.master,login123,none,lockout(3fails/300s),False,0.0,38
2026-01-01 12:18:32,25493314,vault_user,login123,none,lockout(3fails/300s),False,0.0,38
2026-01-01 12:18:32,25493314,system.sec,login123,none,lockout(3fails/300s),False,0.0,38
2026-01-01 12:18:32,25493314,secure.login,login123,none,lockout(3fails/300s),False,0.0,38
2026-01-01 12:18:32,25493314,user1,welcome,none,lockout(3fails/300s),False,0.0,39
2026-01-01 12:18:32,25493314,admin,welcome,none,lockout(3fails/300s),False,0.0,39
2026-01-01 12:18:32,25493314,guest,welcome,none,lockout(3fails/300s),False,0.0,39
2026-01-01 12:18:32,25493314,test,welcome,none,lockout(3fails/300s),False,0.0,39
2026-01-01 12:18:33,25493314,hello,welcome,none,lockout(3fails/300s),False,0.0,39
2026-01-01 12:18:33,25493314,name,welcome,none,lockout(3fails/300s),False,0.0,39
2026-01-01 12:18:33,25493314,login,welcome,none,lockout(3fails/300s),False,0.0,39
2026-01-01 12:18:33,25493314,abc,welcome,none,lockout(3fails/300s),False,0.0,39
2026-01-01 12:18:33,25493314,demo,welcome,none,lockout(3fails/300s),False,0.0,39
2026-01-01 12:18:33,25493314,student,welcome,none,lockout(3fails/300s),False,0.0,39
2026-01-01 12:18:33,25493314,Student_user,welcome,none,lockout(3fails/300s),False,0.0,39
2026-01-01 12:18:33,25493314,user_test,welcome,none,lockout(3fails/300s),False,0.0,39
2026-01-01 12:18:33,25493314,bluecat,welcome,none,lockout(3fails/300s),False,0.0,39
2026-01-01 12:18:33,25493314,student1,welcome,none,lockout(3fails/300s),False,0.0,39
2026-01-01 12:18:33,25493314,login_user,welcome,none,lockout(3fails/300s),False,0.0,39
2026-01-01 12:18:33,25493314,pythonfan,welcome,none,lockout(3fails/300s),False,0.0,39
2026-01-01 12:18:33,25493314,techgirl,welcome,none,lockout(3fails/300s),False,0.0,39
2026-01-01 12:18:33,25493314,cloud_user,welcome,none,lockout(3fails/300s),False,0.0,39
2026-01-01 12:18:33,25493314,gamer22,welcome,none,lockout(3fails/300s),False,0.0,39
2026-01-01 12:18:33,25493314,webdev,welcome,none,lockout(3fails/300s),False,0.0,39
2026-01-01 12:18:33,25493314,sha.sec,welcome,none,lockout(3fails/300s),False,0.0,39
2026-01-01 12:18:33,25493314,secure_user,welcome,none,lockout(3fails/300s),False,0.0,39
2026-01-01 12:18:33,25493314,cyber.auth,welcome,none,lockout(3fails/300s),False,0.0,39
2026-01-01 12:18:33,25493314,dev.access,welcome,none,lockout(3fails/300s),False,0.0,39
2026-01-01 12:18:33,25493314,root.guard,welcome,none,lockout(3fails/300s),False,0.0,39
2026-01-01 12:18:33,25493314,net.lock,welcome,none,lockout(3fails/300s),False,0.0,39
2026-01-01 12:18:33,25493314,auth.master,welcome,none,lockout(3fails/300s),False,0.0,39
2026-01-01 12:18:33,25493314,vault_user,welcome,none,lockout(3fails/300s),False,0.0,39
2026-01-01 12:18:33,25493314,system.sec,welcome,none,lockout(3fails/300s),False,0.0,39
2026-01-01 12:18:33,25493314,secure.login,welcome,none,lockout(3fails/300s),False,0.0,39
2026-01-01 12:18:33,25493314,user1,welcome1,none,lockout(3fails/300s),False,0.0,40
2026-01-01 12:18:33,25493314,admin,welcome1,none,lockout(3fails/300s),False,0.0,40
2026-01-01 12:18:33,25493314,guest,welcome1,none,lockout(3fails/300s),False,0.0,40
2026-01-01 12:18:33,25493314,test,welcome1,none,lockout(3fails/300s),False,0.0,40
2026-01-01 12:18:33,25493314,hello,welcome1,none,lockout(3fails/300s),False,0.0,40
2026-01-01 12:18:33,25493314,name,welcome1,none,lockout(3fails/300s),False,0.0,40
2026-01-01 12:18:33,25493314,login,welcome1,none,lockout(3fails/300s),False,0.0,40
2026-01-01 12:18:33,25493314,abc,welcome1,none,lockout(3fails/300s),False,0.0,40
2026-01-01 12:18:33,25493314,demo,welcome1,none,lockout(3fails/300s),False,0.0,40
2026-01-01 12:18:33,25493314,student,welcome1,none,lockout(3fails/300s),False,0.0,40
2026-01-01 12:18:33,25493314,Student_user,welcome1,none,lockout(3fails/300s),False,0.0,40
2026-01-01 12:18:33,25493314,user_test,welcome1,none,lockout(3fails/300s),False,0.0,40
2026-01-01 12:18:33,25493314,bluecat,welcome1,none,lockout(3fails/300s),False,0.0,40
2026-01-01 12:18:33,25493314,student1,welcome1,none,lockout(3fails/300s),False,0.0,40
2026-01-01 12:18:33,25493314,login_user,welcome1,none,lockout(3fails/300s),False,0.0,40
2026-01-01 12:18:33,25493314,pythonfan,welcome1,none,lockout(3fails/300s),False,0.0,40
2026-01-01 12:18:33,25493314,techgirl,welcome1,none,lockout(3fails/300s),False,0.0,40
2026-01-01 12:18:33,25493314,cloud_user,welcome1,none,lockout(3fails/300s),False,0.0,40
2026-01-01 12:18:34,25493314,gamer22,welcome1,none,lockout(3fails/300s),False,0.0,40
2026-01-01 12:18:34,25493314,webdev,welcome1,none,lockout(3fails/300s),False,0.0,40
2026-01-01 12:18:34,25493314,sha.sec,welcome1,none,lockout(3fails/300s),False,0.0,40
2026-01-01 12:18:34,25493314,secure_user,welcome1,none,lockout(3fails/300s),False,0.0,40
2026-01-01 12:18:34,25493314,cyber.auth,welcome1,none,lockout(3fails/300s),False,0.0,40
2026-01-01 12:18:34,25493314,dev.access,welcome1,none,lockout(3fails/300s),False,0.0,40
2026-01-01 12:18:34,25493314,root.guard,welcome1,none,lockout(3fails/300s),False,0.0,40
2026-01-01 12:18:34,25493314,net.lock,welcome1,none,lockout(3fails/300s),False,0.0,40
2026-01-01 12:18:34,25493314,auth.master,welcome1,none,lockout(3fails/300s),False,0.0,40
2026-01-01 12:18:34,25493314,vault_user,welcome1,none,lockout(3fails/300s),False,0.0,40
2026-01-01 12:18:34,25493314,system.sec,welcome1,none,lockout(3fails/300s),False,0.0,40
2026-01-01 12:18:34,25493314,secure.login,welcome1,none,lockout(3fails/300s),False,0.0,40
2026-01-01 12:18:34,25493314,user1,password123,none,lockout(3fails/300s),False,0.0,41
2026-01-01 12:18:34,25493314,admin,password123,none,lockout(3fails/300s),False,0.0,41
2026-01-01 12:18:34,25493314,guest,password123,none,lockout(3fails/300s),False,0.0,41
2026-01-01 12:18:34,25493314,test,password123,none,lockout(3fails/300s),False,0.0,41
2026-01-01 12:18:34,25493314,hello,password123,none,lockout(3fails/300s),False,0.0,41
2026-01-01 12:18:34,25493314,name,password123,none,lockout(3fails/300s),False,0.0,41
2026-01-01 12:18:34,25493314,login,password123,none,lockout(3fails/300s),False,0.0,41
2026-01-01 12:18:34,25493314,abc,password123,none,lockout(3fails/300s),False,0.0,41
2026-01-01 12:18:34,25493314,demo,password123,none,lockout(3fails/300s),False,0.0,41
2026-01-01 12:18:34,25493314,student,password123,none,lockout(3fails/300s),False,0.0,41
2026-01-01 12:18:34,25493314,Student_user,password123,none,lockout(3fails/300s),False,0.0,41
2026-01-01 12:18:34,25493314,user_test,password123,none,lockout(3fails/300s),False,0.0,41
2026-01-01 12:18:34,25493314,bluecat,password123,none,lockout(3fails/300s),False,0.0,41
2026-01-01 12:18:34,25493314,student1,password123,none,lockout(3fails/300s),False,0.0,41
2026-01-01 12:18:34,25493314,login_user,password123,none,lockout(3fails/300s),False,0.0,41
2026-01-01 12:18:34,25493314,pythonfan,password123,none,lockout(3fails/300s),False,0.0,41
2026-01-01 12:18:34,25493314,techgirl,password123,none,lockout(3fails/300s),False,0.0,41
2026-01-01 12:18:34,25493314,cloud_user,password123,none,lockout(3fails/300s),False,0.0,41
2026-01-01 12:18:34,25493314,gamer22,password123,none,lockout(3fails/300s),False,0.0,41
2026-01-01 12:18:34,25493314,webdev,password123,none,lockout(3fails/300s),False,0.0,41
2026-01-01 12:18:34,25493314,sha.sec,password123,none,lockout(3fails/300s),False,0.0,41
2026-01-01 12:18:34,25493314,secure_user,password123,none,lockout(3fails/300s),False,0.0,41
2026-01-01 12:18:34,25493314,cyber.auth,password123,none,lockout(3fails/300s),False,0.0,41
2026-01-01 12:18:34,25493314,dev.access,password123,none,lockout(3fails/300s),False,0.0,41
2026-01-01 12:18:34,25493314,root.guard,password123,none,lockout(3fails/300s),False,0.0,41
2026-01-01 12:18:34,25493314,net.lock,password123,none,lockout(3fails/300s),False,0.0,41
2026-01-01 12:18:34,25493314,auth.master,password123,none,lockout(3fails/300s),False,0.0,41
2026-01-01 12:18:34,25493314,vault_user,password123,none,lockout(3fails/300s),False,0.0,41
2026-01-01 12:18:34,25493314,system.sec,password123,none,lockout(3fails/300s),False,0.0,41
2026-01-01 12:18:34,25493314,secure.login,password123,none,lockout(3fails/300s),False,0.0,41
2026-01-01 12:18:34,25493314,user1,admin1,none,lockout(3fails/300s),False,0.0,42
2026-01-01 12:18:35,25493314,admin,admin1,none,lockout(3fails/300s),False,0.0,42
2026-01-01 12:18:35,25493314,guest,admin1,none,lockout(3fails/300s),False,0.0,42
2026-01-01 12:18:35,25493314,test,admin1,none,lockout(3fails/300s),False,0.0,42
2026-01-01 12:18:35,25493314,hello,admin1,none,lockout(3fails/300s),False,0.0,42
2026-01-01 12:18:35,25493314,name,admin1,none,lockout(3fails/300s),False,0.0,42
2026-01-01 12:18:35,25493314,login,admin1,none,lockout(3fails/300s),False,0.0,42
2026-01-01 12:18:35,25493314,abc,admin1,none,lockout(3fails/300s),False,0.0,42
2026-01-01 12:18:35,25493314,demo,admin1,none,lockout(3fails/300s),False,0.0,42
2026-01-01 12:18:35,25493314,student,admin1,none,lockout(3fails/300s),False,0.0,42
2026-01-01 12:18:35,25493314,Student_user,admin1,none,lockout(3fails/300s),False,0.0,42
2026-01-01 12:18:35,25493314,user_test,admin1,none,lockout(3fails/300s),False,0.0,42
2026-01-01 12:18:35,25493314,bluecat,admin1,none,lockout(3fails/300s),False,0.0,42
2026-01-01 12:18:35,25493314,student1,admin1,none,lockout(3fails/300s),False,0.0,42
2026-01-01 12:18:35,25493314,login_user,admin1,none,lockout(3fails/300s),False,0.0,42
2026-01-01 12:18:35,25493314,pythonfan,admin1,none,lockout(3fails/300s),False,0.0,42
2026-01-01 12:18:35,25493314,techgirl,admin1,none,lockout(3fails/300s),False,0.0,42
2026-01-01 12:18:35,25493314,cloud_user,admin1,none,lockout(3fails/300s),False,0.0,42
2026-01-01 12:18:35,25493314,gamer22,admin1,none,lockout(3fails/300s),False,0.0,42
2026-01-01 12:18:35,25493314,webdev,admin1,none,lockout(3fails/300s),False,0.0,42
2026-01-01 12:18:35,25493314,sha.sec,admin1,none,lockout(3fails/300s),False,0.0,42
2026-01-01 12:18:35,25493314,secure_user,admin1,none,lockout(3fails/300s),False,0.0,42
2026-01-01 12:18:35,25493314,cyber.auth,admin1,none,lockout(3fails/300s),False,0.0,42
2026-01-01 12:18:35,25493314,dev.access,admin1,none,lockout(3fails/300s),False,0.0,42
2026-01-01 12:18:35,25493314,root.guard,admin1,none,lockout(3fails/300s),False,0.0,42
2026-01-01 12:18:35,25493314,net.lock,admin1,none,lockout(3fails/300s),False,0.0,42
2026-01-01 12:18:35,25493314,auth.master,admin1,none,lockout(3fails/300s),False,0.0,42
2026-01-01 12:18:35,25493314,vault_user,admin1,none,lockout(3fails/300s),False,0.0,42
2026-01-01 12:18:35,25493314,system.sec,admin1,none,lockout(3fails/300s),False,0.0,42
2026-01-01 12:18:35,25493314,secure.login,admin1,none,lockout(3fails/300s),False,0.0,42
2026-01-01 12:18:35,25493314,user1,root123,none,lockout(3fails/300s),False,0.0,43
2026-01-01 12:18:35,25493314,admin,root123,none,lockout(3fails/300s),False,0.0,43
2026-01-01 12:18:35,25493314,guest,root123,none,lockout(3fails/300s),False,0.0,43
2026-01-01 12:18:35,25493314,test,root123,none,lockout(3fails/300s),False,0.0,43
2026-01-01 12:18:35,25493314,hello,root123,none,lockout(3fails/300s),False,0.0,43
2026-01-01 12:18:35,25493314,name,root123,none,lockout(3fails/300s),False,0.0,43
2026-01-01 12:18:35,25493314,login,root123,none,lockout(3fails/300s),False,0.0,43
2026-01-01 12:18:35,25493314,abc,root123,none,lockout(3fails/300s),False,0.0,43
2026-01-01 12:18:35,25493314,demo,root123,none,lockout(3fails/300s),False,0.0,43
2026-01-01 12:18:35,25493314,student,root123,none,lockout(3fails/300s),False,0.0,43
2026-01-01 12:18:35,25493314,Student_user,root123,none,lockout(3fails/300s),False,0.0,43
2026-01-01 12:18:35,25493314,user_test,root123,none,lockout(3fails/300s),False,0.0,43
2026-01-01 12:18:35,25493314,bluecat,root123,none,lockout(3fails/300s),False,0.0,43
2026-01-01 12:18:36,25493314,student1,root123,none,lockout(3fails/300s),False,0.0,43
2026-01-01 12:18:36,25493314,login_user,root123,none,lockout(3fails/300s),False,0.0,43
2026-01-01 12:18:36,25493314,pythonfan,root123,none,lockout(3fails/300s),False,0.0,43
2026-01-01 12:18:36,25493314,techgirl,root123,none,lockout(3fails/300s),False,0.0,43
2026-01-01 12:18:36,25493314,cloud_user,root123,none,lockout(3fails/300s),False,0.0,43
2026-01-01 12:18:36,25493314,gamer22,root123,none,lockout(3fails/300s),False,0.0,43
2026-01-01 12:18:36,25493314,webdev,root123,none,lockout(3fails/300s),False,0.0,43
2026-01-01 12:18:36,25493314,sha.sec,root123,none,lockout(3fails/300s),False,0.0,43
2026-01-01 12:18:36,25493314,secure_user,root123,none,lockout(3fails/300s),False,0.0,43
2026-01-01 12:18:36,25493314,cyber.auth,root123,none,lockout(3fails/300s),False,0.0,43
2026-01-01 12:18:36,25493314,dev.access,root123,none,lockout(3fails/300s),False,0.0,43
2026-01-01 12:18:36,25493314,root.guard,root123,none,lockout(3fails/300s),False,0.0,43
2026-01-01 12:18:36,25493314,net.lock,root123,none,lockout(3fails/300s),False,0.0,43
2026-01-01 12:18:36,25493314,auth.master,root123,none,lockout(3fails/300s),False,0.0,43
2026-01-01 12:18:36,25493314,vault_user,root123,none,lockout(3fails/300s),False,0.0,43
2026-01-01 12:18:36,25493314,system.sec,root123,none,lockout(3fails/300s),False,0.0,43
2026-01-01 12:18:36,25493314,secure.login,root123,none,lockout(3fails/300s),False,0.0,43
2026-01-01 12:18:36,25493314,user1,pass123,none,lockout(3fails/300s),False,0.0,44
2026-01-01 12:18:36,25493314,admin,pass123,none,lockout(3fails/300s),False,0.0,44
2026-01-01 12:18:36,25493314,guest,pass123,none,lockout(3fails/300s),False,0.0,44
2026-01-01 12:18:36,25493314,test,pass123,none,lockout(3fails/300s),False,0.0,44
2026-01-01 12:18:36,25493314,hello,pass123,none,lockout(3fails/300s),False,0.0,44
2026-01-01 12:18:36,25493314,name,pass123,none,lockout(3fails/300s),False,0.0,44
2026-01-01 12:18:36,25493314,login,pass123,none,lockout(3fails/300s),False,0.0,44
2026-01-01 12:18:36,25493314,abc,pass123,none,lockout(3fails/300s),False,0.0,44
2026-01-01 12:18:36,25493314,demo,pass123,none,lockout(3fails/300s),False,0.0,44
2026-01-01 12:18:36,25493314,student,pass123,none,lockout(3fails/300s),False,0.0,44
2026-01-01 12:18:36,25493314,Student_user,pass123,none,lockout(3fails/300s),False,0.0,44
2026-01-01 12:18:36,25493314,user_test,pass123,none,lockout(3fails/300s),False,0.0,44
2026-01-01 12:18:36,25493314,bluecat,pass123,none,lockout(3fails/300s),False,0.0,44
2026-01-01 12:18:36,25493314,student1,pass123,none,lockout(3fails/300s),False,0.0,44
2026-01-01 12:18:36,25493314,login_user,pass123,none,lockout(3fails/300s),False,0.0,44
2026-01-01 12:18:36,25493314,pythonfan,pass123,none,lockout(3fails/300s),False,0.0,44
2026-01-01 12:18:36,25493314,techgirl,pass123,none,lockout(3fails/300s),False,0.0,44
2026-01-01 12:18:36,25493314,cloud_user,pass123,none,lockout(3fails/300s),False,0.0,44
2026-01-01 12:18:36,25493314,gamer22,pass123,none,lockout(3fails/300s),False,0.0,44
2026-01-01 12:18:36,25493314,webdev,pass123,none,lockout(3fails/300s),False,0.0,44
2026-01-01 12:18:36,25493314,sha.sec,pass123,none,lockout(3fails/300s),False,0.0,44
2026-01-01 12:18:36,25493314,secure_user,pass123,none,lockout(3fails/300s),False,0.0,44
2026-01-01 12:18:36,25493314,cyber.auth,pass123,none,lockout(3fails/300s),False,0.0,44
2026-01-01 12:18:36,25493314,dev.access,pass123,none,lockout(3fails/300s),False,0.0,44
2026-01-01 12:18:37,25493314,root.guard,pass123,none,lockout(3fails/300s),False,0.0,44
2026-01-01 12:18:37,25493314,net.lock,pass123,none,lockout(3fails/300s),False,0.0,44
2026-01-01 12:18:37,25493314,auth.master,pass123,none,lockout(3fails/300s),False,0.0,44
2026-01-01 12:18:37,25493314,vault_user,pass123,none,lockout(3fails/300s),False,0.0,44
2026-01-01 12:18:37,25493314,system.sec,pass123,none,lockout(3fails/300s),False,0.0,44
2026-01-01 12:18:37,25493314,secure.login,pass123,none,lockout(3fails/300s),False,0.0,44
2026-01-01 12:18:37,25493314,user1,1q2w3e4r,none,lockout(3fails/300s),False,0.0,45
2026-01-01 12:18:37,25493314,admin,1q2w3e4r,none,lockout(3fails/300s),False,0.0,45
2026-01-01 12:18:37,25493314,guest,1q2w3e4r,none,lockout(3fails/300s),False,0.0,45
2026-01-01 12:18:37,25493314,test,1q2w3e4r,none,lockout(3fails/300s),False,0.0,45
2026-01-01 12:18:37,25493314,hello,1q2w3e4r,none,lockout(3fails/300s),False,0.0,45
2026-01-01 12:18:37,25493314,name,1q2w3e4r,none,lockout(3fails/300s),False,0.0,45
2026-01-01 12:18:37,25493314,login,1q2w3e4r,none,lockout(3fails/300s),False,0.0,45
2026-01-01 12:18:37,25493314,abc,1q2w3e4r,none,lockout(3fails/300s),False,0.01,45
2026-01-01 12:18:37,25493314,demo,1q2w3e4r,none,lockout(3fails/300s),False,0.0,45
2026-01-01 12:18:37,25493314,student,1q2w3e4r,none,lockout(3fails/300s),False,0.0,45
2026-01-01 12:18:37,25493314,Student_user,1q2w3e4r,none,lockout(3fails/300s),False,0.0,45
2026-01-01 12:18:37,25493314,user_test,1q2w3e4r,none,lockout(3fails/300s),False,0.0,45
2026-01-01 12:18:37,25493314,bluecat,1q2w3e4r,none,lockout(3fails/300s),False,0.0,45
2026-01-01 12:18:37,25493314,student1,1q2w3e4r,none,lockout(3fails/300s),False,0.0,45
2026-01-01 12:18:37,25493314,login_user,1q2w3e4r,none,lockout(3fails/300s),False,0.0,45
2026-01-01 12:18:37,25493314,pythonfan,1q2w3e4r,none,lockout(3fails/300s),False,0.0,45
2026-01-01 12:18:37,25493314,techgirl,1q2w3e4r,none,lockout(3fails/300s),False,0.0,45
2026-01-01 12:18:37,25493314,cloud_user,1q2w3e4r,none,lockout(3fails/300s),False,0.0,45
2026-01-01 12:18:37,25493314,gamer22,1q2w3e4r,none,lockout(3fails/300s),False,0.0,45
2026-01-01 12:18:37,25493314,webdev,1q2w3e4r,none,lockout(3fails/300s),False,0.0,45
2026-01-01 12:18:37,25493314,sha.sec,1q2w3e4r,none,lockout(3fails/300s),False,0.0,45
2026-01-01 12:18:37,25493314,secure_user,1q2w3e4r,none,lockout(3fails/300s),False,0.0,45
2026-01-01 12:18:37,25493314,cyber.auth,1q2w3e4r,none,lockout(3fails/300s),False,0.0,45
2026-01-01 12:18:37,25493314,dev.access,1q2w3e4r,none,lockout(3fails/300s),False,0.0,45
2026-01-01 12:18:37,25493314,root.guard,1q2w3e4r,none,lockout(3fails/300s),False,0.0,45
2026-01-01 12:18:37,25493314,net.lock,1q2w3e4r,none,lockout(3fails/300s),False,0.0,45
2026-01-01 12:18:37,25493314,auth.master,1q2w3e4r,none,lockout(3fails/300s),False,0.0,45
2026-01-01 12:18:37,25493314,vault_user,1q2w3e4r,none,lockout(3fails/300s),False,0.0,45
2026-01-01 12:18:37,25493314,system.sec,1q2w3e4r,none,lockout(3fails/300s),False,0.0,45
2026-01-01 12:18:37,25493314,secure.login,1q2w3e4r,none,lockout(3fails/300s),False,0.0,45
2026-01-01 12:18:37,25493314,user1,qwerty123,none,lockout(3fails/300s),False,0.0,46
2026-01-01 12:18:37,25493314,admin,qwerty123,none,lockout(3fails/300s),False,0.0,46
2026-01-01 12:18:37,25493314,guest,qwerty123,none,lockout(3fails/300s),False,0.0,46
2026-01-01 12:18:37,25493314,test,qwerty123,none,lockout(3fails/300s),False,0.0,46
2026-01-01 12:18:37,25493314,hello,qwerty123,none,lockout(3fails/300s),False,0.0,46
2026-01-01 12:18:38,25493314,name,qwerty123,none,lockout(3fails/300s),False,0.0,46
2026-01-01 12:18:38,25493314,login,qwerty123,none,lockout(3fails/300s),False,0.0,46
2026-01-01 12:18:38,25493314,abc,qwerty123,none,lockout(3fails/300s),False,0.0,46
2026-01-01 12:18:38,25493314,demo,qwerty123,none,lockout(3fails/300s),False,0.0,46
2026-01-01 12:18:38,25493314,student,qwerty123,none,lockout(3fails/300s),False,0.0,46
2026-01-01 12:18:38,25493314,Student_user,qwerty123,none,lockout(3fails/300s),False,0.0,46
2026-01-01 12:18:38,25493314,user_test,qwerty123,none,lockout(3fails/300s),False,0.01,46
2026-01-01 12:18:38,25493314,bluecat,qwerty123,none,lockout(3fails/300s),False,0.0,46
2026-01-01 12:18:38,25493314,student1,qwerty123,none,lockout(3fails/300s),False,0.0,46
2026-01-01 12:18:38,25493314,login_user,qwerty123,none,lockout(3fails/300s),False,0.0,46
2026-01-01 12:18:38,25493314,pythonfan,qwerty123,none,lockout(3fails/300s),False,0.0,46
2026-01-01 12:18:38,25493314,techgirl,qwerty123,none,lockout(3fails/300s),False,0.0,46
2026-01-01 12:18:38,25493314,cloud_user,qwerty123,none,lockout(3fails/300s),False,0.0,46
2026-01-01 12:18:38,25493314,gamer22,qwerty123,none,lockout(3fails/300s),False,0.0,46
2026-01-01 12:18:38,25493314,webdev,qwerty123,none,lockout(3fails/300s),False,0.0,46
2026-01-01 12:18:38,25493314,sha.sec,qwerty123,none,lockout(3fails/300s),False,0.0,46
2026-01-01 12:18:38,25493314,secure_user,qwerty123,none,lockout(3fails/300s),False,0.0,46
2026-01-01 12:18:38,25493314,cyber.auth,qwerty123,none,lockout(3fails/300s),False,0.0,46
2026-01-01 12:18:38,25493314,dev.access,qwerty123,none,lockout(3fails/300s),False,0.0,46
2026-01-01 12:18:38,25493314,root.guard,qwerty123,none,lockout(3fails/300s),False,0.0,46
2026-01-01 12:18:38,25493314,net.lock,qwerty123,none,lockout(3fails/300s),False,0.0,46
2026-01-01 12:18:38,25493314,auth.master,qwerty123,none,lockout(3fails/300s),False,0.0,46
2026-01-01 12:18:38,25493314,vault_user,qwerty123,none,lockout(3fails/300s),False,0.0,46
2026-01-01 12:18:38,25493314,system.sec,qwerty123,none,lockout(3fails/300s),False,0.0,46
2026-01-01 12:18:38,25493314,secure.login,qwerty123,none,lockout(3fails/300s),False,0.0,46
2026-01-01 12:18:38,25493314,user1,1234567890,none,lockout(3fails/300s),False,0.0,47
2026-01-01 12:18:38,25493314,admin,1234567890,none,lockout(3fails/300s),False,0.0,47
2026-01-01 12:18:38,25493314,guest,1234567890,none,lockout(3fails/300s),False,0.0,47
2026-01-01 12:18:38,25493314,test,1234567890,none,lockout(3fails/300s),False,0.0,47
2026-01-01 12:18:38,25493314,hello,1234567890,none,lockout(3fails/300s),False,0.0,47
2026-01-01 12:18:38,25493314,name,1234567890,none,lockout(3fails/300s),False,0.0,47
2026-01-01 12:18:38,25493314,login,1234567890,none,lockout(3fails/300s),False,0.0,47
2026-01-01 12:18:38,25493314,abc,1234567890,none,lockout(3fails/300s),False,0.0,47
2026-01-01 12:18:38,25493314,demo,1234567890,none,lockout(3fails/300s),False,0.0,47
2026-01-01 12:18:38,25493314,student,1234567890,none,lockout(3fails/300s),False,0.0,47
2026-01-01 12:18:38,25493314,Student_user,1234567890,none,lockout(3fails/300s),False,0.0,47
2026-01-01 12:18:38,25493314,user_test,1234567890,none,lockout(3fails/300s),False,0.0,47
2026-01-01 12:18:38,25493314,bluecat,1234567890,none,lockout(3fails/300s),False,0.0,47
2026-01-01 12:18:38,25493314,student1,1234567890,none,lockout(3fails/300s),False,0.0,47
2026-01-01 12:18:39,25493314,login_user,1234567890,none,lockout(3fails/300s),False,0.0,47
2026-01-01 12:18:39,25493314,pythonfan,1234567890,none,lockout(3fails/300s),False,0.0,47
2026-01-01 12:18:39,25493314,techgirl,1234567890,none,lockout(3fails/300s),False,0.0,47
2026-01-01 12:18:39,25493314,cloud_user,1234567890,none,lockout(3fails/300s),False,0.0,47
2026-01-01 12:18:39,25493314,gamer22,1234567890,none,lockout(3fails/300s),False,0.0,47
2026-01-01 12:18:39,25493314,webdev,1234567890,none,lockout(3fails/300s),False,0.0,47
2026-01-01 12:18:39,25493314,sha.sec,1234567890,none,lockout(3fails/300s),False,0.0,47
2026-01-01 12:18:39,25493314,secure_user,1234567890,none,lockout(3fails/300s),False,0.0,47
2026-01-01 12:18:39,25493314,cyber.auth,1234567890,none,lockout(3fails/300s),False,0.0,47
2026-01-01 12:18:39,25493314,dev.access,1234567890,none,lockout(3fails/300s),False,0.0,47
2026-01-01 12:18:39,25493314,root.guard,1234567890,none,lockout(3fails/300s),False,0.0,47
2026-01-01 12:18:39,25493314,net.lock,1234567890,none,lockout(3fails/300s),False,0.0,47
2026-01-01 12:18:39,25493314,auth.master,1234567890,none,lockout(3fails/300s),False,0.0,47
2026-01-01 12:18:39,25493314,vault_user,1234567890,none,lockout(3fails/300s),False,0.0,47
2026-01-01 12:18:39,25493314,system.sec,1234567890,none,lockout(3fails/300s),False,0.0,47
2026-01-01 12:18:39,25493314,secure.login,1234567890,none,lockout(3fails/300s),False,0.0,47
2026-01-01 12:18:39,25493314,user1,987654321,none,lockout(3fails/300s),False,0.0,48
2026-01-01 12:18:39,25493314,admin,987654321,none,lockout(3fails/300s),False,0.0,48
2026-01-01 12:18:39,25493314,guest,987654321,none,lockout(3fails/300s),False,0.0,48
2026-01-01 12:18:39,25493314,test,987654321,none,lockout(3fails/300s),False,0.0,48
2026-01-01 12:18:39,25493314,hello,987654321,none,lockout(3fails/300s),False,0.0,48
2026-01-01 12:18:39,25493314,name,987654321,none,lockout(3fails/300s),False,0.0,48
2026-01-01 12:18:39,25493314,login,987654321,none,lockout(3fails/300s),False,0.0,48
2026-01-01 12:18:39,25493314,abc,987654321,none,lockout(3fails/300s),False,0.0,48
2026-01-01 12:18:39,25493314,demo,987654321,none,lockout(3fails/300s),False,0.0,48
2026-01-01 12:18:39,25493314,student,987654321,none,lockout(3fails/300s),False,0.0,48
2026-01-01 12:18:39,25493314,Student_user,987654321,none,lockout(3fails/300s),False,0.0,48
2026-01-01 12:18:39,25493314,user_test,987654321,none,lockout(3fails/300s),False,0.0,48
2026-01-01 12:18:39,25493314,bluecat,987654321,none,lockout(3fails/300s),False,0.0,48
2026-01-01 12:18:39,25493314,student1,987654321,none,lockout(3fails/300s),False,0.0,48
2026-01-01 12:18:39,25493314,login_user,987654321,none,lockout(3fails/300s),False,0.0,48
2026-01-01 12:18:39,25493314,pythonfan,987654321,none,lockout(3fails/300s),False,0.0,48
2026-01-01 12:18:39,25493314,techgirl,987654321,none,lockout(3fails/300s),False,0.0,48
2026-01-01 12:18:39,25493314,cloud_user,987654321,none,lockout(3fails/300s),False,0.0,48
2026-01-01 12:18:39,25493314,gamer22,987654321,none,lockout(3fails/300s),False,0.0,48
2026-01-01 12:18:39,25493314,webdev,987654321,none,lockout(3fails/300s),False,0.0,48
2026-01-01 12:18:39,25493314,sha.sec,987654321,none,lockout(3fails/300s),False,0.0,48
2026-01-01 12:18:39,25493314,secure_user,987654321,none,lockout(3fails/300s),False,0.0,48
2026-01-01 12:18:40,25493314,cyber.auth,987654321,none,lockout(3fails/300s),False,0.0,48
2026-01-01 12:18:40,25493314,dev.access,987654321,none,lockout(3fails/300s),False,0.0,48
2026-01-01 12:18:40,25493314,root.guard,987654321,none,lockout(3fails/300s),False,0.0,48
2026-01-01 12:18:40,25493314,net.lock,987654321,none,lockout(3fails/300s),False,0.0,48
2026-01-01 12:18:40,25493314,auth.master,987654321,none,lockout(3fails/300s),False,0.0,48
2026-01-01 12:18:40,25493314,vault_user,987654321,none,lockout(3fails/300s),False,0.0,48
2026-01-01 12:18:40,25493314,system.sec,987654321,none,lockout(3fails/300s),False,0.0,48
2026-01-01 12:18:40,25493314,secure.login,987654321,none,lockout(3fails/300s),False,0.0,48
2026-01-01 12:18:40,25493314,user1,hello,none,lockout(3fails/300s),False,0.0,49
2026-01-01 12:18:40,25493314,admin,hello,none,lockout(3fails/300s),False,0.0,49
2026-01-01 12:18:40,25493314,guest,hello,none,lockout(3fails/300s),False,0.0,49
2026-01-01 12:18:40,25493314,test,hello,none,lockout(3fails/300s),False,0.0,49
2026-01-01 12:18:40,25493314,hello,hello,none,lockout(3fails/300s),False,0.0,49
2026-01-01 12:18:40,25493314,name,hello,none,lockout(3fails/300s),False,0.0,49
2026-01-01 12:18:40,25493314,login,hello,none,lockout(3fails/300s),False,0.0,49
2026-01-01 12:18:40,25493314,abc,hello,none,lockout(3fails/300s),False,0.0,49
2026-01-01 12:18:40,25493314,demo,hello,none,lockout(3fails/300s),False,0.0,49
2026-01-01 12:18:40,25493314,student,hello,none,lockout(3fails/300s),False,0.0,49
2026-01-01 12:18:40,25493314,Student_user,hello,none,lockout(3fails/300s),False,0.0,49
2026-01-01 12:18:40,25493314,user_test,hello,none,lockout(3fails/300s),False,0.0,49
2026-01-01 12:18:40,25493314,bluecat,hello,none,lockout(3fails/300s),False,0.0,49
2026-01-01 12:18:40,25493314,student1,hello,none,lockout(3fails/300s),False,0.0,49
2026-01-01 12:18:40,25493314,login_user,hello,none,lockout(3fails/300s),False,0.0,49
2026-01-01 12:18:40,25493314,pythonfan,hello,none,lockout(3fails/300s),False,0.01,49
2026-01-01 12:18:40,25493314,techgirl,hello,none,lockout(3fails/300s),False,0.0,49
2026-01-01 12:18:40,25493314,cloud_user,hello,none,lockout(3fails/300s),False,0.0,49
2026-01-01 12:18:40,25493314,gamer22,hello,none,lockout(3fails/300s),False,0.0,49
2026-01-01 12:18:40,25493314,webdev,hello,none,lockout(3fails/300s),False,0.0,49
2026-01-01 12:18:40,25493314,sha.sec,hello,none,lockout(3fails/300s),False,0.0,49
2026-01-01 12:18:40,25493314,secure_user,hello,none,lockout(3fails/300s),False,0.0,49
2026-01-01 12:18:40,25493314,cyber.auth,hello,none,lockout(3fails/300s),False,0.0,49
2026-01-01 12:18:40,25493314,dev.access,hello,none,lockout(3fails/300s),False,0.0,49
2026-01-01 12:18:40,25493314,root.guard,hello,none,lockout(3fails/300s),False,0.0,49
2026-01-01 12:18:40,25493314,net.lock,hello,none,lockout(3fails/300s),False,0.0,49
2026-01-01 12:18:40,25493314,auth.master,hello,none,lockout(3fails/300s),False,0.0,49
2026-01-01 12:18:40,25493314,vault_user,hello,none,lockout(3fails/300s),False,0.0,49
2026-01-01 12:18:40,25493314,system.sec,hello,none,lockout(3fails/300s),False,0.0,49
2026-01-01 12:18:40,25493314,secure.login,hello,none,lockout(3fails/300s),False,0.0,49
2026-01-01 12:18:41,25493314,user1,hello123,none,lockout(3fails/300s),False,0.0,50
2026-01-01 12:18:41,25493314,admin,hello123,none,lockout(3fails/300s),False,0.0,50
2026-01-01 12:18:41,25493314,guest,hello123,none,lockout(3fails/300s),False,0.0,50
2026-01-01 12:18:41,25493314,test,hello123,none,lockout(3fails/300s),False,0.0,50
2026-01-01 12:18:41,25493314,hello,hello123,none,lockout(3fails/300s),False,0.0,50
2026-01-01 12:18:41,25493314,name,hello123,none,lockout(3fails/300s),False,0.0,50
2026-01-01 12:18:41,25493314,login,hello123,none,lockout(3fails/300s),False,0.0,50
2026-01-01 12:18:41,25493314,abc,hello123,none,lockout(3fails/300s),False,0.0,50
2026-01-01 12:18:41,25493314,demo,hello123,none,lockout(3fails/300s),False,0.0,50
2026-01-01 12:18:41,25493314,student,hello123,none,lockout(3fails/300s),False,0.0,50
2026-01-01 12:18:41,25493314,Student_user,hello123,none,lockout(3fails/300s),False,0.0,50
2026-01-01 12:18:41,25493314,user_test,hello123,none,lockout(3fails/300s),False,0.0,50
2026-01-01 12:18:41,25493314,bluecat,hello123,none,lockout(3fails/300s),False,0.0,50
2026-01-01 12:18:41,25493314,student1,hello123,none,lockout(3fails/300s),False,0.0,50
2026-01-01 12:18:41,25493314,login_user,hello123,none,lockout(3fails/300s),False,0.0,50
2026-01-01 12:18:41,25493314,pythonfan,hello123,none,lockout(3fails/300s),False,0.0,50
2026-01-01 12:18:41,25493314,techgirl,hello123,none,lockout(3fails/300s),False,0.0,50
2026-01-01 12:18:41,25493314,cloud_user,hello123,none,lockout(3fails/300s),False,0.0,50
2026-01-01 12:18:41,25493314,gamer22,hello123,none,lockout(3fails/300s),False,0.0,50
2026-01-01 12:18:41,25493314,webdev,hello123,none,lockout(3fails/300s),False,0.0,50
2026-01-01 12:18:41,25493314,sha.sec,hello123,none,lockout(3fails/300s),False,0.0,50
2026-01-01 12:18:41,25493314,secure_user,hello123,none,lockout(3fails/300s),False,0.0,50
2026-01-01 12:18:41,25493314,cyber.auth,hello123,none,lockout(3fails/300s),False,0.0,50
2026-01-01 12:18:41,25493314,dev.access,hello123,none,lockout(3fails/300s),False,0.0,50
2026-01-01 12:18:41,25493314,root.guard,hello123,none,lockout(3fails/300s),False,0.0,50
2026-01-01 12:18:41,25493314,net.lock,hello123,none,lockout(3fails/300s),False,0.0,50
2026-01-01 12:18:41,25493314,auth.master,hello123,none,lockout(3fails/300s),False,0.0,50
2026-01-01 12:18:41,25493314,vault_user,hello123,none,lockout(3fails/300s),False,0.0,50
2026-01-01 12:18:41,25493314,system.sec,hello123,none,lockout(3fails/300s),False,0.0,50
2026-01-01 12:18:41,25493314,secure.login,hello123,none,lockout(3fails/300s),False,0.0,50
2026-01-01 12:18:41,25493314,user1,iloveyou,none,lockout(3fails/300s),False,0.0,51
2026-01-01 12:18:41,25493314,admin,iloveyou,none,lockout(3fails/300s),False,0.0,51
2026-01-01 12:18:41,25493314,guest,iloveyou,none,lockout(3fails/300s),False,0.0,51
2026-01-01 12:18:41,25493314,test,iloveyou,none,lockout(3fails/300s),False,0.0,51
2026-01-01 12:18:41,25493314,hello,iloveyou,none,lockout(3fails/300s),False,0.0,51
2026-01-01 12:18:41,25493314,name,iloveyou,none,lockout(3fails/300s),False,0.0,51
2026-01-01 12:18:41,25493314,login,iloveyou,none,lockout(3fails/300s),False,0.0,51
2026-01-01 12:18:42,25493314,abc,iloveyou,none,lockout(3fails/300s),False,0.0,51
2026-01-01 12:18:42,25493314,demo,iloveyou,none,lockout(3fails/300s),False,0.0,51
2026-01-01 12:18:42,25493314,student,iloveyou,none,lockout(3fails/300s),False,0.0,51
2026-01-01 12:18:42,25493314,Student_user,iloveyou,none,lockout(3fails/300s),False,0.0,51
2026-01-01 12:18:42,25493314,user_test,iloveyou,none,lockout(3fails/300s),False,0.0,51
2026-01-01 12:18:42,25493314,bluecat,iloveyou,none,lockout(3fails/300s),False,0.0,51
2026-01-01 12:18:42,25493314,student1,iloveyou,none,lockout(3fails/300s),False,0.0,51
2026-01-01 12:18:42,25493314,login_user,iloveyou,none,lockout(3fails/300s),False,0.0,51
2026-01-01 12:18:42,25493314,pythonfan,iloveyou,none,lockout(3fails/300s),False,0.0,51
2026-01-01 12:18:42,25493314,techgirl,iloveyou,none,lockout(3fails/300s),False,0.0,51
2026-01-01 12:18:42,25493314,cloud_user,iloveyou,none,lockout(3fails/300s),False,0.0,51
2026-01-01 12:18:42,25493314,gamer22,iloveyou,none,lockout(3fails/300s),False,0.0,51
2026-01-01 12:18:42,25493314,webdev,iloveyou,none,lockout(3fails/300s),False,0.0,51
2026-01-01 12:18:42,25493314,sha.sec,iloveyou,none,lockout(3fails/300s),False,0.0,51
2026-01-01 12:18:42,25493314,secure_user,iloveyou,none,lockout(3fails/300s),False,0.0,51
2026-01-01 12:18:42,25493314,cyber.auth,iloveyou,none,lockout(3fails/300s),False,0.0,51
2026-01-01 12:18:42,25493314,dev.access,iloveyou,none,lockout(3fails/300s),False,0.0,51
2026-01-01 12:18:42,25493314,root.guard,iloveyou,none,lockout(3fails/300s),False,0.0,51
2026-01-01 12:18:42,25493314,net.lock,iloveyou,none,lockout(3fails/300s),False,0.0,51
2026-01-01 12:18:42,25493314,auth.master,iloveyou,none,lockout(3fails/300s),False,0.0,51
2026-01-01 12:18:42,25493314,vault_user,iloveyou,none,lockout(3fails/300s),False,0.0,51
2026-01-01 12:18:42,25493314,system.sec,iloveyou,none,lockout(3fails/300s),False,0.0,51
2026-01-01 12:18:42,25493314,secure.login,iloveyou,none,lockout(3fails/300s),False,0.0,51
2026-01-01 12:18:42,25493314,user1,sunshine,none,lockout(3fails/300s),False,0.0,52
2026-01-01 12:18:42,25493314,admin,sunshine,none,lockout(3fails/300s),False,0.0,52
2026-01-01 12:18:42,25493314,guest,sunshine,none,lockout(3fails/300s),False,0.0,52
2026-01-01 12:18:42,25493314,test,sunshine,none,lockout(3fails/300s),False,0.0,52
2026-01-01 12:18:42,25493314,hello,sunshine,none,lockout(3fails/300s),False,0.0,52
2026-01-01 12:18:42,25493314,name,sunshine,none,lockout(3fails/300s),False,0.0,52
2026-01-01 12:18:42,25493314,login,sunshine,none,lockout(3fails/300s),False,0.0,52
2026-01-01 12:18:42,25493314,abc,sunshine,none,lockout(3fails/300s),False,0.0,52
2026-01-01 12:18:42,25493314,demo,sunshine,none,lockout(3fails/300s),False,0.0,52
2026-01-01 12:18:42,25493314,student,sunshine,none,lockout(3fails/300s),False,0.0,52
2026-01-01 12:18:42,25493314,Student_user,sunshine,none,lockout(3fails/300s),False,0.0,52
2026-01-01 12:18:42,25493314,user_test,sunshine,none,lockout(3fails/300s),False,0.0,52
2026-01-01 12:18:42,25493314,bluecat,sunshine,none,lockout(3fails/300s),False,0.0,52
2026-01-01 12:18:42,25493314,student1,sunshine,none,lockout(3fails/300s),False,0.0,52
2026-01-01 12:18:43,25493314,login_user,sunshine,none,lockout(3fails/300s),False,0.0,52
2026-01-01 12:18:43,25493314,pythonfan,sunshine,none,lockout(3fails/300s),False,0.0,52
2026-01-01 12:18:43,25493314,techgirl,sunshine,none,lockout(3fails/300s),False,0.0,52
2026-01-01 12:18:43,25493314,cloud_user,sunshine,none,lockout(3fails/300s),False,0.0,52
2026-01-01 12:18:43,25493314,gamer22,sunshine,none,lockout(3fails/300s),False,0.0,52
2026-01-01 12:18:43,25493314,webdev,sunshine,none,lockout(3fails/300s),False,0.0,52
2026-01-01 12:18:43,25493314,sha.sec,sunshine,none,lockout(3fails/300s),False,0.0,52
2026-01-01 12:18:43,25493314,secure_user,sunshine,none,lockout(3fails/300s),False,0.0,52
2026-01-01 12:18:43,25493314,cyber.auth,sunshine,none,lockout(3fails/300s),False,0.0,52
2026-01-01 12:18:43,25493314,dev.access,sunshine,none,lockout(3fails/300s),False,0.0,52
2026-01-01 12:18:43,25493314,root.guard,sunshine,none,lockout(3fails/300s),False,0.0,52
2026-01-01 12:18:43,25493314,net.lock,sunshine,none,lockout(3fails/300s),False,0.0,52
2026-01-01 12:18:43,25493314,auth.master,sunshine,none,lockout(3fails/300s),False,0.0,52
2026-01-01 12:18:43,25493314,vault_user,sunshine,none,lockout(3fails/300s),False,0.0,52
2026-01-01 12:18:43,25493314,system.sec,sunshine,none,lockout(3fails/300s),False,0.0,52
2026-01-01 12:18:43,25493314,secure.login,sunshine,none,lockout(3fails/300s),False,0.0,52
2026-01-01 12:18:43,25493314,user1,princess,none,lockout(3fails/300s),False,0.0,53
2026-01-01 12:18:43,25493314,admin,princess,none,lockout(3fails/300s),False,0.0,53
2026-01-01 12:18:43,25493314,guest,princess,none,lockout(3fails/300s),False,0.0,53
2026-01-01 12:18:43,25493314,test,princess,none,lockout(3fails/300s),False,0.0,53
2026-01-01 12:18:43,25493314,hello,princess,none,lockout(3fails/300s),False,0.0,53
2026-01-01 12:18:43,25493314,name,princess,none,lockout(3fails/300s),False,0.0,53
2026-01-01 12:18:43,25493314,login,princess,none,lockout(3fails/300s),False,0.0,53
2026-01-01 12:18:43,25493314,abc,princess,none,lockout(3fails/300s),False,0.0,53
2026-01-01 12:18:43,25493314,demo,princess,none,lockout(3fails/300s),False,0.0,53
2026-01-01 12:18:43,25493314,student,princess,none,lockout(3fails/300s),False,0.0,53
2026-01-01 12:18:43,25493314,Student_user,princess,none,lockout(3fails/300s),False,0.0,53
2026-01-01 12:18:43,25493314,user_test,princess,none,lockout(3fails/300s),False,0.0,53
2026-01-01 12:18:43,25493314,bluecat,princess,none,lockout(3fails/300s),False,0.0,53
2026-01-01 12:18:43,25493314,student1,princess,none,lockout(3fails/300s),False,0.0,53
2026-01-01 12:18:43,25493314,login_user,princess,none,lockout(3fails/300s),False,0.0,53
2026-01-01 12:18:43,25493314,pythonfan,princess,none,lockout(3fails/300s),False,0.0,53
2026-01-01 12:18:43,25493314,techgirl,princess,none,lockout(3fails/300s),False,0.0,53
2026-01-01 12:18:43,25493314,cloud_user,princess,none,lockout(3fails/300s),False,0.0,53
2026-01-01 12:18:43,25493314,gamer22,princess,none,lockout(3fails/300s),False,0.0,53
2026-01-01 12:18:43,25493314,webdev,princess,none,lockout(3fails/300s),False,0.0,53
2026-01-01 12:18:44,25493314,sha.sec,princess,none,lockout(3fails/300s),False,0.0,53
2026-01-01 12:18:44,25493314,secure_user,princess,none,lockout(3fails/300s),False,0.0,53
2026-01-01 12:18:44,25493314,cyber.auth,princess,none,lockout(3fails/300s),False,0.0,53
2026-01-01 12:18:44,25493314,dev.access,princess,none,lockout(3fails/300s),False,0.0,53
2026-01-01 12:18:44,25493314,root.guard,princess,none,lockout(3fails/300s),False,0.0,53
2026-01-01 12:18:44,25493314,net.lock,princess,none,lockout(3fails/300s),False,0.0,53
2026-01-01 12:18:44,25493314,auth.master,princess,none,lockout(3fails/300s),False,0.0,53
2026-01-01 12:18:44,25493314,vault_user,princess,none,lockout(3fails/300s),False,0.0,53
2026-01-01 12:18:44,25493314,system.sec,princess,none,lockout(3fails/300s),False,0.0,53
2026-01-01 12:18:44,25493314,secure.login,princess,none,lockout(3fails/300s),False,0.0,53
2026-01-01 12:18:44,25493314,user1,Password1,none,lockout(3fails/300s),False,0.0,54
2026-01-01 12:18:44,25493314,admin,Password1,none,lockout(3fails/300s),False,0.0,54
2026-01-01 12:18:44,25493314,guest,Password1,none,lockout(3fails/300s),False,0.0,54
2026-01-01 12:18:44,25493314,test,Password1,none,lockout(3fails/300s),False,0.0,54
2026-01-01 12:18:44,25493314,hello,Password1,none,lockout(3fails/300s),False,0.0,54
2026-01-01 12:18:44,25493314,name,Password1,none,lockout(3fails/300s),False,0.0,54
2026-01-01 12:18:44,25493314,login,Password1,none,lockout(3fails/300s),False,0.0,54
2026-01-01 12:18:44,25493314,abc,Password1,none,lockout(3fails/300s),False,0.0,54
2026-01-01 12:18:44,25493314,demo,Password1,none,lockout(3fails/300s),False,0.0,54
2026-01-01 12:18:44,25493314,student,Password1,none,lockout(3fails/300s),False,0.0,54
2026-01-01 12:18:44,25493314,Student_user,Password1,none,lockout(3fails/300s),False,0.0,54
2026-01-01 12:18:44,25493314,user_test,Password1,none,lockout(3fails/300s),False,0.0,54
2026-01-01 12:18:44,25493314,bluecat,Password1,none,lockout(3fails/300s),False,0.0,54
2026-01-01 12:18:44,25493314,student1,Password1,none,lockout(3fails/300s),False,0.0,54
2026-01-01 12:18:44,25493314,login_user,Password1,none,lockout(3fails/300s),False,0.0,54
2026-01-01 12:18:44,25493314,pythonfan,Password1,none,lockout(3fails/300s),False,0.0,54
2026-01-01 12:18:44,25493314,techgirl,Password1,none,lockout(3fails/300s),False,0.0,54
2026-01-01 12:18:44,25493314,cloud_user,Password1,none,lockout(3fails/300s),False,0.0,54
2026-01-01 12:18:44,25493314,gamer22,Password1,none,lockout(3fails/300s),False,0.0,54
2026-01-01 12:18:44,25493314,webdev,Password1,none,lockout(3fails/300s),False,0.0,54
2026-01-01 12:18:44,25493314,sha.sec,Password1,none,lockout(3fails/300s),False,0.0,54
2026-01-01 12:18:44,25493314,secure_user,Password1,none,lockout(3fails/300s),False,0.0,54
2026-01-01 12:18:44,25493314,cyber.auth,Password1,none,lockout(3fails/300s),False,0.01,54
2026-01-01 12:18:44,25493314,dev.access,Password1,none,lockout(3fails/300s),False,0.0,54
2026-01-01 12:18:44,25493314,root.guard,Password1,none,lockout(3fails/300s),False,0.0,54
2026-01-01 12:18:44,25493314,net.lock,Password1,none,lockout(3fails/300s),False,0.0,54
2026-01-01 12:18:45,25493314,auth.master,Password1,none,lockout(3fails/300s),False,0.0,54
2026-01-01 12:18:45,25493314,vault_user,Password1,none,lockout(3fails/300s),False,0.0,54
2026-01-01 12:18:45,25493314,system.sec,Password1,none,lockout(3fails/300s),False,0.0,54
2026-01-01 12:18:45,25493314,secure.login,Password1,none,lockout(3fails/300s),False,0.0,54
2026-01-01 12:18:45,25493314,user1,Password123,none,lockout(3fails/300s),False,0.0,55
2026-01-01 12:18:45,25493314,admin,Password123,none,lockout(3fails/300s),False,0.0,55
2026-01-01 12:18:45,25493314,guest,Password123,none,lockout(3fails/300s),False,0.0,55
2026-01-01 12:18:45,25493314,test,Password123,none,lockout(3fails/300s),False,0.0,55
2026-01-01 12:18:45,25493314,hello,Password123,none,lockout(3fails/300s),False,0.0,55
2026-01-01 12:18:45,25493314,name,Password123,none,lockout(3fails/300s),False,0.0,55
2026-01-01 12:18:45,25493314,login,Password123,none,lockout(3fails/300s),False,0.0,55
2026-01-01 12:18:45,25493314,abc,Password123,none,lockout(3fails/300s),False,0.0,55
2026-01-01 12:18:45,25493314,demo,Password123,none,lockout(3fails/300s),False,0.0,55
2026-01-01 12:18:45,25493314,student,Password123,none,lockout(3fails/300s),False,0.0,55
2026-01-01 12:18:45,25493314,Student_user,Password123,none,lockout(3fails/300s),False,0.0,55
2026-01-01 12:18:45,25493314,user_test,Password123,none,lockout(3fails/300s),False,0.0,55
2026-01-01 12:18:45,25493314,bluecat,Password123,none,lockout(3fails/300s),False,0.0,55
2026-01-01 12:18:45,25493314,student1,Password123,none,lockout(3fails/300s),False,0.0,55
2026-01-01 12:18:45,25493314,login_user,Password123,none,lockout(3fails/300s),False,0.0,55
2026-01-01 12:18:45,25493314,pythonfan,Password123,none,lockout(3fails/300s),False,0.0,55
2026-01-01 12:18:45,25493314,techgirl,Password123,none,lockout(3fails/300s),False,0.0,55
2026-01-01 12:18:45,25493314,cloud_user,Password123,none,lockout(3fails/300s),False,0.0,55
2026-01-01 12:18:45,25493314,gamer22,Password123,none,lockout(3fails/300s),False,0.0,55
2026-01-01 12:18:45,25493314,webdev,Password123,none,lockout(3fails/300s),False,0.0,55
2026-01-01 12:18:45,25493314,sha.sec,Password123,none,lockout(3fails/300s),False,0.0,55
2026-01-01 12:18:45,25493314,secure_user,Password123,none,lockout(3fails/300s),False,0.0,55
2026-01-01 12:18:45,25493314,cyber.auth,Password123,none,lockout(3fails/300s),False,0.0,55
2026-01-01 12:18:45,25493314,dev.access,Password123,none,lockout(3fails/300s),False,0.0,55
2026-01-01 12:18:45,25493314,root.guard,Password123,none,lockout(3fails/300s),False,0.0,55
2026-01-01 12:18:45,25493314,net.lock,Password123,none,lockout(3fails/300s),False,0.0,55
2026-01-01 12:18:45,25493314,auth.master,Password123,none,lockout(3fails/300s),False,0.0,55
2026-01-01 12:18:45,25493314,vault_user,Password123,none,lockout(3fails/300s),False,0.0,55
2026-01-01 12:18:45,25493314,system.sec,Password123,none,lockout(3fails/300s),False,0.0,55
2026-01-01 12:18:45,25493314,secure.login,Password123,none,lockout(3fails/300s),False,0.0,55
2026-01-01 12:18:45,25493314,user1,Admin123,none,lockout(3fails/300s),False,0.0,56
2026-01-01 12:18:46,25493314,admin,Admin123,none,lockout(3fails/300s),False,0.0,56
2026-01-01 12:18:46,25493314,guest,Admin123,none,lockout(3fails/300s),False,0.0,56
2026-01-01 12:18:46,25493314,test,Admin123,none,lockout(3fails/300s),False,0.0,56
2026-01-01 12:18:46,25493314,hello,Admin123,none,lockout(3fails/300s),False,0.0,56
2026-01-01 12:18:46,25493314,name,Admin123,none,lockout(3fails/300s),False,0.0,56
2026-01-01 12:18:46,25493314,login,Admin123,none,lockout(3fails/300s),False,0.0,56
2026-01-01 12:18:46,25493314,abc,Admin123,none,lockout(3fails/300s),False,0.0,56
2026-01-01 12:18:46,25493314,demo,Admin123,none,lockout(3fails/300s),False,0.0,56
2026-01-01 12:18:46,25493314,student,Admin123,none,lockout(3fails/300s),False,0.0,56
2026-01-01 12:18:46,25493314,Student_user,Admin123,none,lockout(3fails/300s),False,0.0,56
2026-01-01 12:18:46,25493314,user_test,Admin123,none,lockout(3fails/300s),False,0.0,56
2026-01-01 12:18:46,25493314,bluecat,Admin123,none,lockout(3fails/300s),False,0.0,56
2026-01-01 12:18:46,25493314,student1,Admin123,none,lockout(3fails/300s),False,0.0,56
2026-01-01 12:18:46,25493314,login_user,Admin123,none,lockout(3fails/300s),False,0.0,56
2026-01-01 12:18:46,25493314,pythonfan,Admin123,none,lockout(3fails/300s),False,0.0,56
2026-01-01 12:18:46,25493314,techgirl,Admin123,none,lockout(3fails/300s),False,0.0,56
2026-01-01 12:18:46,25493314,cloud_user,Admin123,none,lockout(3fails/300s),False,0.0,56
2026-01-01 12:18:46,25493314,gamer22,Admin123,none,lockout(3fails/300s),False,0.0,56
2026-01-01 12:18:46,25493314,webdev,Admin123,none,lockout(3fails/300s),False,0.0,56
2026-01-01 12:18:46,25493314,sha.sec,Admin123,none,lockout(3fails/300s),False,0.0,56
2026-01-01 12:18:46,25493314,secure_user,Admin123,none,lockout(3fails/300s),False,0.0,56
2026-01-01 12:18:46,25493314,cyber.auth,Admin123,none,lockout(3fails/300s),False,0.0,56
2026-01-01 12:18:46,25493314,dev.access,Admin123,none,lockout(3fails/300s),False,0.0,56
2026-01-01 12:18:46,25493314,root.guard,Admin123,none,lockout(3fails/300s),False,0.0,56
2026-01-01 12:18:46,25493314,net.lock,Admin123,none,lockout(3fails/300s),False,0.0,56
2026-01-01 12:18:46,25493314,auth.master,Admin123,none,lockout(3fails/300s),False,0.0,56
2026-01-01 12:18:46,25493314,vault_user,Admin123,none,lockout(3fails/300s),False,0.0,56
2026-01-01 12:18:46,25493314,system.sec,Admin123,none,lockout(3fails/300s),False,0.0,56
2026-01-01 12:18:46,25493314,secure.login,Admin123,none,lockout(3fails/300s),False,0.0,56
2026-01-01 12:18:46,25493314,user1,Welcome1,none,lockout(3fails/300s),False,0.0,57
2026-01-01 12:18:46,25493314,admin,Welcome1,none,lockout(3fails/300s),False,0.0,57
2026-01-01 12:18:46,25493314,guest,Welcome1,none,lockout(3fails/300s),False,0.0,57
2026-01-01 12:18:46,25493314,test,Welcome1,none,lockout(3fails/300s),False,0.0,57
2026-01-01 12:18:46,25493314,hello,Welcome1,none,lockout(3fails/300s),False,0.0,57
2026-01-01 12:18:46,25493314,name,Welcome1,none,lockout(3fails/300s),False,0.0,57
2026-01-01 12:18:46,25493314,login,Welcome1,none,lockout(3fails/300s),False,0.0,57
2026-01-01 12:18:47,25493314,abc,Welcome1,none,lockout(3fails/300s),False,0.0,57
2026-01-01 12:18:47,25493314,demo,Welcome1,none,lockout(3fails/300s),False,0.0,57
2026-01-01 12:18:47,25493314,student,Welcome1,none,lockout(3fails/300s),False,0.0,57
2026-01-01 12:18:47,25493314,Student_user,Welcome1,none,lockout(3fails/300s),False,0.0,57
2026-01-01 12:18:47,25493314,user_test,Welcome1,none,lockout(3fails/300s),False,0.0,57
2026-01-01 12:18:47,25493314,bluecat,Welcome1,none,lockout(3fails/300s),False,0.0,57
2026-01-01 12:18:47,25493314,student1,Welcome1,none,lockout(3fails/300s),False,0.0,57
2026-01-01 12:18:47,25493314,login_user,Welcome1,none,lockout(3fails/300s),False,0.0,57
2026-01-01 12:18:47,25493314,pythonfan,Welcome1,none,lockout(3fails/300s),False,0.0,57
2026-01-01 12:18:47,25493314,techgirl,Welcome1,none,lockout(3fails/300s),False,0.0,57
2026-01-01 12:18:47,25493314,cloud_user,Welcome1,none,lockout(3fails/300s),False,0.0,57
2026-01-01 12:18:47,25493314,gamer22,Welcome1,none,lockout(3fails/300s),False,0.0,57
2026-01-01 12:18:47,25493314,webdev,Welcome1,none,lockout(3fails/300s),False,0.0,57
2026-01-01 12:18:47,25493314,sha.sec,Welcome1,none,lockout(3fails/300s),False,0.0,57
2026-01-01 12:18:47,25493314,secure_user,Welcome1,none,lockout(3fails/300s),False,0.0,57
2026-01-01 12:18:47,25493314,cyber.auth,Welcome1,none,lockout(3fails/300s),False,0.0,57
2026-01-01 12:18:47,25493314,dev.access,Welcome1,none,lockout(3fails/300s),False,0.0,57
2026-01-01 12:18:47,25493314,root.guard,Welcome1,none,lockout(3fails/300s),False,0.0,57
2026-01-01 12:18:47,25493314,net.lock,Welcome1,none,lockout(3fails/300s),False,0.0,57
2026-01-01 12:18:47,25493314,auth.master,Welcome1,none,lockout(3fails/300s),False,0.0,57
2026-01-01 12:18:47,25493314,vault_user,Welcome1,none,lockout(3fails/300s),False,0.0,57
2026-01-01 12:18:47,25493314,system.sec,Welcome1,none,lockout(3fails/300s),False,0.0,57
2026-01-01 12:18:47,25493314,secure.login,Welcome1,none,lockout(3fails/300s),False,0.0,57
2026-01-01 12:18:47,25493314,user1,Student123,none,lockout(3fails/300s),False,0.0,58
2026-01-01 12:18:47,25493314,admin,Student123,none,lockout(3fails/300s),False,0.0,58
2026-01-01 12:18:47,25493314,guest,Student123,none,lockout(3fails/300s),False,0.0,58
2026-01-01 12:18:47,25493314,test,Student123,none,lockout(3fails/300s),False,0.0,58
2026-01-01 12:18:47,25493314,hello,Student123,none,lockout(3fails/300s),False,0.0,58
2026-01-01 12:18:47,25493314,name,Student123,none,lockout(3fails/300s),False,0.0,58
2026-01-01 12:18:47,25493314,login,Student123,none,lockout(3fails/300s),False,0.0,58
2026-01-01 12:18:47,25493314,abc,Student123,none,lockout(3fails/300s),False,0.0,58
2026-01-01 12:18:47,25493314,demo,Student123,none,lockout(3fails/300s),False,0.0,58
2026-01-01 12:18:47,25493314,student,Student123,none,lockout(3fails/300s),False,0.0,58
2026-01-01 12:18:47,25493314,Student_user,Student123,none,lockout(3fails/300s),False,0.0,58
2026-01-01 12:18:48,25493314,user_test,Student123,none,lockout(3fails/300s),False,0.0,58
2026-01-01 12:18:48,25493314,bluecat,Student123,none,lockout(3fails/300s),False,0.0,58
2026-01-01 12:18:48,25493314,student1,Student123,none,lockout(3fails/300s),False,0.0,58
2026-01-01 12:18:48,25493314,login_user,Student123,none,lockout(3fails/300s),False,0.0,58
2026-01-01 12:18:48,25493314,pythonfan,Student123,none,lockout(3fails/300s),False,0.0,58
2026-01-01 12:18:48,25493314,techgirl,Student123,none,lockout(3fails/300s),False,0.0,58
2026-01-01 12:18:48,25493314,cloud_user,Student123,none,lockout(3fails/300s),False,0.0,58
2026-01-01 12:18:48,25493314,gamer22,Student123,none,lockout(3fails/300s),False,0.0,58
2026-01-01 12:18:48,25493314,webdev,Student123,none,lockout(3fails/300s),False,0.0,58
2026-01-01 12:18:48,25493314,sha.sec,Student123,none,lockout(3fails/300s),False,0.0,58
2026-01-01 12:18:48,25493314,secure_user,Student123,none,lockout(3fails/300s),False,0.0,58
2026-01-01 12:18:48,25493314,cyber.auth,Student123,none,lockout(3fails/300s),False,0.0,58
2026-01-01 12:18:48,25493314,dev.access,Student123,none,lockout(3fails/300s),False,0.0,58
2026-01-01 12:18:48,25493314,root.guard,Student123,none,lockout(3fails/300s),False,0.0,58
2026-01-01 12:18:48,25493314,net.lock,Student123,none,lockout(3fails/300s),False,0.0,58
2026-01-01 12:18:48,25493314,auth.master,Student123,none,lockout(3fails/300s),False,0.0,58
2026-01-01 12:18:48,25493314,vault_user,Student123,none,lockout(3fails/300s),False,0.0,58
2026-01-01 12:18:48,25493314,system.sec,Student123,none,lockout(3fails/300s),False,0.0,58
2026-01-01 12:18:48,25493314,secure.login,Student123,none,lockout(3fails/300s),False,0.0,58
2026-01-01 12:18:48,25493314,user1,Student99,none,lockout(3fails/300s),False,0.0,59
2026-01-01 12:18:48,25493314,admin,Student99,none,lockout(3fails/300s),False,0.0,59
2026-01-01 12:18:48,25493314,guest,Student99,none,lockout(3fails/300s),False,0.0,59
2026-01-01 12:18:48,25493314,test,Student99,none,lockout(3fails/300s),False,0.0,59
2026-01-01 12:18:48,25493314,hello,Student99,none,lockout(3fails/300s),False,0.0,59
2026-01-01 12:18:48,25493314,name,Student99,none,lockout(3fails/300s),False,0.0,59
2026-01-01 12:18:48,25493314,login,Student99,none,lockout(3fails/300s),False,0.0,59
2026-01-01 12:18:48,25493314,abc,Student99,none,lockout(3fails/300s),False,0.0,59
2026-01-01 12:18:48,25493314,demo,Student99,none,lockout(3fails/300s),False,0.0,59
2026-01-01 12:18:48,25493314,student,Student99,none,lockout(3fails/300s),False,0.0,59
2026-01-01 12:18:48,25493314,Student_user,Student99,none,lockout(3fails/300s),False,0.0,59
2026-01-01 12:18:48,25493314,user_test,Student99,none,lockout(3fails/300s),False,0.0,59
2026-01-01 12:18:48,25493314,bluecat,Student99,none,lockout(3fails/300s),False,0.0,59
2026-01-01 12:18:48,25493314,student1,Student99,none,lockout(3fails/300s),False,0.0,59
2026-01-01 12:18:49,25493314,login_user,Student99,none,lockout(3fails/300s),False,0.0,59
2026-01-01 12:18:49,25493314,pythonfan,Student99,none,lockout(3fails/300s),False,0.0,59
2026-01-01 12:18:49,25493314,techgirl,Student99,none,lockout(3fails/300s),False,0.0,59
2026-01-01 12:18:49,25493314,cloud_user,Student99,none,lockout(3fails/300s),False,0.0,59
2026-01-01 12:18:49,25493314,gamer22,Student99,none,lockout(3fails/300s),False,0.0,59
2026-01-01 12:18:49,25493314,webdev,Student99,none,lockout(3fails/300s),False,0.0,59
2026-01-01 12:18:49,25493314,sha.sec,Student99,none,lockout(3fails/300s),False,0.0,59
2026-01-01 12:18:49,25493314,secure_user,Student99,none,lockout(3fails/300s),False,0.0,59
2026-01-01 12:18:49,25493314,cyber.auth,Student99,none,lockout(3fails/300s),False,0.0,59
2026-01-01 12:18:49,25493314,dev.access,Student99,none,lockout(3fails/300s),False,0.0,59
2026-01-01 12:18:49,25493314,root.guard,Student99,none,lockout(3fails/300s),False,0.0,59
2026-01-01 12:18:49,25493314,net.lock,Student99,none,lockout(3fails/300s),False,0.0,59
2026-01-01 12:18:49,25493314,auth.master,Student99,none,lockout(3fails/300s),False,0.0,59
2026-01-01 12:18:49,25493314,vault_user,Student99,none,lockout(3fails/300s),False,0.0,59
2026-01-01 12:18:49,25493314,system.sec,Student99,none,lockout(3fails/300s),False,0.0,59
2026-01-01 12:18:49,25493314,secure.login,Student99,none,lockout(3fails/300s),False,0.0,59
2026-01-01 12:18:49,25493314,user1,Test2024,none,lockout(3fails/300s),False,0.0,60
2026-01-01 12:18:49,25493314,admin,Test2024,none,lockout(3fails/300s),False,0.0,60
2026-01-01 12:18:49,25493314,guest,Test2024,none,lockout(3fails/300s),False,0.0,60
2026-01-01 12:18:49,25493314,test,Test2024,none,lockout(3fails/300s),False,0.0,60
2026-01-01 12:18:49,25493314,hello,Test2024,none,lockout(3fails/300s),False,0.0,60
2026-01-01 12:18:49,25493314,name,Test2024,none,lockout(3fails/300s),False,0.0,60
2026-01-01 12:18:49,25493314,login,Test2024,none,lockout(3fails/300s),False,0.0,60
2026-01-01 12:18:49,25493314,abc,Test2024,none,lockout(3fails/300s),False,0.0,60
2026-01-01 12:18:49,25493314,demo,Test2024,none,lockout(3fails/300s),False,0.0,60
2026-01-01 12:18:49,25493314,student,Test2024,none,lockout(3fails/300s),False,0.0,60
2026-01-01 12:18:49,25493314,Student_user,Test2024,none,lockout(3fails/300s),False,0.0,60
2026-01-01 12:18:49,25493314,user_test,Test2024,none,lockout(3fails/300s),False,0.0,60
2026-01-01 12:18:49,25493314,bluecat,Test2024,none,lockout(3fails/300s),False,0.0,60
2026-01-01 12:18:49,25493314,student1,Test2024,none,lockout(3fails/300s),False,0.0,60
2026-01-01 12:18:49,25493314,login_user,Test2024,none,lockout(3fails/300s),False,0.0,60
2026-01-01 12:18:49,25493314,pythonfan,Test2024,none,lockout(3fails/300s),False,0.0,60
2026-01-01 12:18:49,25493314,techgirl,Test2024,none,lockout(3fails/300s),False,0.0,60
2026-01-01 12:18:49,25493314,cloud_user,Test2024,none,lockout(3fails/300s),False,0.0,60
2026-01-01 12:18:50,25493314,gamer22,Test2024,none,lockout(3fails/300s),False,0.0,60
2026-01-01 12:18:50,25493314,webdev,Test2024,none,lockout(3fails/300s),False,0.0,60
2026-01-01 12:18:50,25493314,sha.sec,Test2024,none,lockout(3fails/300s),False,0.0,60
2026-01-01 12:18:50,25493314,secure_user,Test2024,none,lockout(3fails/300s),False,0.0,60
2026-01-01 12:18:50,25493314,cyber.auth,Test2024,none,lockout(3fails/300s),False,0.0,60
2026-01-01 12:18:50,25493314,dev.access,Test2024,none,lockout(3fails/300s),False,0.0,60
2026-01-01 12:18:50,25493314,root.guard,Test2024,none,lockout(3fails/300s),False,0.0,60
2026-01-01 12:18:50,25493314,net.lock,Test2024,none,lockout(3fails/300s),False,0.0,60
2026-01-01 12:18:50,25493314,auth.master,Test2024,none,lockout(3fails/300s),False,0.0,60
2026-01-01 12:18:50,25493314,vault_user,Test2024,none,lockout(3fails/300s),False,0.0,60
2026-01-01 12:18:50,25493314,system.sec,Test2024,none,lockout(3fails/300s),False,0.0,60
2026-01-01 12:18:50,25493314,secure.login,Test2024,none,lockout(3fails/300s),False,0.0,60
2026-01-01 12:18:50,25493314,user1,Login456,none,lockout(3fails/300s),False,0.0,61
2026-01-01 12:18:50,25493314,admin,Login456,none,lockout(3fails/300s),False,0.0,61
2026-01-01 12:18:50,25493314,guest,Login456,none,lockout(3fails/300s),False,0.0,61
2026-01-01 12:18:50,25493314,test,Login456,none,lockout(3fails/300s),False,0.0,61
2026-01-01 12:18:50,25493314,hello,Login456,none,lockout(3fails/300s),False,0.0,61
2026-01-01 12:18:50,25493314,name,Login456,none,lockout(3fails/300s),False,0.0,61
2026-01-01 12:18:50,25493314,login,Login456,none,lockout(3fails/300s),False,0.0,61
2026-01-01 12:18:50,25493314,abc,Login456,none,lockout(3fails/300s),False,0.0,61
2026-01-01 12:18:50,25493314,demo,Login456,none,lockout(3fails/300s),False,0.0,61
2026-01-01 12:18:50,25493314,student,Login456,none,lockout(3fails/300s),False,0.0,61
2026-01-01 12:18:50,25493314,Student_user,Login456,none,lockout(3fails/300s),False,0.0,61
2026-01-01 12:18:50,25493314,user_test,Login456,none,lockout(3fails/300s),False,0.0,61
2026-01-01 12:18:50,25493314,bluecat,Login456,none,lockout(3fails/300s),False,0.0,61
2026-01-01 12:18:50,25493314,student1,Login456,none,lockout(3fails/300s),False,0.0,61
2026-01-01 12:18:50,25493314,login_user,Login456,none,lockout(3fails/300s),False,0.0,61
2026-01-01 12:18:50,25493314,pythonfan,Login456,none,lockout(3fails/300s),False,0.0,61
2026-01-01 12:18:50,25493314,techgirl,Login456,none,lockout(3fails/300s),False,0.0,61
2026-01-01 12:18:50,25493314,cloud_user,Login456,none,lockout(3fails/300s),False,0.0,61
2026-01-01 12:18:50,25493314,gamer22,Login456,none,lockout(3fails/300s),False,0.0,61
2026-01-01 12:18:50,25493314,webdev,Login456,none,lockout(3fails/300s),False,0.0,61
2026-01-01 12:18:50,25493314,sha.sec,Login456,none,lockout(3fails/300s),False,0.0,61
2026-01-01 12:18:51,25493314,secure_user,Login456,none,lockout(3fails/300s),False,0.0,61
2026-01-01 12:18:51,25493314,cyber.auth,Login456,none,lockout(3fails/300s),False,0.0,61
2026-01-01 12:18:51,25493314,dev.access,Login456,none,lockout(3fails/300s),False,0.0,61
2026-01-01 12:18:51,25493314,root.guard,Login456,none,lockout(3fails/300s),False,0.0,61
2026-01-01 12:18:51,25493314,net.lock,Login456,none,lockout(3fails/300s),False,0.0,61
2026-01-01 12:18:51,25493314,auth.master,Login456,none,lockout(3fails/300s),False,0.0,61
2026-01-01 12:18:51,25493314,vault_user,Login456,none,lockout(3fails/300s),False,0.0,61
2026-01-01 12:18:51,25493314,system.sec,Login456,none,lockout(3fails/300s),False,0.0,61
2026-01-01 12:18:51,25493314,secure.login,Login456,none,lockout(3fails/300s),False,0.0,61
2026-01-01 12:18:51,25493314,user1,Python101,none,lockout(3fails/300s),False,0.0,62
2026-01-01 12:18:51,25493314,admin,Python101,none,lockout(3fails/300s),False,0.0,62
2026-01-01 12:18:51,25493314,guest,Python101,none,lockout(3fails/300s),False,0.0,62
2026-01-01 12:18:51,25493314,test,Python101,none,lockout(3fails/300s),False,0.0,62
2026-01-01 12:18:51,25493314,hello,Python101,none,lockout(3fails/300s),False,0.0,62
2026-01-01 12:18:51,25493314,name,Python101,none,lockout(3fails/300s),False,0.0,62
2026-01-01 12:18:51,25493314,login,Python101,none,lockout(3fails/300s),False,0.02,62
2026-01-01 12:18:51,25493314,abc,Python101,none,lockout(3fails/300s),False,0.0,62
2026-01-01 12:18:51,25493314,demo,Python101,none,lockout(3fails/300s),False,0.0,62
2026-01-01 12:18:51,25493314,student,Python101,none,lockout(3fails/300s),False,0.0,62
2026-01-01 12:18:51,25493314,Student_user,Python101,none,lockout(3fails/300s),False,0.0,62
2026-01-01 12:18:51,25493314,user_test,Python101,none,lockout(3fails/300s),False,0.0,62
2026-01-01 12:18:51,25493314,bluecat,Python101,none,lockout(3fails/300s),False,0.0,62
2026-01-01 12:18:51,25493314,student1,Python101,none,lockout(3fails/300s),False,0.0,62
2026-01-01 12:18:51,25493314,login_user,Python101,none,lockout(3fails/300s),False,0.0,62
2026-01-01 12:18:51,25493314,pythonfan,Python101,none,lockout(3fails/300s),False,0.0,62
2026-01-01 12:18:51,25493314,techgirl,Python101,none,lockout(3fails/300s),False,0.0,62
2026-01-01 12:18:51,25493314,cloud_user,Python101,none,lockout(3fails/300s),False,0.0,62
2026-01-01 12:18:51,25493314,gamer22,Python101,none,lockout(3fails/300s),False,0.0,62
2026-01-01 12:18:51,25493314,webdev,Python101,none,lockout(3fails/300s),False,0.0,62
2026-01-01 12:18:51,25493314,sha.sec,Python101,none,lockout(3fails/300s),False,0.0,62
2026-01-01 12:18:51,25493314,secure_user,Python101,none,lockout(3fails/300s),False,0.0,62
2026-01-01 12:18:51,25493314,cyber.auth,Python101,none,lockout(3fails/300s),False,0.0,62
2026-01-01 12:18:51,25493314,dev.access,Python101,none,lockout(3fails/300s),False,0.0,62
2026-01-01 12:18:52,25493314,root.guard,Python101,none,lockout(3fails/300s),False,0.0,62
2026-01-01 12:18:52,25493314,net.lock,Python101,none,lockout(3fails/300s),False,0.0,62
2026-01-01 12:18:52,25493314,auth.master,Python101,none,lockout(3fails/300s),False,0.0,62
2026-01-01 12:18:52,25493314,vault_user,Python101,none,lockout(3fails/300s),False,0.0,62
2026-01-01 12:18:52,25493314,system.sec,Python101,none,lockout(3fails/300s),False,0.0,62
2026-01-01 12:18:52,25493314,secure.login,Python101,none,lockout(3fails/300s),False,0.0,62
2026-01-01 12:18:52,25493314,user1,demo,none,lockout(3fails/300s),False,0.0,63
2026-01-01 12:18:52,25493314,admin,demo,none,lockout(3fails/300s),False,0.0,63
2026-01-01 12:18:52,25493314,guest,demo,none,lockout(3fails/300s),False,0.0,63
2026-01-01 12:18:52,25493314,test,demo,none,lockout(3fails/300s),False,0.0,63
2026-01-01 12:18:52,25493314,hello,demo,none,lockout(3fails/300s),False,0.0,63
2026-01-01 12:18:52,25493314,name,demo,none,lockout(3fails/300s),False,0.0,63
2026-01-01 12:18:52,25493314,login,demo,none,lockout(3fails/300s),False,0.0,63
2026-01-01 12:18:52,25493314,abc,demo,none,lockout(3fails/300s),False,0.0,63
2026-01-01 12:18:52,25493314,demo,demo,none,lockout(3fails/300s),False,0.0,63
2026-01-01 12:18:52,25493314,student,demo,none,lockout(3fails/300s),False,0.0,63
2026-01-01 12:18:52,25493314,Student_user,demo,none,lockout(3fails/300s),False,0.0,63
2026-01-01 12:18:52,25493314,user_test,demo,none,lockout(3fails/300s),False,0.0,63
2026-01-01 12:18:52,25493314,bluecat,demo,none,lockout(3fails/300s),False,0.0,63
2026-01-01 12:18:52,25493314,student1,demo,none,lockout(3fails/300s),False,0.0,63
2026-01-01 12:18:52,25493314,login_user,demo,none,lockout(3fails/300s),False,0.0,63
2026-01-01 12:18:52,25493314,pythonfan,demo,none,lockout(3fails/300s),False,0.0,63
2026-01-01 12:18:52,25493314,techgirl,demo,none,lockout(3fails/300s),False,0.0,63
2026-01-01 12:18:52,25493314,cloud_user,demo,none,lockout(3fails/300s),False,0.0,63
2026-01-01 12:18:52,25493314,gamer22,demo,none,lockout(3fails/300s),False,0.0,63
2026-01-01 12:18:52,25493314,webdev,demo,none,lockout(3fails/300s),False,0.0,63
2026-01-01 12:18:52,25493314,sha.sec,demo,none,lockout(3fails/300s),False,0.0,63
2026-01-01 12:18:52,25493314,secure_user,demo,none,lockout(3fails/300s),False,0.0,63
2026-01-01 12:18:52,25493314,cyber.auth,demo,none,lockout(3fails/300s),False,0.0,63
2026-01-01 12:18:52,25493314,dev.access,demo,none,lockout(3fails/300s),False,0.0,63
2026-01-01 12:18:52,25493314,root.guard,demo,none,lockout(3fails/300s),False,0.0,63
2026-01-01 12:18:53,25493314,net.lock,demo,none,lockout(3fails/300s),False,0.0,63
2026-01-01 12:18:53,25493314,auth.master,demo,none,lockout(3fails/300s),False,0.0,63
2026-01-01 12:18:53,25493314,vault_user,demo,none,lockout(3fails/300s),False,0.0,63
2026-01-01 12:18:53,25493314,system.sec,demo,none,lockout(3fails/300s),False,0.0,63
2026-01-01 12:18:53,25493314,secure.login,demo,none,lockout(3fails/300s),False,0.0,63
2026-01-01 12:18:53,25493314,user1,student,none,lockout(3fails/300s),False,0.0,64
2026-01-01 12:18:53,25493314,admin,student,none,lockout(3fails/300s),False,0.0,64
2026-01-01 12:18:53,25493314,guest,student,none,lockout(3fails/300s),False,0.0,64
2026-01-01 12:18:53,25493314,test,student,none,lockout(3fails/300s),False,0.0,64
2026-01-01 12:18:53,25493314,hello,student,none,lockout(3fails/300s),False,0.0,64
2026-01-01 12:18:53,25493314,name,student,none,lockout(3fails/300s),False,0.0,64
2026-01-01 12:18:53,25493314,login,student,none,lockout(3fails/300s),False,0.0,64
2026-01-01 12:18:53,25493314,abc,student,none,lockout(3fails/300s),False,0.0,64
2026-01-01 12:18:53,25493314,demo,student,none,lockout(3fails/300s),False,0.0,64
2026-01-01 12:18:53,25493314,student,student,none,lockout(3fails/300s),False,0.0,64
2026-01-01 12:18:53,25493314,Student_user,student,none,lockout(3fails/300s),False,0.0,64
2026-01-01 12:18:53,25493314,user_test,student,none,lockout(3fails/300s),False,0.0,64
2026-01-01 12:18:53,25493314,bluecat,student,none,lockout(3fails/300s),False,0.0,64
2026-01-01 12:18:53,25493314,student1,student,none,lockout(3fails/300s),False,0.0,64
2026-01-01 12:18:53,25493314,login_user,student,none,lockout(3fails/300s),False,0.0,64
2026-01-01 12:18:53,25493314,pythonfan,student,none,lockout(3fails/300s),False,0.0,64
2026-01-01 12:18:53,25493314,techgirl,student,none,lockout(3fails/300s),False,0.0,64
2026-01-01 12:18:53,25493314,cloud_user,student,none,lockout(3fails/300s),False,0.0,64
2026-01-01 12:18:53,25493314,gamer22,student,none,lockout(3fails/300s),False,0.0,64
2026-01-01 12:18:53,25493314,webdev,student,none,lockout(3fails/300s),False,0.0,64
2026-01-01 12:18:53,25493314,sha.sec,student,none,lockout(3fails/300s),False,0.0,64
2026-01-01 12:18:53,25493314,secure_user,student,none,lockout(3fails/300s),False,0.0,64
2026-01-01 12:18:53,25493314,cyber.auth,student,none,lockout(3fails/300s),False,0.0,64
2026-01-01 12:18:53,25493314,dev.access,student,none,lockout(3fails/300s),False,0.0,64
2026-01-01 12:18:53,25493314,root.guard,student,none,lockout(3fails/300s),False,0.0,64
2026-01-01 12:18:53,25493314,net.lock,student,none,lockout(3fails/300s),False,0.0,64
2026-01-01 12:18:54,25493314,auth.master,student,none,lockout(3fails/300s),False,0.0,64
2026-01-01 12:18:54,25493314,vault_user,student,none,lockout(3fails/300s),False,0.0,64
2026-01-01 12:18:54,25493314,system.sec,student,none,lockout(3fails/300s),False,0.0,64
2026-01-01 12:18:54,25493314,secure.login,student,none,lockout(3fails/300s),False,0.0,64
2026-01-01 12:18:54,25493314,user1,name,none,lockout(3fails/300s),False,0.0,65
2026-01-01 12:18:54,25493314,admin,name,none,lockout(3fails/300s),False,0.0,65
2026-01-01 12:18:54,25493314,guest,name,none,lockout(3fails/300s),False,0.0,65
2026-01-01 12:18:54,25493314,test,name,none,lockout(3fails/300s),False,0.0,65
2026-01-01 12:18:54,25493314,hello,name,none,lockout(3fails/300s),False,0.0,65
2026-01-01 12:18:54,25493314,name,name,none,lockout(3fails/300s),False,0.0,65
2026-01-01 12:18:54,25493314,login,name,none,lockout(3fails/300s),False,0.0,65
2026-01-01 12:18:54,25493314,abc,name,none,lockout(3fails/300s),False,0.0,65
2026-01-01 12:18:54,25493314,demo,name,none,lockout(3fails/300s),False,0.0,65
2026-01-01 12:18:54,25493314,student,name,none,lockout(3fails/300s),False,0.0,65
2026-01-01 12:18:54,25493314,Student_user,name,none,lockout(3fails/300s),False,0.0,65
2026-01-01 12:18:54,25493314,user_test,name,none,lockout(3fails/300s),False,0.0,65
2026-01-01 12:18:54,25493314,bluecat,name,none,lockout(3fails/300s),False,0.0,65
2026-01-01 12:18:54,25493314,student1,name,none,lockout(3fails/300s),False,0.0,65
2026-01-01 12:18:54,25493314,login_user,name,none,lockout(3fails/300s),False,0.0,65
2026-01-01 12:18:54,25493314,pythonfan,name,none,lockout(3fails/300s),False,0.0,65
2026-01-01 12:18:54,25493314,techgirl,name,none,lockout(3fails/300s),False,0.0,65
2026-01-01 12:18:54,25493314,cloud_user,name,none,lockout(3fails/300s),False,0.0,65
2026-01-01 12:18:54,25493314,gamer22,name,none,lockout(3fails/300s),False,0.0,65
2026-01-01 12:18:54,25493314,webdev,name,none,lockout(3fails/300s),False,0.0,65
2026-01-01 12:18:54,25493314,sha.sec,name,none,lockout(3fails/300s),False,0.0,65
2026-01-01 12:18:54,25493314,secure_user,name,none,lockout(3fails/300s),False,0.0,65
2026-01-01 12:18:54,25493314,cyber.auth,name,none,lockout(3fails/300s),False,0.0,65
2026-01-01 12:18:54,25493314,dev.access,name,none,lockout(3fails/300s),False,0.0,65
2026-01-01 12:18:54,25493314,root.guard,name,none,lockout(3fails/300s),False,0.0,65
2026-01-01 12:18:54,25493314,net.lock,name,none,lockout(3fails/300s),False,0.0,65
2026-01-01 12:18:54,25493314,auth.master,name,none,lockout(3fails/300s),False,0.0,65
2026-01-01 12:18:55,25493314,vault_user,name,none,lockout(3fails/300s),False,0.0,65
2026-01-01 12:18:55,25493314,system.sec,name,none,lockout(3fails/300s),False,0.0,65
2026-01-01 12:18:55,25493314,secure.login,name,none,lockout(3fails/300s),False,0.0,65
2026-01-01 12:18:55,25493314,user1,1111,none,lockout(3fails/300s),False,0.0,66
2026-01-01 12:18:55,25493314,admin,1111,none,lockout(3fails/300s),False,0.0,66
2026-01-01 12:18:55,25493314,guest,1111,none,lockout(3fails/300s),False,0.0,66
2026-01-01 12:18:55,25493314,test,1111,none,lockout(3fails/300s),False,0.0,66
2026-01-01 12:18:55,25493314,hello,1111,none,lockout(3fails/300s),False,0.0,66
2026-01-01 12:18:55,25493314,name,1111,none,lockout(3fails/300s),False,0.0,66
2026-01-01 12:18:55,25493314,login,1111,none,lockout(3fails/300s),False,0.0,66
2026-01-01 12:18:55,25493314,abc,1111,none,lockout(3fails/300s),False,0.0,66
2026-01-01 12:18:55,25493314,demo,1111,none,lockout(3fails/300s),False,0.0,66
2026-01-01 12:18:55,25493314,student,1111,none,lockout(3fails/300s),False,0.0,66
2026-01-01 12:18:55,25493314,Student_user,1111,none,lockout(3fails/300s),False,0.0,66
2026-01-01 12:18:55,25493314,user_test,1111,none,lockout(3fails/300s),False,0.0,66
2026-01-01 12:18:55,25493314,bluecat,1111,none,lockout(3fails/300s),False,0.0,66
2026-01-01 12:18:55,25493314,student1,1111,none,lockout(3fails/300s),False,0.0,66
2026-01-01 12:18:55,25493314,login_user,1111,none,lockout(3fails/300s),False,0.0,66
2026-01-01 12:18:55,25493314,pythonfan,1111,none,lockout(3fails/300s),False,0.0,66
2026-01-01 12:18:55,25493314,techgirl,1111,none,lockout(3fails/300s),False,0.0,66
2026-01-01 12:18:55,25493314,cloud_user,1111,none,lockout(3fails/300s),False,0.0,66
2026-01-01 12:18:55,25493314,gamer22,1111,none,lockout(3fails/300s),False,0.0,66
2026-01-01 12:18:55,25493314,webdev,1111,none,lockout(3fails/300s),False,0.0,66
2026-01-01 12:18:55,25493314,sha.sec,1111,none,lockout(3fails/300s),False,0.0,66
2026-01-01 12:18:55,25493314,secure_user,1111,none,lockout(3fails/300s),False,0.0,66
2026-01-01 12:18:55,25493314,cyber.auth,1111,none,lockout(3fails/300s),False,0.0,66
2026-01-01 12:18:55,25493314,dev.access,1111,none,lockout(3fails/300s),False,0.0,66
2026-01-01 12:18:55,25493314,root.guard,1111,none,lockout(3fails/300s),False,0.0,66
2026-01-01 12:18:55,25493314,net.lock,1111,none,lockout(3fails/300s),False,0.0,66
2026-01-01 12:18:55,25493314,auth.master,1111,none,lockout(3fails/300s),False,0.0,66
2026-01-01 12:18:55,25493314,vault_user,1111,none,lockout(3fails/300s),False,0.0,66
2026-01-01 12:18:55,25493314,system.sec,1111,none,lockout(3fails/300s),False,0.0,66
2026-01-01 12:18:56,25493314,secure.login,1111,none,lockout(3fails/300s),False,0.0,66
2026-01-01 12:18:56,25493314,user1,BlueCat12,none,lockout(3fails/300s),False,0.0,67
2026-01-01 12:18:56,25493314,admin,BlueCat12,none,lockout(3fails/300s),False,0.0,67
2026-01-01 12:18:56,25493314,guest,BlueCat12,none,lockout(3fails/300s),False,0.0,67
2026-01-01 12:18:56,25493314,test,BlueCat12,none,lockout(3fails/300s),False,0.0,67
2026-01-01 12:18:56,25493314,hello,BlueCat12,none,lockout(3fails/300s),False,0.0,67
2026-01-01 12:18:56,25493314,name,BlueCat12,none,lockout(3fails/300s),False,0.0,67
2026-01-01 12:18:56,25493314,login,BlueCat12,none,lockout(3fails/300s),False,0.0,67
2026-01-01 12:18:56,25493314,abc,BlueCat12,none,lockout(3fails/300s),False,0.0,67
2026-01-01 12:18:56,25493314,demo,BlueCat12,none,lockout(3fails/300s),False,0.0,67
2026-01-01 12:18:56,25493314,student,BlueCat12,none,lockout(3fails/300s),False,0.0,67
2026-01-01 12:18:56,25493314,Student_user,BlueCat12,none,lockout(3fails/300s),False,0.0,67
2026-01-01 12:18:56,25493314,user_test,BlueCat12,none,lockout(3fails/300s),False,0.0,67
2026-01-01 12:18:56,25493314,bluecat,BlueCat12,none,lockout(3fails/300s),False,0.0,67
2026-01-01 12:18:56,25493314,student1,BlueCat12,none,lockout(3fails/300s),False,0.0,67
2026-01-01 12:18:56,25493314,login_user,BlueCat12,none,lockout(3fails/300s),False,0.0,67
2026-01-01 12:18:56,25493314,pythonfan,BlueCat12,none,lockout(3fails/300s),False,0.0,67
2026-01-01 12:18:56,25493314,techgirl,BlueCat12,none,lockout(3fails/300s),False,0.0,67
2026-01-01 12:18:56,25493314,cloud_user,BlueCat12,none,lockout(3fails/300s),False,0.0,67
2026-01-01 12:18:56,25493314,gamer22,BlueCat12,none,lockout(3fails/300s),False,0.0,67
2026-01-01 12:18:56,25493314,webdev,BlueCat12,none,lockout(3fails/300s),False,0.0,67
2026-01-01 12:18:56,25493314,sha.sec,BlueCat12,none,lockout(3fails/300s),False,0.0,67
2026-01-01 12:18:56,25493314,secure_user,BlueCat12,none,lockout(3fails/300s),False,0.0,67
2026-01-01 12:18:56,25493314,cyber.auth,BlueCat12,none,lockout(3fails/300s),False,0.0,67
2026-01-01 12:18:56,25493314,dev.access,BlueCat12,none,lockout(3fails/300s),False,0.0,67
2026-01-01 12:18:56,25493314,root.guard,BlueCat12,none,lockout(3fails/300s),False,0.0,67
2026-01-01 12:18:56,25493314,net.lock,BlueCat12,none,lockout(3fails/300s),False,0.0,67
2026-01-01 12:18:56,25493314,auth.master,BlueCat12,none,lockout(3fails/300s),False,0.0,67
2026-01-01 12:18:56,25493314,vault_user,BlueCat12,none,lockout(3fails/300s),False,0.0,67
2026-01-01 12:18:56,25493314,system.sec,BlueCat12,none,lockout(3fails/300s),False,0.0,67
2026-01-01 12:18:57,25493314,secure.login,BlueCat12,none,lockout(3fails/300s),False,0.0,67
2026-01-01 12:18:57,25493314,user1,TechGirl7,none,lockout(3fails/300s),False,0.0,68
2026-01-01 12:18:57,25493314,admin,TechGirl7,none,lockout(3fails/300s),False,0.0,68
2026-01-01 12:18:57,25493314,guest,TechGirl7,none,lockout(3fails/300s),False,0.0,68
2026-01-01 12:18:57,25493314,test,TechGirl7,none,lockout(3fails/300s),False,0.01,68
2026-01-01 12:18:57,25493314,hello,TechGirl7,none,lockout(3fails/300s),False,0.0,68
2026-01-01 12:18:57,25493314,name,TechGirl7,none,lockout(3fails/300s),False,0.0,68
2026-01-01 12:18:57,25493314,login,TechGirl7,none,lockout(3fails/300s),False,0.0,68
2026-01-01 12:18:57,25493314,abc,TechGirl7,none,lockout(3fails/300s),False,0.0,68
2026-01-01 12:18:57,25493314,demo,TechGirl7,none,lockout(3fails/300s),False,0.0,68
2026-01-01 12:18:57,25493314,student,TechGirl7,none,lockout(3fails/300s),False,0.0,68
2026-01-01 12:18:57,25493314,Student_user,TechGirl7,none,lockout(3fails/300s),False,0.0,68
2026-01-01 12:18:57,25493314,user_test,TechGirl7,none,lockout(3fails/300s),False,0.0,68
2026-01-01 12:18:57,25493314,bluecat,TechGirl7,none,lockout(3fails/300s),False,0.0,68
2026-01-01 12:18:57,25493314,student1,TechGirl7,none,lockout(3fails/300s),False,0.0,68
2026-01-01 12:18:57,25493314,login_user,TechGirl7,none,lockout(3fails/300s),False,0.0,68
2026-01-01 12:18:57,25493314,pythonfan,TechGirl7,none,lockout(3fails/300s),False,0.0,68
2026-01-01 12:18:57,25493314,techgirl,TechGirl7,none,lockout(3fails/300s),False,0.0,68
2026-01-01 12:18:57,25493314,cloud_user,TechGirl7,none,lockout(3fails/300s),False,0.0,68
2026-01-01 12:18:57,25493314,gamer22,TechGirl7,none,lockout(3fails/300s),False,0.0,68
2026-01-01 12:18:57,25493314,webdev,TechGirl7,none,lockout(3fails/300s),False,0.0,68
2026-01-01 12:18:57,25493314,sha.sec,TechGirl7,none,lockout(3fails/300s),False,0.0,68
2026-01-01 12:18:57,25493314,secure_user,TechGirl7,none,lockout(3fails/300s),False,0.0,68
2026-01-01 12:18:57,25493314,cyber.auth,TechGirl7,none,lockout(3fails/300s),False,0.0,68
2026-01-01 12:18:57,25493314,dev.access,TechGirl7,none,lockout(3fails/300s),False,0.0,68
2026-01-01 12:18:57,25493314,root.guard,TechGirl7,none,lockout(3fails/300s),False,0.0,68
2026-01-01 12:18:57,25493314,net.lock,TechGirl7,none,lockout(3fails/300s),False,0.0,68
2026-01-01 12:18:57,25493314,auth.master,TechGirl7,none,lockout(3fails/300s),False,0.0,68
2026-01-01 12:18:57,25493314,vault_user,TechGirl7,none,lockout(3fails/300s),False,0.0,68
2026-01-01 12:18:58,25493314,system.sec,TechGirl7,none,lockout(3fails/300s),False,0.0,68
2026-01-01 12:18:58,25493314,secure.login,TechGirl7,none,lockout(3fails/300s),False,0.0,68
2026-01-01 12:18:58,25493314,user1,Cloud123,none,lockout(3fails/300s),False,0.0,69
2026-01-01 12:18:58,25493314,admin,Cloud123,none,lockout(3fails/300s),False,0.0,69
2026-01-01 12:18:58,25493314,guest,Cloud123,none,lockout(3fails/300s),False,0.0,69
2026-01-01 12:18:58,25493314,test,Cloud123,none,lockout(3fails/300s),False,0.0,69
2026-01-01 12:18:58,25493314,hello,Cloud123,none,lockout(3fails/300s),False,0.0,69
2026-01-01 12:18:58,25493314,name,Cloud123,none,lockout(3fails/300s),False,0.0,69
2026-01-01 12:18:58,25493314,login,Cloud123,none,lockout(3fails/300s),False,0.0,69
2026-01-01 12:18:58,25493314,abc,Cloud123,none,lockout(3fails/300s),False,0.0,69
2026-01-01 12:18:58,25493314,demo,Cloud123,none,lockout(3fails/300s),False,0.0,69
2026-01-01 12:18:58,25493314,student,Cloud123,none,lockout(3fails/300s),False,0.0,69
2026-01-01 12:18:58,25493314,Student_user,Cloud123,none,lockout(3fails/300s),False,0.0,69
2026-01-01 12:18:58,25493314,user_test,Cloud123,none,lockout(3fails/300s),False,0.0,69
2026-01-01 12:18:58,25493314,bluecat,Cloud123,none,lockout(3fails/300s),False,0.0,69
2026-01-01 12:18:58,25493314,student1,Cloud123,none,lockout(3fails/300s),False,0.0,69
2026-01-01 12:18:58,25493314,login_user,Cloud123,none,lockout(3fails/300s),False,0.0,69
2026-01-01 12:18:58,25493314,pythonfan,Cloud123,none,lockout(3fails/300s),False,0.0,69
2026-01-01 12:18:58,25493314,techgirl,Cloud123,none,lockout(3fails/300s),False,0.0,69
2026-01-01 12:18:58,25493314,cloud_user,Cloud123,none,lockout(3fails/300s),False,0.0,69
2026-01-01 12:18:58,25493314,gamer22,Cloud123,none,lockout(3fails/300s),False,0.0,69
2026-01-01 12:18:58,25493314,webdev,Cloud123,none,lockout(3fails/300s),False,0.0,69
2026-01-01 12:18:58,25493314,sha.sec,Cloud123,none,lockout(3fails/300s),False,0.0,69
2026-01-01 12:18:58,25493314,secure_user,Cloud123,none,lockout(3fails/300s),False,0.0,69
2026-01-01 12:18:58,25493314,cyber.auth,Cloud123,none,lockout(3fails/300s),False,0.0,69
2026-01-01 12:18:58,25493314,dev.access,Cloud123,none,lockout(3fails/300s),False,0.0,69
2026-01-01 12:18:58,25493314,root.guard,Cloud123,none,lockout(3fails/300s),False,0.0,69
2026-01-01 12:18:58,25493314,net.lock,Cloud123,none,lockout(3fails/300s),False,0.0,69
2026-01-01 12:18:58,25493314,auth.master,Cloud123,none,lockout(3fails/300s),False,0.0,69
2026-01-01 12:18:58,25493314,vault_user,Cloud123,none,lockout(3fails/300s),False,0.0,69
2026-01-01 12:18:58,25493314,system.sec,Cloud123,none,lockout(3fails/300s),False,0.0,69
2026-01-01 12:18:59,25493314,secure.login,Cloud123,none,lockout(3fails/300s),False,0.0,69
2026-01-01 12:18:59,25493314,user1,GameOn22,none,lockout(3fails/300s),False,0.0,70
2026-01-01 12:18:59,25493314,admin,GameOn22,none,lockout(3fails/300s),False,0.0,70
2026-01-01 12:18:59,25493314,guest,GameOn22,none,lockout(3fails/300s),False,0.0,70
2026-01-01 12:18:59,25493314,test,GameOn22,none,lockout(3fails/300s),False,0.0,70
2026-01-01 12:18:59,25493314,hello,GameOn22,none,lockout(3fails/300s),False,0.0,70
2026-01-01 12:18:59,25493314,name,GameOn22,none,lockout(3fails/300s),False,0.0,70
2026-01-01 12:18:59,25493314,login,GameOn22,none,lockout(3fails/300s),False,0.0,70
2026-01-01 12:18:59,25493314,abc,GameOn22,none,lockout(3fails/300s),False,0.0,70
2026-01-01 12:18:59,25493314,demo,GameOn22,none,lockout(3fails/300s),False,0.0,70
2026-01-01 12:18:59,25493314,student,GameOn22,none,lockout(3fails/300s),False,0.0,70
2026-01-01 12:18:59,25493314,Student_user,GameOn22,none,lockout(3fails/300s),False,0.01,70
2026-01-01 12:18:59,25493314,user_test,GameOn22,none,lockout(3fails/300s),False,0.0,70
2026-01-01 12:18:59,25493314,bluecat,GameOn22,none,lockout(3fails/300s),False,0.0,70
2026-01-01 12:18:59,25493314,student1,GameOn22,none,lockout(3fails/300s),False,0.0,70
2026-01-01 12:18:59,25493314,login_user,GameOn22,none,lockout(3fails/300s),False,0.0,70
2026-01-01 12:18:59,25493314,pythonfan,GameOn22,none,lockout(3fails/300s),False,0.0,70
2026-01-01 12:18:59,25493314,techgirl,GameOn22,none,lockout(3fails/300s),False,0.0,70
2026-01-01 12:18:59,25493314,cloud_user,GameOn22,none,lockout(3fails/300s),False,0.0,70
2026-01-01 12:18:59,25493314,gamer22,GameOn22,none,lockout(3fails/300s),False,0.0,70
2026-01-01 12:18:59,25493314,webdev,GameOn22,none,lockout(3fails/300s),False,0.0,70
2026-01-01 12:18:59,25493314,sha.sec,GameOn22,none,lockout(3fails/300s),False,0.0,70
2026-01-01 12:18:59,25493314,secure_user,GameOn22,none,lockout(3fails/300s),False,0.0,70
2026-01-01 12:18:59,25493314,cyber.auth,GameOn22,none,lockout(3fails/300s),False,0.0,70
2026-01-01 12:18:59,25493314,dev.access,GameOn22,none,lockout(3fails/300s),False,0.0,70
2026-01-01 12:18:59,25493314,root.guard,GameOn22,none,lockout(3fails/300s),False,0.0,70
2026-01-01 12:18:59,25493314,net.lock,GameOn22,none,lockout(3fails/300s),False,0.0,70
2026-01-01 12:18:59,25493314,auth.master,GameOn22,none,lockout(3fails/300s),False,0.0,70
2026-01-01 12:18:59,25493314,vault_user,GameOn22,none,lockout(3fails/300s),False,0.0,70
2026-01-01 12:18:59,25493314,system.sec,GameOn22,none,lockout(3fails/300s),False,0.0,70
2026-01-01 12:19:00,25493314,secure.login,GameOn22,none,lockout(3fails/300s),False,0.0,70
2026-01-01 12:19:00,25493314,user1,WebDev88,none,lockout(3fails/300s),False,0.0,71
2026-01-01 12:19:00,25493314,admin,WebDev88,none,lockout(3fails/300s),False,0.0,71
2026-01-01 12:19:00,25493314,guest,WebDev88,none,lockout(3fails/300s),False,0.0,71
2026-01-01 12:19:00,25493314,test,WebDev88,none,lockout(3fails/300s),False,0.0,71
2026-01-01 12:19:00,25493314,hello,WebDev88,none,lockout(3fails/300s),False,0.0,71
2026-01-01 12:19:00,25493314,name,WebDev88,none,lockout(3fails/300s),False,0.0,71
2026-01-01 12:19:00,25493314,login,WebDev88,none,lockout(3fails/300s),False,0.0,71
2026-01-01 12:19:00,25493314,abc,WebDev88,none,lockout(3fails/300s),False,0.0,71
2026-01-01 12:19:00,25493314,demo,WebDev88,none,lockout(3fails/300s),False,0.0,71
2026-01-01 12:19:00,25493314,student,WebDev88,none,lockout(3fails/300s),False,0.0,71
2026-01-01 12:19:00,25493314,Student_user,WebDev88,none,lockout(3fails/300s),False,0.0,71
2026-01-01 12:19:00,25493314,user_test,WebDev88,none,lockout(3fails/300s),False,0.0,71
2026-01-01 12:19:00,25493314,bluecat,WebDev88,none,lockout(3fails/300s),False,0.0,71
2026-01-01 12:19:00,25493314,student1,WebDev88,none,lockout(3fails/300s),False,0.0,71
2026-01-01 12:19:00,25493314,login_user,WebDev88,none,lockout(3fails/300s),False,0.0,71
2026-01-01 12:19:00,25493314,pythonfan,WebDev88,none,lockout(3fails/300s),False,0.0,71
2026-01-01 12:19:00,25493314,techgirl,WebDev88,none,lockout(3fails/300s),False,0.0,71
2026-01-01 12:19:00,25493314,cloud_user,WebDev88,none,lockout(3fails/300s),False,0.0,71
2026-01-01 12:19:00,25493314,gamer22,WebDev88,none,lockout(3fails/300s),False,0.0,71
2026-01-01 12:19:00,25493314,webdev,WebDev88,none,lockout(3fails/300s),False,0.0,71
2026-01-01 12:19:00,25493314,sha.sec,WebDev88,none,lockout(3fails/300s),False,0.0,71
2026-01-01 12:19:00,25493314,secure_user,WebDev88,none,lockout(3fails/300s),False,0.0,71
2026-01-01 12:19:00,25493314,cyber.auth,WebDev88,none,lockout(3fails/300s),False,0.0,71
2026-01-01 12:19:00,25493314,dev.access,WebDev88,none,lockout(3fails/300s),False,0.0,71
2026-01-01 12:19:00,25493314,root.guard,WebDev88,none,lockout(3fails/300s),False,0.0,71
2026-01-01 12:19:00,25493314,net.lock,WebDev88,none,lockout(3fails/300s),False,0.0,71
2026-01-01 12:19:00,25493314,auth.master,WebDev88,none,lockout(3fails/300s),False,0.0,71
2026-01-01 12:19:00,25493314,vault_user,WebDev88,none,lockout(3fails/300s),False,0.0,71
2026-01-01 12:19:01,25493314,system.sec,WebDev88,none,lockout(3fails/300s),False,0.0,71
2026-01-01 12:19:01,25493314,secure.login,WebDev88,none,lockout(3fails/300s),False,0.0,71
2026-01-01 12:20:14,25493314,user1,123456,none,lockout(3fails/300s),False,0.02,72
2026-01-01 12:20:14,25493314,admin,123456,none,lockout(3fails/300s),False,0.0,72
2026-01-01 12:20:14,25493314,guest,123456,none,lockout(3fails/300s),False,0.0,72
2026-01-01 12:20:14,25493314,test,123456,none,lockout(3fails/300s),False,0.0,72
2026-01-01 12:20:14,25493314,hello,123456,none,lockout(3fails/300s),False,0.0,72
2026-01-01 12:20:14,25493314,name,123456,none,lockout(3fails/300s),False,0.01,72
2026-01-01 12:20:14,25493314,login,123456,none,lockout(3fails/300s),False,0.01,72
2026-01-01 12:20:14,25493314,abc,123456,none,lockout(3fails/300s),False,0.0,72
2026-01-01 12:20:14,25493314,demo,123456,none,lockout(3fails/300s),False,0.0,72
2026-01-01 12:20:14,25493314,student,123456,none,lockout(3fails/300s),False,0.0,72
2026-01-01 12:20:15,25493314,Student_user,123456,none,lockout(3fails/300s),False,0.01,72
2026-01-01 12:20:15,25493314,user_test,123456,none,lockout(3fails/300s),False,0.0,72
2026-01-01 12:20:15,25493314,bluecat,123456,none,lockout(3fails/300s),False,0.0,72
2026-01-01 12:20:15,25493314,student1,123456,none,lockout(3fails/300s),False,0.0,72
2026-01-01 12:20:15,25493314,login_user,123456,none,lockout(3fails/300s),False,0.0,72
2026-01-01 12:20:15,25493314,pythonfan,123456,none,lockout(3fails/300s),False,0.0,72
2026-01-01 12:20:15,25493314,techgirl,123456,none,lockout(3fails/300s),False,0.0,72
2026-01-01 12:20:15,25493314,cloud_user,123456,none,lockout(3fails/300s),False,0.0,72
2026-01-01 12:20:15,25493314,gamer22,123456,none,lockout(3fails/300s),False,0.0,72
2026-01-01 12:20:15,25493314,webdev,123456,none,lockout(3fails/300s),False,0.0,72
2026-01-01 12:20:15,25493314,sha.sec,123456,none,lockout(3fails/300s),False,0.0,72
2026-01-01 12:20:15,25493314,secure_user,123456,none,lockout(3fails/300s),False,0.0,72
2026-01-01 12:20:15,25493314,cyber.auth,123456,none,lockout(3fails/300s),False,0.0,72
2026-01-01 12:20:15,25493314,dev.access,123456,none,lockout(3fails/300s),False,0.01,72
2026-01-01 12:20:15,25493314,root.guard,123456,none,lockout(3fails/300s),False,0.0,72
2026-01-01 12:20:15,25493314,net.lock,123456,none,lockout(3fails/300s),False,0.01,72
2026-01-01 12:20:15,25493314,auth.master,123456,none,lockout(3fails/300s),False,0.0,72
2026-01-01 12:20:15,25493314,vault_user,123456,none,lockout(3fails/300s),False,0.0,72
2026-01-01 12:20:15,25493314,system.sec,123456,none,lockout(3fails/300s),False,0.0,72
2026-01-01 12:20:15,25493314,secure.login,123456,none,lockout(3fails/300s),False,0.01,72
2026-01-01 12:20:15,25493314,user1,password,none,lockout(3fails/300s),False,0.0,73
2026-01-01 12:20:15,25493314,admin,password,none,lockout(3fails/300s),False,0.0,73
2026-01-01 12:20:15,25493314,guest,password,none,lockout(3fails/300s),False,0.0,73
2026-01-01 12:20:15,25493314,test,password,none,lockout(3fails/300s),False,0.0,73
2026-01-01 12:20:15,25493314,hello,password,none,lockout(3fails/300s),False,0.0,73
2026-01-01 12:20:15,25493314,name,password,none,lockout(3fails/300s),False,0.0,73
2026-01-01 12:20:15,25493314,login,password,none,lockout(3fails/300s),False,0.0,73
2026-01-01 12:20:15,25493314,abc,password,none,lockout(3fails/300s),False,0.0,73
2026-01-01 12:20:16,25493314,demo,password,none,lockout(3fails/300s),False,0.0,73
2026-01-01 12:20:16,25493314,student,password,none,lockout(3fails/300s),False,0.0,73
2026-01-01 12:20:16,25493314,Student_user,password,none,lockout(3fails/300s),False,0.0,73
2026-01-01 12:20:16,25493314,user_test,password,none,lockout(3fails/300s),False,0.0,73
2026-01-01 12:20:16,25493314,bluecat,password,none,lockout(3fails/300s),False,0.0,73
2026-01-01 12:20:16,25493314,student1,password,none,lockout(3fails/300s),False,0.0,73
2026-01-01 12:20:16,25493314,login_user,password,none,lockout(3fails/300s),False,0.0,73
2026-01-01 12:20:16,25493314,pythonfan,password,none,lockout(3fails/300s),False,0.0,73
2026-01-01 12:20:16,25493314,techgirl,password,none,lockout(3fails/300s),False,0.0,73
2026-01-01 12:20:16,25493314,cloud_user,password,none,lockout(3fails/300s),False,0.0,73
2026-01-01 12:20:16,25493314,gamer22,password,none,lockout(3fails/300s),False,0.0,73
2026-01-01 12:20:16,25493314,webdev,password,none,lockout(3fails/300s),False,0.0,73
2026-01-01 12:20:16,25493314,sha.sec,password,none,lockout(3fails/300s),False,0.0,73
2026-01-01 12:20:16,25493314,secure_user,password,none,lockout(3fails/300s),False,0.0,73
2026-01-01 12:20:16,25493314,cyber.auth,password,none,lockout(3fails/300s),False,0.0,73
2026-01-01 12:20:16,25493314,dev.access,password,none,lockout(3fails/300s),False,0.0,73
2026-01-01 12:20:16,25493314,root.guard,password,none,lockout(3fails/300s),False,0.0,73
2026-01-01 12:20:16,25493314,net.lock,password,none,lockout(3fails/300s),False,0.0,73
2026-01-01 12:20:16,25493314,auth.master,password,none,lockout(3fails/300s),False,0.0,73
2026-01-01 12:20:16,25493314,vault_user,password,none,lockout(3fails/300s),False,0.0,73
2026-01-01 12:20:16,25493314,system.sec,password,none,lockout(3fails/300s),False,0.0,73
2026-01-01 12:20:16,25493314,secure.login,password,none,lockout(3fails/300s),False,0.0,73
2026-01-01 12:20:16,25493314,user1,12345678,none,lockout(3fails/300s),False,0.0,74
2026-01-01 12:20:16,25493314,admin,12345678,none,lockout(3fails/300s),False,0.0,74
2026-01-01 12:20:16,25493314,guest,12345678,none,lockout(3fails/300s),False,0.0,74
2026-01-01 12:20:16,25493314,test,12345678,none,lockout(3fails/300s),False,0.0,74
2026-01-01 12:20:16,25493314,hello,12345678,none,lockout(3fails/300s),False,0.0,74
2026-01-01 12:20:16,25493314,name,12345678,none,lockout(3fails/300s),False,0.0,74
2026-01-01 12:20:16,25493314,login,12345678,none,lockout(3fails/300s),False,0.0,74
2026-01-01 12:20:17,25493314,abc,12345678,none,lockout(3fails/300s),False,0.0,74
2026-01-01 12:20:17,25493314,demo,12345678,none,lockout(3fails/300s),False,0.0,74
2026-01-01 12:20:17,25493314,student,12345678,none,lockout(3fails/300s),False,0.0,74
2026-01-01 12:20:17,25493314,Student_user,12345678,none,lockout(3fails/300s),False,0.0,74
2026-01-01 12:20:17,25493314,user_test,12345678,none,lockout(3fails/300s),False,0.0,74
2026-01-01 12:20:17,25493314,bluecat,12345678,none,lockout(3fails/300s),False,0.0,74
2026-01-01 12:20:17,25493314,student1,12345678,none,lockout(3fails/300s),False,0.0,74
2026-01-01 12:20:17,25493314,login_user,12345678,none,lockout(3fails/300s),False,0.0,74
2026-01-01 12:20:17,25493314,pythonfan,12345678,none,lockout(3fails/300s),False,0.0,74
2026-01-01 12:20:17,25493314,techgirl,12345678,none,lockout(3fails/300s),False,0.0,74
2026-01-01 12:20:17,25493314,cloud_user,12345678,none,lockout(3fails/300s),False,0.0,74
2026-01-01 12:20:17,25493314,gamer22,12345678,none,lockout(3fails/300s),False,0.0,74
2026-01-01 12:20:17,25493314,webdev,12345678,none,lockout(3fails/300s),False,0.0,74
2026-01-01 12:20:17,25493314,sha.sec,12345678,none,lockout(3fails/300s),False,0.0,74
2026-01-01 12:20:17,25493314,secure_user,12345678,none,lockout(3fails/300s),False,0.0,74
2026-01-01 12:20:17,25493314,cyber.auth,12345678,none,lockout(3fails/300s),False,0.0,74
2026-01-01 12:20:17,25493314,dev.access,12345678,none,lockout(3fails/300s),False,0.0,74
2026-01-01 12:20:17,25493314,root.guard,12345678,none,lockout(3fails/300s),False,0.0,74
2026-01-01 12:20:17,25493314,net.lock,12345678,none,lockout(3fails/300s),False,0.0,74
2026-01-01 12:20:17,25493314,auth.master,12345678,none,lockout(3fails/300s),False,0.0,74
2026-01-01 12:20:17,25493314,vault_user,12345678,none,lockout(3fails/300s),False,0.0,74
2026-01-01 12:20:17,25493314,system.sec,12345678,none,lockout(3fails/300s),False,0.0,74
2026-01-01 12:20:17,25493314,secure.login,12345678,none,lockout(3fails/300s),False,0.0,74
2026-01-01 12:20:17,25493314,user1,qwerty,none,lockout(3fails/300s),False,0.0,75
2026-01-01 12:20:17,25493314,admin,qwerty,none,lockout(3fails/300s),False,0.0,75
2026-01-01 12:20:17,25493314,guest,qwerty,none,lockout(3fails/300s),False,0.0,75
2026-01-01 12:20:17,25493314,test,qwerty,none,lockout(3fails/300s),False,0.0,75
2026-01-01 12:20:17,25493314,hello,qwerty,none,lockout(3fails/300s),False,0.0,75
2026-01-01 12:20:18,25493314,name,qwerty,none,lockout(3fails/300s),False,0.0,75
2026-01-01 12:20:18,25493314,login,qwerty,none,lockout(3fails/300s),False,0.0,75
2026-01-01 12:20:18,25493314,abc,qwerty,none,lockout(3fails/300s),False,0.0,75
2026-01-01 12:20:18,25493314,demo,qwerty,none,lockout(3fails/300s),False,0.0,75
2026-01-01 12:20:18,25493314,student,qwerty,none,lockout(3fails/300s),False,0.0,75
2026-01-01 12:20:18,25493314,Student_user,qwerty,none,lockout(3fails/300s),False,0.0,75
2026-01-01 12:20:18,25493314,user_test,qwerty,none,lockout(3fails/300s),False,0.0,75
2026-01-01 12:20:18,25493314,bluecat,qwerty,none,lockout(3fails/300s),False,0.0,75
2026-01-01 12:20:18,25493314,student1,qwerty,none,lockout(3fails/300s),False,0.0,75
2026-01-01 12:20:18,25493314,login_user,qwerty,none,lockout(3fails/300s),False,0.0,75
2026-01-01 12:20:18,25493314,pythonfan,qwerty,none,lockout(3fails/300s),False,0.0,75
2026-01-01 12:20:18,25493314,techgirl,qwerty,none,lockout(3fails/300s),False,0.0,75
2026-01-01 12:20:18,25493314,cloud_user,qwerty,none,lockout(3fails/300s),False,0.0,75
2026-01-01 12:20:18,25493314,gamer22,qwerty,none,lockout(3fails/300s),False,0.0,75
2026-01-01 12:20:18,25493314,webdev,qwerty,none,lockout(3fails/300s),False,0.0,75
2026-01-01 12:20:18,25493314,sha.sec,qwerty,none,lockout(3fails/300s),False,0.0,75
2026-01-01 12:20:18,25493314,secure_user,qwerty,none,lockout(3fails/300s),False,0.0,75
2026-01-01 12:20:18,25493314,cyber.auth,qwerty,none,lockout(3fails/300s),False,0.0,75
2026-01-01 12:20:18,25493314,dev.access,qwerty,none,lockout(3fails/300s),False,0.0,75
2026-01-01 12:20:18,25493314,root.guard,qwerty,none,lockout(3fails/300s),False,0.0,75
2026-01-01 12:20:18,25493314,net.lock,qwerty,none,lockout(3fails/300s),False,0.0,75
2026-01-01 12:20:18,25493314,auth.master,qwerty,none,lockout(3fails/300s),False,0.0,75
2026-01-01 12:20:18,25493314,vault_user,qwerty,none,lockout(3fails/300s),False,0.0,75
2026-01-01 12:20:18,25493314,system.sec,qwerty,none,lockout(3fails/300s),False,0.0,75
2026-01-01 12:20:18,25493314,secure.login,qwerty,none,lockout(3fails/300s),False,0.0,75
2026-01-01 12:20:18,25493314,user1,123456789,none,lockout(3fails/300s),False,0.01,76
2026-01-01 12:20:18,25493314,admin,123456789,none,lockout(3fails/300s),False,0.0,76
2026-01-01 12:20:18,25493314,guest,123456789,none,lockout(3fails/300s),False,0.0,76
2026-01-01 12:20:19,25493314,test,123456789,none,lockout(3fails/300s),False,0.0,76
2026-01-01 12:20:19,25493314,hello,123456789,none,lockout(3fails/300s),False,0.0,76
2026-01-01 12:20:19,25493314,name,123456789,none,lockout(3fails/300s),False,0.0,76
2026-01-01 12:20:19,25493314,login,123456789,none,lockout(3fails/300s),False,0.0,76
2026-01-01 12:20:19,25493314,abc,123456789,none,lockout(3fails/300s),False,0.0,76
2026-01-01 12:20:19,25493314,demo,123456789,none,lockout(3fails/300s),False,0.0,76
2026-01-01 12:20:19,25493314,student,123456789,none,lockout(3fails/300s),False,0.0,76
2026-01-01 12:20:19,25493314,Student_user,123456789,none,lockout(3fails/300s),False,0.0,76
2026-01-01 12:20:19,25493314,user_test,123456789,none,lockout(3fails/300s),False,0.0,76
2026-01-01 12:20:19,25493314,bluecat,123456789,none,lockout(3fails/300s),False,0.0,76
2026-01-01 12:20:19,25493314,student1,123456789,none,lockout(3fails/300s),False,0.0,76
2026-01-01 12:20:19,25493314,login_user,123456789,none,lockout(3fails/300s),False,0.0,76
2026-01-01 12:20:19,25493314,pythonfan,123456789,none,lockout(3fails/300s),False,0.0,76
2026-01-01 12:20:19,25493314,techgirl,123456789,none,lockout(3fails/300s),False,0.0,76
2026-01-01 12:20:19,25493314,cloud_user,123456789,none,lockout(3fails/300s),False,0.0,76
2026-01-01 12:20:19,25493314,gamer22,123456789,none,lockout(3fails/300s),False,0.0,76
2026-01-01 12:20:19,25493314,webdev,123456789,none,lockout(3fails/300s),False,0.0,76
2026-01-01 12:20:19,25493314,sha.sec,123456789,none,lockout(3fails/300s),False,0.0,76
2026-01-01 12:20:19,25493314,secure_user,123456789,none,lockout(3fails/300s),False,0.0,76
2026-01-01 12:20:19,25493314,cyber.auth,123456789,none,lockout(3fails/300s),False,0.0,76
2026-01-01 12:20:19,25493314,dev.access,123456789,none,lockout(3fails/300s),False,0.0,76
2026-01-01 12:20:19,25493314,root.guard,123456789,none,lockout(3fails/300s),False,0.0,76
2026-01-01 12:20:19,25493314,net.lock,123456789,none,lockout(3fails/300s),False,0.0,76
2026-01-01 12:20:19,25493314,auth.master,123456789,none,lockout(3fails/300s),False,0.0,76
2026-01-01 12:20:19,25493314,vault_user,123456789,none,lockout(3fails/300s),False,0.0,76
2026-01-01 12:20:19,25493314,system.sec,123456789,none,lockout(3fails/300s),False,0.0,76
2026-01-01 12:20:19,25493314,secure.login,123456789,none,lockout(3fails/300s),False,0.0,76
2026-01-01 12:20:19,25493314,user1,12345,none,lockout(3fails/300s),False,0.0,77
2026-01-01 12:20:20,25493314,admin,12345,none,lockout(3fails/300s),False,0.0,77
2026-01-01 12:20:20,25493314,guest,12345,none,lockout(3fails/300s),False,0.0,77
2026-01-01 12:20:20,25493314,test,12345,none,lockout(3fails/300s),False,0.0,77
2026-01-01 12:20:20,25493314,hello,12345,none,lockout(3fails/300s),False,0.0,77
2026-01-01 12:20:20,25493314,name,12345,none,lockout(3fails/300s),False,0.0,77
2026-01-01 12:20:20,25493314,login,12345,none,lockout(3fails/300s),False,0.0,77
2026-01-01 12:20:20,25493314,abc,12345,none,lockout(3fails/300s),False,0.0,77
2026-01-01 12:20:20,25493314,demo,12345,none,lockout(3fails/300s),False,0.0,77
2026-01-01 12:20:20,25493314,student,12345,none,lockout(3fails/300s),False,0.0,77
2026-01-01 12:20:20,25493314,Student_user,12345,none,lockout(3fails/300s),False,0.0,77
2026-01-01 12:20:20,25493314,user_test,12345,none,lockout(3fails/300s),False,0.0,77
2026-01-01 12:20:20,25493314,bluecat,12345,none,lockout(3fails/300s),False,0.0,77
2026-01-01 12:20:20,25493314,student1,12345,none,lockout(3fails/300s),False,0.0,77
2026-01-01 12:20:20,25493314,login_user,12345,none,lockout(3fails/300s),False,0.0,77
2026-01-01 12:20:20,25493314,pythonfan,12345,none,lockout(3fails/300s),False,0.0,77
2026-01-01 12:20:20,25493314,techgirl,12345,none,lockout(3fails/300s),False,0.0,77
2026-01-01 12:20:20,25493314,cloud_user,12345,none,lockout(3fails/300s),False,0.0,77
2026-01-01 12:20:20,25493314,gamer22,12345,none,lockout(3fails/300s),False,0.0,77
2026-01-01 12:20:20,25493314,webdev,12345,none,lockout(3fails/300s),False,0.0,77
2026-01-01 12:20:20,25493314,sha.sec,12345,none,lockout(3fails/300s),False,0.0,77
2026-01-01 12:20:20,25493314,secure_user,12345,none,lockout(3fails/300s),False,0.0,77
2026-01-01 12:20:20,25493314,cyber.auth,12345,none,lockout(3fails/300s),False,0.0,77
2026-01-01 12:20:20,25493314,dev.access,12345,none,lockout(3fails/300s),False,0.0,77
2026-01-01 12:20:20,25493314,root.guard,12345,none,lockout(3fails/300s),False,0.0,77
2026-01-01 12:20:20,25493314,net.lock,12345,none,lockout(3fails/300s),False,0.0,77
2026-01-01 12:20:20,25493314,auth.master,12345,none,lockout(3fails/300s),False,0.0,77
2026-01-01 12:20:20,25493314,vault_user,12345,none,lockout(3fails/300s),False,0.0,77
2026-01-01 12:20:21,25493314,system.sec,12345,none,lockout(3fails/300s),False,0.0,77
2026-01-01 12:20:21,25493314,secure.login,12345,none,lockout(3fails/300s),False,0.0,77
2026-01-01 12:20:21,25493314,user1,1234,none,lockout(3fails/300s),False,0.0,78
2026-01-01 12:20:21,25493314,admin,1234,none,lockout(3fails/300s),False,0.0,78
2026-01-01 12:20:21,25493314,guest,1234,none,lockout(3fails/300s),False,0.0,78
2026-01-01 12:20:21,25493314,test,1234,none,lockout(3fails/300s),False,0.0,78
2026-01-01 12:20:21,25493314,hello,1234,none,lockout(3fails/300s),False,0.01,78
2026-01-01 12:20:21,25493314,name,1234,none,lockout(3fails/300s),False,0.0,78
2026-01-01 12:20:21,25493314,login,1234,none,lockout(3fails/300s),False,0.0,78
2026-01-01 12:20:21,25493314,abc,1234,none,lockout(3fails/300s),False,0.0,78
2026-01-01 12:20:21,25493314,demo,1234,none,lockout(3fails/300s),False,0.0,78
2026-01-01 12:20:21,25493314,student,1234,none,lockout(3fails/300s),False,0.0,78
2026-01-01 12:20:21,25493314,Student_user,1234,none,lockout(3fails/300s),False,0.0,78
2026-01-01 12:20:21,25493314,user_test,1234,none,lockout(3fails/300s),False,0.0,78
2026-01-01 12:20:21,25493314,bluecat,1234,none,lockout(3fails/300s),False,0.0,78
2026-01-01 12:20:21,25493314,student1,1234,none,lockout(3fails/300s),False,0.0,78
2026-01-01 12:20:21,25493314,login_user,1234,none,lockout(3fails/300s),False,0.0,78
2026-01-01 12:20:21,25493314,pythonfan,1234,none,lockout(3fails/300s),False,0.0,78
2026-01-01 12:20:21,25493314,techgirl,1234,none,lockout(3fails/300s),False,0.0,78
2026-01-01 12:20:21,25493314,cloud_user,1234,none,lockout(3fails/300s),False,0.0,78
2026-01-01 12:20:21,25493314,gamer22,1234,none,lockout(3fails/300s),False,0.0,78
2026-01-01 12:20:21,25493314,webdev,1234,none,lockout(3fails/300s),False,0.0,78
2026-01-01 12:20:21,25493314,sha.sec,1234,none,lockout(3fails/300s),False,0.0,78
2026-01-01 12:20:21,25493314,secure_user,1234,none,lockout(3fails/300s),False,0.0,78
2026-01-01 12:20:21,25493314,cyber.auth,1234,none,lockout(3fails/300s),False,0.0,78
2026-01-01 12:20:21,25493314,dev.access,1234,none,lockout(3fails/300s),False,0.0,78
2026-01-01 12:20:21,25493314,root.guard,1234,none,lockout(3fails/300s),False,0.0,78
2026-01-01 12:20:22,25493314,net.lock,1234,none,lockout(3fails/300s),False,0.0,78
2026-01-01 12:20:22,25493314,auth.master,1234,none,lockout(3fails/300s),False,0.0,78
2026-01-01 12:20:22,25493314,vault_user,1234,none,lockout(3fails/300s),False,0.0,78
2026-01-01 12:20:22,25493314,system.sec,1234,none,lockout(3fails/300s),False,0.0,78
2026-01-01 12:20:22,25493314,secure.login,1234,none,lockout(3fails/300s),False,0.0,78
2026-01-01 12:20:22,25493314,user1,111111,none,lockout(3fails/300s),False,0.0,79
2026-01-01 12:20:22,25493314,admin,111111,none,lockout(3fails/300s),False,0.0,79
2026-01-01 12:20:22,25493314,guest,111111,none,lockout(3fails/300s),False,0.0,79
2026-01-01 12:20:22,25493314,test,111111,none,lockout(3fails/300s),False,0.0,79
2026-01-01 12:20:22,25493314,hello,111111,none,lockout(3fails/300s),False,0.0,79
2026-01-01 12:20:22,25493314,name,111111,none,lockout(3fails/300s),False,0.0,79
2026-01-01 12:20:22,25493314,login,111111,none,lockout(3fails/300s),False,0.01,79
2026-01-01 12:20:22,25493314,abc,111111,none,lockout(3fails/300s),False,0.0,79
2026-01-01 12:20:22,25493314,demo,111111,none,lockout(3fails/300s),False,0.0,79
2026-01-01 12:20:22,25493314,student,111111,none,lockout(3fails/300s),False,0.0,79
2026-01-01 12:20:22,25493314,Student_user,111111,none,lockout(3fails/300s),False,0.0,79
2026-01-01 12:20:22,25493314,user_test,111111,none,lockout(3fails/300s),False,0.0,79
2026-01-01 12:20:22,25493314,bluecat,111111,none,lockout(3fails/300s),False,0.0,79
2026-01-01 12:20:22,25493314,student1,111111,none,lockout(3fails/300s),False,0.0,79
2026-01-01 12:20:22,25493314,login_user,111111,none,lockout(3fails/300s),False,0.0,79
2026-01-01 12:20:22,25493314,pythonfan,111111,none,lockout(3fails/300s),False,0.0,79
2026-01-01 12:20:22,25493314,techgirl,111111,none,lockout(3fails/300s),False,0.0,79
2026-01-01 12:20:22,25493314,cloud_user,111111,none,lockout(3fails/300s),False,0.0,79
2026-01-01 12:20:22,25493314,gamer22,111111,none,lockout(3fails/300s),False,0.0,79
2026-01-01 12:20:22,25493314,webdev,111111,none,lockout(3fails/300s),False,0.0,79
2026-01-01 12:20:22,25493314,sha.sec,111111,none,lockout(3fails/300s),False,0.0,79
2026-01-01 12:20:22,25493314,secure_user,111111,none,lockout(3fails/300s),False,0.0,79
2026-01-01 12:20:23,25493314,cyber.auth,111111,none,lockout(3fails/300s),False,0.0,79
2026-01-01 12:20:23,25493314,dev.access,111111,none,lockout(3fails/300s),False,0.0,79
2026-01-01 12:20:23,25493314,root.guard,111111,none,lockout(3fails/300s),False,0.0,79
2026-01-01 12:20:23,25493314,net.lock,111111,none,lockout(3fails/300s),False,0.0,79
2026-01-01 12:20:23,25493314,auth.master,111111,none,lockout(3fails/300s),False,0.0,79
2026-01-01 12:20:23,25493314,vault_user,111111,none,lockout(3fails/300s),False,0.0,79
2026-01-01 12:20:23,25493314,system.sec,111111,none,lockout(3fails/300s),False,0.0,79
2026-01-01 12:20:23,25493314,secure.login,111111,none,lockout(3fails/300s),False,0.0,79
2026-01-01 12:20:23,25493314,user1,1234567,none,lockout(3fails/300s),False,0.0,80
2026-01-01 12:20:23,25493314,admin,1234567,none,lockout(3fails/300s),False,0.0,80
2026-01-01 12:20:23,25493314,guest,1234567,none,lockout(3fails/300s),False,0.0,80
2026-01-01 12:20:23,25493314,test,1234567,none,lockout(3fails/300s),False,0.0,80
2026-01-01 12:20:23,25493314,hello,1234567,none,lockout(3fails/300s),False,0.0,80
2026-01-01 12:20:23,25493314,name,1234567,none,lockout(3fails/300s),False,0.0,80
2026-01-01 12:20:23,25493314,login,1234567,none,lockout(3fails/300s),False,0.0,80
2026-01-01 12:20:23,25493314,abc,1234567,none,lockout(3fails/300s),False,0.0,80
2026-01-01 12:20:23,25493314,demo,1234567,none,lockout(3fails/300s),False,0.0,80
2026-01-01 12:20:23,25493314,student,1234567,none,lockout(3fails/300s),False,0.0,80
2026-01-01 12:20:23,25493314,Student_user,1234567,none,lockout(3fails/300s),False,0.0,80
2026-01-01 12:20:23,25493314,user_test,1234567,none,lockout(3fails/300s),False,0.0,80
2026-01-01 12:20:23,25493314,bluecat,1234567,none,lockout(3fails/300s),False,0.0,80
2026-01-01 12:20:23,25493314,student1,1234567,none,lockout(3fails/300s),False,0.0,80
2026-01-01 12:20:23,25493314,login_user,1234567,none,lockout(3fails/300s),False,0.0,80
2026-01-01 12:20:23,25493314,pythonfan,1234567,none,lockout(3fails/300s),False,0.0,80
2026-01-01 12:20:23,25493314,techgirl,1234567,none,lockout(3fails/300s),False,0.0,80
2026-01-01 12:20:23,25493314,cloud_user,1234567,none,lockout(3fails/300s),False,0.0,80
2026-01-01 12:20:23,25493314,gamer22,1234567,none,lockout(3fails/300s),False,0.0,80
2026-01-01 12:20:24,25493314,webdev,1234567,none,lockout(3fails/300s),False,0.0,80
2026-01-01 12:20:24,25493314,sha.sec,1234567,none,lockout(3fails/300s),False,0.0,80
2026-01-01 12:20:24,25493314,secure_user,1234567,none,lockout(3fails/300s),False,0.0,80
2026-01-01 12:20:24,25493314,cyber.auth,1234567,none,lockout(3fails/300s),False,0.0,80
2026-01-01 12:20:24,25493314,dev.access,1234567,none,lockout(3fails/300s),False,0.0,80
2026-01-01 12:20:24,25493314,root.guard,1234567,none,lockout(3fails/300s),False,0.0,80
2026-01-01 12:20:24,25493314,net.lock,1234567,none,lockout(3fails/300s),False,0.0,80
2026-01-01 12:20:24,25493314,auth.master,1234567,none,lockout(3fails/300s),False,0.0,80
2026-01-01 12:20:24,25493314,vault_user,1234567,none,lockout(3fails/300s),False,0.0,80
2026-01-01 12:20:24,25493314,system.sec,1234567,none,lockout(3fails/300s),False,0.0,80
2026-01-01 12:20:24,25493314,secure.login,1234567,none,lockout(3fails/300s),False,0.0,80
2026-01-01 12:20:24,25493314,user1,dragon,none,lockout(3fails/300s),False,0.0,81
2026-01-01 12:20:24,25493314,admin,dragon,none,lockout(3fails/300s),False,0.0,81
2026-01-01 12:20:24,25493314,guest,dragon,none,lockout(3fails/300s),False,0.0,81
2026-01-01 12:20:24,25493314,test,dragon,none,lockout(3fails/300s),False,0.0,81
2026-01-01 12:20:24,25493314,hello,dragon,none,lockout(3fails/300s),False,0.0,81
2026-01-01 12:20:24,25493314,name,dragon,none,lockout(3fails/300s),False,0.0,81
2026-01-01 12:20:24,25493314,login,dragon,none,lockout(3fails/300s),False,0.0,81
2026-01-01 12:20:24,25493314,abc,dragon,none,lockout(3fails/300s),False,0.0,81
2026-01-01 12:20:24,25493314,demo,dragon,none,lockout(3fails/300s),False,0.0,81
2026-01-01 12:20:24,25493314,student,dragon,none,lockout(3fails/300s),False,0.0,81
2026-01-01 12:20:24,25493314,Student_user,dragon,none,lockout(3fails/300s),False,0.0,81
2026-01-01 12:20:24,25493314,user_test,dragon,none,lockout(3fails/300s),False,0.0,81
2026-01-01 12:20:24,25493314,bluecat,dragon,none,lockout(3fails/300s),False,0.0,81
2026-01-01 12:20:24,25493314,student1,dragon,none,lockout(3fails/300s),False,0.0,81
2026-01-01 12:20:24,25493314,login_user,dragon,none,lockout(3fails/300s),False,0.0,81
2026-01-01 12:20:25,25493314,pythonfan,dragon,none,lockout(3fails/300s),False,0.0,81
2026-01-01 12:20:25,25493314,techgirl,dragon,none,lockout(3fails/300s),False,0.0,81
2026-01-01 12:20:25,25493314,cloud_user,dragon,none,lockout(3fails/300s),False,0.0,81
2026-01-01 12:20:25,25493314,gamer22,dragon,none,lockout(3fails/300s),False,0.0,81
2026-01-01 12:20:25,25493314,webdev,dragon,none,lockout(3fails/300s),False,0.0,81
2026-01-01 12:20:25,25493314,sha.sec,dragon,none,lockout(3fails/300s),False,0.0,81
2026-01-01 12:20:25,25493314,secure_user,dragon,none,lockout(3fails/300s),False,0.0,81
2026-01-01 12:20:25,25493314,cyber.auth,dragon,none,lockout(3fails/300s),False,0.0,81
2026-01-01 12:20:25,25493314,dev.access,dragon,none,lockout(3fails/300s),False,0.0,81
2026-01-01 12:20:25,25493314,root.guard,dragon,none,lockout(3fails/300s),False,0.0,81
2026-01-01 12:20:25,25493314,net.lock,dragon,none,lockout(3fails/300s),False,0.0,81
2026-01-01 12:20:25,25493314,auth.master,dragon,none,lockout(3fails/300s),False,0.0,81
2026-01-01 12:20:25,25493314,vault_user,dragon,none,lockout(3fails/300s),False,0.0,81
2026-01-01 12:20:25,25493314,system.sec,dragon,none,lockout(3fails/300s),False,0.0,81
2026-01-01 12:20:25,25493314,secure.login,dragon,none,lockout(3fails/300s),False,0.0,81
2026-01-01 12:20:25,25493314,user1,123123,none,lockout(3fails/300s),False,0.0,82
2026-01-01 12:20:25,25493314,admin,123123,none,lockout(3fails/300s),False,0.0,82
2026-01-01 12:20:25,25493314,guest,123123,none,lockout(3fails/300s),False,0.0,82
2026-01-01 12:20:25,25493314,test,123123,none,lockout(3fails/300s),False,0.0,82
2026-01-01 12:20:25,25493314,hello,123123,none,lockout(3fails/300s),False,0.0,82
2026-01-01 12:20:25,25493314,name,123123,none,lockout(3fails/300s),False,0.0,82
2026-01-01 12:20:25,25493314,login,123123,none,lockout(3fails/300s),False,0.0,82
2026-01-01 12:20:25,25493314,abc,123123,none,lockout(3fails/300s),False,0.0,82
2026-01-01 12:20:25,25493314,demo,123123,none,lockout(3fails/300s),False,0.0,82
2026-01-01 12:20:25,25493314,student,123123,none,lockout(3fails/300s),False,0.0,82
2026-01-01 12:20:25,25493314,Student_user,123123,none,lockout(3fails/300s),False,0.0,82
2026-01-01 12:20:25,25493314,user_test,123123,none,lockout(3fails/300s),False,0.0,82
2026-01-01 12:20:26,25493314,bluecat,123123,none,lockout(3fails/300s),False,0.0,82
2026-01-01 12:20:26,25493314,student1,123123,none,lockout(3fails/300s),False,0.0,82
2026-01-01 12:20:26,25493314,login_user,123123,none,lockout(3fails/300s),False,0.0,82
2026-01-01 12:20:26,25493314,pythonfan,123123,none,lockout(3fails/300s),False,0.0,82
2026-01-01 12:20:26,25493314,techgirl,123123,none,lockout(3fails/300s),False,0.0,82
2026-01-01 12:20:26,25493314,cloud_user,123123,none,lockout(3fails/300s),False,0.0,82
2026-01-01 12:20:26,25493314,gamer22,123123,none,lockout(3fails/300s),False,0.0,82
2026-01-01 12:20:26,25493314,webdev,123123,none,lockout(3fails/300s),False,0.0,82
2026-01-01 12:20:26,25493314,sha.sec,123123,none,lockout(3fails/300s),False,0.0,82
2026-01-01 12:20:26,25493314,secure_user,123123,none,lockout(3fails/300s),False,0.0,82
2026-01-01 12:20:26,25493314,cyber.auth,123123,none,lockout(3fails/300s),False,0.0,82
2026-01-01 12:20:26,25493314,dev.access,123123,none,lockout(3fails/300s),False,0.0,82
2026-01-01 12:20:26,25493314,root.guard,123123,none,lockout(3fails/300s),False,0.0,82
2026-01-01 12:20:26,25493314,net.lock,123123,none,lockout(3fails/300s),False,0.0,82
2026-01-01 12:20:26,25493314,auth.master,123123,none,lockout(3fails/300s),False,0.0,82
2026-01-01 12:20:26,25493314,vault_user,123123,none,lockout(3fails/300s),False,0.0,82
2026-01-01 12:20:26,25493314,system.sec,123123,none,lockout(3fails/300s),False,0.0,82
2026-01-01 12:20:26,25493314,secure.login,123123,none,lockout(3fails/300s),False,0.0,82
2026-01-01 12:20:26,25493314,user1,baseball,none,lockout(3fails/300s),False,0.0,83
2026-01-01 12:20:26,25493314,admin,baseball,none,lockout(3fails/300s),False,0.0,83
2026-01-01 12:20:26,25493314,guest,baseball,none,lockout(3fails/300s),False,0.0,83
2026-01-01 12:20:26,25493314,test,baseball,none,lockout(3fails/300s),False,0.0,83
2026-01-01 12:20:26,25493314,hello,baseball,none,lockout(3fails/300s),False,0.0,83
2026-01-01 12:20:26,25493314,name,baseball,none,lockout(3fails/300s),False,0.0,83
2026-01-01 12:20:26,25493314,login,baseball,none,lockout(3fails/300s),False,0.0,83
2026-01-01 12:20:26,25493314,abc,baseball,none,lockout(3fails/300s),False,0.0,83
2026-01-01 12:20:27,25493314,demo,baseball,none,lockout(3fails/300s),False,0.0,83
2026-01-01 12:20:27,25493314,student,baseball,none,lockout(3fails/300s),False,0.0,83
2026-01-01 12:20:27,25493314,Student_user,baseball,none,lockout(3fails/300s),False,0.0,83
2026-01-01 12:20:27,25493314,user_test,baseball,none,lockout(3fails/300s),False,0.0,83
2026-01-01 12:20:27,25493314,bluecat,baseball,none,lockout(3fails/300s),False,0.0,83
2026-01-01 12:20:27,25493314,student1,baseball,none,lockout(3fails/300s),False,0.0,83
2026-01-01 12:20:27,25493314,login_user,baseball,none,lockout(3fails/300s),False,0.0,83
2026-01-01 12:20:27,25493314,pythonfan,baseball,none,lockout(3fails/300s),False,0.0,83
2026-01-01 12:20:27,25493314,techgirl,baseball,none,lockout(3fails/300s),False,0.0,83
2026-01-01 12:20:27,25493314,cloud_user,baseball,none,lockout(3fails/300s),False,0.0,83
2026-01-01 12:20:27,25493314,gamer22,baseball,none,lockout(3fails/300s),False,0.0,83
2026-01-01 12:20:27,25493314,webdev,baseball,none,lockout(3fails/300s),False,0.0,83
2026-01-01 12:20:27,25493314,sha.sec,baseball,none,lockout(3fails/300s),False,0.0,83
2026-01-01 12:20:27,25493314,secure_user,baseball,none,lockout(3fails/300s),False,0.0,83
2026-01-01 12:20:27,25493314,cyber.auth,baseball,none,lockout(3fails/300s),False,0.0,83
2026-01-01 12:20:27,25493314,dev.access,baseball,none,lockout(3fails/300s),False,0.0,83
2026-01-01 12:20:27,25493314,root.guard,baseball,none,lockout(3fails/300s),False,0.0,83
2026-01-01 12:20:27,25493314,net.lock,baseball,none,lockout(3fails/300s),False,0.0,83
2026-01-01 12:20:27,25493314,auth.master,baseball,none,lockout(3fails/300s),False,0.0,83
2026-01-01 12:20:27,25493314,vault_user,baseball,none,lockout(3fails/300s),False,0.0,83
2026-01-01 12:20:27,25493314,system.sec,baseball,none,lockout(3fails/300s),False,0.0,83
2026-01-01 12:20:27,25493314,secure.login,baseball,none,lockout(3fails/300s),False,0.0,83
2026-01-01 12:20:27,25493314,user1,abc123,none,lockout(3fails/300s),False,0.0,84
2026-01-01 12:20:27,25493314,admin,abc123,none,lockout(3fails/300s),False,0.0,84
2026-01-01 12:20:27,25493314,guest,abc123,none,lockout(3fails/300s),False,0.0,84
2026-01-01 12:20:27,25493314,test,abc123,none,lockout(3fails/300s),False,0.0,84
2026-01-01 12:20:28,25493314,hello,abc123,none,lockout(3fails/300s),False,0.0,84
2026-01-01 12:20:28,25493314,name,abc123,none,lockout(3fails/300s),False,0.0,84
2026-01-01 12:20:28,25493314,login,abc123,none,lockout(3fails/300s),False,0.0,84
2026-01-01 12:20:28,25493314,abc,abc123,none,lockout(3fails/300s),False,0.0,84
2026-01-01 12:20:28,25493314,demo,abc123,none,lockout(3fails/300s),False,0.0,84
2026-01-01 12:20:28,25493314,student,abc123,none,lockout(3fails/300s),False,0.0,84
2026-01-01 12:20:28,25493314,Student_user,abc123,none,lockout(3fails/300s),False,0.0,84
2026-01-01 12:20:28,25493314,user_test,abc123,none,lockout(3fails/300s),False,0.0,84
2026-01-01 12:20:28,25493314,bluecat,abc123,none,lockout(3fails/300s),False,0.0,84
2026-01-01 12:20:28,25493314,student1,abc123,none,lockout(3fails/300s),False,0.0,84
2026-01-01 12:20:28,25493314,login_user,abc123,none,lockout(3fails/300s),False,0.0,84
2026-01-01 12:20:28,25493314,pythonfan,abc123,none,lockout(3fails/300s),False,0.0,84
2026-01-01 12:20:28,25493314,techgirl,abc123,none,lockout(3fails/300s),False,0.0,84
2026-01-01 12:20:28,25493314,cloud_user,abc123,none,lockout(3fails/300s),False,0.0,84
2026-01-01 12:20:28,25493314,gamer22,abc123,none,lockout(3fails/300s),False,0.0,84
2026-01-01 12:20:28,25493314,webdev,abc123,none,lockout(3fails/300s),False,0.0,84
2026-01-01 12:20:28,25493314,sha.sec,abc123,none,lockout(3fails/300s),False,0.0,84
2026-01-01 12:20:28,25493314,secure_user,abc123,none,lockout(3fails/300s),False,0.0,84
2026-01-01 12:20:28,25493314,cyber.auth,abc123,none,lockout(3fails/300s),False,0.0,84
2026-01-01 12:20:28,25493314,dev.access,abc123,none,lockout(3fails/300s),False,0.0,84
2026-01-01 12:20:28,25493314,root.guard,abc123,none,lockout(3fails/300s),False,0.0,84
2026-01-01 12:20:28,25493314,net.lock,abc123,none,lockout(3fails/300s),False,0.0,84
2026-01-01 12:20:28,25493314,auth.master,abc123,none,lockout(3fails/300s),False,0.0,84
2026-01-01 12:20:28,25493314,vault_user,abc123,none,lockout(3fails/300s),False,0.0,84
2026-01-01 12:20:28,25493314,system.sec,abc123,none,lockout(3fails/300s),False,0.0,84
2026-01-01 12:20:29,25493314,secure.login,abc123,none,lockout(3fails/300s),False,0.0,84
2026-01-01 12:20:29,25493314,user1,football,none,lockout(3fails/300s),False,0.0,85
2026-01-01 12:20:29,25493314,admin,football,none,lockout(3fails/300s),False,0.01,85
2026-01-01 12:20:29,25493314,guest,football,none,lockout(3fails/300s),False,0.0,85
2026-01-01 12:20:29,25493314,test,football,none,lockout(3fails/300s),False,0.0,85
2026-01-01 12:20:29,25493314,hello,football,none,lockout(3fails/300s),False,0.0,85
2026-01-01 12:20:29,25493314,name,football,none,lockout(3fails/300s),False,0.0,85
2026-01-01 12:20:29,25493314,login,football,none,lockout(3fails/300s),False,0.0,85
2026-01-01 12:20:29,25493314,abc,football,none,lockout(3fails/300s),False,0.0,85
2026-01-01 12:20:29,25493314,demo,football,none,lockout(3fails/300s),False,0.0,85
2026-01-01 12:20:29,25493314,student,football,none,lockout(3fails/300s),False,0.0,85
2026-01-01 12:20:29,25493314,Student_user,football,none,lockout(3fails/300s),False,0.0,85
2026-01-01 12:20:29,25493314,user_test,football,none,lockout(3fails/300s),False,0.0,85
2026-01-01 12:20:29,25493314,bluecat,football,none,lockout(3fails/300s),False,0.0,85
2026-01-01 12:20:29,25493314,student1,football,none,lockout(3fails/300s),False,0.0,85
2026-01-01 12:20:29,25493314,login_user,football,none,lockout(3fails/300s),False,0.0,85
2026-01-01 12:20:29,25493314,pythonfan,football,none,lockout(3fails/300s),False,0.0,85
2026-01-01 12:20:29,25493314,techgirl,football,none,lockout(3fails/300s),False,0.0,85
2026-01-01 12:20:29,25493314,cloud_user,football,none,lockout(3fails/300s),False,0.0,85
2026-01-01 12:20:29,25493314,gamer22,football,none,lockout(3fails/300s),False,0.0,85
2026-01-01 12:20:29,25493314,webdev,football,none,lockout(3fails/300s),False,0.0,85
2026-01-01 12:20:29,25493314,sha.sec,football,none,lockout(3fails/300s),False,0.0,85
2026-01-01 12:20:29,25493314,secure_user,football,none,lockout(3fails/300s),False,0.0,85
2026-01-01 12:20:29,25493314,cyber.auth,football,none,lockout(3fails/300s),False,0.0,85
2026-01-01 12:20:29,25493314,dev.access,football,none,lockout(3fails/300s),False,0.0,85
2026-01-01 12:20:30,25493314,root.guard,football,none,lockout(3fails/300s),False,0.0,85
2026-01-01 12:20:30,25493314,net.lock,football,none,lockout(3fails/300s),False,0.0,85
2026-01-01 12:20:30,25493314,auth.master,football,none,lockout(3fails/300s),False,0.0,85
2026-01-01 12:20:30,25493314,vault_user,football,none,lockout(3fails/300s),False,0.0,85
2026-01-01 12:20:30,25493314,system.sec,football,none,lockout(3fails/300s),False,0.0,85
2026-01-01 12:20:30,25493314,secure.login,football,none,lockout(3fails/300s),False,0.0,85
2026-01-01 12:20:30,25493314,user1,monkey,none,lockout(3fails/300s),False,0.0,86
2026-01-01 12:20:30,25493314,admin,monkey,none,lockout(3fails/300s),False,0.0,86
2026-01-01 12:20:30,25493314,guest,monkey,none,lockout(3fails/300s),False,0.0,86
2026-01-01 12:20:30,25493314,test,monkey,none,lockout(3fails/300s),False,0.0,86
2026-01-01 12:20:30,25493314,hello,monkey,none,lockout(3fails/300s),False,0.0,86
2026-01-01 12:20:30,25493314,name,monkey,none,lockout(3fails/300s),False,0.0,86
2026-01-01 12:20:30,25493314,login,monkey,none,lockout(3fails/300s),False,0.0,86
2026-01-01 12:20:30,25493314,abc,monkey,none,lockout(3fails/300s),False,0.0,86
2026-01-01 12:20:30,25493314,demo,monkey,none,lockout(3fails/300s),False,0.0,86
2026-01-01 12:20:30,25493314,student,monkey,none,lockout(3fails/300s),False,0.0,86
2026-01-01 12:20:30,25493314,Student_user,monkey,none,lockout(3fails/300s),False,0.0,86
2026-01-01 12:20:30,25493314,user_test,monkey,none,lockout(3fails/300s),False,0.0,86
2026-01-01 12:20:30,25493314,bluecat,monkey,none,lockout(3fails/300s),False,0.0,86
2026-01-01 12:20:30,25493314,student1,monkey,none,lockout(3fails/300s),False,0.0,86
2026-01-01 12:20:30,25493314,login_user,monkey,none,lockout(3fails/300s),False,0.0,86
2026-01-01 12:20:30,25493314,pythonfan,monkey,none,lockout(3fails/300s),False,0.0,86
2026-01-01 12:20:30,25493314,techgirl,monkey,none,lockout(3fails/300s),False,0.0,86
2026-01-01 12:20:30,25493314,cloud_user,monkey,none,lockout(3fails/300s),False,0.0,86
2026-01-01 12:20:30,25493314,gamer22,monkey,none,lockout(3fails/300s),False,0.0,86
2026-01-01 12:20:30,25493314,webdev,monkey,none,lockout(3fails/300s),False,0.0,86
2026-01-01 12:20:31,25493314,sha.sec,monkey,none,lockout(3fails/300s),False,0.0,86
2026-01-01 12:20:31,25493314,secure_user,monkey,none,lockout(3fails/300s),False,0.0,86
2026-01-01 12:20:31,25493314,cyber.auth,monkey,none,lockout(3fails/300s),False,0.0,86
2026-01-01 12:20:31,25493314,dev.access,monkey,none,lockout(3fails/300s),False,0.0,86
2026-01-01 12:20:31,25493314,root.guard,monkey,none,lockout(3fails/300s),False,0.0,86
2026-01-01 12:20:31,25493314,net.lock,monkey,none,lockout(3fails/300s),False,0.0,86
2026-01-01 12:20:31,25493314,auth.master,monkey,none,lockout(3fails/300s),False,0.0,86
2026-01-01 12:20:31,25493314,vault_user,monkey,none,lockout(3fails/300s),False,0.0,86
2026-01-01 12:20:31,25493314,system.sec,monkey,none,lockout(3fails/300s),False,0.0,86
2026-01-01 12:20:31,25493314,secure.login,monkey,none,lockout(3fails/300s),False,0.0,86
2026-01-01 12:20:31,25493314,user1,letmein,none,lockout(3fails/300s),False,0.0,87
2026-01-01 12:20:31,25493314,admin,letmein,none,lockout(3fails/300s),False,0.0,87
2026-01-01 12:20:31,25493314,guest,letmein,none,lockout(3fails/300s),False,0.0,87
2026-01-01 12:20:31,25493314,test,letmein,none,lockout(3fails/300s),False,0.0,87
2026-01-01 12:20:31,25493314,hello,letmein,none,lockout(3fails/300s),False,0.0,87
2026-01-01 12:20:31,25493314,name,letmein,none,lockout(3fails/300s),False,0.0,87
2026-01-01 12:20:31,25493314,login,letmein,none,lockout(3fails/300s),False,0.0,87
2026-01-01 12:20:31,25493314,abc,letmein,none,lockout(3fails/300s),False,0.0,87
2026-01-01 12:20:31,25493314,demo,letmein,none,lockout(3fails/300s),False,0.0,87
2026-01-01 12:20:31,25493314,student,letmein,none,lockout(3fails/300s),False,0.0,87
2026-01-01 12:20:31,25493314,Student_user,letmein,none,lockout(3fails/300s),False,0.0,87
2026-01-01 12:20:31,25493314,user_test,letmein,none,lockout(3fails/300s),False,0.0,87
2026-01-01 12:20:31,25493314,bluecat,letmein,none,lockout(3fails/300s),False,0.0,87
2026-01-01 12:20:31,25493314,student1,letmein,none,lockout(3fails/300s),False,0.0,87
2026-01-01 12:20:31,25493314,login_user,letmein,none,lockout(3fails/300s),False,0.0,87
2026-01-01 12:20:32,25493314,pythonfan,letmein,none,lockout(3fails/300s),False,0.0,87
2026-01-01 12:20:32,25493314,techgirl,letmein,none,lockout(3fails/300s),False,0.0,87
2026-01-01 12:20:32,25493314,cloud_user,letmein,none,lockout(3fails/300s),False,0.0,87
2026-01-01 12:20:32,25493314,gamer22,letmein,none,lockout(3fails/300s),False,0.0,87
2026-01-01 12:20:32,25493314,webdev,letmein,none,lockout(3fails/300s),False,0.0,87
2026-01-01 12:20:32,25493314,sha.sec,letmein,none,lockout(3fails/300s),False,0.0,87
2026-01-01 12:20:32,25493314,secure_user,letmein,none,lockout(3fails/300s),False,0.0,87
2026-01-01 12:20:32,25493314,cyber.auth,letmein,none,lockout(3fails/300s),False,0.0,87
2026-01-01 12:20:32,25493314,dev.access,letmein,none,lockout(3fails/300s),False,0.0,87
2026-01-01 12:20:32,25493314,root.guard,letmein,none,lockout(3fails/300s),False,0.0,87
2026-01-01 12:20:32,25493314,net.lock,letmein,none,lockout(3fails/300s),False,0.0,87
2026-01-01 12:20:32,25493314,auth.master,letmein,none,lockout(3fails/300s),False,0.0,87
2026-01-01 12:20:32,25493314,vault_user,letmein,none,lockout(3fails/300s),False,0.0,87
2026-01-01 12:20:32,25493314,system.sec,letmein,none,lockout(3fails/300s),False,0.0,87
2026-01-01 12:20:32,25493314,secure.login,letmein,none,lockout(3fails/300s),False,0.0,87
2026-01-01 12:20:32,25493314,user1,shadow,none,lockout(3fails/300s),False,0.0,88
2026-01-01 12:20:32,25493314,admin,shadow,none,lockout(3fails/300s),False,0.0,88
2026-01-01 12:20:32,25493314,guest,shadow,none,lockout(3fails/300s),False,0.0,88
2026-01-01 12:20:32,25493314,test,shadow,none,lockout(3fails/300s),False,0.0,88
2026-01-01 12:20:32,25493314,hello,shadow,none,lockout(3fails/300s),False,0.0,88
2026-01-01 12:20:32,25493314,name,shadow,none,lockout(3fails/300s),False,0.0,88
2026-01-01 12:20:32,25493314,login,shadow,none,lockout(3fails/300s),False,0.0,88
2026-01-01 12:20:32,25493314,abc,shadow,none,lockout(3fails/300s),False,0.0,88
2026-01-01 12:20:32,25493314,demo,shadow,none,lockout(3fails/300s),False,0.0,88
2026-01-01 12:20:32,25493314,student,shadow,none,lockout(3fails/300s),False,0.0,88
2026-01-01 12:20:33,25493314,Student_user,shadow,none,lockout(3fails/300s),False,0.0,88
2026-01-01 12:20:33,25493314,user_test,shadow,none,lockout(3fails/300s),False,0.0,88
2026-01-01 12:20:33,25493314,bluecat,shadow,none,lockout(3fails/300s),False,0.0,88
2026-01-01 12:20:33,25493314,student1,shadow,none,lockout(3fails/300s),False,0.0,88
2026-01-01 12:20:33,25493314,login_user,shadow,none,lockout(3fails/300s),False,0.0,88
2026-01-01 12:20:33,25493314,pythonfan,shadow,none,lockout(3fails/300s),False,0.0,88
2026-01-01 12:20:33,25493314,techgirl,shadow,none,lockout(3fails/300s),False,0.0,88
2026-01-01 12:20:33,25493314,cloud_user,shadow,none,lockout(3fails/300s),False,0.0,88
2026-01-01 12:20:33,25493314,gamer22,shadow,none,lockout(3fails/300s),False,0.0,88
2026-01-01 12:20:33,25493314,webdev,shadow,none,lockout(3fails/300s),False,0.0,88
2026-01-01 12:20:33,25493314,sha.sec,shadow,none,lockout(3fails/300s),False,0.0,88
2026-01-01 12:20:33,25493314,secure_user,shadow,none,lockout(3fails/300s),False,0.0,88
2026-01-01 12:20:33,25493314,cyber.auth,shadow,none,lockout(3fails/300s),False,0.0,88
2026-01-01 12:20:33,25493314,dev.access,shadow,none,lockout(3fails/300s),False,0.0,88
2026-01-01 12:20:33,25493314,root.guard,shadow,none,lockout(3fails/300s),False,0.0,88
2026-01-01 12:20:33,25493314,net.lock,shadow,none,lockout(3fails/300s),False,0.0,88
2026-01-01 12:20:33,25493314,auth.master,shadow,none,lockout(3fails/300s),False,0.0,88
2026-01-01 12:20:33,25493314,vault_user,shadow,none,lockout(3fails/300s),False,0.01,88
2026-01-01 12:20:33,25493314,system.sec,shadow,none,lockout(3fails/300s),False,0.0,88
2026-01-01 12:20:33,25493314,secure.login,shadow,none,lockout(3fails/300s),False,0.0,88
2026-01-01 12:20:33,25493314,user1,master,none,lockout(3fails/300s),False,0.0,89
2026-01-01 12:20:33,25493314,admin,master,none,lockout(3fails/300s),False,0.0,89
2026-01-01 12:20:33,25493314,guest,master,none,lockout(3fails/300s),False,0.0,89
2026-01-01 12:20:33,25493314,test,master,none,lockout(3fails/300s),False,0.0,89
2026-01-01 12:20:33,25493314,hello,master,none,lockout(3fails/300s),False,0.0,89
2026-01-01 12:20:33,25493314,name,master,none,lockout(3fails/300s),False,0.0,89
2026-01-01 12:20:34,25493314,login,master,none,lockout(3fails/300s),False,0.0,89
2026-01-01 12:20:34,25493314,abc,master,none,lockout(3fails/300s),False,0.0,89
2026-01-01 12:20:34,25493314,demo,master,none,lockout(3fails/300s),False,0.0,89
2026-01-01 12:20:34,25493314,student,master,none,lockout(3fails/300s),False,0.0,89
2026-01-01 12:20:34,25493314,Student_user,master,none,lockout(3fails/300s),False,0.0,89
2026-01-01 12:20:34,25493314,user_test,master,none,lockout(3fails/300s),False,0.0,89
2026-01-01 12:20:34,25493314,bluecat,master,none,lockout(3fails/300s),False,0.0,89
2026-01-01 12:20:34,25493314,student1,master,none,lockout(3fails/300s),False,0.0,89
2026-01-01 12:20:34,25493314,login_user,master,none,lockout(3fails/300s),False,0.0,89
2026-01-01 12:20:34,25493314,pythonfan,master,none,lockout(3fails/300s),False,0.0,89
2026-01-01 12:20:34,25493314,techgirl,master,none,lockout(3fails/300s),False,0.0,89
2026-01-01 12:20:34,25493314,cloud_user,master,none,lockout(3fails/300s),False,0.0,89
2026-01-01 12:20:34,25493314,gamer22,master,none,lockout(3fails/300s),False,0.0,89
2026-01-01 12:20:34,25493314,webdev,master,none,lockout(3fails/300s),False,0.0,89
2026-01-01 12:20:34,25493314,sha.sec,master,none,lockout(3fails/300s),False,0.0,89
2026-01-01 12:20:34,25493314,secure_user,master,none,lockout(3fails/300s),False,0.0,89
2026-01-01 12:20:34,25493314,cyber.auth,master,none,lockout(3fails/300s),False,0.0,89
2026-01-01 12:20:34,25493314,dev.access,master,none,lockout(3fails/300s),False,0.0,89
2026-01-01 12:20:34,25493314,root.guard,master,none,lockout(3fails/300s),False,0.0,89
2026-01-01 12:20:34,25493314,net.lock,master,none,lockout(3fails/300s),False,0.0,89
2026-01-01 12:20:34,25493314,auth.master,master,none,lockout(3fails/300s),False,0.0,89
2026-01-01 12:20:34,25493314,vault_user,master,none,lockout(3fails/300s),False,0.0,89
2026-01-01 12:20:34,25493314,system.sec,master,none,lockout(3fails/300s),False,0.0,89
2026-01-01 12:20:34,25493314,secure.login,master,none,lockout(3fails/300s),False,0.0,89
2026-01-01 12:20:35,25493314,user1,666666,none,lockout(3fails/300s),False,0.0,90
2026-01-01 12:20:35,25493314,admin,666666,none,lockout(3fails/300s),False,0.0,90
2026-01-01 12:20:35,25493314,guest,666666,none,lockout(3fails/300s),False,0.0,90
2026-01-01 12:20:35,25493314,test,666666,none,lockout(3fails/300s),False,0.0,90
2026-01-01 12:20:35,25493314,hello,666666,none,lockout(3fails/300s),False,0.0,90
2026-01-01 12:20:35,25493314,name,666666,none,lockout(3fails/300s),False,0.0,90
2026-01-01 12:20:35,25493314,login,666666,none,lockout(3fails/300s),False,0.0,90
2026-01-01 12:20:35,25493314,abc,666666,none,lockout(3fails/300s),False,0.0,90
2026-01-01 12:20:35,25493314,demo,666666,none,lockout(3fails/300s),False,0.0,90
2026-01-01 12:20:35,25493314,student,666666,none,lockout(3fails/300s),False,0.0,90
2026-01-01 12:20:35,25493314,Student_user,666666,none,lockout(3fails/300s),False,0.0,90
2026-01-01 12:20:35,25493314,user_test,666666,none,lockout(3fails/300s),False,0.0,90
2026-01-01 12:20:35,25493314,bluecat,666666,none,lockout(3fails/300s),False,0.0,90
2026-01-01 12:20:35,25493314,student1,666666,none,lockout(3fails/300s),False,0.0,90
2026-01-01 12:20:35,25493314,login_user,666666,none,lockout(3fails/300s),False,0.0,90
2026-01-01 12:20:35,25493314,pythonfan,666666,none,lockout(3fails/300s),False,0.0,90
2026-01-01 12:20:35,25493314,techgirl,666666,none,lockout(3fails/300s),False,0.0,90
2026-01-01 12:20:35,25493314,cloud_user,666666,none,lockout(3fails/300s),False,0.0,90
2026-01-01 12:20:35,25493314,gamer22,666666,none,lockout(3fails/300s),False,0.0,90
2026-01-01 12:20:35,25493314,webdev,666666,none,lockout(3fails/300s),False,0.0,90
2026-01-01 12:20:35,25493314,sha.sec,666666,none,lockout(3fails/300s),False,0.0,90
2026-01-01 12:20:35,25493314,secure_user,666666,none,lockout(3fails/300s),False,0.0,90
2026-01-01 12:20:35,25493314,cyber.auth,666666,none,lockout(3fails/300s),False,0.0,90
2026-01-01 12:20:35,25493314,dev.access,666666,none,lockout(3fails/300s),False,0.0,90
2026-01-01 12:20:35,25493314,root.guard,666666,none,lockout(3fails/300s),False,0.0,90
2026-01-01 12:20:36,25493314,net.lock,666666,none,lockout(3fails/300s),False,0.0,90
2026-01-01 12:20:36,25493314,auth.master,666666,none,lockout(3fails/300s),False,0.0,90
2026-01-01 12:20:36,25493314,vault_user,666666,none,lockout(3fails/300s),False,0.0,90
2026-01-01 12:20:36,25493314,system.sec,666666,none,lockout(3fails/300s),False,0.0,90
2026-01-01 12:20:36,25493314,secure.login,666666,none,lockout(3fails/300s),False,0.0,90
2026-01-01 12:20:36,25493314,user1,qwertyuiop,none,lockout(3fails/300s),False,0.0,91
2026-01-01 12:20:36,25493314,admin,qwertyuiop,none,lockout(3fails/300s),False,0.0,91
2026-01-01 12:20:36,25493314,guest,qwertyuiop,none,lockout(3fails/300s),False,0.0,91
2026-01-01 12:20:36,25493314,test,qwertyuiop,none,lockout(3fails/300s),False,0.0,91
2026-01-01 12:20:36,25493314,hello,qwertyuiop,none,lockout(3fails/300s),False,0.0,91
2026-01-01 12:20:36,25493314,name,qwertyuiop,none,lockout(3fails/300s),False,0.0,91
2026-01-01 12:20:36,25493314,login,qwertyuiop,none,lockout(3fails/300s),False,0.0,91
2026-01-01 12:20:36,25493314,abc,qwertyuiop,none,lockout(3fails/300s),False,0.0,91
2026-01-01 12:20:36,25493314,demo,qwertyuiop,none,lockout(3fails/300s),False,0.0,91
2026-01-01 12:20:36,25493314,student,qwertyuiop,none,lockout(3fails/300s),False,0.0,91
2026-01-01 12:20:36,25493314,Student_user,qwertyuiop,none,lockout(3fails/300s),False,0.0,91
2026-01-01 12:20:36,25493314,user_test,qwertyuiop,none,lockout(3fails/300s),False,0.0,91
2026-01-01 12:20:36,25493314,bluecat,qwertyuiop,none,lockout(3fails/300s),False,0.0,91
2026-01-01 12:20:36,25493314,student1,qwertyuiop,none,lockout(3fails/300s),False,0.02,91
2026-01-01 12:20:36,25493314,login_user,qwertyuiop,none,lockout(3fails/300s),False,0.0,91
2026-01-01 12:20:36,25493314,pythonfan,qwertyuiop,none,lockout(3fails/300s),False,0.0,91
2026-01-01 12:20:36,25493314,techgirl,qwertyuiop,none,lockout(3fails/300s),False,0.0,91
2026-01-01 12:20:36,25493314,cloud_user,qwertyuiop,none,lockout(3fails/300s),False,0.0,91
2026-01-01 12:20:36,25493314,gamer22,qwertyuiop,none,lockout(3fails/300s),False,0.0,91
2026-01-01 12:20:36,25493314,webdev,qwertyuiop,none,lockout(3fails/300s),False,0.0,91
2026-01-01 12:20:37,25493314,sha.sec,qwertyuiop,none,lockout(3fails/300s),False,0.0,91
2026-01-01 12:20:37,25493314,secure_user,qwertyuiop,none,lockout(3fails/300s),False,0.0,91
2026-01-01 12:20:37,25493314,cyber.auth,qwertyuiop,none,lockout(3fails/300s),False,0.0,91
2026-01-01 12:20:37,25493314,dev.access,qwertyuiop,none,lockout(3fails/300s),False,0.0,91
2026-01-01 12:20:37,25493314,root.guard,qwertyuiop,none,lockout(3fails/300s),False,0.0,91
2026-01-01 12:20:37,25493314,net.lock,qwertyuiop,none,lockout(3fails/300s),False,0.0,91
2026-01-01 12:20:37,25493314,auth.master,qwertyuiop,none,lockout(3fails/300s),False,0.0,91
2026-01-01 12:20:37,25493314,vault_user,qwertyuiop,none,lockout(3fails/300s),False,0.0,91
2026-01-01 12:20:37,25493314,system.sec,qwertyuiop,none,lockout(3fails/300s),False,0.0,91
2026-01-01 12:20:37,25493314,secure.login,qwertyuiop,none,lockout(3fails/300s),False,0.0,91
2026-01-01 12:20:37,25493314,user1,123321,none,lockout(3fails/300s),False,0.0,92
2026-01-01 12:20:37,25493314,admin,123321,none,lockout(3fails/300s),False,0.0,92
2026-01-01 12:20:37,25493314,guest,123321,none,lockout(3fails/300s),False,0.0,92
2026-01-01 12:20:37,25493314,test,123321,none,lockout(3fails/300s),False,0.0,92
2026-01-01 12:20:37,25493314,hello,123321,none,lockout(3fails/300s),False,0.0,92
2026-01-01 12:20:37,25493314,name,123321,none,lockout(3fails/300s),False,0.0,92
2026-01-01 12:20:37,25493314,login,123321,none,lockout(3fails/300s),False,0.0,92
2026-01-01 12:20:37,25493314,abc,123321,none,lockout(3fails/300s),False,0.0,92
2026-01-01 12:20:37,25493314,demo,123321,none,lockout(3fails/300s),False,0.0,92
2026-01-01 12:20:37,25493314,student,123321,none,lockout(3fails/300s),False,0.0,92
2026-01-01 12:20:37,25493314,Student_user,123321,none,lockout(3fails/300s),False,0.0,92
2026-01-01 12:20:37,25493314,user_test,123321,none,lockout(3fails/300s),False,0.0,92
2026-01-01 12:20:37,25493314,bluecat,123321,none,lockout(3fails/300s),False,0.0,92
2026-01-01 12:20:37,25493314,student1,123321,none,lockout(3fails/300s),False,0.0,92
2026-01-01 12:20:37,25493314,login_user,123321,none,lockout(3fails/300s),False,0.0,92
2026-01-01 12:20:38,25493314,pythonfan,123321,none,lockout(3fails/300s),False,0.0,92
2026-01-01 12:20:38,25493314,techgirl,123321,none,lockout(3fails/300s),False,0.0,92
2026-01-01 12:20:38,25493314,cloud_user,123321,none,lockout(3fails/300s),False,0.0,92
2026-01-01 12:20:38,25493314,gamer22,123321,none,lockout(3fails/300s),False,0.0,92
2026-01-01 12:20:38,25493314,webdev,123321,none,lockout(3fails/300s),False,0.0,92
2026-01-01 12:20:38,25493314,sha.sec,123321,none,lockout(3fails/300s),False,0.0,92
2026-01-01 12:20:38,25493314,secure_user,123321,none,lockout(3fails/300s),False,0.0,92
2026-01-01 12:20:38,25493314,cyber.auth,123321,none,lockout(3fails/300s),False,0.0,92
2026-01-01 12:20:38,25493314,dev.access,123321,none,lockout(3fails/300s),False,0.0,92
2026-01-01 12:20:38,25493314,root.guard,123321,none,lockout(3fails/300s),False,0.0,92
2026-01-01 12:20:38,25493314,net.lock,123321,none,lockout(3fails/300s),False,0.0,92
2026-01-01 12:20:38,25493314,auth.master,123321,none,lockout(3fails/300s),False,0.0,92
2026-01-01 12:20:38,25493314,vault_user,123321,none,lockout(3fails/300s),False,0.0,92
2026-01-01 12:20:38,25493314,system.sec,123321,none,lockout(3fails/300s),False,0.0,92
2026-01-01 12:20:38,25493314,secure.login,123321,none,lockout(3fails/300s),False,0.0,92
2026-01-01 12:20:38,25493314,user1,mustang,none,lockout(3fails/300s),False,0.0,93
2026-01-01 12:20:38,25493314,admin,mustang,none,lockout(3fails/300s),False,0.0,93
2026-01-01 12:20:38,25493314,guest,mustang,none,lockout(3fails/300s),False,0.0,93
2026-01-01 12:20:38,25493314,test,mustang,none,lockout(3fails/300s),False,0.0,93
2026-01-01 12:20:38,25493314,hello,mustang,none,lockout(3fails/300s),False,0.0,93
2026-01-01 12:20:38,25493314,name,mustang,none,lockout(3fails/300s),False,0.0,93
2026-01-01 12:20:38,25493314,login,mustang,none,lockout(3fails/300s),False,0.0,93
2026-01-01 12:20:38,25493314,abc,mustang,none,lockout(3fails/300s),False,0.0,93
2026-01-01 12:20:38,25493314,demo,mustang,none,lockout(3fails/300s),False,0.0,93
2026-01-01 12:20:38,25493314,student,mustang,none,lockout(3fails/300s),False,0.0,93
2026-01-01 12:20:39,25493314,Student_user,mustang,none,lockout(3fails/300s),False,0.0,93
2026-01-01 12:20:39,25493314,user_test,mustang,none,lockout(3fails/300s),False,0.0,93
2026-01-01 12:20:39,25493314,bluecat,mustang,none,lockout(3fails/300s),False,0.0,93
2026-01-01 12:20:39,25493314,student1,mustang,none,lockout(3fails/300s),False,0.0,93
2026-01-01 12:20:39,25493314,login_user,mustang,none,lockout(3fails/300s),False,0.0,93
2026-01-01 12:20:39,25493314,pythonfan,mustang,none,lockout(3fails/300s),False,0.0,93
2026-01-01 12:20:39,25493314,techgirl,mustang,none,lockout(3fails/300s),False,0.0,93
2026-01-01 12:20:39,25493314,cloud_user,mustang,none,lockout(3fails/300s),False,0.0,93
2026-01-01 12:20:39,25493314,gamer22,mustang,none,lockout(3fails/300s),False,0.0,93
2026-01-01 12:20:39,25493314,webdev,mustang,none,lockout(3fails/300s),False,0.0,93
2026-01-01 12:20:39,25493314,sha.sec,mustang,none,lockout(3fails/300s),False,0.0,93
2026-01-01 12:20:39,25493314,secure_user,mustang,none,lockout(3fails/300s),False,0.0,93
2026-01-01 12:20:39,25493314,cyber.auth,mustang,none,lockout(3fails/300s),False,0.0,93
2026-01-01 12:20:39,25493314,dev.access,mustang,none,lockout(3fails/300s),False,0.0,93
2026-01-01 12:20:39,25493314,root.guard,mustang,none,lockout(3fails/300s),False,0.0,93
2026-01-01 12:20:39,25493314,net.lock,mustang,none,lockout(3fails/300s),False,0.0,93
2026-01-01 12:20:39,25493314,auth.master,mustang,none,lockout(3fails/300s),False,0.0,93
2026-01-01 12:20:39,25493314,vault_user,mustang,none,lockout(3fails/300s),False,0.0,93
2026-01-01 12:20:39,25493314,system.sec,mustang,none,lockout(3fails/300s),False,0.0,93
2026-01-01 12:20:39,25493314,secure.login,mustang,none,lockout(3fails/300s),False,0.0,93
2026-01-01 12:20:39,25493314,user1,121212,none,lockout(3fails/300s),False,0.0,94
2026-01-01 12:20:39,25493314,admin,121212,none,lockout(3fails/300s),False,0.0,94
2026-01-01 12:20:39,25493314,guest,121212,none,lockout(3fails/300s),False,0.0,94
2026-01-01 12:20:39,25493314,test,121212,none,lockout(3fails/300s),False,0.0,94
2026-01-01 12:20:40,25493314,hello,121212,none,lockout(3fails/300s),False,0.0,94
2026-01-01 12:20:40,25493314,name,121212,none,lockout(3fails/300s),False,0.0,94
2026-01-01 12:20:40,25493314,login,121212,none,lockout(3fails/300s),False,0.0,94
2026-01-01 12:20:40,25493314,abc,121212,none,lockout(3fails/300s),False,0.0,94
2026-01-01 12:20:40,25493314,demo,121212,none,lockout(3fails/300s),False,0.0,94
2026-01-01 12:20:40,25493314,student,121212,none,lockout(3fails/300s),False,0.0,94
2026-01-01 12:20:40,25493314,Student_user,121212,none,lockout(3fails/300s),False,0.0,94
2026-01-01 12:20:40,25493314,user_test,121212,none,lockout(3fails/300s),False,0.0,94
2026-01-01 12:20:40,25493314,bluecat,121212,none,lockout(3fails/300s),False,0.0,94
2026-01-01 12:20:40,25493314,student1,121212,none,lockout(3fails/300s),False,0.0,94
2026-01-01 12:20:40,25493314,login_user,121212,none,lockout(3fails/300s),False,0.0,94
2026-01-01 12:20:40,25493314,pythonfan,121212,none,lockout(3fails/300s),False,0.0,94
2026-01-01 12:20:40,25493314,techgirl,121212,none,lockout(3fails/300s),False,0.0,94
2026-01-01 12:20:40,25493314,cloud_user,121212,none,lockout(3fails/300s),False,0.0,94
2026-01-01 12:20:40,25493314,gamer22,121212,none,lockout(3fails/300s),False,0.0,94
2026-01-01 12:20:40,25493314,webdev,121212,none,lockout(3fails/300s),False,0.0,94
2026-01-01 12:20:40,25493314,sha.sec,121212,none,lockout(3fails/300s),False,0.0,94
2026-01-01 12:20:40,25493314,secure_user,121212,none,lockout(3fails/300s),False,0.0,94
2026-01-01 12:20:40,25493314,cyber.auth,121212,none,lockout(3fails/300s),False,0.0,94
2026-01-01 12:20:40,25493314,dev.access,121212,none,lockout(3fails/300s),False,0.0,94
2026-01-01 12:20:40,25493314,root.guard,121212,none,lockout(3fails/300s),False,0.0,94
2026-01-01 12:20:40,25493314,net.lock,121212,none,lockout(3fails/300s),False,0.0,94
2026-01-01 12:20:40,25493314,auth.master,121212,none,lockout(3fails/300s),False,0.0,94
2026-01-01 12:20:40,25493314,vault_user,121212,none,lockout(3fails/300s),False,0.0,94
2026-01-01 12:20:40,25493314,system.sec,121212,none,lockout(3fails/300s),False,0.0,94
2026-01-01 12:20:41,25493314,secure.login,121212,none,lockout(3fails/300s),False,0.0,94
2026-01-01 12:20:41,25493314,user1,000000,none,lockout(3fails/300s),False,0.0,95
2026-01-01 12:20:41,25493314,admin,000000,none,lockout(3fails/300s),False,0.0,95
2026-01-01 12:20:41,25493314,guest,000000,none,lockout(3fails/300s),False,0.0,95
2026-01-01 12:20:41,25493314,test,000000,none,lockout(3fails/300s),False,0.0,95
2026-01-01 12:20:41,25493314,hello,000000,none,lockout(3fails/300s),False,0.0,95
2026-01-01 12:20:41,25493314,name,000000,none,lockout(3fails/300s),False,0.0,95
2026-01-01 12:20:41,25493314,login,000000,none,lockout(3fails/300s),False,0.0,95
2026-01-01 12:20:41,25493314,abc,000000,none,lockout(3fails/300s),False,0.0,95
2026-01-01 12:20:41,25493314,demo,000000,none,lockout(3fails/300s),False,0.0,95
2026-01-01 12:20:41,25493314,student,000000,none,lockout(3fails/300s),False,0.0,95
2026-01-01 12:20:41,25493314,Student_user,000000,none,lockout(3fails/300s),False,0.0,95
2026-01-01 12:20:41,25493314,user_test,000000,none,lockout(3fails/300s),False,0.0,95
2026-01-01 12:20:41,25493314,bluecat,000000,none,lockout(3fails/300s),False,0.0,95
2026-01-01 12:20:41,25493314,student1,000000,none,lockout(3fails/300s),False,0.0,95
2026-01-01 12:20:41,25493314,login_user,000000,none,lockout(3fails/300s),False,0.0,95
2026-01-01 12:20:41,25493314,pythonfan,000000,none,lockout(3fails/300s),False,0.0,95
2026-01-01 12:20:41,25493314,techgirl,000000,none,lockout(3fails/300s),False,0.0,95
2026-01-01 12:20:41,25493314,cloud_user,000000,none,lockout(3fails/300s),False,0.0,95
2026-01-01 12:20:41,25493314,gamer22,000000,none,lockout(3fails/300s),False,0.0,95
2026-01-01 12:20:41,25493314,webdev,000000,none,lockout(3fails/300s),False,0.0,95
2026-01-01 12:20:41,25493314,sha.sec,000000,none,lockout(3fails/300s),False,0.0,95
2026-01-01 12:20:41,25493314,secure_user,000000,none,lockout(3fails/300s),False,0.0,95
2026-01-01 12:20:41,25493314,cyber.auth,000000,none,lockout(3fails/300s),False,0.0,95
2026-01-01 12:20:42,25493314,dev.access,000000,none,lockout(3fails/300s),False,0.0,95
2026-01-01 12:20:42,25493314,root.guard,000000,none,lockout(3fails/300s),False,0.0,95
2026-01-01 12:20:42,25493314,net.lock,000000,none,lockout(3fails/300s),False,0.0,95
2026-01-01 12:20:42,25493314,auth.master,000000,none,lockout(3fails/300s),False,0.0,95
2026-01-01 12:20:42,25493314,vault_user,000000,none,lockout(3fails/300s),False,0.0,95
2026-01-01 12:20:42,25493314,system.sec,000000,none,lockout(3fails/300s),False,0.0,95
2026-01-01 12:20:42,25493314,secure.login,000000,none,lockout(3fails/300s),False,0.0,95
2026-01-01 12:20:42,25493314,user1,password1,none,lockout(3fails/300s),False,0.0,96
2026-01-01 12:20:42,25493314,admin,password1,none,lockout(3fails/300s),False,0.0,96
2026-01-01 12:20:42,25493314,guest,password1,none,lockout(3fails/300s),False,0.0,96
2026-01-01 12:20:42,25493314,test,password1,none,lockout(3fails/300s),False,0.0,96
2026-01-01 12:20:42,25493314,hello,password1,none,lockout(3fails/300s),False,0.0,96
2026-01-01 12:20:42,25493314,name,password1,none,lockout(3fails/300s),False,0.0,96
2026-01-01 12:20:42,25493314,login,password1,none,lockout(3fails/300s),False,0.0,96
2026-01-01 12:20:42,25493314,abc,password1,none,lockout(3fails/300s),False,0.0,96
2026-01-01 12:20:42,25493314,demo,password1,none,lockout(3fails/300s),False,0.0,96
2026-01-01 12:20:42,25493314,student,password1,none,lockout(3fails/300s),False,0.0,96
2026-01-01 12:20:42,25493314,Student_user,password1,none,lockout(3fails/300s),False,0.0,96
2026-01-01 12:20:42,25493314,user_test,password1,none,lockout(3fails/300s),False,0.0,96
2026-01-01 12:20:42,25493314,bluecat,password1,none,lockout(3fails/300s),False,0.0,96
2026-01-01 12:20:42,25493314,student1,password1,none,lockout(3fails/300s),False,0.0,96
2026-01-01 12:20:42,25493314,login_user,password1,none,lockout(3fails/300s),False,0.0,96
2026-01-01 12:20:42,25493314,pythonfan,password1,none,lockout(3fails/300s),False,0.0,96
2026-01-01 12:20:42,25493314,techgirl,password1,none,lockout(3fails/300s),False,0.0,96
2026-01-01 12:20:43,25493314,cloud_user,password1,none,lockout(3fails/300s),False,0.0,96
2026-01-01 12:20:43,25493314,gamer22,password1,none,lockout(3fails/300s),False,0.0,96
2026-01-01 12:20:43,25493314,webdev,password1,none,lockout(3fails/300s),False,0.0,96
2026-01-01 12:20:43,25493314,sha.sec,password1,none,lockout(3fails/300s),False,0.0,96
2026-01-01 12:20:43,25493314,secure_user,password1,none,lockout(3fails/300s),False,0.0,96
2026-01-01 12:20:43,25493314,cyber.auth,password1,none,lockout(3fails/300s),False,0.0,96
2026-01-01 12:20:43,25493314,dev.access,password1,none,lockout(3fails/300s),False,0.0,96
2026-01-01 12:20:43,25493314,root.guard,password1,none,lockout(3fails/300s),False,0.0,96
2026-01-01 12:20:43,25493314,net.lock,password1,none,lockout(3fails/300s),False,0.0,96
2026-01-01 12:20:43,25493314,auth.master,password1,none,lockout(3fails/300s),False,0.0,96
2026-01-01 12:20:43,25493314,vault_user,password1,none,lockout(3fails/300s),False,0.0,96
2026-01-01 12:20:43,25493314,system.sec,password1,none,lockout(3fails/300s),False,0.0,96
2026-01-01 12:20:43,25493314,secure.login,password1,none,lockout(3fails/300s),False,0.0,96
2026-01-01 12:20:43,25493314,user1,admin,none,lockout(3fails/300s),False,0.0,97
2026-01-01 12:20:43,25493314,admin,admin,none,lockout(3fails/300s),False,0.0,97
2026-01-01 12:20:43,25493314,guest,admin,none,lockout(3fails/300s),False,0.0,97
2026-01-01 12:20:43,25493314,test,admin,none,lockout(3fails/300s),False,0.0,97
2026-01-01 12:20:43,25493314,hello,admin,none,lockout(3fails/300s),False,0.0,97
2026-01-01 12:20:43,25493314,name,admin,none,lockout(3fails/300s),False,0.0,97
2026-01-01 12:20:43,25493314,login,admin,none,lockout(3fails/300s),False,0.0,97
2026-01-01 12:20:43,25493314,abc,admin,none,lockout(3fails/300s),False,0.0,97
2026-01-01 12:20:43,25493314,demo,admin,none,lockout(3fails/300s),False,0.0,97
2026-01-01 12:20:43,25493314,student,admin,none,lockout(3fails/300s),False,0.0,97
2026-01-01 12:20:43,25493314,Student_user,admin,none,lockout(3fails/300s),False,0.0,97
2026-01-01 12:20:44,25493314,user_test,admin,none,lockout(3fails/300s),False,0.0,97
2026-01-01 12:20:44,25493314,bluecat,admin,none,lockout(3fails/300s),False,0.0,97
2026-01-01 12:20:44,25493314,student1,admin,none,lockout(3fails/300s),False,0.0,97
2026-01-01 12:20:44,25493314,login_user,admin,none,lockout(3fails/300s),False,0.0,97
2026-01-01 12:20:44,25493314,pythonfan,admin,none,lockout(3fails/300s),False,0.0,97
2026-01-01 12:20:44,25493314,techgirl,admin,none,lockout(3fails/300s),False,0.0,97
2026-01-01 12:20:44,25493314,cloud_user,admin,none,lockout(3fails/300s),False,0.0,97
2026-01-01 12:20:44,25493314,gamer22,admin,none,lockout(3fails/300s),False,0.0,97
2026-01-01 12:20:44,25493314,webdev,admin,none,lockout(3fails/300s),False,0.0,97
2026-01-01 12:20:44,25493314,sha.sec,admin,none,lockout(3fails/300s),False,0.0,97
2026-01-01 12:20:44,25493314,secure_user,admin,none,lockout(3fails/300s),False,0.0,97
2026-01-01 12:20:44,25493314,cyber.auth,admin,none,lockout(3fails/300s),False,0.0,97
2026-01-01 12:20:44,25493314,dev.access,admin,none,lockout(3fails/300s),False,0.0,97
2026-01-01 12:20:44,25493314,root.guard,admin,none,lockout(3fails/300s),False,0.0,97
2026-01-01 12:20:44,25493314,net.lock,admin,none,lockout(3fails/300s),False,0.0,97
2026-01-01 12:20:44,25493314,auth.master,admin,none,lockout(3fails/300s),False,0.0,97
2026-01-01 12:20:44,25493314,vault_user,admin,none,lockout(3fails/300s),False,0.0,97
2026-01-01 12:20:44,25493314,system.sec,admin,none,lockout(3fails/300s),False,0.0,97
2026-01-01 12:20:44,25493314,secure.login,admin,none,lockout(3fails/300s),False,0.0,97
2026-01-01 12:20:44,25493314,user1,admin123,none,lockout(3fails/300s),False,0.0,98
2026-01-01 12:20:44,25493314,admin,admin123,none,lockout(3fails/300s),False,0.0,98
2026-01-01 12:20:44,25493314,guest,admin123,none,lockout(3fails/300s),False,0.0,98
2026-01-01 12:20:44,25493314,test,admin123,none,lockout(3fails/300s),False,0.0,98
2026-01-01 12:20:44,25493314,hello,admin123,none,lockout(3fails/300s),False,0.0,98
2026-01-01 12:20:44,25493314,name,admin123,none,lockout(3fails/300s),False,0.0,98
2026-01-01 12:20:45,25493314,login,admin123,none,lockout(3fails/300s),False,0.0,98
2026-01-01 12:20:45,25493314,abc,admin123,none,lockout(3fails/300s),False,0.0,98
2026-01-01 12:20:45,25493314,demo,admin123,none,lockout(3fails/300s),False,0.0,98
2026-01-01 12:20:45,25493314,student,admin123,none,lockout(3fails/300s),False,0.0,98
2026-01-01 12:20:45,25493314,Student_user,admin123,none,lockout(3fails/300s),False,0.0,98
2026-01-01 12:20:45,25493314,user_test,admin123,none,lockout(3fails/300s),False,0.0,98
2026-01-01 12:20:45,25493314,bluecat,admin123,none,lockout(3fails/300s),False,0.0,98
2026-01-01 12:20:45,25493314,student1,admin123,none,lockout(3fails/300s),False,0.0,98
2026-01-01 12:20:45,25493314,login_user,admin123,none,lockout(3fails/300s),False,0.0,98
2026-01-01 12:20:45,25493314,pythonfan,admin123,none,lockout(3fails/300s),False,0.0,98
2026-01-01 12:20:45,25493314,techgirl,admin123,none,lockout(3fails/300s),False,0.0,98
2026-01-01 12:20:45,25493314,cloud_user,admin123,none,lockout(3fails/300s),False,0.0,98
2026-01-01 12:20:45,25493314,gamer22,admin123,none,lockout(3fails/300s),False,0.0,98
2026-01-01 12:20:45,25493314,webdev,admin123,none,lockout(3fails/300s),False,0.0,98
2026-01-01 12:20:45,25493314,sha.sec,admin123,none,lockout(3fails/300s),False,0.0,98
2026-01-01 12:20:45,25493314,secure_user,admin123,none,lockout(3fails/300s),False,0.0,98
2026-01-01 12:20:45,25493314,cyber.auth,admin123,none,lockout(3fails/300s),False,0.0,98
2026-01-01 12:20:45,25493314,dev.access,admin123,none,lockout(3fails/300s),False,0.0,98
2026-01-01 12:20:45,25493314,root.guard,admin123,none,lockout(3fails/300s),False,0.0,98
2026-01-01 12:20:45,25493314,net.lock,admin123,none,lockout(3fails/300s),False,0.0,98
2026-01-01 12:20:45,25493314,auth.master,admin123,none,lockout(3fails/300s),False,0.0,98
2026-01-01 12:20:45,25493314,vault_user,admin123,none,lockout(3fails/300s),False,0.0,98
2026-01-01 12:20:45,25493314,system.sec,admin123,none,lockout(3fails/300s),False,0.0,98
2026-01-01 12:20:45,25493314,secure.login,admin123,none,lockout(3fails/300s),False,0.0,98
2026-01-01 12:20:46,25493314,user1,root,none,lockout(3fails/300s),False,0.0,99
2026-01-01 12:20:46,25493314,admin,root,none,lockout(3fails/300s),False,0.0,99
2026-01-01 12:20:46,25493314,guest,root,none,lockout(3fails/300s),False,0.0,99
2026-01-01 12:20:46,25493314,test,root,none,lockout(3fails/300s),False,0.0,99
2026-01-01 12:20:46,25493314,hello,root,none,lockout(3fails/300s),False,0.0,99
2026-01-01 12:20:46,25493314,name,root,none,lockout(3fails/300s),False,0.0,99
2026-01-01 12:20:46,25493314,login,root,none,lockout(3fails/300s),False,0.0,99
2026-01-01 12:20:46,25493314,abc,root,none,lockout(3fails/300s),False,0.0,99
2026-01-01 12:20:46,25493314,demo,root,none,lockout(3fails/300s),False,0.0,99
2026-01-01 12:20:46,25493314,student,root,none,lockout(3fails/300s),False,0.0,99
2026-01-01 12:20:46,25493314,Student_user,root,none,lockout(3fails/300s),False,0.0,99
2026-01-01 12:20:46,25493314,user_test,root,none,lockout(3fails/300s),False,0.0,99
2026-01-01 12:20:46,25493314,bluecat,root,none,lockout(3fails/300s),False,0.0,99
2026-01-01 12:20:46,25493314,student1,root,none,lockout(3fails/300s),False,0.0,99
2026-01-01 12:20:46,25493314,login_user,root,none,lockout(3fails/300s),False,0.0,99
2026-01-01 12:20:46,25493314,pythonfan,root,none,lockout(3fails/300s),False,0.0,99
2026-01-01 12:20:46,25493314,techgirl,root,none,lockout(3fails/300s),False,0.0,99
2026-01-01 12:20:46,25493314,cloud_user,root,none,lockout(3fails/300s),False,0.0,99
2026-01-01 12:20:46,25493314,gamer22,root,none,lockout(3fails/300s),False,0.0,99
2026-01-01 12:20:46,25493314,webdev,root,none,lockout(3fails/300s),False,0.0,99
2026-01-01 12:20:46,25493314,sha.sec,root,none,lockout(3fails/300s),False,0.0,99
2026-01-01 12:20:46,25493314,secure_user,root,none,lockout(3fails/300s),False,0.0,99
2026-01-01 12:20:46,25493314,cyber.auth,root,none,lockout(3fails/300s),False,0.0,99
2026-01-01 12:20:46,25493314,dev.access,root,none,lockout(3fails/300s),False,0.0,99
2026-01-01 12:20:47,25493314,root.guard,root,none,lockout(3fails/300s),False,0.0,99
2026-01-01 12:20:47,25493314,net.lock,root,none,lockout(3fails/300s),False,0.0,99
2026-01-01 12:20:47,25493314,auth.master,root,none,lockout(3fails/300s),False,0.0,99
2026-01-01 12:20:47,25493314,vault_user,root,none,lockout(3fails/300s),False,0.0,99
2026-01-01 12:20:47,25493314,system.sec,root,none,lockout(3fails/300s),False,0.0,99
2026-01-01 12:20:47,25493314,secure.login,root,none,lockout(3fails/300s),False,0.0,99
2026-01-01 12:20:47,25493314,user1,toor,none,lockout(3fails/300s),False,0.0,100
2026-01-01 12:20:47,25493314,admin,toor,none,lockout(3fails/300s),False,0.0,100
2026-01-01 12:20:47,25493314,guest,toor,none,lockout(3fails/300s),False,0.0,100
2026-01-01 12:20:47,25493314,test,toor,none,lockout(3fails/300s),False,0.0,100
2026-01-01 12:20:47,25493314,hello,toor,none,lockout(3fails/300s),False,0.0,100
2026-01-01 12:20:47,25493314,name,toor,none,lockout(3fails/300s),False,0.0,100
2026-01-01 12:20:47,25493314,login,toor,none,lockout(3fails/300s),False,0.0,100
2026-01-01 12:20:47,25493314,abc,toor,none,lockout(3fails/300s),False,0.0,100
2026-01-01 12:20:47,25493314,demo,toor,none,lockout(3fails/300s),False,0.0,100
2026-01-01 12:20:47,25493314,student,toor,none,lockout(3fails/300s),False,0.0,100
2026-01-01 12:20:47,25493314,Student_user,toor,none,lockout(3fails/300s),False,0.0,100
2026-01-01 12:20:47,25493314,user_test,toor,none,lockout(3fails/300s),False,0.0,100
2026-01-01 12:20:47,25493314,bluecat,toor,none,lockout(3fails/300s),False,0.0,100
2026-01-01 12:20:47,25493314,student1,toor,none,lockout(3fails/300s),False,0.0,100
2026-01-01 12:20:47,25493314,login_user,toor,none,lockout(3fails/300s),False,0.0,100
2026-01-01 12:20:47,25493314,pythonfan,toor,none,lockout(3fails/300s),False,0.0,100
2026-01-01 12:20:47,25493314,techgirl,toor,none,lockout(3fails/300s),False,0.0,100
2026-01-01 12:20:48,25493314,cloud_user,toor,none,lockout(3fails/300s),False,0.0,100
2026-01-01 12:20:48,25493314,gamer22,toor,none,lockout(3fails/300s),False,0.0,100
2026-01-01 12:20:48,25493314,webdev,toor,none,lockout(3fails/300s),False,0.0,100
2026-01-01 12:20:48,25493314,sha.sec,toor,none,lockout(3fails/300s),False,0.0,100
2026-01-01 12:20:48,25493314,secure_user,toor,none,lockout(3fails/300s),False,0.0,100
2026-01-01 12:20:48,25493314,cyber.auth,toor,none,lockout(3fails/300s),False,0.0,100
2026-01-01 12:20:48,25493314,dev.access,toor,none,lockout(3fails/300s),False,0.0,100
2026-01-01 12:20:48,25493314,root.guard,toor,none,lockout(3fails/300s),False,0.0,100
2026-01-01 12:20:48,25493314,net.lock,toor,none,lockout(3fails/300s),False,0.0,100
2026-01-01 12:20:48,25493314,auth.master,toor,none,lockout(3fails/300s),False,0.0,100
2026-01-01 12:20:48,25493314,vault_user,toor,none,lockout(3fails/300s),False,0.0,100
2026-01-01 12:20:48,25493314,system.sec,toor,none,lockout(3fails/300s),False,0.0,100
2026-01-01 12:20:48,25493314,secure.login,toor,none,lockout(3fails/300s),False,0.0,100
2026-01-01 12:20:48,25493314,user1,pass,none,lockout(3fails/300s),False,0.0,101
2026-01-01 12:20:48,25493314,admin,pass,none,lockout(3fails/300s),False,0.01,101
2026-01-01 12:20:48,25493314,guest,pass,none,lockout(3fails/300s),False,0.0,101
2026-01-01 12:20:48,25493314,test,pass,none,lockout(3fails/300s),False,0.0,101
2026-01-01 12:20:48,25493314,hello,pass,none,lockout(3fails/300s),False,0.0,101
2026-01-01 12:20:48,25493314,name,pass,none,lockout(3fails/300s),False,0.0,101
2026-01-01 12:20:48,25493314,login,pass,none,lockout(3fails/300s),False,0.0,101
2026-01-01 12:20:48,25493314,abc,pass,none,lockout(3fails/300s),False,0.0,101
2026-01-01 12:20:48,25493314,demo,pass,none,lockout(3fails/300s),False,0.0,101
2026-01-01 12:20:48,25493314,student,pass,none,lockout(3fails/300s),False,0.0,101
2026-01-01 12:20:48,25493314,Student_user,pass,none,lockout(3fails/300s),False,0.0,101
2026-01-01 12:20:49,25493314,user_test,pass,none,lockout(3fails/300s),False,0.0,101
2026-01-01 12:20:49,25493314,bluecat,pass,none,lockout(3fails/300s),False,0.0,101
2026-01-01 12:20:49,25493314,student1,pass,none,lockout(3fails/300s),False,0.0,101
2026-01-01 12:20:49,25493314,login_user,pass,none,lockout(3fails/300s),False,0.0,101
2026-01-01 12:20:49,25493314,pythonfan,pass,none,lockout(3fails/300s),False,0.0,101
2026-01-01 12:20:49,25493314,techgirl,pass,none,lockout(3fails/300s),False,0.0,101
2026-01-01 12:20:49,25493314,cloud_user,pass,none,lockout(3fails/300s),False,0.0,101
2026-01-01 12:20:49,25493314,gamer22,pass,none,lockout(3fails/300s),False,0.0,101
2026-01-01 12:20:49,25493314,webdev,pass,none,lockout(3fails/300s),False,0.0,101
2026-01-01 12:20:49,25493314,sha.sec,pass,none,lockout(3fails/300s),False,0.0,101
2026-01-01 12:20:49,25493314,secure_user,pass,none,lockout(3fails/300s),False,0.0,101
2026-01-01 12:20:49,25493314,cyber.auth,pass,none,lockout(3fails/300s),False,0.0,101
2026-01-01 12:20:49,25493314,dev.access,pass,none,lockout(3fails/300s),False,0.0,101
2026-01-01 12:20:49,25493314,root.guard,pass,none,lockout(3fails/300s),False,0.0,101
2026-01-01 12:20:49,25493314,net.lock,pass,none,lockout(3fails/300s),False,0.0,101
2026-01-01 12:20:49,25493314,auth.master,pass,none,lockout(3fails/300s),False,0.0,101
2026-01-01 12:20:49,25493314,vault_user,pass,none,lockout(3fails/300s),False,0.0,101
2026-01-01 12:20:49,25493314,system.sec,pass,none,lockout(3fails/300s),False,0.0,101
2026-01-01 12:20:49,25493314,secure.login,pass,none,lockout(3fails/300s),False,0.0,101
2026-01-01 12:20:49,25493314,user1,test,none,lockout(3fails/300s),False,0.0,102
2026-01-01 12:20:49,25493314,admin,test,none,lockout(3fails/300s),False,0.0,102
2026-01-01 12:20:49,25493314,guest,test,none,lockout(3fails/300s),False,0.0,102
2026-01-01 12:20:49,25493314,test,test,none,lockout(3fails/300s),False,0.0,102
2026-01-01 12:20:50,25493314,hello,test,none,lockout(3fails/300s),False,0.0,102
2026-01-01 12:20:50,25493314,name,test,none,lockout(3fails/300s),False,0.0,102
2026-01-01 12:20:50,25493314,login,test,none,lockout(3fails/300s),False,0.0,102
2026-01-01 12:20:50,25493314,abc,test,none,lockout(3fails/300s),False,0.0,102
2026-01-01 12:20:50,25493314,demo,test,none,lockout(3fails/300s),False,0.0,102
2026-01-01 12:20:50,25493314,student,test,none,lockout(3fails/300s),False,0.0,102
2026-01-01 12:20:50,25493314,Student_user,test,none,lockout(3fails/300s),False,0.0,102
2026-01-01 12:20:50,25493314,user_test,test,none,lockout(3fails/300s),False,0.0,102
2026-01-01 12:20:50,25493314,bluecat,test,none,lockout(3fails/300s),False,0.0,102
2026-01-01 12:20:50,25493314,student1,test,none,lockout(3fails/300s),False,0.0,102
2026-01-01 12:20:50,25493314,login_user,test,none,lockout(3fails/300s),False,0.0,102
2026-01-01 12:20:50,25493314,pythonfan,test,none,lockout(3fails/300s),False,0.0,102
2026-01-01 12:20:50,25493314,techgirl,test,none,lockout(3fails/300s),False,0.0,102
2026-01-01 12:20:50,25493314,cloud_user,test,none,lockout(3fails/300s),False,0.0,102
2026-01-01 12:20:50,25493314,gamer22,test,none,lockout(3fails/300s),False,0.0,102
2026-01-01 12:20:50,25493314,webdev,test,none,lockout(3fails/300s),False,0.0,102
2026-01-01 12:20:50,25493314,sha.sec,test,none,lockout(3fails/300s),False,0.0,102
2026-01-01 12:20:50,25493314,secure_user,test,none,lockout(3fails/300s),False,0.0,102
2026-01-01 12:20:50,25493314,cyber.auth,test,none,lockout(3fails/300s),False,0.0,102
2026-01-01 12:20:50,25493314,dev.access,test,none,lockout(3fails/300s),False,0.0,102
2026-01-01 12:20:50,25493314,root.guard,test,none,lockout(3fails/300s),False,0.0,102
2026-01-01 12:20:50,25493314,net.lock,test,none,lockout(3fails/300s),False,0.0,102
2026-01-01 12:20:50,25493314,auth.master,test,none,lockout(3fails/300s),False,0.0,102
2026-01-01 12:20:50,25493314,vault_user,test,none,lockout(3fails/300s),False,0.0,102
2026-01-01 12:20:51,25493314,system.sec,test,none,lockout(3fails/300s),False,0.0,102
2026-01-01 12:20:51,25493314,secure.login,test,none,lockout(3fails/300s),False,0.0,102
2026-01-01 12:20:51,25493314,user1,test123,none,lockout(3fails/300s),False,0.01,103
2026-01-01 12:20:51,25493314,admin,test123,none,lockout(3fails/300s),False,0.0,103
2026-01-01 12:20:51,25493314,guest,test123,none,lockout(3fails/300s),False,0.0,103
2026-01-01 12:20:51,25493314,test,test123,none,lockout(3fails/300s),False,0.0,103
2026-01-01 12:20:51,25493314,hello,test123,none,lockout(3fails/300s),False,0.0,103
2026-01-01 12:20:51,25493314,name,test123,none,lockout(3fails/300s),False,0.0,103
2026-01-01 12:20:51,25493314,login,test123,none,lockout(3fails/300s),False,0.0,103
2026-01-01 12:20:51,25493314,abc,test123,none,lockout(3fails/300s),False,0.0,103
2026-01-01 12:20:51,25493314,demo,test123,none,lockout(3fails/300s),False,0.0,103
2026-01-01 12:20:51,25493314,student,test123,none,lockout(3fails/300s),False,0.0,103
2026-01-01 12:20:51,25493314,Student_user,test123,none,lockout(3fails/300s),False,0.0,103
2026-01-01 12:20:51,25493314,user_test,test123,none,lockout(3fails/300s),False,0.0,103
2026-01-01 12:20:51,25493314,bluecat,test123,none,lockout(3fails/300s),False,0.0,103
2026-01-01 12:20:51,25493314,student1,test123,none,lockout(3fails/300s),False,0.0,103
2026-01-01 12:20:51,25493314,login_user,test123,none,lockout(3fails/300s),False,0.0,103
2026-01-01 12:20:51,25493314,pythonfan,test123,none,lockout(3fails/300s),False,0.0,103
2026-01-01 12:20:51,25493314,techgirl,test123,none,lockout(3fails/300s),False,0.0,103
2026-01-01 12:20:51,25493314,cloud_user,test123,none,lockout(3fails/300s),False,0.0,103
2026-01-01 12:20:51,25493314,gamer22,test123,none,lockout(3fails/300s),False,0.0,103
2026-01-01 12:20:51,25493314,webdev,test123,none,lockout(3fails/300s),False,0.0,103
2026-01-01 12:20:51,25493314,sha.sec,test123,none,lockout(3fails/300s),False,0.0,103
2026-01-01 12:20:52,25493314,secure_user,test123,none,lockout(3fails/300s),False,0.0,103
2026-01-01 12:20:52,25493314,cyber.auth,test123,none,lockout(3fails/300s),False,0.0,103
2026-01-01 12:20:52,25493314,dev.access,test123,none,lockout(3fails/300s),False,0.0,103
2026-01-01 12:20:52,25493314,root.guard,test123,none,lockout(3fails/300s),False,0.0,103
2026-01-01 12:20:52,25493314,net.lock,test123,none,lockout(3fails/300s),False,0.0,103
2026-01-01 12:20:52,25493314,auth.master,test123,none,lockout(3fails/300s),False,0.0,103
2026-01-01 12:20:52,25493314,vault_user,test123,none,lockout(3fails/300s),False,0.0,103
2026-01-01 12:20:52,25493314,system.sec,test123,none,lockout(3fails/300s),False,0.0,103
2026-01-01 12:20:52,25493314,secure.login,test123,none,lockout(3fails/300s),False,0.0,103
2026-01-01 12:20:52,25493314,user1,guest,none,lockout(3fails/300s),False,0.0,104
2026-01-01 12:20:52,25493314,admin,guest,none,lockout(3fails/300s),False,0.0,104
2026-01-01 12:20:52,25493314,guest,guest,none,lockout(3fails/300s),False,0.0,104
2026-01-01 12:20:52,25493314,test,guest,none,lockout(3fails/300s),False,0.0,104
2026-01-01 12:20:52,25493314,hello,guest,none,lockout(3fails/300s),False,0.0,104
2026-01-01 12:20:52,25493314,name,guest,none,lockout(3fails/300s),False,0.0,104
2026-01-01 12:20:52,25493314,login,guest,none,lockout(3fails/300s),False,0.0,104
2026-01-01 12:20:52,25493314,abc,guest,none,lockout(3fails/300s),False,0.0,104
2026-01-01 12:20:52,25493314,demo,guest,none,lockout(3fails/300s),False,0.0,104
2026-01-01 12:20:52,25493314,student,guest,none,lockout(3fails/300s),False,0.0,104
2026-01-01 12:20:52,25493314,Student_user,guest,none,lockout(3fails/300s),False,0.0,104
2026-01-01 12:20:52,25493314,user_test,guest,none,lockout(3fails/300s),False,0.0,104
2026-01-01 12:20:52,25493314,bluecat,guest,none,lockout(3fails/300s),False,0.0,104
2026-01-01 12:20:52,25493314,student1,guest,none,lockout(3fails/300s),False,0.0,104
2026-01-01 12:20:53,25493314,login_user,guest,none,lockout(3fails/300s),False,0.0,104
2026-01-01 12:20:53,25493314,pythonfan,guest,none,lockout(3fails/300s),False,0.0,104
2026-01-01 12:20:53,25493314,techgirl,guest,none,lockout(3fails/300s),False,0.0,104
2026-01-01 12:20:53,25493314,cloud_user,guest,none,lockout(3fails/300s),False,0.0,104
2026-01-01 12:20:53,25493314,gamer22,guest,none,lockout(3fails/300s),False,0.0,104
2026-01-01 12:20:53,25493314,webdev,guest,none,lockout(3fails/300s),False,0.0,104
2026-01-01 12:20:53,25493314,sha.sec,guest,none,lockout(3fails/300s),False,0.0,104
2026-01-01 12:20:53,25493314,secure_user,guest,none,lockout(3fails/300s),False,0.0,104
2026-01-01 12:20:53,25493314,cyber.auth,guest,none,lockout(3fails/300s),False,0.0,104
2026-01-01 12:20:53,25493314,dev.access,guest,none,lockout(3fails/300s),False,0.0,104
2026-01-01 12:20:53,25493314,root.guard,guest,none,lockout(3fails/300s),False,0.0,104
2026-01-01 12:20:53,25493314,net.lock,guest,none,lockout(3fails/300s),False,0.0,104
2026-01-01 12:20:53,25493314,auth.master,guest,none,lockout(3fails/300s),False,0.0,104
2026-01-01 12:20:53,25493314,vault_user,guest,none,lockout(3fails/300s),False,0.0,104
2026-01-01 12:20:53,25493314,system.sec,guest,none,lockout(3fails/300s),False,0.0,104
2026-01-01 12:20:53,25493314,secure.login,guest,none,lockout(3fails/300s),False,0.0,104
2026-01-01 12:20:53,25493314,user1,guest123,none,lockout(3fails/300s),False,0.0,105
2026-01-01 12:20:53,25493314,admin,guest123,none,lockout(3fails/300s),False,0.0,105
2026-01-01 12:20:53,25493314,guest,guest123,none,lockout(3fails/300s),False,0.0,105
2026-01-01 12:20:53,25493314,test,guest123,none,lockout(3fails/300s),False,0.0,105
2026-01-01 12:20:53,25493314,hello,guest123,none,lockout(3fails/300s),False,0.0,105
2026-01-01 12:20:53,25493314,name,guest123,none,lockout(3fails/300s),False,0.0,105
2026-01-01 12:20:53,25493314,login,guest123,none,lockout(3fails/300s),False,0.0,105
2026-01-01 12:20:54,25493314,abc,guest123,none,lockout(3fails/300s),False,0.0,105
2026-01-01 12:20:54,25493314,demo,guest123,none,lockout(3fails/300s),False,0.0,105
2026-01-01 12:20:54,25493314,student,guest123,none,lockout(3fails/300s),False,0.0,105
2026-01-01 12:20:54,25493314,Student_user,guest123,none,lockout(3fails/300s),False,0.0,105
2026-01-01 12:20:54,25493314,user_test,guest123,none,lockout(3fails/300s),False,0.0,105
2026-01-01 12:20:54,25493314,bluecat,guest123,none,lockout(3fails/300s),False,0.0,105
2026-01-01 12:20:54,25493314,student1,guest123,none,lockout(3fails/300s),False,0.0,105
2026-01-01 12:20:54,25493314,login_user,guest123,none,lockout(3fails/300s),False,0.0,105
2026-01-01 12:20:54,25493314,pythonfan,guest123,none,lockout(3fails/300s),False,0.0,105
2026-01-01 12:20:54,25493314,techgirl,guest123,none,lockout(3fails/300s),False,0.0,105
2026-01-01 12:20:54,25493314,cloud_user,guest123,none,lockout(3fails/300s),False,0.0,105
2026-01-01 12:20:54,25493314,gamer22,guest123,none,lockout(3fails/300s),False,0.01,105
2026-01-01 12:20:54,25493314,webdev,guest123,none,lockout(3fails/300s),False,0.0,105
2026-01-01 12:20:54,25493314,sha.sec,guest123,none,lockout(3fails/300s),False,0.0,105
2026-01-01 12:20:54,25493314,secure_user,guest123,none,lockout(3fails/300s),False,0.0,105
2026-01-01 12:20:54,25493314,cyber.auth,guest123,none,lockout(3fails/300s),False,0.0,105
2026-01-01 12:20:54,25493314,dev.access,guest123,none,lockout(3fails/300s),False,0.0,105
2026-01-01 12:20:54,25493314,root.guard,guest123,none,lockout(3fails/300s),False,0.0,105
2026-01-01 12:20:54,25493314,net.lock,guest123,none,lockout(3fails/300s),False,0.0,105
2026-01-01 12:20:54,25493314,auth.master,guest123,none,lockout(3fails/300s),False,0.0,105
2026-01-01 12:20:54,25493314,vault_user,guest123,none,lockout(3fails/300s),False,0.0,105
2026-01-01 12:20:54,25493314,system.sec,guest123,none,lockout(3fails/300s),False,0.0,105
2026-01-01 12:20:54,25493314,secure.login,guest123,none,lockout(3fails/300s),False,0.0,105
2026-01-01 12:20:55,25493314,user1,user,none,lockout(3fails/300s),False,0.0,106
2026-01-01 12:20:55,25493314,admin,user,none,lockout(3fails/300s),False,0.0,106
2026-01-01 12:20:55,25493314,guest,user,none,lockout(3fails/300s),False,0.0,106
2026-01-01 12:20:55,25493314,test,user,none,lockout(3fails/300s),False,0.0,106
2026-01-01 12:20:55,25493314,hello,user,none,lockout(3fails/300s),False,0.0,106
2026-01-01 12:20:55,25493314,name,user,none,lockout(3fails/300s),False,0.0,106
2026-01-01 12:20:55,25493314,login,user,none,lockout(3fails/300s),False,0.0,106
2026-01-01 12:20:55,25493314,abc,user,none,lockout(3fails/300s),False,0.0,106
2026-01-01 12:20:55,25493314,demo,user,none,lockout(3fails/300s),False,0.0,106
2026-01-01 12:20:55,25493314,student,user,none,lockout(3fails/300s),False,0.0,106
2026-01-01 12:20:55,25493314,Student_user,user,none,lockout(3fails/300s),False,0.0,106
2026-01-01 12:20:55,25493314,user_test,user,none,lockout(3fails/300s),False,0.0,106
2026-01-01 12:20:55,25493314,bluecat,user,none,lockout(3fails/300s),False,0.0,106
2026-01-01 12:20:55,25493314,student1,user,none,lockout(3fails/300s),False,0.0,106
2026-01-01 12:20:55,25493314,login_user,user,none,lockout(3fails/300s),False,0.0,106
2026-01-01 12:20:55,25493314,pythonfan,user,none,lockout(3fails/300s),False,0.0,106
2026-01-01 12:20:55,25493314,techgirl,user,none,lockout(3fails/300s),False,0.0,106
2026-01-01 12:20:55,25493314,cloud_user,user,none,lockout(3fails/300s),False,0.0,106
2026-01-01 12:20:55,25493314,gamer22,user,none,lockout(3fails/300s),False,0.0,106
2026-01-01 12:20:55,25493314,webdev,user,none,lockout(3fails/300s),False,0.0,106
2026-01-01 12:20:55,25493314,sha.sec,user,none,lockout(3fails/300s),False,0.0,106
2026-01-01 12:20:55,25493314,secure_user,user,none,lockout(3fails/300s),False,0.0,106
2026-01-01 12:20:55,25493314,cyber.auth,user,none,lockout(3fails/300s),False,0.0,106
2026-01-01 12:20:56,25493314,dev.access,user,none,lockout(3fails/300s),False,0.0,106
2026-01-01 12:20:56,25493314,root.guard,user,none,lockout(3fails/300s),False,0.0,106
2026-01-01 12:20:56,25493314,net.lock,user,none,lockout(3fails/300s),False,0.0,106
2026-01-01 12:20:56,25493314,auth.master,user,none,lockout(3fails/300s),False,0.0,106
2026-01-01 12:20:56,25493314,vault_user,user,none,lockout(3fails/300s),False,0.0,106
2026-01-01 12:20:56,25493314,system.sec,user,none,lockout(3fails/300s),False,0.0,106
2026-01-01 12:20:56,25493314,secure.login,user,none,lockout(3fails/300s),False,0.0,106
2026-01-01 12:20:56,25493314,user1,user123,none,lockout(3fails/300s),False,0.0,107
2026-01-01 12:20:56,25493314,admin,user123,none,lockout(3fails/300s),False,0.0,107
2026-01-01 12:20:56,25493314,guest,user123,none,lockout(3fails/300s),False,0.0,107
2026-01-01 12:20:56,25493314,test,user123,none,lockout(3fails/300s),False,0.0,107
2026-01-01 12:20:56,25493314,hello,user123,none,lockout(3fails/300s),False,0.0,107
2026-01-01 12:20:56,25493314,name,user123,none,lockout(3fails/300s),False,0.0,107
2026-01-01 12:20:56,25493314,login,user123,none,lockout(3fails/300s),False,0.0,107
2026-01-01 12:20:56,25493314,abc,user123,none,lockout(3fails/300s),False,0.0,107
2026-01-01 12:20:56,25493314,demo,user123,none,lockout(3fails/300s),False,0.0,107
2026-01-01 12:20:56,25493314,student,user123,none,lockout(3fails/300s),False,0.0,107
2026-01-01 12:20:56,25493314,Student_user,user123,none,lockout(3fails/300s),False,0.0,107
2026-01-01 12:20:56,25493314,user_test,user123,none,lockout(3fails/300s),False,0.0,107
2026-01-01 12:20:56,25493314,bluecat,user123,none,lockout(3fails/300s),False,0.0,107
2026-01-01 12:20:56,25493314,student1,user123,none,lockout(3fails/300s),False,0.0,107
2026-01-01 12:20:56,25493314,login_user,user123,none,lockout(3fails/300s),False,0.0,107
2026-01-01 12:20:57,25493314,pythonfan,user123,none,lockout(3fails/300s),False,0.0,107
2026-01-01 12:20:57,25493314,techgirl,user123,none,lockout(3fails/300s),False,0.0,107
2026-01-01 12:20:57,25493314,cloud_user,user123,none,lockout(3fails/300s),False,0.0,107
2026-01-01 12:20:57,25493314,gamer22,user123,none,lockout(3fails/300s),False,0.0,107
2026-01-01 12:20:57,25493314,webdev,user123,none,lockout(3fails/300s),False,0.0,107
2026-01-01 12:20:57,25493314,sha.sec,user123,none,lockout(3fails/300s),False,0.0,107
2026-01-01 12:20:57,25493314,secure_user,user123,none,lockout(3fails/300s),False,0.0,107
2026-01-01 12:20:57,25493314,cyber.auth,user123,none,lockout(3fails/300s),False,0.0,107
2026-01-01 12:20:57,25493314,dev.access,user123,none,lockout(3fails/300s),False,0.0,107
2026-01-01 12:20:57,25493314,root.guard,user123,none,lockout(3fails/300s),False,0.01,107
2026-01-01 12:20:57,25493314,net.lock,user123,none,lockout(3fails/300s),False,0.0,107
2026-01-01 12:20:57,25493314,auth.master,user123,none,lockout(3fails/300s),False,0.0,107
2026-01-01 12:20:57,25493314,vault_user,user123,none,lockout(3fails/300s),False,0.0,107
2026-01-01 12:20:57,25493314,system.sec,user123,none,lockout(3fails/300s),False,0.0,107
2026-01-01 12:20:57,25493314,secure.login,user123,none,lockout(3fails/300s),False,0.0,107
2026-01-01 12:20:57,25493314,user1,login,none,lockout(3fails/300s),False,0.0,108
2026-01-01 12:20:57,25493314,admin,login,none,lockout(3fails/300s),False,0.0,108
2026-01-01 12:20:57,25493314,guest,login,none,lockout(3fails/300s),False,0.01,108
2026-01-01 12:20:57,25493314,test,login,none,lockout(3fails/300s),False,0.0,108
2026-01-01 12:20:57,25493314,hello,login,none,lockout(3fails/300s),False,0.0,108
2026-01-01 12:20:57,25493314,name,login,none,lockout(3fails/300s),False,0.0,108
2026-01-01 12:20:57,25493314,login,login,none,lockout(3fails/300s),False,0.0,108
2026-01-01 12:20:57,25493314,abc,login,none,lockout(3fails/300s),False,0.0,108
2026-01-01 12:20:58,25493314,demo,login,none,lockout(3fails/300s),False,0.0,108
2026-01-01 12:20:58,25493314,student,login,none,lockout(3fails/300s),False,0.0,108
2026-01-01 12:20:58,25493314,Student_user,login,none,lockout(3fails/300s),False,0.0,108
2026-01-01 12:20:58,25493314,user_test,login,none,lockout(3fails/300s),False,0.0,108
2026-01-01 12:20:58,25493314,bluecat,login,none,lockout(3fails/300s),False,0.0,108
2026-01-01 12:20:58,25493314,student1,login,none,lockout(3fails/300s),False,0.0,108
2026-01-01 12:20:58,25493314,login_user,login,none,lockout(3fails/300s),False,0.0,108
2026-01-01 12:20:58,25493314,pythonfan,login,none,lockout(3fails/300s),False,0.0,108
2026-01-01 12:20:58,25493314,techgirl,login,none,lockout(3fails/300s),False,0.0,108
2026-01-01 12:20:58,25493314,cloud_user,login,none,lockout(3fails/300s),False,0.0,108
2026-01-01 12:20:58,25493314,gamer22,login,none,lockout(3fails/300s),False,0.0,108
2026-01-01 12:20:58,25493314,webdev,login,none,lockout(3fails/300s),False,0.0,108
2026-01-01 12:20:58,25493314,sha.sec,login,none,lockout(3fails/300s),False,0.0,108
2026-01-01 12:20:58,25493314,secure_user,login,none,lockout(3fails/300s),False,0.0,108
2026-01-01 12:20:58,25493314,cyber.auth,login,none,lockout(3fails/300s),False,0.0,108
2026-01-01 12:20:58,25493314,dev.access,login,none,lockout(3fails/300s),False,0.0,108
2026-01-01 12:20:58,25493314,root.guard,login,none,lockout(3fails/300s),False,0.0,108
2026-01-01 12:20:58,25493314,net.lock,login,none,lockout(3fails/300s),False,0.0,108
2026-01-01 12:20:58,25493314,auth.master,login,none,lockout(3fails/300s),False,0.0,108
2026-01-01 12:20:58,25493314,vault_user,login,none,lockout(3fails/300s),False,0.0,108
2026-01-01 12:20:58,25493314,system.sec,login,none,lockout(3fails/300s),False,0.0,108
2026-01-01 12:20:58,25493314,secure.login,login,none,lockout(3fails/300s),False,0.0,108
2026-01-01 12:20:59,25493314,user1,login123,none,lockout(3fails/300s),False,0.0,109
2026-01-01 12:20:59,25493314,admin,login123,none,lockout(3fails/300s),False,0.0,109
2026-01-01 12:20:59,25493314,guest,login123,none,lockout(3fails/300s),False,0.0,109
2026-01-01 12:20:59,25493314,test,login123,none,lockout(3fails/300s),False,0.0,109
2026-01-01 12:20:59,25493314,hello,login123,none,lockout(3fails/300s),False,0.0,109
2026-01-01 12:20:59,25493314,name,login123,none,lockout(3fails/300s),False,0.0,109
2026-01-01 12:20:59,25493314,login,login123,none,lockout(3fails/300s),False,0.0,109
2026-01-01 12:20:59,25493314,abc,login123,none,lockout(3fails/300s),False,0.0,109
2026-01-01 12:20:59,25493314,demo,login123,none,lockout(3fails/300s),False,0.0,109
2026-01-01 12:20:59,25493314,student,login123,none,lockout(3fails/300s),False,0.0,109
2026-01-01 12:20:59,25493314,Student_user,login123,none,lockout(3fails/300s),False,0.0,109
2026-01-01 12:20:59,25493314,user_test,login123,none,lockout(3fails/300s),False,0.0,109
2026-01-01 12:20:59,25493314,bluecat,login123,none,lockout(3fails/300s),False,0.0,109
2026-01-01 12:20:59,25493314,student1,login123,none,lockout(3fails/300s),False,0.0,109
2026-01-01 12:20:59,25493314,login_user,login123,none,lockout(3fails/300s),False,0.0,109
2026-01-01 12:20:59,25493314,pythonfan,login123,none,lockout(3fails/300s),False,0.0,109
2026-01-01 12:20:59,25493314,techgirl,login123,none,lockout(3fails/300s),False,0.0,109
2026-01-01 12:20:59,25493314,cloud_user,login123,none,lockout(3fails/300s),False,0.0,109
2026-01-01 12:20:59,25493314,gamer22,login123,none,lockout(3fails/300s),False,0.0,109
2026-01-01 12:20:59,25493314,webdev,login123,none,lockout(3fails/300s),False,0.0,109
2026-01-01 12:20:59,25493314,sha.sec,login123,none,lockout(3fails/300s),False,0.0,109
2026-01-01 12:20:59,25493314,secure_user,login123,none,lockout(3fails/300s),False,0.0,109
2026-01-01 12:21:00,25493314,cyber.auth,login123,none,lockout(3fails/300s),False,0.0,109
2026-01-01 12:21:00,25493314,dev.access,login123,none,lockout(3fails/300s),False,0.0,109
2026-01-01 12:21:00,25493314,root.guard,login123,none,lockout(3fails/300s),False,0.0,109
2026-01-01 12:21:00,25493314,net.lock,login123,none,lockout(3fails/300s),False,0.0,109
2026-01-01 12:21:00,25493314,auth.master,login123,none,lockout(3fails/300s),False,0.0,109
2026-01-01 12:21:00,25493314,vault_user,login123,none,lockout(3fails/300s),False,0.0,109
2026-01-01 12:21:00,25493314,system.sec,login123,none,lockout(3fails/300s),False,0.0,109
2026-01-01 12:21:00,25493314,secure.login,login123,none,lockout(3fails/300s),False,0.0,109
2026-01-01 12:21:00,25493314,user1,welcome,none,lockout(3fails/300s),False,0.0,110
2026-01-01 12:21:00,25493314,admin,welcome,none,lockout(3fails/300s),False,0.0,110
2026-01-01 12:21:00,25493314,guest,welcome,none,lockout(3fails/300s),False,0.0,110
2026-01-01 12:21:00,25493314,test,welcome,none,lockout(3fails/300s),False,0.0,110
2026-01-01 12:21:00,25493314,hello,welcome,none,lockout(3fails/300s),False,0.0,110
2026-01-01 12:21:00,25493314,name,welcome,none,lockout(3fails/300s),False,0.0,110
2026-01-01 12:21:00,25493314,login,welcome,none,lockout(3fails/300s),False,0.0,110
2026-01-01 12:21:00,25493314,abc,welcome,none,lockout(3fails/300s),False,0.0,110
2026-01-01 12:21:00,25493314,demo,welcome,none,lockout(3fails/300s),False,0.0,110
2026-01-01 12:21:00,25493314,student,welcome,none,lockout(3fails/300s),False,0.0,110
2026-01-01 12:21:00,25493314,Student_user,welcome,none,lockout(3fails/300s),False,0.0,110
2026-01-01 12:21:00,25493314,user_test,welcome,none,lockout(3fails/300s),False,0.0,110
2026-01-01 12:21:00,25493314,bluecat,welcome,none,lockout(3fails/300s),False,0.0,110
2026-01-01 12:21:00,25493314,student1,welcome,none,lockout(3fails/300s),False,0.0,110
2026-01-01 12:21:00,25493314,login_user,welcome,none,lockout(3fails/300s),False,0.0,110
2026-01-01 12:21:01,25493314,pythonfan,welcome,none,lockout(3fails/300s),False,0.0,110
2026-01-01 12:21:01,25493314,techgirl,welcome,none,lockout(3fails/300s),False,0.0,110
2026-01-01 12:21:01,25493314,cloud_user,welcome,none,lockout(3fails/300s),False,0.0,110
2026-01-01 12:21:01,25493314,gamer22,welcome,none,lockout(3fails/300s),False,0.0,110
2026-01-01 12:21:01,25493314,webdev,welcome,none,lockout(3fails/300s),False,0.0,110
2026-01-01 12:21:01,25493314,sha.sec,welcome,none,lockout(3fails/300s),False,0.0,110
2026-01-01 12:21:01,25493314,secure_user,welcome,none,lockout(3fails/300s),False,0.0,110
2026-01-01 12:21:01,25493314,cyber.auth,welcome,none,lockout(3fails/300s),False,0.0,110
2026-01-01 12:21:01,25493314,dev.access,welcome,none,lockout(3fails/300s),False,0.0,110
2026-01-01 12:21:01,25493314,root.guard,welcome,none,lockout(3fails/300s),False,0.0,110
2026-01-01 12:21:01,25493314,net.lock,welcome,none,lockout(3fails/300s),False,0.0,110
2026-01-01 12:21:01,25493314,auth.master,welcome,none,lockout(3fails/300s),False,0.0,110
2026-01-01 12:21:01,25493314,vault_user,welcome,none,lockout(3fails/300s),False,0.0,110
2026-01-01 12:21:01,25493314,system.sec,welcome,none,lockout(3fails/300s),False,0.0,110
2026-01-01 12:21:01,25493314,secure.login,welcome,none,lockout(3fails/300s),False,0.0,110
2026-01-01 12:21:01,25493314,user1,welcome1,none,lockout(3fails/300s),False,0.0,111
2026-01-01 12:21:01,25493314,admin,welcome1,none,lockout(3fails/300s),False,0.0,111
2026-01-01 12:21:01,25493314,guest,welcome1,none,lockout(3fails/300s),False,0.0,111
2026-01-01 12:21:01,25493314,test,welcome1,none,lockout(3fails/300s),False,0.0,111
2026-01-01 12:21:01,25493314,hello,welcome1,none,lockout(3fails/300s),False,0.0,111
2026-01-01 12:21:01,25493314,name,welcome1,none,lockout(3fails/300s),False,0.0,111
2026-01-01 12:21:01,25493314,login,welcome1,none,lockout(3fails/300s),False,0.0,111
2026-01-01 12:21:02,25493314,abc,welcome1,none,lockout(3fails/300s),False,0.0,111
2026-01-01 12:21:02,25493314,demo,welcome1,none,lockout(3fails/300s),False,0.0,111
2026-01-01 12:21:02,25493314,student,welcome1,none,lockout(3fails/300s),False,0.0,111
2026-01-01 12:21:02,25493314,Student_user,welcome1,none,lockout(3fails/300s),False,0.0,111
2026-01-01 12:21:02,25493314,user_test,welcome1,none,lockout(3fails/300s),False,0.0,111
2026-01-01 12:21:02,25493314,bluecat,welcome1,none,lockout(3fails/300s),False,0.0,111
2026-01-01 12:21:02,25493314,student1,welcome1,none,lockout(3fails/300s),False,0.0,111
2026-01-01 12:21:02,25493314,login_user,welcome1,none,lockout(3fails/300s),False,0.0,111
2026-01-01 12:21:02,25493314,pythonfan,welcome1,none,lockout(3fails/300s),False,0.0,111
2026-01-01 12:21:02,25493314,techgirl,welcome1,none,lockout(3fails/300s),False,0.0,111
2026-01-01 12:21:02,25493314,cloud_user,welcome1,none,lockout(3fails/300s),False,0.0,111
2026-01-01 12:21:02,25493314,gamer22,welcome1,none,lockout(3fails/300s),False,0.0,111
2026-01-01 12:21:02,25493314,webdev,welcome1,none,lockout(3fails/300s),False,0.0,111
2026-01-01 12:21:02,25493314,sha.sec,welcome1,none,lockout(3fails/300s),False,0.0,111
2026-01-01 12:21:02,25493314,secure_user,welcome1,none,lockout(3fails/300s),False,0.0,111
2026-01-01 12:21:02,25493314,cyber.auth,welcome1,none,lockout(3fails/300s),False,0.0,111
2026-01-01 12:21:02,25493314,dev.access,welcome1,none,lockout(3fails/300s),False,0.0,111
2026-01-01 12:21:02,25493314,root.guard,welcome1,none,lockout(3fails/300s),False,0.0,111
2026-01-01 12:21:02,25493314,net.lock,welcome1,none,lockout(3fails/300s),False,0.0,111
2026-01-01 12:21:02,25493314,auth.master,welcome1,none,lockout(3fails/300s),False,0.0,111
2026-01-01 12:21:02,25493314,vault_user,welcome1,none,lockout(3fails/300s),False,0.0,111
2026-01-01 12:21:02,25493314,system.sec,welcome1,none,lockout(3fails/300s),False,0.0,111
2026-01-01 12:21:02,25493314,secure.login,welcome1,none,lockout(3fails/300s),False,0.0,111
2026-01-01 12:21:02,25493314,user1,password123,none,lockout(3fails/300s),False,0.0,112
2026-01-01 12:21:03,25493314,admin,password123,none,lockout(3fails/300s),False,0.0,112
2026-01-01 12:21:03,25493314,guest,password123,none,lockout(3fails/300s),False,0.0,112
2026-01-01 12:21:03,25493314,test,password123,none,lockout(3fails/300s),False,0.0,112
2026-01-01 12:21:03,25493314,hello,password123,none,lockout(3fails/300s),False,0.0,112
2026-01-01 12:21:03,25493314,name,password123,none,lockout(3fails/300s),False,0.0,112
2026-01-01 12:21:03,25493314,login,password123,none,lockout(3fails/300s),False,0.0,112
2026-01-01 12:21:03,25493314,abc,password123,none,lockout(3fails/300s),False,0.0,112
2026-01-01 12:21:03,25493314,demo,password123,none,lockout(3fails/300s),False,0.0,112
2026-01-01 12:21:03,25493314,student,password123,none,lockout(3fails/300s),False,0.0,112
2026-01-01 12:21:03,25493314,Student_user,password123,none,lockout(3fails/300s),False,0.0,112
2026-01-01 12:21:03,25493314,user_test,password123,none,lockout(3fails/300s),False,0.0,112
2026-01-01 12:21:03,25493314,bluecat,password123,none,lockout(3fails/300s),False,0.0,112
2026-01-01 12:21:03,25493314,student1,password123,none,lockout(3fails/300s),False,0.0,112
2026-01-01 12:21:03,25493314,login_user,password123,none,lockout(3fails/300s),False,0.0,112
2026-01-01 12:21:03,25493314,pythonfan,password123,none,lockout(3fails/300s),False,0.0,112
2026-01-01 12:21:03,25493314,techgirl,password123,none,lockout(3fails/300s),False,0.0,112
2026-01-01 12:21:03,25493314,cloud_user,password123,none,lockout(3fails/300s),False,0.0,112
2026-01-01 12:21:03,25493314,gamer22,password123,none,lockout(3fails/300s),False,0.0,112
2026-01-01 12:21:03,25493314,webdev,password123,none,lockout(3fails/300s),False,0.0,112
2026-01-01 12:21:03,25493314,sha.sec,password123,none,lockout(3fails/300s),False,0.0,112
2026-01-01 12:21:03,25493314,secure_user,password123,none,lockout(3fails/300s),False,0.0,112
2026-01-01 12:21:03,25493314,cyber.auth,password123,none,lockout(3fails/300s),False,0.0,112
2026-01-01 12:21:03,25493314,dev.access,password123,none,lockout(3fails/300s),False,0.0,112
2026-01-01 12:21:04,25493314,root.guard,password123,none,lockout(3fails/300s),False,0.0,112
2026-01-01 12:21:04,25493314,net.lock,password123,none,lockout(3fails/300s),False,0.0,112
2026-01-01 12:21:04,25493314,auth.master,password123,none,lockout(3fails/300s),False,0.0,112
2026-01-01 12:21:04,25493314,vault_user,password123,none,lockout(3fails/300s),False,0.0,112
2026-01-01 12:21:04,25493314,system.sec,password123,none,lockout(3fails/300s),False,0.0,112
2026-01-01 12:21:04,25493314,secure.login,password123,none,lockout(3fails/300s),False,0.0,112
2026-01-01 12:21:04,25493314,user1,admin1,none,lockout(3fails/300s),False,0.0,113
2026-01-01 12:21:04,25493314,admin,admin1,none,lockout(3fails/300s),False,0.0,113
2026-01-01 12:21:04,25493314,guest,admin1,none,lockout(3fails/300s),False,0.0,113
2026-01-01 12:21:04,25493314,test,admin1,none,lockout(3fails/300s),False,0.0,113
2026-01-01 12:21:04,25493314,hello,admin1,none,lockout(3fails/300s),False,0.0,113
2026-01-01 12:21:04,25493314,name,admin1,none,lockout(3fails/300s),False,0.0,113
2026-01-01 12:21:04,25493314,login,admin1,none,lockout(3fails/300s),False,0.0,113
2026-01-01 12:21:04,25493314,abc,admin1,none,lockout(3fails/300s),False,0.0,113
2026-01-01 12:21:04,25493314,demo,admin1,none,lockout(3fails/300s),False,0.0,113
2026-01-01 12:21:04,25493314,student,admin1,none,lockout(3fails/300s),False,0.0,113
2026-01-01 12:21:04,25493314,Student_user,admin1,none,lockout(3fails/300s),False,0.0,113
2026-01-01 12:21:04,25493314,user_test,admin1,none,lockout(3fails/300s),False,0.0,113
2026-01-01 12:21:04,25493314,bluecat,admin1,none,lockout(3fails/300s),False,0.0,113
2026-01-01 12:21:04,25493314,student1,admin1,none,lockout(3fails/300s),False,0.0,113
2026-01-01 12:21:04,25493314,login_user,admin1,none,lockout(3fails/300s),False,0.0,113
2026-01-01 12:21:05,25493314,pythonfan,admin1,none,lockout(3fails/300s),False,0.0,113
2026-01-01 12:21:05,25493314,techgirl,admin1,none,lockout(3fails/300s),False,0.0,113
2026-01-01 12:21:05,25493314,cloud_user,admin1,none,lockout(3fails/300s),False,0.0,113
2026-01-01 12:21:05,25493314,gamer22,admin1,none,lockout(3fails/300s),False,0.0,113
2026-01-01 12:21:05,25493314,webdev,admin1,none,lockout(3fails/300s),False,0.0,113
2026-01-01 12:21:05,25493314,sha.sec,admin1,none,lockout(3fails/300s),False,0.0,113
2026-01-01 12:21:05,25493314,secure_user,admin1,none,lockout(3fails/300s),False,0.0,113
2026-01-01 12:21:05,25493314,cyber.auth,admin1,none,lockout(3fails/300s),False,0.0,113
2026-01-01 12:21:05,25493314,dev.access,admin1,none,lockout(3fails/300s),False,0.0,113
2026-01-01 12:21:05,25493314,root.guard,admin1,none,lockout(3fails/300s),False,0.0,113
2026-01-01 12:21:05,25493314,net.lock,admin1,none,lockout(3fails/300s),False,0.0,113
2026-01-01 12:21:05,25493314,auth.master,admin1,none,lockout(3fails/300s),False,0.0,113
2026-01-01 12:21:05,25493314,vault_user,admin1,none,lockout(3fails/300s),False,0.0,113
2026-01-01 12:21:05,25493314,system.sec,admin1,none,lockout(3fails/300s),False,0.0,113
2026-01-01 12:21:05,25493314,secure.login,admin1,none,lockout(3fails/300s),False,0.0,113
2026-01-01 12:21:05,25493314,user1,root123,none,lockout(3fails/300s),False,0.0,114
2026-01-01 12:21:05,25493314,admin,root123,none,lockout(3fails/300s),False,0.0,114
2026-01-01 12:21:05,25493314,guest,root123,none,lockout(3fails/300s),False,0.0,114
2026-01-01 12:21:05,25493314,test,root123,none,lockout(3fails/300s),False,0.0,114
2026-01-01 12:21:05,25493314,hello,root123,none,lockout(3fails/300s),False,0.0,114
2026-01-01 12:21:05,25493314,name,root123,none,lockout(3fails/300s),False,0.0,114
2026-01-01 12:21:05,25493314,login,root123,none,lockout(3fails/300s),False,0.0,114
2026-01-01 12:21:06,25493314,abc,root123,none,lockout(3fails/300s),False,0.0,114
2026-01-01 12:21:06,25493314,demo,root123,none,lockout(3fails/300s),False,0.0,114
2026-01-01 12:21:06,25493314,student,root123,none,lockout(3fails/300s),False,0.0,114
2026-01-01 12:21:06,25493314,Student_user,root123,none,lockout(3fails/300s),False,0.0,114
2026-01-01 12:21:06,25493314,user_test,root123,none,lockout(3fails/300s),False,0.0,114
2026-01-01 12:21:06,25493314,bluecat,root123,none,lockout(3fails/300s),False,0.0,114
2026-01-01 12:21:06,25493314,student1,root123,none,lockout(3fails/300s),False,0.0,114
2026-01-01 12:21:06,25493314,login_user,root123,none,lockout(3fails/300s),False,0.0,114
2026-01-01 12:21:06,25493314,pythonfan,root123,none,lockout(3fails/300s),False,0.0,114
2026-01-01 12:21:06,25493314,techgirl,root123,none,lockout(3fails/300s),False,0.0,114
2026-01-01 12:21:06,25493314,cloud_user,root123,none,lockout(3fails/300s),False,0.0,114
2026-01-01 12:21:06,25493314,gamer22,root123,none,lockout(3fails/300s),False,0.0,114
2026-01-01 12:21:06,25493314,webdev,root123,none,lockout(3fails/300s),False,0.0,114
2026-01-01 12:21:06,25493314,sha.sec,root123,none,lockout(3fails/300s),False,0.0,114
2026-01-01 12:21:06,25493314,secure_user,root123,none,lockout(3fails/300s),False,0.0,114
2026-01-01 12:21:06,25493314,cyber.auth,root123,none,lockout(3fails/300s),False,0.0,114
2026-01-01 12:21:06,25493314,dev.access,root123,none,lockout(3fails/300s),False,0.0,114
2026-01-01 12:21:06,25493314,root.guard,root123,none,lockout(3fails/300s),False,0.0,114
2026-01-01 12:21:06,25493314,net.lock,root123,none,lockout(3fails/300s),False,0.0,114
2026-01-01 12:21:06,25493314,auth.master,root123,none,lockout(3fails/300s),False,0.0,114
2026-01-01 12:21:06,25493314,vault_user,root123,none,lockout(3fails/300s),False,0.0,114
2026-01-01 12:21:07,25493314,system.sec,root123,none,lockout(3fails/300s),False,0.0,114
2026-01-01 12:21:07,25493314,secure.login,root123,none,lockout(3fails/300s),False,0.0,114
2026-01-01 12:21:07,25493314,user1,pass123,none,lockout(3fails/300s),False,0.0,115
2026-01-01 12:21:07,25493314,admin,pass123,none,lockout(3fails/300s),False,0.0,115
2026-01-01 12:21:07,25493314,guest,pass123,none,lockout(3fails/300s),False,0.0,115
2026-01-01 12:21:07,25493314,test,pass123,none,lockout(3fails/300s),False,0.0,115
2026-01-01 12:21:07,25493314,hello,pass123,none,lockout(3fails/300s),False,0.0,115
2026-01-01 12:21:07,25493314,name,pass123,none,lockout(3fails/300s),False,0.0,115
2026-01-01 12:21:07,25493314,login,pass123,none,lockout(3fails/300s),False,0.0,115
2026-01-01 12:21:07,25493314,abc,pass123,none,lockout(3fails/300s),False,0.0,115
2026-01-01 12:21:07,25493314,demo,pass123,none,lockout(3fails/300s),False,0.0,115
2026-01-01 12:21:07,25493314,student,pass123,none,lockout(3fails/300s),False,0.0,115
2026-01-01 12:21:07,25493314,Student_user,pass123,none,lockout(3fails/300s),False,0.0,115
2026-01-01 12:21:07,25493314,user_test,pass123,none,lockout(3fails/300s),False,0.0,115
2026-01-01 12:21:07,25493314,bluecat,pass123,none,lockout(3fails/300s),False,0.0,115
2026-01-01 12:21:07,25493314,student1,pass123,none,lockout(3fails/300s),False,0.0,115
2026-01-01 12:21:07,25493314,login_user,pass123,none,lockout(3fails/300s),False,0.0,115
2026-01-01 12:21:07,25493314,pythonfan,pass123,none,lockout(3fails/300s),False,0.0,115
2026-01-01 12:21:07,25493314,techgirl,pass123,none,lockout(3fails/300s),False,0.0,115
2026-01-01 12:21:07,25493314,cloud_user,pass123,none,lockout(3fails/300s),False,0.0,115
2026-01-01 12:21:07,25493314,gamer22,pass123,none,lockout(3fails/300s),False,0.0,115
2026-01-01 12:21:07,25493314,webdev,pass123,none,lockout(3fails/300s),False,0.0,115
2026-01-01 12:21:07,25493314,sha.sec,pass123,none,lockout(3fails/300s),False,0.0,115
2026-01-01 12:21:07,25493314,secure_user,pass123,none,lockout(3fails/300s),False,0.0,115
2026-01-01 12:21:08,25493314,cyber.auth,pass123,none,lockout(3fails/300s),False,0.0,115
2026-01-01 12:21:08,25493314,dev.access,pass123,none,lockout(3fails/300s),False,0.0,115
2026-01-01 12:21:08,25493314,root.guard,pass123,none,lockout(3fails/300s),False,0.0,115
2026-01-01 12:21:08,25493314,net.lock,pass123,none,lockout(3fails/300s),False,0.0,115
2026-01-01 12:21:08,25493314,auth.master,pass123,none,lockout(3fails/300s),False,0.0,115
2026-01-01 12:21:08,25493314,vault_user,pass123,none,lockout(3fails/300s),False,0.0,115
2026-01-01 12:21:08,25493314,system.sec,pass123,none,lockout(3fails/300s),False,0.0,115
2026-01-01 12:21:08,25493314,secure.login,pass123,none,lockout(3fails/300s),False,0.0,115
2026-01-01 12:21:08,25493314,user1,1q2w3e4r,none,lockout(3fails/300s),False,0.0,116
2026-01-01 12:21:08,25493314,admin,1q2w3e4r,none,lockout(3fails/300s),False,0.0,116
2026-01-01 12:21:08,25493314,guest,1q2w3e4r,none,lockout(3fails/300s),False,0.0,116
2026-01-01 12:21:08,25493314,test,1q2w3e4r,none,lockout(3fails/300s),False,0.0,116
2026-01-01 12:21:08,25493314,hello,1q2w3e4r,none,lockout(3fails/300s),False,0.0,116
2026-01-01 12:21:08,25493314,name,1q2w3e4r,none,lockout(3fails/300s),False,0.0,116
2026-01-01 12:21:08,25493314,login,1q2w3e4r,none,lockout(3fails/300s),False,0.0,116
2026-01-01 12:21:08,25493314,abc,1q2w3e4r,none,lockout(3fails/300s),False,0.0,116
2026-01-01 12:21:08,25493314,demo,1q2w3e4r,none,lockout(3fails/300s),False,0.0,116
2026-01-01 12:21:08,25493314,student,1q2w3e4r,none,lockout(3fails/300s),False,0.0,116
2026-01-01 12:21:08,25493314,Student_user,1q2w3e4r,none,lockout(3fails/300s),False,0.0,116
2026-01-01 12:21:08,25493314,user_test,1q2w3e4r,none,lockout(3fails/300s),False,0.0,116
2026-01-01 12:21:08,25493314,bluecat,1q2w3e4r,none,lockout(3fails/300s),False,0.0,116
2026-01-01 12:21:09,25493314,student1,1q2w3e4r,none,lockout(3fails/300s),False,0.0,116
2026-01-01 12:21:09,25493314,login_user,1q2w3e4r,none,lockout(3fails/300s),False,0.0,116
2026-01-01 12:21:09,25493314,pythonfan,1q2w3e4r,none,lockout(3fails/300s),False,0.0,116
2026-01-01 12:21:09,25493314,techgirl,1q2w3e4r,none,lockout(3fails/300s),False,0.0,116
2026-01-01 12:21:09,25493314,cloud_user,1q2w3e4r,none,lockout(3fails/300s),False,0.0,116
2026-01-01 12:21:09,25493314,gamer22,1q2w3e4r,none,lockout(3fails/300s),False,0.0,116
2026-01-01 12:21:09,25493314,webdev,1q2w3e4r,none,lockout(3fails/300s),False,0.0,116
2026-01-01 12:21:09,25493314,sha.sec,1q2w3e4r,none,lockout(3fails/300s),False,0.0,116
2026-01-01 12:21:09,25493314,secure_user,1q2w3e4r,none,lockout(3fails/300s),False,0.0,116
2026-01-01 12:21:09,25493314,cyber.auth,1q2w3e4r,none,lockout(3fails/300s),False,0.0,116
2026-01-01 12:21:09,25493314,dev.access,1q2w3e4r,none,lockout(3fails/300s),False,0.0,116
2026-01-01 12:21:09,25493314,root.guard,1q2w3e4r,none,lockout(3fails/300s),False,0.0,116
2026-01-01 12:21:09,25493314,net.lock,1q2w3e4r,none,lockout(3fails/300s),False,0.0,116
2026-01-01 12:21:09,25493314,auth.master,1q2w3e4r,none,lockout(3fails/300s),False,0.0,116
2026-01-01 12:21:09,25493314,vault_user,1q2w3e4r,none,lockout(3fails/300s),False,0.0,116
2026-01-01 12:21:09,25493314,system.sec,1q2w3e4r,none,lockout(3fails/300s),False,0.0,116
2026-01-01 12:21:09,25493314,secure.login,1q2w3e4r,none,lockout(3fails/300s),False,0.0,116
2026-01-01 12:21:09,25493314,user1,qwerty123,none,lockout(3fails/300s),False,0.0,117
2026-01-01 12:21:09,25493314,admin,qwerty123,none,lockout(3fails/300s),False,0.0,117
2026-01-01 12:21:09,25493314,guest,qwerty123,none,lockout(3fails/300s),False,0.0,117
2026-01-01 12:21:09,25493314,test,qwerty123,none,lockout(3fails/300s),False,0.0,117
2026-01-01 12:21:10,25493314,hello,qwerty123,none,lockout(3fails/300s),False,0.0,117
2026-01-01 12:21:10,25493314,name,qwerty123,none,lockout(3fails/300s),False,0.0,117
2026-01-01 12:21:10,25493314,login,qwerty123,none,lockout(3fails/300s),False,0.0,117
2026-01-01 12:21:10,25493314,abc,qwerty123,none,lockout(3fails/300s),False,0.0,117
2026-01-01 12:21:10,25493314,demo,qwerty123,none,lockout(3fails/300s),False,0.0,117
2026-01-01 12:21:10,25493314,student,qwerty123,none,lockout(3fails/300s),False,0.0,117
2026-01-01 12:21:10,25493314,Student_user,qwerty123,none,lockout(3fails/300s),False,0.0,117
2026-01-01 12:21:10,25493314,user_test,qwerty123,none,lockout(3fails/300s),False,0.0,117
2026-01-01 12:21:10,25493314,bluecat,qwerty123,none,lockout(3fails/300s),False,0.0,117
2026-01-01 12:21:10,25493314,student1,qwerty123,none,lockout(3fails/300s),False,0.0,117
2026-01-01 12:21:10,25493314,login_user,qwerty123,none,lockout(3fails/300s),False,0.0,117
2026-01-01 12:21:10,25493314,pythonfan,qwerty123,none,lockout(3fails/300s),False,0.0,117
2026-01-01 12:21:10,25493314,techgirl,qwerty123,none,lockout(3fails/300s),False,0.0,117
2026-01-01 12:21:10,25493314,cloud_user,qwerty123,none,lockout(3fails/300s),False,0.0,117
2026-01-01 12:21:10,25493314,gamer22,qwerty123,none,lockout(3fails/300s),False,0.0,117
2026-01-01 12:21:10,25493314,webdev,qwerty123,none,lockout(3fails/300s),False,0.0,117
2026-01-01 12:21:10,25493314,sha.sec,qwerty123,none,lockout(3fails/300s),False,0.0,117
2026-01-01 12:21:10,25493314,secure_user,qwerty123,none,lockout(3fails/300s),False,0.0,117
2026-01-01 12:21:10,25493314,cyber.auth,qwerty123,none,lockout(3fails/300s),False,0.0,117
2026-01-01 12:21:10,25493314,dev.access,qwerty123,none,lockout(3fails/300s),False,0.0,117
2026-01-01 12:21:10,25493314,root.guard,qwerty123,none,lockout(3fails/300s),False,0.0,117
2026-01-01 12:21:10,25493314,net.lock,qwerty123,none,lockout(3fails/300s),False,0.0,117
2026-01-01 12:21:11,25493314,auth.master,qwerty123,none,lockout(3fails/300s),False,0.0,117
2026-01-01 12:21:11,25493314,vault_user,qwerty123,none,lockout(3fails/300s),False,0.0,117
2026-01-01 12:21:11,25493314,system.sec,qwerty123,none,lockout(3fails/300s),False,0.0,117
2026-01-01 12:21:11,25493314,secure.login,qwerty123,none,lockout(3fails/300s),False,0.0,117
2026-01-01 12:21:11,25493314,user1,1234567890,none,lockout(3fails/300s),False,0.0,118
2026-01-01 12:21:11,25493314,admin,1234567890,none,lockout(3fails/300s),False,0.0,118
2026-01-01 12:21:11,25493314,guest,1234567890,none,lockout(3fails/300s),False,0.0,118
2026-01-01 12:21:11,25493314,test,1234567890,none,lockout(3fails/300s),False,0.0,118
2026-01-01 12:21:11,25493314,hello,1234567890,none,lockout(3fails/300s),False,0.0,118
2026-01-01 12:21:11,25493314,name,1234567890,none,lockout(3fails/300s),False,0.0,118
2026-01-01 12:21:11,25493314,login,1234567890,none,lockout(3fails/300s),False,0.0,118
2026-01-01 12:21:11,25493314,abc,1234567890,none,lockout(3fails/300s),False,0.0,118
2026-01-01 12:21:11,25493314,demo,1234567890,none,lockout(3fails/300s),False,0.0,118
2026-01-01 12:21:11,25493314,student,1234567890,none,lockout(3fails/300s),False,0.0,118
2026-01-01 12:21:11,25493314,Student_user,1234567890,none,lockout(3fails/300s),False,0.0,118
2026-01-01 12:21:11,25493314,user_test,1234567890,none,lockout(3fails/300s),False,0.0,118
2026-01-01 12:21:11,25493314,bluecat,1234567890,none,lockout(3fails/300s),False,0.0,118
2026-01-01 12:21:11,25493314,student1,1234567890,none,lockout(3fails/300s),False,0.0,118
2026-01-01 12:21:11,25493314,login_user,1234567890,none,lockout(3fails/300s),False,0.0,118
2026-01-01 12:21:11,25493314,pythonfan,1234567890,none,lockout(3fails/300s),False,0.0,118
2026-01-01 12:21:11,25493314,techgirl,1234567890,none,lockout(3fails/300s),False,0.0,118
2026-01-01 12:21:11,25493314,cloud_user,1234567890,none,lockout(3fails/300s),False,0.0,118
2026-01-01 12:21:12,25493314,gamer22,1234567890,none,lockout(3fails/300s),False,0.0,118
2026-01-01 12:21:12,25493314,webdev,1234567890,none,lockout(3fails/300s),False,0.0,118
2026-01-01 12:21:12,25493314,sha.sec,1234567890,none,lockout(3fails/300s),False,0.0,118
2026-01-01 12:21:12,25493314,secure_user,1234567890,none,lockout(3fails/300s),False,0.0,118
2026-01-01 12:21:12,25493314,cyber.auth,1234567890,none,lockout(3fails/300s),False,0.0,118
2026-01-01 12:21:12,25493314,dev.access,1234567890,none,lockout(3fails/300s),False,0.0,118
2026-01-01 12:21:12,25493314,root.guard,1234567890,none,lockout(3fails/300s),False,0.0,118
2026-01-01 12:21:12,25493314,net.lock,1234567890,none,lockout(3fails/300s),False,0.0,118
2026-01-01 12:21:12,25493314,auth.master,1234567890,none,lockout(3fails/300s),False,0.0,118
2026-01-01 12:21:12,25493314,vault_user,1234567890,none,lockout(3fails/300s),False,0.0,118
2026-01-01 12:21:12,25493314,system.sec,1234567890,none,lockout(3fails/300s),False,0.0,118
2026-01-01 12:21:12,25493314,secure.login,1234567890,none,lockout(3fails/300s),False,0.0,118
2026-01-01 12:21:12,25493314,user1,987654321,none,lockout(3fails/300s),False,0.0,119
2026-01-01 12:21:12,25493314,admin,987654321,none,lockout(3fails/300s),False,0.0,119
2026-01-01 12:21:12,25493314,guest,987654321,none,lockout(3fails/300s),False,0.0,119
2026-01-01 12:21:12,25493314,test,987654321,none,lockout(3fails/300s),False,0.0,119
2026-01-01 12:21:12,25493314,hello,987654321,none,lockout(3fails/300s),False,0.0,119
2026-01-01 12:21:12,25493314,name,987654321,none,lockout(3fails/300s),False,0.0,119
2026-01-01 12:21:12,25493314,login,987654321,none,lockout(3fails/300s),False,0.0,119
2026-01-01 12:21:12,25493314,abc,987654321,none,lockout(3fails/300s),False,0.0,119
2026-01-01 12:21:12,25493314,demo,987654321,none,lockout(3fails/300s),False,0.0,119
2026-01-01 12:21:13,25493314,student,987654321,none,lockout(3fails/300s),False,0.0,119
2026-01-01 12:21:13,25493314,Student_user,987654321,none,lockout(3fails/300s),False,0.0,119
2026-01-01 12:21:13,25493314,user_test,987654321,none,lockout(3fails/300s),False,0.0,119
2026-01-01 12:21:13,25493314,bluecat,987654321,none,lockout(3fails/300s),False,0.0,119
2026-01-01 12:21:13,25493314,student1,987654321,none,lockout(3fails/300s),False,0.0,119
2026-01-01 12:21:13,25493314,login_user,987654321,none,lockout(3fails/300s),False,0.0,119
2026-01-01 12:21:13,25493314,pythonfan,987654321,none,lockout(3fails/300s),False,0.0,119
2026-01-01 12:21:13,25493314,techgirl,987654321,none,lockout(3fails/300s),False,0.0,119
2026-01-01 12:21:13,25493314,cloud_user,987654321,none,lockout(3fails/300s),False,0.0,119
2026-01-01 12:21:13,25493314,gamer22,987654321,none,lockout(3fails/300s),False,0.0,119
2026-01-01 12:21:13,25493314,webdev,987654321,none,lockout(3fails/300s),False,0.0,119
2026-01-01 12:21:13,25493314,sha.sec,987654321,none,lockout(3fails/300s),False,0.0,119
2026-01-01 12:21:13,25493314,secure_user,987654321,none,lockout(3fails/300s),False,0.0,119
2026-01-01 12:21:13,25493314,cyber.auth,987654321,none,lockout(3fails/300s),False,0.0,119
2026-01-01 12:21:13,25493314,dev.access,987654321,none,lockout(3fails/300s),False,0.0,119
2026-01-01 12:21:13,25493314,root.guard,987654321,none,lockout(3fails/300s),False,0.0,119
2026-01-01 12:21:13,25493314,net.lock,987654321,none,lockout(3fails/300s),False,0.0,119
2026-01-01 12:21:13,25493314,auth.master,987654321,none,lockout(3fails/300s),False,0.0,119
2026-01-01 12:21:13,25493314,vault_user,987654321,none,lockout(3fails/300s),False,0.0,119
2026-01-01 12:21:13,25493314,system.sec,987654321,none,lockout(3fails/300s),False,0.0,119
2026-01-01 12:21:13,25493314,secure.login,987654321,none,lockout(3fails/300s),False,0.0,119
2026-01-01 12:21:14,25493314,user1,hello,none,lockout(3fails/300s),False,0.0,120
2026-01-01 12:21:14,25493314,admin,hello,none,lockout(3fails/300s),False,0.0,120
2026-01-01 12:21:14,25493314,guest,hello,none,lockout(3fails/300s),False,0.0,120
2026-01-01 12:21:14,25493314,test,hello,none,lockout(3fails/300s),False,0.0,120
2026-01-01 12:21:14,25493314,hello,hello,none,lockout(3fails/300s),False,0.0,120
2026-01-01 12:21:14,25493314,name,hello,none,lockout(3fails/300s),False,0.0,120
2026-01-01 12:21:14,25493314,login,hello,none,lockout(3fails/300s),False,0.0,120
2026-01-01 12:21:14,25493314,abc,hello,none,lockout(3fails/300s),False,0.0,120
2026-01-01 12:21:14,25493314,demo,hello,none,lockout(3fails/300s),False,0.0,120
2026-01-01 12:21:14,25493314,student,hello,none,lockout(3fails/300s),False,0.0,120
2026-01-01 12:21:14,25493314,Student_user,hello,none,lockout(3fails/300s),False,0.0,120
2026-01-01 12:21:14,25493314,user_test,hello,none,lockout(3fails/300s),False,0.0,120
2026-01-01 12:21:14,25493314,bluecat,hello,none,lockout(3fails/300s),False,0.01,120
2026-01-01 12:21:14,25493314,student1,hello,none,lockout(3fails/300s),False,0.0,120
2026-01-01 12:21:14,25493314,login_user,hello,none,lockout(3fails/300s),False,0.0,120
2026-01-01 12:21:14,25493314,pythonfan,hello,none,lockout(3fails/300s),False,0.0,120
2026-01-01 12:21:14,25493314,techgirl,hello,none,lockout(3fails/300s),False,0.0,120
2026-01-01 12:21:14,25493314,cloud_user,hello,none,lockout(3fails/300s),False,0.0,120
2026-01-01 12:21:14,25493314,gamer22,hello,none,lockout(3fails/300s),False,0.0,120
2026-01-01 12:21:14,25493314,webdev,hello,none,lockout(3fails/300s),False,0.0,120
2026-01-01 12:21:14,25493314,sha.sec,hello,none,lockout(3fails/300s),False,0.0,120
2026-01-01 12:21:15,25493314,secure_user,hello,none,lockout(3fails/300s),False,0.0,120
2026-01-01 12:21:15,25493314,cyber.auth,hello,none,lockout(3fails/300s),False,0.0,120
2026-01-01 12:21:15,25493314,dev.access,hello,none,lockout(3fails/300s),False,0.0,120
2026-01-01 12:21:15,25493314,root.guard,hello,none,lockout(3fails/300s),False,0.0,120
2026-01-01 12:21:15,25493314,net.lock,hello,none,lockout(3fails/300s),False,0.0,120
2026-01-01 12:21:15,25493314,auth.master,hello,none,lockout(3fails/300s),False,0.0,120
2026-01-01 12:21:15,25493314,vault_user,hello,none,lockout(3fails/300s),False,0.0,120
2026-01-01 12:21:15,25493314,system.sec,hello,none,lockout(3fails/300s),False,0.0,120
2026-01-01 12:21:15,25493314,secure.login,hello,none,lockout(3fails/300s),False,0.0,120
2026-01-01 12:21:15,25493314,user1,hello123,none,lockout(3fails/300s),False,0.0,121
2026-01-01 12:21:15,25493314,admin,hello123,none,lockout(3fails/300s),False,0.0,121
2026-01-01 12:21:15,25493314,guest,hello123,none,lockout(3fails/300s),False,0.0,121
2026-01-01 12:21:15,25493314,test,hello123,none,lockout(3fails/300s),False,0.0,121
2026-01-01 12:21:15,25493314,hello,hello123,none,lockout(3fails/300s),False,0.0,121
2026-01-01 12:21:15,25493314,name,hello123,none,lockout(3fails/300s),False,0.0,121
2026-01-01 12:21:15,25493314,login,hello123,none,lockout(3fails/300s),False,0.0,121
2026-01-01 12:21:15,25493314,abc,hello123,none,lockout(3fails/300s),False,0.0,121
2026-01-01 12:21:15,25493314,demo,hello123,none,lockout(3fails/300s),False,0.0,121
2026-01-01 12:21:15,25493314,student,hello123,none,lockout(3fails/300s),False,0.0,121
2026-01-01 12:21:15,25493314,Student_user,hello123,none,lockout(3fails/300s),False,0.0,121
2026-01-01 12:21:15,25493314,user_test,hello123,none,lockout(3fails/300s),False,0.0,121
2026-01-01 12:21:16,25493314,bluecat,hello123,none,lockout(3fails/300s),False,0.0,121
2026-01-01 12:21:16,25493314,student1,hello123,none,lockout(3fails/300s),False,0.0,121
2026-01-01 12:21:16,25493314,login_user,hello123,none,lockout(3fails/300s),False,0.0,121
2026-01-01 12:21:16,25493314,pythonfan,hello123,none,lockout(3fails/300s),False,0.0,121
2026-01-01 12:21:16,25493314,techgirl,hello123,none,lockout(3fails/300s),False,0.0,121
2026-01-01 12:21:16,25493314,cloud_user,hello123,none,lockout(3fails/300s),False,0.0,121
2026-01-01 12:21:16,25493314,gamer22,hello123,none,lockout(3fails/300s),False,0.0,121
2026-01-01 12:21:16,25493314,webdev,hello123,none,lockout(3fails/300s),False,0.0,121
2026-01-01 12:21:16,25493314,sha.sec,hello123,none,lockout(3fails/300s),False,0.0,121
2026-01-01 12:21:16,25493314,secure_user,hello123,none,lockout(3fails/300s),False,0.0,121
2026-01-01 12:21:16,25493314,cyber.auth,hello123,none,lockout(3fails/300s),False,0.0,121
2026-01-01 12:21:16,25493314,dev.access,hello123,none,lockout(3fails/300s),False,0.0,121
2026-01-01 12:21:16,25493314,root.guard,hello123,none,lockout(3fails/300s),False,0.0,121
2026-01-01 12:21:16,25493314,net.lock,hello123,none,lockout(3fails/300s),False,0.01,121
2026-01-01 12:21:16,25493314,auth.master,hello123,none,lockout(3fails/300s),False,0.0,121
2026-01-01 12:21:16,25493314,vault_user,hello123,none,lockout(3fails/300s),False,0.0,121
2026-01-01 12:21:16,25493314,system.sec,hello123,none,lockout(3fails/300s),False,0.0,121
2026-01-01 12:21:16,25493314,secure.login,hello123,none,lockout(3fails/300s),False,0.0,121
2026-01-01 12:21:16,25493314,user1,iloveyou,none,lockout(3fails/300s),False,0.0,122
2026-01-01 12:21:16,25493314,admin,iloveyou,none,lockout(3fails/300s),False,0.0,122
2026-01-01 12:21:16,25493314,guest,iloveyou,none,lockout(3fails/300s),False,0.0,122
2026-01-01 12:21:17,25493314,test,iloveyou,none,lockout(3fails/300s),False,0.0,122
2026-01-01 12:21:17,25493314,hello,iloveyou,none,lockout(3fails/300s),False,0.0,122
2026-01-01 12:21:17,25493314,name,iloveyou,none,lockout(3fails/300s),False,0.0,122
2026-01-01 12:21:17,25493314,login,iloveyou,none,lockout(3fails/300s),False,0.0,122
2026-01-01 12:21:17,25493314,abc,iloveyou,none,lockout(3fails/300s),False,0.0,122
2026-01-01 12:21:17,25493314,demo,iloveyou,none,lockout(3fails/300s),False,0.0,122
2026-01-01 12:21:17,25493314,student,iloveyou,none,lockout(3fails/300s),False,0.0,122
2026-01-01 12:21:17,25493314,Student_user,iloveyou,none,lockout(3fails/300s),False,0.0,122
2026-01-01 12:21:17,25493314,user_test,iloveyou,none,lockout(3fails/300s),False,0.0,122
2026-01-01 12:21:17,25493314,bluecat,iloveyou,none,lockout(3fails/300s),False,0.0,122
2026-01-01 12:21:17,25493314,student1,iloveyou,none,lockout(3fails/300s),False,0.0,122
2026-01-01 12:21:17,25493314,login_user,iloveyou,none,lockout(3fails/300s),False,0.0,122
2026-01-01 12:21:17,25493314,pythonfan,iloveyou,none,lockout(3fails/300s),False,0.0,122
2026-01-01 12:21:17,25493314,techgirl,iloveyou,none,lockout(3fails/300s),False,0.0,122
2026-01-01 12:21:17,25493314,cloud_user,iloveyou,none,lockout(3fails/300s),False,0.0,122
2026-01-01 12:21:17,25493314,gamer22,iloveyou,none,lockout(3fails/300s),False,0.0,122
2026-01-01 12:21:17,25493314,webdev,iloveyou,none,lockout(3fails/300s),False,0.0,122
2026-01-01 12:21:17,25493314,sha.sec,iloveyou,none,lockout(3fails/300s),False,0.0,122
2026-01-01 12:21:17,25493314,secure_user,iloveyou,none,lockout(3fails/300s),False,0.0,122
2026-01-01 12:21:17,25493314,cyber.auth,iloveyou,none,lockout(3fails/300s),False,0.0,122
2026-01-01 12:21:17,25493314,dev.access,iloveyou,none,lockout(3fails/300s),False,0.0,122
2026-01-01 12:21:18,25493314,root.guard,iloveyou,none,lockout(3fails/300s),False,0.0,122
2026-01-01 12:21:18,25493314,net.lock,iloveyou,none,lockout(3fails/300s),False,0.0,122
2026-01-01 12:21:18,25493314,auth.master,iloveyou,none,lockout(3fails/300s),False,0.0,122
2026-01-01 12:21:18,25493314,vault_user,iloveyou,none,lockout(3fails/300s),False,0.0,122
2026-01-01 12:21:18,25493314,system.sec,iloveyou,none,lockout(3fails/300s),False,0.0,122
2026-01-01 12:21:18,25493314,secure.login,iloveyou,none,lockout(3fails/300s),False,0.0,122
2026-01-01 12:21:18,25493314,user1,sunshine,none,lockout(3fails/300s),False,0.0,123
2026-01-01 12:21:18,25493314,admin,sunshine,none,lockout(3fails/300s),False,0.0,123
2026-01-01 12:21:18,25493314,guest,sunshine,none,lockout(3fails/300s),False,0.0,123
2026-01-01 12:21:18,25493314,test,sunshine,none,lockout(3fails/300s),False,0.0,123
2026-01-01 12:21:18,25493314,hello,sunshine,none,lockout(3fails/300s),False,0.0,123
2026-01-01 12:21:18,25493314,name,sunshine,none,lockout(3fails/300s),False,0.0,123
2026-01-01 12:21:18,25493314,login,sunshine,none,lockout(3fails/300s),False,0.0,123
2026-01-01 12:21:18,25493314,abc,sunshine,none,lockout(3fails/300s),False,0.0,123
2026-01-01 12:21:18,25493314,demo,sunshine,none,lockout(3fails/300s),False,0.0,123
2026-01-01 12:21:18,25493314,student,sunshine,none,lockout(3fails/300s),False,0.0,123
2026-01-01 12:21:18,25493314,Student_user,sunshine,none,lockout(3fails/300s),False,0.0,123
2026-01-01 12:21:18,25493314,user_test,sunshine,none,lockout(3fails/300s),False,0.0,123
2026-01-01 12:21:18,25493314,bluecat,sunshine,none,lockout(3fails/300s),False,0.0,123
2026-01-01 12:21:18,25493314,student1,sunshine,none,lockout(3fails/300s),False,0.0,123
2026-01-01 12:21:18,25493314,login_user,sunshine,none,lockout(3fails/300s),False,0.0,123
2026-01-01 12:21:19,25493314,pythonfan,sunshine,none,lockout(3fails/300s),False,0.0,123
2026-01-01 12:21:19,25493314,techgirl,sunshine,none,lockout(3fails/300s),False,0.0,123
2026-01-01 12:21:19,25493314,cloud_user,sunshine,none,lockout(3fails/300s),False,0.0,123
2026-01-01 12:21:19,25493314,gamer22,sunshine,none,lockout(3fails/300s),False,0.0,123
2026-01-01 12:21:19,25493314,webdev,sunshine,none,lockout(3fails/300s),False,0.0,123
2026-01-01 12:21:19,25493314,sha.sec,sunshine,none,lockout(3fails/300s),False,0.0,123
2026-01-01 12:21:19,25493314,secure_user,sunshine,none,lockout(3fails/300s),False,0.0,123
2026-01-01 12:21:19,25493314,cyber.auth,sunshine,none,lockout(3fails/300s),False,0.0,123
2026-01-01 12:21:19,25493314,dev.access,sunshine,none,lockout(3fails/300s),False,0.0,123
2026-01-01 12:21:19,25493314,root.guard,sunshine,none,lockout(3fails/300s),False,0.0,123
2026-01-01 12:21:19,25493314,net.lock,sunshine,none,lockout(3fails/300s),False,0.0,123
2026-01-01 12:21:19,25493314,auth.master,sunshine,none,lockout(3fails/300s),False,0.0,123
2026-01-01 12:21:19,25493314,vault_user,sunshine,none,lockout(3fails/300s),False,0.0,123
2026-01-01 12:21:19,25493314,system.sec,sunshine,none,lockout(3fails/300s),False,0.0,123
2026-01-01 12:21:19,25493314,secure.login,sunshine,none,lockout(3fails/300s),False,0.0,123
2026-01-01 12:21:19,25493314,user1,princess,none,lockout(3fails/300s),False,0.0,124
2026-01-01 12:21:19,25493314,admin,princess,none,lockout(3fails/300s),False,0.0,124
2026-01-01 12:21:19,25493314,guest,princess,none,lockout(3fails/300s),False,0.0,124
2026-01-01 12:21:19,25493314,test,princess,none,lockout(3fails/300s),False,0.0,124
2026-01-01 12:21:19,25493314,hello,princess,none,lockout(3fails/300s),False,0.0,124
2026-01-01 12:21:20,25493314,name,princess,none,lockout(3fails/300s),False,0.0,124
2026-01-01 12:21:20,25493314,login,princess,none,lockout(3fails/300s),False,0.0,124
2026-01-01 12:21:20,25493314,abc,princess,none,lockout(3fails/300s),False,0.0,124
2026-01-01 12:21:20,25493314,demo,princess,none,lockout(3fails/300s),False,0.0,124
2026-01-01 12:21:20,25493314,student,princess,none,lockout(3fails/300s),False,0.0,124
2026-01-01 12:21:20,25493314,Student_user,princess,none,lockout(3fails/300s),False,0.0,124
2026-01-01 12:21:20,25493314,user_test,princess,none,lockout(3fails/300s),False,0.0,124
2026-01-01 12:21:20,25493314,bluecat,princess,none,lockout(3fails/300s),False,0.0,124
2026-01-01 12:21:20,25493314,student1,princess,none,lockout(3fails/300s),False,0.0,124
2026-01-01 12:21:20,25493314,login_user,princess,none,lockout(3fails/300s),False,0.0,124
2026-01-01 12:21:20,25493314,pythonfan,princess,none,lockout(3fails/300s),False,0.0,124
2026-01-01 12:21:20,25493314,techgirl,princess,none,lockout(3fails/300s),False,0.0,124
2026-01-01 12:21:20,25493314,cloud_user,princess,none,lockout(3fails/300s),False,0.0,124
2026-01-01 12:21:20,25493314,gamer22,princess,none,lockout(3fails/300s),False,0.0,124
2026-01-01 12:21:20,25493314,webdev,princess,none,lockout(3fails/300s),False,0.0,124
2026-01-01 12:21:20,25493314,sha.sec,princess,none,lockout(3fails/300s),False,0.0,124
2026-01-01 12:21:20,25493314,secure_user,princess,none,lockout(3fails/300s),False,0.0,124
2026-01-01 12:21:20,25493314,cyber.auth,princess,none,lockout(3fails/300s),False,0.0,124
2026-01-01 12:21:20,25493314,dev.access,princess,none,lockout(3fails/300s),False,0.0,124
2026-01-01 12:21:20,25493314,root.guard,princess,none,lockout(3fails/300s),False,0.01,124
2026-01-01 12:21:20,25493314,net.lock,princess,none,lockout(3fails/300s),False,0.0,124
2026-01-01 12:21:21,25493314,auth.master,princess,none,lockout(3fails/300s),False,0.0,124
2026-01-01 12:21:21,25493314,vault_user,princess,none,lockout(3fails/300s),False,0.0,124
2026-01-01 12:21:21,25493314,system.sec,princess,none,lockout(3fails/300s),False,0.0,124
2026-01-01 12:21:21,25493314,secure.login,princess,none,lockout(3fails/300s),False,0.0,124
2026-01-01 12:21:21,25493314,user1,Password1,none,lockout(3fails/300s),False,0.0,125
2026-01-01 12:21:21,25493314,admin,Password1,none,lockout(3fails/300s),False,0.0,125
2026-01-01 12:21:21,25493314,guest,Password1,none,lockout(3fails/300s),False,0.0,125
2026-01-01 12:21:21,25493314,test,Password1,none,lockout(3fails/300s),False,0.0,125
2026-01-01 12:21:21,25493314,hello,Password1,none,lockout(3fails/300s),False,0.0,125
2026-01-01 12:21:21,25493314,name,Password1,none,lockout(3fails/300s),False,0.0,125
2026-01-01 12:21:21,25493314,login,Password1,none,lockout(3fails/300s),False,0.0,125
2026-01-01 12:21:21,25493314,abc,Password1,none,lockout(3fails/300s),False,0.0,125
2026-01-01 12:21:21,25493314,demo,Password1,none,lockout(3fails/300s),False,0.0,125
2026-01-01 12:21:21,25493314,student,Password1,none,lockout(3fails/300s),False,0.0,125
2026-01-01 12:21:21,25493314,Student_user,Password1,none,lockout(3fails/300s),False,0.0,125
2026-01-01 12:21:21,25493314,user_test,Password1,none,lockout(3fails/300s),False,0.0,125
2026-01-01 12:21:21,25493314,bluecat,Password1,none,lockout(3fails/300s),False,0.0,125
2026-01-01 12:21:21,25493314,student1,Password1,none,lockout(3fails/300s),False,0.0,125
2026-01-01 12:21:21,25493314,login_user,Password1,none,lockout(3fails/300s),False,0.0,125
2026-01-01 12:21:21,25493314,pythonfan,Password1,none,lockout(3fails/300s),False,0.0,125
2026-01-01 12:21:22,25493314,techgirl,Password1,none,lockout(3fails/300s),False,0.0,125
2026-01-01 12:21:22,25493314,cloud_user,Password1,none,lockout(3fails/300s),False,0.0,125
2026-01-01 12:21:22,25493314,gamer22,Password1,none,lockout(3fails/300s),False,0.0,125
2026-01-01 12:21:22,25493314,webdev,Password1,none,lockout(3fails/300s),False,0.0,125
2026-01-01 12:21:22,25493314,sha.sec,Password1,none,lockout(3fails/300s),False,0.0,125
2026-01-01 12:21:22,25493314,secure_user,Password1,none,lockout(3fails/300s),False,0.0,125
2026-01-01 12:21:22,25493314,cyber.auth,Password1,none,lockout(3fails/300s),False,0.0,125
2026-01-01 12:21:22,25493314,dev.access,Password1,none,lockout(3fails/300s),False,0.0,125
2026-01-01 12:21:22,25493314,root.guard,Password1,none,lockout(3fails/300s),False,0.0,125
2026-01-01 12:21:22,25493314,net.lock,Password1,none,lockout(3fails/300s),False,0.0,125
2026-01-01 12:21:22,25493314,auth.master,Password1,none,lockout(3fails/300s),False,0.0,125
2026-01-01 12:21:22,25493314,vault_user,Password1,none,lockout(3fails/300s),False,0.0,125
2026-01-01 12:21:22,25493314,system.sec,Password1,none,lockout(3fails/300s),False,0.0,125
2026-01-01 12:21:22,25493314,secure.login,Password1,none,lockout(3fails/300s),False,0.0,125
2026-01-01 12:21:22,25493314,user1,Password123,none,lockout(3fails/300s),False,0.0,126
2026-01-01 12:21:22,25493314,admin,Password123,none,lockout(3fails/300s),False,0.0,126
2026-01-01 12:21:22,25493314,guest,Password123,none,lockout(3fails/300s),False,0.0,126
2026-01-01 12:21:22,25493314,test,Password123,none,lockout(3fails/300s),False,0.0,126
2026-01-01 12:21:22,25493314,hello,Password123,none,lockout(3fails/300s),False,0.0,126
2026-01-01 12:21:22,25493314,name,Password123,none,lockout(3fails/300s),False,0.0,126
2026-01-01 12:21:23,25493314,login,Password123,none,lockout(3fails/300s),False,0.0,126
2026-01-01 12:21:23,25493314,abc,Password123,none,lockout(3fails/300s),False,0.0,126
2026-01-01 12:21:23,25493314,demo,Password123,none,lockout(3fails/300s),False,0.0,126
2026-01-01 12:21:23,25493314,student,Password123,none,lockout(3fails/300s),False,0.0,126
2026-01-01 12:21:23,25493314,Student_user,Password123,none,lockout(3fails/300s),False,0.0,126
2026-01-01 12:21:23,25493314,user_test,Password123,none,lockout(3fails/300s),False,0.0,126
2026-01-01 12:21:23,25493314,bluecat,Password123,none,lockout(3fails/300s),False,0.0,126
2026-01-01 12:21:23,25493314,student1,Password123,none,lockout(3fails/300s),False,0.0,126
2026-01-01 12:21:23,25493314,login_user,Password123,none,lockout(3fails/300s),False,0.0,126
2026-01-01 12:21:23,25493314,pythonfan,Password123,none,lockout(3fails/300s),False,0.0,126
2026-01-01 12:21:23,25493314,techgirl,Password123,none,lockout(3fails/300s),False,0.0,126
2026-01-01 12:21:23,25493314,cloud_user,Password123,none,lockout(3fails/300s),False,0.0,126
2026-01-01 12:21:23,25493314,gamer22,Password123,none,lockout(3fails/300s),False,0.0,126
2026-01-01 12:21:23,25493314,webdev,Password123,none,lockout(3fails/300s),False,0.0,126
2026-01-01 12:21:23,25493314,sha.sec,Password123,none,lockout(3fails/300s),False,0.0,126
2026-01-01 12:21:23,25493314,secure_user,Password123,none,lockout(3fails/300s),False,0.0,126
2026-01-01 12:21:23,25493314,cyber.auth,Password123,none,lockout(3fails/300s),False,0.0,126
2026-01-01 12:21:23,25493314,dev.access,Password123,none,lockout(3fails/300s),False,0.0,126
2026-01-01 12:21:23,25493314,root.guard,Password123,none,lockout(3fails/300s),False,0.0,126
2026-01-01 12:21:23,25493314,net.lock,Password123,none,lockout(3fails/300s),False,0.0,126
2026-01-01 12:21:23,25493314,auth.master,Password123,none,lockout(3fails/300s),False,0.0,126
2026-01-01 12:21:23,25493314,vault_user,Password123,none,lockout(3fails/300s),False,0.0,126
2026-01-01 12:21:24,25493314,system.sec,Password123,none,lockout(3fails/300s),False,0.0,126
2026-01-01 12:21:24,25493314,secure.login,Password123,none,lockout(3fails/300s),False,0.0,126
2026-01-01 12:21:24,25493314,user1,Admin123,none,lockout(3fails/300s),False,0.0,127
2026-01-01 12:21:24,25493314,admin,Admin123,none,lockout(3fails/300s),False,0.0,127
2026-01-01 12:21:24,25493314,guest,Admin123,none,lockout(3fails/300s),False,0.0,127
2026-01-01 12:21:24,25493314,test,Admin123,none,lockout(3fails/300s),False,0.0,127
2026-01-01 12:21:24,25493314,hello,Admin123,none,lockout(3fails/300s),False,0.0,127
2026-01-01 12:21:24,25493314,name,Admin123,none,lockout(3fails/300s),False,0.0,127
2026-01-01 12:21:24,25493314,login,Admin123,none,lockout(3fails/300s),False,0.0,127
2026-01-01 12:21:24,25493314,abc,Admin123,none,lockout(3fails/300s),False,0.0,127
2026-01-01 12:21:24,25493314,demo,Admin123,none,lockout(3fails/300s),False,0.0,127
2026-01-01 12:21:24,25493314,student,Admin123,none,lockout(3fails/300s),False,0.0,127
2026-01-01 12:21:24,25493314,Student_user,Admin123,none,lockout(3fails/300s),False,0.0,127
2026-01-01 12:21:24,25493314,user_test,Admin123,none,lockout(3fails/300s),False,0.0,127
2026-01-01 12:21:24,25493314,bluecat,Admin123,none,lockout(3fails/300s),False,0.0,127
2026-01-01 12:21:24,25493314,student1,Admin123,none,lockout(3fails/300s),False,0.0,127
2026-01-01 12:21:24,25493314,login_user,Admin123,none,lockout(3fails/300s),False,0.0,127
2026-01-01 12:21:24,25493314,pythonfan,Admin123,none,lockout(3fails/300s),False,0.0,127
2026-01-01 12:21:24,25493314,techgirl,Admin123,none,lockout(3fails/300s),False,0.0,127
2026-01-01 12:21:24,25493314,cloud_user,Admin123,none,lockout(3fails/300s),False,0.0,127
2026-01-01 12:21:25,25493314,gamer22,Admin123,none,lockout(3fails/300s),False,0.0,127
2026-01-01 12:21:25,25493314,webdev,Admin123,none,lockout(3fails/300s),False,0.0,127
2026-01-01 12:21:25,25493314,sha.sec,Admin123,none,lockout(3fails/300s),False,0.0,127
2026-01-01 12:21:25,25493314,secure_user,Admin123,none,lockout(3fails/300s),False,0.0,127
2026-01-01 12:21:25,25493314,cyber.auth,Admin123,none,lockout(3fails/300s),False,0.0,127
2026-01-01 12:21:25,25493314,dev.access,Admin123,none,lockout(3fails/300s),False,0.0,127
2026-01-01 12:21:25,25493314,root.guard,Admin123,none,lockout(3fails/300s),False,0.0,127
2026-01-01 12:21:25,25493314,net.lock,Admin123,none,lockout(3fails/300s),False,0.0,127
2026-01-01 12:21:25,25493314,auth.master,Admin123,none,lockout(3fails/300s),False,0.0,127
2026-01-01 12:21:25,25493314,vault_user,Admin123,none,lockout(3fails/300s),False,0.0,127
2026-01-01 12:21:25,25493314,system.sec,Admin123,none,lockout(3fails/300s),False,0.0,127
2026-01-01 12:21:25,25493314,secure.login,Admin123,none,lockout(3fails/300s),False,0.0,127
2026-01-01 12:21:25,25493314,user1,Welcome1,none,lockout(3fails/300s),False,0.0,128
2026-01-01 12:21:25,25493314,admin,Welcome1,none,lockout(3fails/300s),False,0.0,128
2026-01-01 12:21:25,25493314,guest,Welcome1,none,lockout(3fails/300s),False,0.0,128
2026-01-01 12:21:25,25493314,test,Welcome1,none,lockout(3fails/300s),False,0.0,128
2026-01-01 12:21:25,25493314,hello,Welcome1,none,lockout(3fails/300s),False,0.0,128
2026-01-01 12:21:25,25493314,name,Welcome1,none,lockout(3fails/300s),False,0.0,128
2026-01-01 12:21:25,25493314,login,Welcome1,none,lockout(3fails/300s),False,0.0,128
2026-01-01 12:21:25,25493314,abc,Welcome1,none,lockout(3fails/300s),False,0.0,128
2026-01-01 12:21:25,25493314,demo,Welcome1,none,lockout(3fails/300s),False,0.0,128
2026-01-01 12:21:25,25493314,student,Welcome1,none,lockout(3fails/300s),False,0.0,128
2026-01-01 12:21:25,25493314,Student_user,Welcome1,none,lockout(3fails/300s),False,0.0,128
2026-01-01 12:21:26,25493314,user_test,Welcome1,none,lockout(3fails/300s),False,0.0,128
2026-01-01 12:21:26,25493314,bluecat,Welcome1,none,lockout(3fails/300s),False,0.0,128
2026-01-01 12:21:26,25493314,student1,Welcome1,none,lockout(3fails/300s),False,0.0,128
2026-01-01 12:21:26,25493314,login_user,Welcome1,none,lockout(3fails/300s),False,0.0,128
2026-01-01 12:21:26,25493314,pythonfan,Welcome1,none,lockout(3fails/300s),False,0.0,128
2026-01-01 12:21:26,25493314,techgirl,Welcome1,none,lockout(3fails/300s),False,0.0,128
2026-01-01 12:21:26,25493314,cloud_user,Welcome1,none,lockout(3fails/300s),False,0.01,128
2026-01-01 12:21:26,25493314,gamer22,Welcome1,none,lockout(3fails/300s),False,0.0,128
2026-01-01 12:21:26,25493314,webdev,Welcome1,none,lockout(3fails/300s),False,0.0,128
2026-01-01 12:21:26,25493314,sha.sec,Welcome1,none,lockout(3fails/300s),False,0.0,128
2026-01-01 12:21:26,25493314,secure_user,Welcome1,none,lockout(3fails/300s),False,0.0,128
2026-01-01 12:21:26,25493314,cyber.auth,Welcome1,none,lockout(3fails/300s),False,0.0,128
2026-01-01 12:21:26,25493314,dev.access,Welcome1,none,lockout(3fails/300s),False,0.0,128
2026-01-01 12:21:26,25493314,root.guard,Welcome1,none,lockout(3fails/300s),False,0.0,128
2026-01-01 12:21:26,25493314,net.lock,Welcome1,none,lockout(3fails/300s),False,0.0,128
2026-01-01 12:21:26,25493314,auth.master,Welcome1,none,lockout(3fails/300s),False,0.0,128
2026-01-01 12:21:26,25493314,vault_user,Welcome1,none,lockout(3fails/300s),False,0.0,128
2026-01-01 12:21:26,25493314,system.sec,Welcome1,none,lockout(3fails/300s),False,0.01,128
2026-01-01 12:21:26,25493314,secure.login,Welcome1,none,lockout(3fails/300s),False,0.0,128
2026-01-01 12:21:26,25493314,user1,Student123,none,lockout(3fails/300s),False,0.0,129
2026-01-01 12:21:27,25493314,admin,Student123,none,lockout(3fails/300s),False,0.0,129
2026-01-01 12:21:27,25493314,guest,Student123,none,lockout(3fails/300s),False,0.0,129
2026-01-01 12:21:27,25493314,test,Student123,none,lockout(3fails/300s),False,0.0,129
2026-01-01 12:21:27,25493314,hello,Student123,none,lockout(3fails/300s),False,0.0,129
2026-01-01 12:21:27,25493314,name,Student123,none,lockout(3fails/300s),False,0.0,129
2026-01-01 12:21:27,25493314,login,Student123,none,lockout(3fails/300s),False,0.0,129
2026-01-01 12:21:27,25493314,abc,Student123,none,lockout(3fails/300s),False,0.0,129
2026-01-01 12:21:27,25493314,demo,Student123,none,lockout(3fails/300s),False,0.0,129
2026-01-01 12:21:27,25493314,student,Student123,none,lockout(3fails/300s),False,0.0,129
2026-01-01 12:21:27,25493314,Student_user,Student123,none,lockout(3fails/300s),False,0.0,129
2026-01-01 12:21:27,25493314,user_test,Student123,none,lockout(3fails/300s),False,0.0,129
2026-01-01 12:21:27,25493314,bluecat,Student123,none,lockout(3fails/300s),False,0.0,129
2026-01-01 12:21:27,25493314,student1,Student123,none,lockout(3fails/300s),False,0.0,129
2026-01-01 12:21:27,25493314,login_user,Student123,none,lockout(3fails/300s),False,0.0,129
2026-01-01 12:21:27,25493314,pythonfan,Student123,none,lockout(3fails/300s),False,0.0,129
2026-01-01 12:21:27,25493314,techgirl,Student123,none,lockout(3fails/300s),False,0.0,129
2026-01-01 12:21:27,25493314,cloud_user,Student123,none,lockout(3fails/300s),False,0.0,129
2026-01-01 12:21:27,25493314,gamer22,Student123,none,lockout(3fails/300s),False,0.0,129
2026-01-01 12:21:27,25493314,webdev,Student123,none,lockout(3fails/300s),False,0.0,129
2026-01-01 12:21:27,25493314,sha.sec,Student123,none,lockout(3fails/300s),False,0.0,129
2026-01-01 12:21:27,25493314,secure_user,Student123,none,lockout(3fails/300s),False,0.0,129
2026-01-01 12:21:27,25493314,cyber.auth,Student123,none,lockout(3fails/300s),False,0.0,129
2026-01-01 12:21:28,25493314,dev.access,Student123,none,lockout(3fails/300s),False,0.0,129
2026-01-01 12:21:28,25493314,root.guard,Student123,none,lockout(3fails/300s),False,0.0,129
2026-01-01 12:21:28,25493314,net.lock,Student123,none,lockout(3fails/300s),False,0.0,129
2026-01-01 12:21:28,25493314,auth.master,Student123,none,lockout(3fails/300s),False,0.0,129
2026-01-01 12:21:28,25493314,vault_user,Student123,none,lockout(3fails/300s),False,0.0,129
2026-01-01 12:21:28,25493314,system.sec,Student123,none,lockout(3fails/300s),False,0.0,129
2026-01-01 12:21:28,25493314,secure.login,Student123,none,lockout(3fails/300s),False,0.0,129
2026-01-01 12:21:28,25493314,user1,Student99,none,lockout(3fails/300s),False,0.0,130
2026-01-01 12:21:28,25493314,admin,Student99,none,lockout(3fails/300s),False,0.0,130
2026-01-01 12:21:28,25493314,guest,Student99,none,lockout(3fails/300s),False,0.0,130
2026-01-01 12:21:28,25493314,test,Student99,none,lockout(3fails/300s),False,0.0,130
2026-01-01 12:21:28,25493314,hello,Student99,none,lockout(3fails/300s),False,0.0,130
2026-01-01 12:21:28,25493314,name,Student99,none,lockout(3fails/300s),False,0.0,130
2026-01-01 12:21:28,25493314,login,Student99,none,lockout(3fails/300s),False,0.0,130
2026-01-01 12:21:28,25493314,abc,Student99,none,lockout(3fails/300s),False,0.0,130
2026-01-01 12:21:28,25493314,demo,Student99,none,lockout(3fails/300s),False,0.0,130
2026-01-01 12:21:28,25493314,student,Student99,none,lockout(3fails/300s),False,0.0,130
2026-01-01 12:21:28,25493314,Student_user,Student99,none,lockout(3fails/300s),False,0.0,130
2026-01-01 12:21:28,25493314,user_test,Student99,none,lockout(3fails/300s),False,0.0,130
2026-01-01 12:21:28,25493314,bluecat,Student99,none,lockout(3fails/300s),False,0.0,130
2026-01-01 12:21:29,25493314,student1,Student99,none,lockout(3fails/300s),False,0.0,130
2026-01-01 12:21:29,25493314,login_user,Student99,none,lockout(3fails/300s),False,0.0,130
2026-01-01 12:21:29,25493314,pythonfan,Student99,none,lockout(3fails/300s),False,0.0,130
2026-01-01 12:21:29,25493314,techgirl,Student99,none,lockout(3fails/300s),False,0.0,130
2026-01-01 12:21:29,25493314,cloud_user,Student99,none,lockout(3fails/300s),False,0.0,130
2026-01-01 12:21:29,25493314,gamer22,Student99,none,lockout(3fails/300s),False,0.0,130
2026-01-01 12:21:29,25493314,webdev,Student99,none,lockout(3fails/300s),False,0.0,130
2026-01-01 12:21:29,25493314,sha.sec,Student99,none,lockout(3fails/300s),False,0.0,130
2026-01-01 12:21:29,25493314,secure_user,Student99,none,lockout(3fails/300s),False,0.0,130
2026-01-01 12:21:29,25493314,cyber.auth,Student99,none,lockout(3fails/300s),False,0.01,130
2026-01-01 12:21:29,25493314,dev.access,Student99,none,lockout(3fails/300s),False,0.0,130
2026-01-01 12:21:29,25493314,root.guard,Student99,none,lockout(3fails/300s),False,0.01,130
2026-01-01 12:21:29,25493314,net.lock,Student99,none,lockout(3fails/300s),False,0.0,130
2026-01-01 12:21:29,25493314,auth.master,Student99,none,lockout(3fails/300s),False,0.0,130
2026-01-01 12:21:29,25493314,vault_user,Student99,none,lockout(3fails/300s),False,0.0,130
2026-01-01 12:21:29,25493314,system.sec,Student99,none,lockout(3fails/300s),False,0.0,130
2026-01-01 12:21:29,25493314,secure.login,Student99,none,lockout(3fails/300s),False,0.0,130
2026-01-01 12:21:29,25493314,user1,Test2024,none,lockout(3fails/300s),False,0.0,131
2026-01-01 12:21:29,25493314,admin,Test2024,none,lockout(3fails/300s),False,0.0,131
2026-01-01 12:21:29,25493314,guest,Test2024,none,lockout(3fails/300s),False,0.0,131
2026-01-01 12:21:29,25493314,test,Test2024,none,lockout(3fails/300s),False,0.0,131
2026-01-01 12:21:30,25493314,hello,Test2024,none,lockout(3fails/300s),False,0.0,131
2026-01-01 12:21:30,25493314,name,Test2024,none,lockout(3fails/300s),False,0.0,131
2026-01-01 12:21:30,25493314,login,Test2024,none,lockout(3fails/300s),False,0.0,131
2026-01-01 12:21:30,25493314,abc,Test2024,none,lockout(3fails/300s),False,0.0,131
2026-01-01 12:21:30,25493314,demo,Test2024,none,lockout(3fails/300s),False,0.0,131
2026-01-01 12:21:30,25493314,student,Test2024,none,lockout(3fails/300s),False,0.0,131
2026-01-01 12:21:30,25493314,Student_user,Test2024,none,lockout(3fails/300s),False,0.0,131
2026-01-01 12:21:30,25493314,user_test,Test2024,none,lockout(3fails/300s),False,0.0,131
2026-01-01 12:21:30,25493314,bluecat,Test2024,none,lockout(3fails/300s),False,0.0,131
2026-01-01 12:21:30,25493314,student1,Test2024,none,lockout(3fails/300s),False,0.0,131
2026-01-01 12:21:30,25493314,login_user,Test2024,none,lockout(3fails/300s),False,0.0,131
2026-01-01 12:21:30,25493314,pythonfan,Test2024,none,lockout(3fails/300s),False,0.0,131
2026-01-01 12:21:30,25493314,techgirl,Test2024,none,lockout(3fails/300s),False,0.0,131
2026-01-01 12:21:30,25493314,cloud_user,Test2024,none,lockout(3fails/300s),False,0.0,131
2026-01-01 12:21:30,25493314,gamer22,Test2024,none,lockout(3fails/300s),False,0.0,131
2026-01-01 12:21:30,25493314,webdev,Test2024,none,lockout(3fails/300s),False,0.0,131
2026-01-01 12:21:30,25493314,sha.sec,Test2024,none,lockout(3fails/300s),False,0.0,131
2026-01-01 12:21:30,25493314,secure_user,Test2024,none,lockout(3fails/300s),False,0.0,131
2026-01-01 12:21:30,25493314,cyber.auth,Test2024,none,lockout(3fails/300s),False,0.0,131
2026-01-01 12:21:30,25493314,dev.access,Test2024,none,lockout(3fails/300s),False,0.0,131
2026-01-01 12:21:30,25493314,root.guard,Test2024,none,lockout(3fails/300s),False,0.0,131
2026-01-01 12:21:30,25493314,net.lock,Test2024,none,lockout(3fails/300s),False,0.0,131
2026-01-01 12:21:31,25493314,auth.master,Test2024,none,lockout(3fails/300s),False,0.0,131
2026-01-01 12:21:31,25493314,vault_user,Test2024,none,lockout(3fails/300s),False,0.0,131
2026-01-01 12:21:31,25493314,system.sec,Test2024,none,lockout(3fails/300s),False,0.0,131
2026-01-01 12:21:31,25493314,secure.login,Test2024,none,lockout(3fails/300s),False,0.0,131
2026-01-01 12:21:31,25493314,user1,Login456,none,lockout(3fails/300s),False,0.0,132
2026-01-01 12:21:31,25493314,admin,Login456,none,lockout(3fails/300s),False,0.0,132
2026-01-01 12:21:31,25493314,guest,Login456,none,lockout(3fails/300s),False,0.0,132
2026-01-01 12:21:31,25493314,test,Login456,none,lockout(3fails/300s),False,0.0,132
2026-01-01 12:21:31,25493314,hello,Login456,none,lockout(3fails/300s),False,0.0,132
2026-01-01 12:21:31,25493314,name,Login456,none,lockout(3fails/300s),False,0.0,132
2026-01-01 12:21:31,25493314,login,Login456,none,lockout(3fails/300s),False,0.0,132
2026-01-01 12:21:31,25493314,abc,Login456,none,lockout(3fails/300s),False,0.0,132
2026-01-01 12:21:31,25493314,demo,Login456,none,lockout(3fails/300s),False,0.0,132
2026-01-01 12:21:31,25493314,student,Login456,none,lockout(3fails/300s),False,0.0,132
2026-01-01 12:21:31,25493314,Student_user,Login456,none,lockout(3fails/300s),False,0.0,132
2026-01-01 12:21:31,25493314,user_test,Login456,none,lockout(3fails/300s),False,0.0,132
2026-01-01 12:21:31,25493314,bluecat,Login456,none,lockout(3fails/300s),False,0.0,132
2026-01-01 12:21:31,25493314,student1,Login456,none,lockout(3fails/300s),False,0.0,132
2026-01-01 12:21:31,25493314,login_user,Login456,none,lockout(3fails/300s),False,0.0,132
2026-01-01 12:21:31,25493314,pythonfan,Login456,none,lockout(3fails/300s),False,0.0,132
2026-01-01 12:21:32,25493314,techgirl,Login456,none,lockout(3fails/300s),False,0.01,132
2026-01-01 12:21:32,25493314,cloud_user,Login456,none,lockout(3fails/300s),False,0.0,132
2026-01-01 12:21:32,25493314,gamer22,Login456,none,lockout(3fails/300s),False,0.0,132
2026-01-01 12:21:32,25493314,webdev,Login456,none,lockout(3fails/300s),False,0.0,132
2026-01-01 12:21:32,25493314,sha.sec,Login456,none,lockout(3fails/300s),False,0.0,132
2026-01-01 12:21:32,25493314,secure_user,Login456,none,lockout(3fails/300s),False,0.0,132
2026-01-01 12:21:32,25493314,cyber.auth,Login456,none,lockout(3fails/300s),False,0.0,132
2026-01-01 12:21:32,25493314,dev.access,Login456,none,lockout(3fails/300s),False,0.0,132
2026-01-01 12:21:32,25493314,root.guard,Login456,none,lockout(3fails/300s),False,0.0,132
2026-01-01 12:21:32,25493314,net.lock,Login456,none,lockout(3fails/300s),False,0.0,132
2026-01-01 12:21:32,25493314,auth.master,Login456,none,lockout(3fails/300s),False,0.0,132
2026-01-01 12:21:32,25493314,vault_user,Login456,none,lockout(3fails/300s),False,0.0,132
2026-01-01 12:21:32,25493314,system.sec,Login456,none,lockout(3fails/300s),False,0.0,132
2026-01-01 12:21:32,25493314,secure.login,Login456,none,lockout(3fails/300s),False,0.01,132
2026-01-01 12:21:32,25493314,user1,Python101,none,lockout(3fails/300s),False,0.0,133
2026-01-01 12:21:32,25493314,admin,Python101,none,lockout(3fails/300s),False,0.0,133
2026-01-01 12:21:32,25493314,guest,Python101,none,lockout(3fails/300s),False,0.0,133
2026-01-01 12:21:32,25493314,test,Python101,none,lockout(3fails/300s),False,0.0,133
2026-01-01 12:21:32,25493314,hello,Python101,none,lockout(3fails/300s),False,0.0,133
2026-01-01 12:21:33,25493314,name,Python101,none,lockout(3fails/300s),False,0.01,133
2026-01-01 12:21:33,25493314,login,Python101,none,lockout(3fails/300s),False,0.0,133
2026-01-01 12:21:33,25493314,abc,Python101,none,lockout(3fails/300s),False,0.0,133
2026-01-01 12:21:33,25493314,demo,Python101,none,lockout(3fails/300s),False,0.0,133
2026-01-01 12:21:33,25493314,student,Python101,none,lockout(3fails/300s),False,0.01,133
2026-01-01 12:21:33,25493314,Student_user,Python101,none,lockout(3fails/300s),False,0.01,133
2026-01-01 12:21:33,25493314,user_test,Python101,none,lockout(3fails/300s),False,0.0,133
2026-01-01 12:21:33,25493314,bluecat,Python101,none,lockout(3fails/300s),False,0.0,133
2026-01-01 12:21:33,25493314,student1,Python101,none,lockout(3fails/300s),False,0.0,133
2026-01-01 12:21:33,25493314,login_user,Python101,none,lockout(3fails/300s),False,0.0,133
2026-01-01 12:21:33,25493314,pythonfan,Python101,none,lockout(3fails/300s),False,0.0,133
2026-01-01 12:21:33,25493314,techgirl,Python101,none,lockout(3fails/300s),False,0.0,133
2026-01-01 12:21:33,25493314,cloud_user,Python101,none,lockout(3fails/300s),False,0.0,133
2026-01-01 12:21:33,25493314,gamer22,Python101,none,lockout(3fails/300s),False,0.0,133
2026-01-01 12:21:33,25493314,webdev,Python101,none,lockout(3fails/300s),False,0.0,133
2026-01-01 12:21:33,25493314,sha.sec,Python101,none,lockout(3fails/300s),False,0.0,133
2026-01-01 12:21:33,25493314,secure_user,Python101,none,lockout(3fails/300s),False,0.0,133
2026-01-01 12:21:33,25493314,cyber.auth,Python101,none,lockout(3fails/300s),False,0.0,133
2026-01-01 12:21:33,25493314,dev.access,Python101,none,lockout(3fails/300s),False,0.0,133
2026-01-01 12:21:34,25493314,root.guard,Python101,none,lockout(3fails/300s),False,0.0,133
2026-01-01 12:21:34,25493314,net.lock,Python101,none,lockout(3fails/300s),False,0.0,133
2026-01-01 12:21:34,25493314,auth.master,Python101,none,lockout(3fails/300s),False,0.01,133
2026-01-01 12:21:34,25493314,vault_user,Python101,none,lockout(3fails/300s),False,0.0,133
2026-01-01 12:21:34,25493314,system.sec,Python101,none,lockout(3fails/300s),False,0.0,133
2026-01-01 12:21:34,25493314,secure.login,Python101,none,lockout(3fails/300s),False,0.02,133
2026-01-01 12:21:34,25493314,user1,demo,none,lockout(3fails/300s),False,0.0,134
2026-01-01 12:21:34,25493314,admin,demo,none,lockout(3fails/300s),False,0.0,134
2026-01-01 12:21:34,25493314,guest,demo,none,lockout(3fails/300s),False,0.0,134
2026-01-01 12:21:34,25493314,test,demo,none,lockout(3fails/300s),False,0.0,134
2026-01-01 12:21:34,25493314,hello,demo,none,lockout(3fails/300s),False,0.0,134
2026-01-01 12:21:34,25493314,name,demo,none,lockout(3fails/300s),False,0.0,134
2026-01-01 12:21:34,25493314,login,demo,none,lockout(3fails/300s),False,0.0,134
2026-01-01 12:21:34,25493314,abc,demo,none,lockout(3fails/300s),False,0.0,134
2026-01-01 12:21:34,25493314,demo,demo,none,lockout(3fails/300s),False,0.0,134
2026-01-01 12:21:34,25493314,student,demo,none,lockout(3fails/300s),False,0.0,134
2026-01-01 12:21:34,25493314,Student_user,demo,none,lockout(3fails/300s),False,0.0,134
2026-01-01 12:21:34,25493314,user_test,demo,none,lockout(3fails/300s),False,0.0,134
2026-01-01 12:21:34,25493314,bluecat,demo,none,lockout(3fails/300s),False,0.0,134
2026-01-01 12:21:35,25493314,student1,demo,none,lockout(3fails/300s),False,0.0,134
2026-01-01 12:21:35,25493314,login_user,demo,none,lockout(3fails/300s),False,0.0,134
2026-01-01 12:21:35,25493314,pythonfan,demo,none,lockout(3fails/300s),False,0.0,134
2026-01-01 12:21:35,25493314,techgirl,demo,none,lockout(3fails/300s),False,0.0,134
2026-01-01 12:21:35,25493314,cloud_user,demo,none,lockout(3fails/300s),False,0.0,134
2026-01-01 12:21:35,25493314,gamer22,demo,none,lockout(3fails/300s),False,0.0,134
2026-01-01 12:21:35,25493314,webdev,demo,none,lockout(3fails/300s),False,0.0,134
2026-01-01 12:21:35,25493314,sha.sec,demo,none,lockout(3fails/300s),False,0.0,134
2026-01-01 12:21:35,25493314,secure_user,demo,none,lockout(3fails/300s),False,0.0,134
2026-01-01 12:21:35,25493314,cyber.auth,demo,none,lockout(3fails/300s),False,0.0,134
2026-01-01 12:21:35,25493314,dev.access,demo,none,lockout(3fails/300s),False,0.0,134
2026-01-01 12:21:35,25493314,root.guard,demo,none,lockout(3fails/300s),False,0.0,134
2026-01-01 12:21:35,25493314,net.lock,demo,none,lockout(3fails/300s),False,0.0,134
2026-01-01 12:21:35,25493314,auth.master,demo,none,lockout(3fails/300s),False,0.0,134
2026-01-01 12:21:35,25493314,vault_user,demo,none,lockout(3fails/300s),False,0.0,134
2026-01-01 12:21:35,25493314,system.sec,demo,none,lockout(3fails/300s),False,0.0,134
2026-01-01 12:21:35,25493314,secure.login,demo,none,lockout(3fails/300s),False,0.0,134
2026-01-01 12:21:35,25493314,user1,student,none,lockout(3fails/300s),False,0.0,135
2026-01-01 12:21:35,25493314,admin,student,none,lockout(3fails/300s),False,0.01,135
2026-01-01 12:21:35,25493314,guest,student,none,lockout(3fails/300s),False,0.0,135
2026-01-01 12:21:36,25493314,test,student,none,lockout(3fails/300s),False,0.0,135
2026-01-01 12:21:36,25493314,hello,student,none,lockout(3fails/300s),False,0.0,135
2026-01-01 12:21:36,25493314,name,student,none,lockout(3fails/300s),False,0.0,135
2026-01-01 12:21:36,25493314,login,student,none,lockout(3fails/300s),False,0.0,135
2026-01-01 12:21:36,25493314,abc,student,none,lockout(3fails/300s),False,0.0,135
2026-01-01 12:21:36,25493314,demo,student,none,lockout(3fails/300s),False,0.0,135
2026-01-01 12:21:36,25493314,student,student,none,lockout(3fails/300s),False,0.0,135
2026-01-01 12:21:36,25493314,Student_user,student,none,lockout(3fails/300s),False,0.0,135
2026-01-01 12:21:36,25493314,user_test,student,none,lockout(3fails/300s),False,0.0,135
2026-01-01 12:21:36,25493314,bluecat,student,none,lockout(3fails/300s),False,0.0,135
2026-01-01 12:21:36,25493314,student1,student,none,lockout(3fails/300s),False,0.0,135
2026-01-01 12:21:36,25493314,login_user,student,none,lockout(3fails/300s),False,0.0,135
2026-01-01 12:21:36,25493314,pythonfan,student,none,lockout(3fails/300s),False,0.0,135
2026-01-01 12:21:36,25493314,techgirl,student,none,lockout(3fails/300s),False,0.0,135
2026-01-01 12:21:36,25493314,cloud_user,student,none,lockout(3fails/300s),False,0.0,135
2026-01-01 12:21:36,25493314,gamer22,student,none,lockout(3fails/300s),False,0.01,135
2026-01-01 12:21:36,25493314,webdev,student,none,lockout(3fails/300s),False,0.0,135
2026-01-01 12:21:36,25493314,sha.sec,student,none,lockout(3fails/300s),False,0.0,135
2026-01-01 12:21:36,25493314,secure_user,student,none,lockout(3fails/300s),False,0.0,135
2026-01-01 12:21:36,25493314,cyber.auth,student,none,lockout(3fails/300s),False,0.0,135
2026-01-01 12:21:36,25493314,dev.access,student,none,lockout(3fails/300s),False,0.0,135
2026-01-01 12:21:37,25493314,root.guard,student,none,lockout(3fails/300s),False,0.0,135
2026-01-01 12:21:37,25493314,net.lock,student,none,lockout(3fails/300s),False,0.0,135
2026-01-01 12:21:37,25493314,auth.master,student,none,lockout(3fails/300s),False,0.0,135
2026-01-01 12:21:37,25493314,vault_user,student,none,lockout(3fails/300s),False,0.0,135
2026-01-01 12:21:37,25493314,system.sec,student,none,lockout(3fails/300s),False,0.0,135
2026-01-01 12:21:37,25493314,secure.login,student,none,lockout(3fails/300s),False,0.0,135
2026-01-01 12:21:37,25493314,user1,name,none,lockout(3fails/300s),False,0.0,136
2026-01-01 12:21:37,25493314,admin,name,none,lockout(3fails/300s),False,0.01,136
2026-01-01 12:21:37,25493314,guest,name,none,lockout(3fails/300s),False,0.0,136
2026-01-01 12:21:37,25493314,test,name,none,lockout(3fails/300s),False,0.0,136
2026-01-01 12:21:37,25493314,hello,name,none,lockout(3fails/300s),False,0.0,136
2026-01-01 12:21:37,25493314,name,name,none,lockout(3fails/300s),False,0.0,136
2026-01-01 12:21:37,25493314,login,name,none,lockout(3fails/300s),False,0.0,136
2026-01-01 12:21:37,25493314,abc,name,none,lockout(3fails/300s),False,0.0,136
2026-01-01 12:21:37,25493314,demo,name,none,lockout(3fails/300s),False,0.0,136
2026-01-01 12:21:37,25493314,student,name,none,lockout(3fails/300s),False,0.0,136
2026-01-01 12:21:37,25493314,Student_user,name,none,lockout(3fails/300s),False,0.0,136
2026-01-01 12:21:37,25493314,user_test,name,none,lockout(3fails/300s),False,0.0,136
2026-01-01 12:21:37,25493314,bluecat,name,none,lockout(3fails/300s),False,0.0,136
2026-01-01 12:21:38,25493314,student1,name,none,lockout(3fails/300s),False,0.0,136
2026-01-01 12:21:38,25493314,login_user,name,none,lockout(3fails/300s),False,0.0,136
2026-01-01 12:21:38,25493314,pythonfan,name,none,lockout(3fails/300s),False,0.0,136
2026-01-01 12:21:38,25493314,techgirl,name,none,lockout(3fails/300s),False,0.0,136
2026-01-01 12:21:38,25493314,cloud_user,name,none,lockout(3fails/300s),False,0.0,136
2026-01-01 12:21:38,25493314,gamer22,name,none,lockout(3fails/300s),False,0.0,136
2026-01-01 12:21:38,25493314,webdev,name,none,lockout(3fails/300s),False,0.0,136
2026-01-01 12:21:38,25493314,sha.sec,name,none,lockout(3fails/300s),False,0.0,136
2026-01-01 12:21:38,25493314,secure_user,name,none,lockout(3fails/300s),False,0.0,136
2026-01-01 12:21:38,25493314,cyber.auth,name,none,lockout(3fails/300s),False,0.0,136
2026-01-01 12:21:38,25493314,dev.access,name,none,lockout(3fails/300s),False,0.0,136
2026-01-01 12:21:38,25493314,root.guard,name,none,lockout(3fails/300s),False,0.01,136
2026-01-01 12:21:38,25493314,net.lock,name,none,lockout(3fails/300s),False,0.01,136
2026-01-01 12:21:38,25493314,auth.master,name,none,lockout(3fails/300s),False,0.0,136
2026-01-01 12:21:38,25493314,vault_user,name,none,lockout(3fails/300s),False,0.0,136
2026-01-01 12:21:38,25493314,system.sec,name,none,lockout(3fails/300s),False,0.0,136
2026-01-01 12:21:38,25493314,secure.login,name,none,lockout(3fails/300s),False,0.0,136
2026-01-01 12:21:38,25493314,user1,1111,none,lockout(3fails/300s),False,0.0,137
2026-01-01 12:21:39,25493314,admin,1111,none,lockout(3fails/300s),False,0.0,137
2026-01-01 12:21:39,25493314,guest,1111,none,lockout(3fails/300s),False,0.0,137
2026-01-01 12:21:39,25493314,test,1111,none,lockout(3fails/300s),False,0.0,137
2026-01-01 12:21:39,25493314,hello,1111,none,lockout(3fails/300s),False,0.0,137
2026-01-01 12:21:39,25493314,name,1111,none,lockout(3fails/300s),False,0.0,137
2026-01-01 12:21:39,25493314,login,1111,none,lockout(3fails/300s),False,0.0,137
2026-01-01 12:21:39,25493314,abc,1111,none,lockout(3fails/300s),False,0.0,137
2026-01-01 12:21:39,25493314,demo,1111,none,lockout(3fails/300s),False,0.0,137
2026-01-01 12:21:39,25493314,student,1111,none,lockout(3fails/300s),False,0.0,137
2026-01-01 12:21:39,25493314,Student_user,1111,none,lockout(3fails/300s),False,0.01,137
2026-01-01 12:21:39,25493314,user_test,1111,none,lockout(3fails/300s),False,0.0,137
2026-01-01 12:21:39,25493314,bluecat,1111,none,lockout(3fails/300s),False,0.0,137
2026-01-01 12:21:39,25493314,student1,1111,none,lockout(3fails/300s),False,0.0,137
2026-01-01 12:21:39,25493314,login_user,1111,none,lockout(3fails/300s),False,0.0,137
2026-01-01 12:21:39,25493314,pythonfan,1111,none,lockout(3fails/300s),False,0.0,137
2026-01-01 12:21:39,25493314,techgirl,1111,none,lockout(3fails/300s),False,0.0,137
2026-01-01 12:21:39,25493314,cloud_user,1111,none,lockout(3fails/300s),False,0.0,137
2026-01-01 12:21:39,25493314,gamer22,1111,none,lockout(3fails/300s),False,0.0,137
2026-01-01 12:21:39,25493314,webdev,1111,none,lockout(3fails/300s),False,0.0,137
2026-01-01 12:21:39,25493314,sha.sec,1111,none,lockout(3fails/300s),False,0.0,137
2026-01-01 12:21:40,25493314,secure_user,1111,none,lockout(3fails/300s),False,0.0,137
2026-01-01 12:21:40,25493314,cyber.auth,1111,none,lockout(3fails/300s),False,0.0,137
2026-01-01 12:21:40,25493314,dev.access,1111,none,lockout(3fails/300s),False,0.0,137
2026-01-01 12:21:40,25493314,root.guard,1111,none,lockout(3fails/300s),False,0.0,137
2026-01-01 12:21:40,25493314,net.lock,1111,none,lockout(3fails/300s),False,0.0,137
2026-01-01 12:21:40,25493314,auth.master,1111,none,lockout(3fails/300s),False,0.0,137
2026-01-01 12:21:40,25493314,vault_user,1111,none,lockout(3fails/300s),False,0.0,137
2026-01-01 12:21:40,25493314,system.sec,1111,none,lockout(3fails/300s),False,0.0,137
2026-01-01 12:21:40,25493314,secure.login,1111,none,lockout(3fails/300s),False,0.0,137
2026-01-01 12:21:40,25493314,user1,BlueCat12,none,lockout(3fails/300s),False,0.0,138
2026-01-01 12:21:40,25493314,admin,BlueCat12,none,lockout(3fails/300s),False,0.0,138
2026-01-01 12:21:40,25493314,guest,BlueCat12,none,lockout(3fails/300s),False,0.0,138
2026-01-01 12:21:40,25493314,test,BlueCat12,none,lockout(3fails/300s),False,0.0,138
2026-01-01 12:21:40,25493314,hello,BlueCat12,none,lockout(3fails/300s),False,0.01,138
2026-01-01 12:21:40,25493314,name,BlueCat12,none,lockout(3fails/300s),False,0.0,138
2026-01-01 12:21:40,25493314,login,BlueCat12,none,lockout(3fails/300s),False,0.0,138
2026-01-01 12:21:40,25493314,abc,BlueCat12,none,lockout(3fails/300s),False,0.0,138
2026-01-01 12:21:40,25493314,demo,BlueCat12,none,lockout(3fails/300s),False,0.0,138
2026-01-01 12:21:40,25493314,student,BlueCat12,none,lockout(3fails/300s),False,0.0,138
2026-01-01 12:21:40,25493314,Student_user,BlueCat12,none,lockout(3fails/300s),False,0.0,138
2026-01-01 12:21:41,25493314,user_test,BlueCat12,none,lockout(3fails/300s),False,0.0,138
2026-01-01 12:21:41,25493314,bluecat,BlueCat12,none,lockout(3fails/300s),False,0.0,138
2026-01-01 12:21:41,25493314,student1,BlueCat12,none,lockout(3fails/300s),False,0.0,138
2026-01-01 12:21:41,25493314,login_user,BlueCat12,none,lockout(3fails/300s),False,0.0,138
2026-01-01 12:21:41,25493314,pythonfan,BlueCat12,none,lockout(3fails/300s),False,0.0,138
2026-01-01 12:21:41,25493314,techgirl,BlueCat12,none,lockout(3fails/300s),False,0.0,138
2026-01-01 12:21:41,25493314,cloud_user,BlueCat12,none,lockout(3fails/300s),False,0.0,138
2026-01-01 12:21:41,25493314,gamer22,BlueCat12,none,lockout(3fails/300s),False,0.0,138
2026-01-01 12:21:41,25493314,webdev,BlueCat12,none,lockout(3fails/300s),False,0.0,138
2026-01-01 12:21:41,25493314,sha.sec,BlueCat12,none,lockout(3fails/300s),False,0.0,138
2026-01-01 12:21:41,25493314,secure_user,BlueCat12,none,lockout(3fails/300s),False,0.0,138
2026-01-01 12:21:41,25493314,cyber.auth,BlueCat12,none,lockout(3fails/300s),False,0.0,138
2026-01-01 12:21:41,25493314,dev.access,BlueCat12,none,lockout(3fails/300s),False,0.0,138
2026-01-01 12:21:41,25493314,root.guard,BlueCat12,none,lockout(3fails/300s),False,0.0,138
2026-01-01 12:21:41,25493314,net.lock,BlueCat12,none,lockout(3fails/300s),False,0.0,138
2026-01-01 12:21:41,25493314,auth.master,BlueCat12,none,lockout(3fails/300s),False,0.0,138
2026-01-01 12:21:41,25493314,vault_user,BlueCat12,none,lockout(3fails/300s),False,0.0,138
2026-01-01 12:21:41,25493314,system.sec,BlueCat12,none,lockout(3fails/300s),False,0.0,138
2026-01-01 12:21:41,25493314,secure.login,BlueCat12,none,lockout(3fails/300s),False,0.0,138
2026-01-01 12:21:42,25493314,user1,TechGirl7,none,lockout(3fails/300s),False,0.0,139
2026-01-01 12:21:42,25493314,admin,TechGirl7,none,lockout(3fails/300s),False,0.0,139
2026-01-01 12:21:42,25493314,guest,TechGirl7,none,lockout(3fails/300s),False,0.0,139
2026-01-01 12:21:42,25493314,test,TechGirl7,none,lockout(3fails/300s),False,0.0,139
2026-01-01 12:21:42,25493314,hello,TechGirl7,none,lockout(3fails/300s),False,0.0,139
2026-01-01 12:21:42,25493314,name,TechGirl7,none,lockout(3fails/300s),False,0.0,139
2026-01-01 12:21:42,25493314,login,TechGirl7,none,lockout(3fails/300s),False,0.0,139
2026-01-01 12:21:42,25493314,abc,TechGirl7,none,lockout(3fails/300s),False,0.0,139
2026-01-01 12:21:42,25493314,demo,TechGirl7,none,lockout(3fails/300s),False,0.0,139
2026-01-01 12:21:42,25493314,student,TechGirl7,none,lockout(3fails/300s),False,0.0,139
2026-01-01 12:21:42,25493314,Student_user,TechGirl7,none,lockout(3fails/300s),False,0.0,139
2026-01-01 12:21:42,25493314,user_test,TechGirl7,none,lockout(3fails/300s),False,0.0,139
2026-01-01 12:21:42,25493314,bluecat,TechGirl7,none,lockout(3fails/300s),False,0.0,139
2026-01-01 12:21:42,25493314,student1,TechGirl7,none,lockout(3fails/300s),False,0.0,139
2026-01-01 12:21:42,25493314,login_user,TechGirl7,none,lockout(3fails/300s),False,0.0,139
2026-01-01 12:21:42,25493314,pythonfan,TechGirl7,none,lockout(3fails/300s),False,0.0,139
2026-01-01 12:21:42,25493314,techgirl,TechGirl7,none,lockout(3fails/300s),False,0.0,139
2026-01-01 12:21:42,25493314,cloud_user,TechGirl7,none,lockout(3fails/300s),False,0.0,139
2026-01-01 12:21:42,25493314,gamer22,TechGirl7,none,lockout(3fails/300s),False,0.0,139
2026-01-01 12:21:42,25493314,webdev,TechGirl7,none,lockout(3fails/300s),False,0.0,139
2026-01-01 12:21:42,25493314,sha.sec,TechGirl7,none,lockout(3fails/300s),False,0.0,139
2026-01-01 12:21:43,25493314,secure_user,TechGirl7,none,lockout(3fails/300s),False,0.0,139
2026-01-01 12:21:43,25493314,cyber.auth,TechGirl7,none,lockout(3fails/300s),False,0.0,139
2026-01-01 12:21:43,25493314,dev.access,TechGirl7,none,lockout(3fails/300s),False,0.0,139
2026-01-01 12:21:43,25493314,root.guard,TechGirl7,none,lockout(3fails/300s),False,0.0,139
2026-01-01 12:21:43,25493314,net.lock,TechGirl7,none,lockout(3fails/300s),False,0.0,139
2026-01-01 12:21:43,25493314,auth.master,TechGirl7,none,lockout(3fails/300s),False,0.0,139
2026-01-01 12:21:43,25493314,vault_user,TechGirl7,none,lockout(3fails/300s),False,0.0,139
2026-01-01 12:21:43,25493314,system.sec,TechGirl7,none,lockout(3fails/300s),False,0.0,139
2026-01-01 12:21:43,25493314,secure.login,TechGirl7,none,lockout(3fails/300s),False,0.0,139
2026-01-01 12:21:43,25493314,user1,Cloud123,none,lockout(3fails/300s),False,0.0,140
2026-01-01 12:21:43,25493314,admin,Cloud123,none,lockout(3fails/300s),False,0.0,140
2026-01-01 12:21:43,25493314,guest,Cloud123,none,lockout(3fails/300s),False,0.0,140
2026-01-01 12:21:43,25493314,test,Cloud123,none,lockout(3fails/300s),False,0.0,140
2026-01-01 12:21:43,25493314,hello,Cloud123,none,lockout(3fails/300s),False,0.0,140
2026-01-01 12:21:43,25493314,name,Cloud123,none,lockout(3fails/300s),False,0.0,140
2026-01-01 12:21:43,25493314,login,Cloud123,none,lockout(3fails/300s),False,0.0,140
2026-01-01 12:21:43,25493314,abc,Cloud123,none,lockout(3fails/300s),False,0.0,140
2026-01-01 12:21:43,25493314,demo,Cloud123,none,lockout(3fails/300s),False,0.0,140
2026-01-01 12:21:43,25493314,student,Cloud123,none,lockout(3fails/300s),False,0.0,140
2026-01-01 12:21:44,25493314,Student_user,Cloud123,none,lockout(3fails/300s),False,0.0,140
2026-01-01 12:21:44,25493314,user_test,Cloud123,none,lockout(3fails/300s),False,0.0,140
2026-01-01 12:21:44,25493314,bluecat,Cloud123,none,lockout(3fails/300s),False,0.0,140
2026-01-01 12:21:44,25493314,student1,Cloud123,none,lockout(3fails/300s),False,0.0,140
2026-01-01 12:21:44,25493314,login_user,Cloud123,none,lockout(3fails/300s),False,0.0,140
2026-01-01 12:21:44,25493314,pythonfan,Cloud123,none,lockout(3fails/300s),False,0.0,140
2026-01-01 12:21:44,25493314,techgirl,Cloud123,none,lockout(3fails/300s),False,0.0,140
2026-01-01 12:21:44,25493314,cloud_user,Cloud123,none,lockout(3fails/300s),False,0.0,140
2026-01-01 12:21:44,25493314,gamer22,Cloud123,none,lockout(3fails/300s),False,0.0,140
2026-01-01 12:21:44,25493314,webdev,Cloud123,none,lockout(3fails/300s),False,0.0,140
2026-01-01 12:21:44,25493314,sha.sec,Cloud123,none,lockout(3fails/300s),False,0.0,140
2026-01-01 12:21:44,25493314,secure_user,Cloud123,none,lockout(3fails/300s),False,0.0,140
2026-01-01 12:21:44,25493314,cyber.auth,Cloud123,none,lockout(3fails/300s),False,0.0,140
2026-01-01 12:21:44,25493314,dev.access,Cloud123,none,lockout(3fails/300s),False,0.0,140
2026-01-01 12:21:44,25493314,root.guard,Cloud123,none,lockout(3fails/300s),False,0.0,140
2026-01-01 12:21:44,25493314,net.lock,Cloud123,none,lockout(3fails/300s),False,0.0,140
2026-01-01 12:21:44,25493314,auth.master,Cloud123,none,lockout(3fails/300s),False,0.0,140
2026-01-01 12:21:44,25493314,vault_user,Cloud123,none,lockout(3fails/300s),False,0.0,140
2026-01-01 12:21:44,25493314,system.sec,Cloud123,none,lockout(3fails/300s),False,0.0,140
2026-01-01 12:21:45,25493314,secure.login,Cloud123,none,lockout(3fails/300s),False,0.0,140
2026-01-01 12:21:45,25493314,user1,GameOn22,none,lockout(3fails/300s),False,0.0,141
2026-01-01 12:21:45,25493314,admin,GameOn22,none,lockout(3fails/300s),False,0.0,141
2026-01-01 12:21:45,25493314,guest,GameOn22,none,lockout(3fails/300s),False,0.0,141
2026-01-01 12:21:45,25493314,test,GameOn22,none,lockout(3fails/300s),False,0.0,141
2026-01-01 12:21:45,25493314,hello,GameOn22,none,lockout(3fails/300s),False,0.0,141
2026-01-01 12:21:45,25493314,name,GameOn22,none,lockout(3fails/300s),False,0.0,141
2026-01-01 12:21:45,25493314,login,GameOn22,none,lockout(3fails/300s),False,0.0,141
2026-01-01 12:21:45,25493314,abc,GameOn22,none,lockout(3fails/300s),False,0.0,141
2026-01-01 12:21:45,25493314,demo,GameOn22,none,lockout(3fails/300s),False,0.0,141
2026-01-01 12:21:45,25493314,student,GameOn22,none,lockout(3fails/300s),False,0.0,141
2026-01-01 12:21:45,25493314,Student_user,GameOn22,none,lockout(3fails/300s),False,0.01,141
2026-01-01 12:21:45,25493314,user_test,GameOn22,none,lockout(3fails/300s),False,0.0,141
2026-01-01 12:21:45,25493314,bluecat,GameOn22,none,lockout(3fails/300s),False,0.0,141
2026-01-01 12:21:45,25493314,student1,GameOn22,none,lockout(3fails/300s),False,0.0,141
2026-01-01 12:21:45,25493314,login_user,GameOn22,none,lockout(3fails/300s),False,0.0,141
2026-01-01 12:21:45,25493314,pythonfan,GameOn22,none,lockout(3fails/300s),False,0.0,141
2026-01-01 12:21:45,25493314,techgirl,GameOn22,none,lockout(3fails/300s),False,0.0,141
2026-01-01 12:21:45,25493314,cloud_user,GameOn22,none,lockout(3fails/300s),False,0.0,141
2026-01-01 12:21:45,25493314,gamer22,GameOn22,none,lockout(3fails/300s),False,0.0,141
2026-01-01 12:21:46,25493314,webdev,GameOn22,none,lockout(3fails/300s),False,0.0,141
2026-01-01 12:21:46,25493314,sha.sec,GameOn22,none,lockout(3fails/300s),False,0.0,141
2026-01-01 12:21:46,25493314,secure_user,GameOn22,none,lockout(3fails/300s),False,0.0,141
2026-01-01 12:21:46,25493314,cyber.auth,GameOn22,none,lockout(3fails/300s),False,0.0,141
2026-01-01 12:21:46,25493314,dev.access,GameOn22,none,lockout(3fails/300s),False,0.0,141
2026-01-01 12:21:46,25493314,root.guard,GameOn22,none,lockout(3fails/300s),False,0.0,141
2026-01-01 12:21:46,25493314,net.lock,GameOn22,none,lockout(3fails/300s),False,0.0,141
2026-01-01 12:21:46,25493314,auth.master,GameOn22,none,lockout(3fails/300s),False,0.0,141
2026-01-01 12:21:46,25493314,vault_user,GameOn22,none,lockout(3fails/300s),False,0.0,141
2026-01-01 12:21:46,25493314,system.sec,GameOn22,none,lockout(3fails/300s),False,0.0,141
2026-01-01 12:21:46,25493314,secure.login,GameOn22,none,lockout(3fails/300s),False,0.0,141
2026-01-01 12:21:46,25493314,user1,WebDev88,none,lockout(3fails/300s),False,0.0,142
2026-01-01 12:21:46,25493314,admin,WebDev88,none,lockout(3fails/300s),False,0.0,142
2026-01-01 12:21:46,25493314,guest,WebDev88,none,lockout(3fails/300s),False,0.0,142
2026-01-01 12:21:46,25493314,test,WebDev88,none,lockout(3fails/300s),False,0.0,142
2026-01-01 12:21:46,25493314,hello,WebDev88,none,lockout(3fails/300s),False,0.0,142
2026-01-01 12:21:46,25493314,name,WebDev88,none,lockout(3fails/300s),False,0.0,142
2026-01-01 12:21:46,25493314,login,WebDev88,none,lockout(3fails/300s),False,0.0,142
2026-01-01 12:21:46,25493314,abc,WebDev88,none,lockout(3fails/300s),False,0.0,142
2026-01-01 12:21:46,25493314,demo,WebDev88,none,lockout(3fails/300s),False,0.0,142
2026-01-01 12:21:47,25493314,student,WebDev88,none,lockout(3fails/300s),False,0.0,142
2026-01-01 12:21:47,25493314,Student_user,WebDev88,none,lockout(3fails/300s),False,0.0,142
2026-01-01 12:21:47,25493314,user_test,WebDev88,none,lockout(3fails/300s),False,0.0,142
2026-01-01 12:21:47,25493314,bluecat,WebDev88,none,lockout(3fails/300s),False,0.0,142
2026-01-01 12:21:47,25493314,student1,WebDev88,none,lockout(3fails/300s),False,0.0,142
2026-01-01 12:21:47,25493314,login_user,WebDev88,none,lockout(3fails/300s),False,0.0,142
2026-01-01 12:21:47,25493314,pythonfan,WebDev88,none,lockout(3fails/300s),False,0.0,142
2026-01-01 12:21:47,25493314,techgirl,WebDev88,none,lockout(3fails/300s),False,0.0,142
2026-01-01 12:21:47,25493314,cloud_user,WebDev88,none,lockout(3fails/300s),False,0.0,142
2026-01-01 12:21:47,25493314,gamer22,WebDev88,none,lockout(3fails/300s),False,0.0,142
2026-01-01 12:21:47,25493314,webdev,WebDev88,none,lockout(3fails/300s),False,0.0,142
2026-01-01 12:21:47,25493314,sha.sec,WebDev88,none,lockout(3fails/300s),False,0.0,142
2026-01-01 12:21:47,25493314,secure_user,WebDev88,none,lockout(3fails/300s),False,0.0,142
2026-01-01 12:21:47,25493314,cyber.auth,WebDev88,none,lockout(3fails/300s),False,0.0,142
2026-01-01 12:21:47,25493314,dev.access,WebDev88,none,lockout(3fails/300s),False,0.0,142
2026-01-01 12:21:47,25493314,root.guard,WebDev88,none,lockout(3fails/300s),False,0.0,142
2026-01-01 12:21:47,25493314,net.lock,WebDev88,none,lockout(3fails/300s),False,0.0,142
2026-01-01 12:21:47,25493314,auth.master,WebDev88,none,lockout(3fails/300s),False,0.0,142
2026-01-01 12:21:47,25493314,vault_user,WebDev88,none,lockout(3fails/300s),False,0.0,142
2026-01-01 12:21:48,25493314,system.sec,WebDev88,none,lockout(3fails/300s),False,0.0,142
2026-01-01 12:21:48,25493314,secure.login,WebDev88,none,lockout(3fails/300s),False,0.0,142
2026-01-01 12:24:44,25493314,user1,123456,none,lockout(3fails/300s),False,0.45,143
2026-01-01 12:24:44,25493314,admin,123456,none,lockout(3fails/300s),False,0.26,143
2026-01-01 12:24:44,25493314,guest,123456,none,lockout(3fails/300s),False,0.2,143
2026-01-01 12:24:44,25493314,test,123456,none,lockout(3fails/300s),False,0.25,143
2026-01-01 12:24:44,25493314,hello,123456,none,lockout(3fails/300s),False,0.28,143
2026-01-01 12:24:44,25493314,name,123456,none,lockout(3fails/300s),False,0.2,143
2026-01-01 12:24:44,25493314,login,123456,none,lockout(3fails/300s),False,0.25,143
2026-01-01 12:24:44,25493314,abc,123456,none,lockout(3fails/300s),False,0.25,143
2026-01-01 12:24:44,25493314,demo,123456,none,lockout(3fails/300s),False,0.27,143
2026-01-01 12:24:44,25493314,student,123456,none,lockout(3fails/300s),False,0.24,143
2026-01-01 12:24:44,25493314,Student_user,123456,none,lockout(3fails/300s),False,0.27,143
2026-01-01 12:24:44,25493314,user_test,123456,none,lockout(3fails/300s),False,0.27,143
2026-01-01 12:24:44,25493314,bluecat,123456,none,lockout(3fails/300s),False,0.26,143
2026-01-01 12:24:44,25493314,student1,123456,none,lockout(3fails/300s),False,0.26,143
2026-01-01 12:24:44,25493314,login_user,123456,none,lockout(3fails/300s),False,0.27,143
2026-01-01 12:24:45,25493314,pythonfan,123456,none,lockout(3fails/300s),False,0.27,143
2026-01-01 12:24:45,25493314,techgirl,123456,none,lockout(3fails/300s),False,0.25,143
2026-01-01 12:24:45,25493314,cloud_user,123456,none,lockout(3fails/300s),False,0.27,143
2026-01-01 12:24:45,25493314,gamer22,123456,none,lockout(3fails/300s),False,0.25,143
2026-01-01 12:24:45,25493314,webdev,123456,none,lockout(3fails/300s),False,0.27,143
2026-01-01 12:24:45,25493314,sha.sec,123456,none,lockout(3fails/300s),False,0.26,143
2026-01-01 12:24:45,25493314,secure_user,123456,none,lockout(3fails/300s),False,0.27,143
2026-01-01 12:24:45,25493314,cyber.auth,123456,none,lockout(3fails/300s),False,0.22,143
2026-01-01 12:24:45,25493314,dev.access,123456,none,lockout(3fails/300s),False,0.25,143
2026-01-01 12:24:45,25493314,root.guard,123456,none,lockout(3fails/300s),False,0.27,143
2026-01-01 12:24:45,25493314,net.lock,123456,none,lockout(3fails/300s),False,0.28,143
2026-01-01 12:24:45,25493314,auth.master,123456,none,lockout(3fails/300s),False,0.27,143
2026-01-01 12:24:45,25493314,vault_user,123456,none,lockout(3fails/300s),False,0.26,143
2026-01-01 12:24:45,25493314,system.sec,123456,none,lockout(3fails/300s),False,0.26,143
2026-01-01 12:24:45,25493314,secure.login,123456,none,lockout(3fails/300s),False,0.21,143
2026-01-01 12:24:45,25493314,user1,password,none,lockout(3fails/300s),False,0.31,144
2026-01-01 12:24:45,25493314,admin,password,none,lockout(3fails/300s),False,0.21,144
2026-01-01 12:24:45,25493314,guest,password,none,lockout(3fails/300s),False,0.24,144
2026-01-01 12:24:45,25493314,test,password,none,lockout(3fails/300s),False,0.27,144
2026-01-01 12:24:46,25493314,hello,password,none,lockout(3fails/300s),False,0.26,144
2026-01-01 12:24:46,25493314,name,password,none,lockout(3fails/300s),False,0.18,144
2026-01-01 12:24:46,25493314,login,password,none,lockout(3fails/300s),False,0.27,144
2026-01-01 12:24:46,25493314,abc,password,none,lockout(3fails/300s),False,0.27,144
2026-01-01 12:24:46,25493314,demo,password,none,lockout(3fails/300s),False,0.29,144
2026-01-01 12:24:46,25493314,student,password,none,lockout(3fails/300s),False,0.44,144
2026-01-01 12:24:46,25493314,Student_user,password,none,lockout(3fails/300s),False,0.29,144
2026-01-01 12:24:46,25493314,user_test,password,none,lockout(3fails/300s),False,0.25,144
2026-01-01 12:24:46,25493314,bluecat,password,none,lockout(3fails/300s),False,0.29,144
2026-01-01 12:24:46,25493314,student1,password,none,lockout(3fails/300s),False,0.28,144
2026-01-01 12:24:46,25493314,login_user,password,none,lockout(3fails/300s),False,0.27,144
2026-01-01 12:24:46,25493314,pythonfan,password,none,lockout(3fails/300s),False,0.27,144
2026-01-01 12:24:46,25493314,techgirl,password,none,lockout(3fails/300s),False,0.26,144
2026-01-01 12:24:46,25493314,cloud_user,password,none,lockout(3fails/300s),False,0.27,144
2026-01-01 12:24:46,25493314,gamer22,password,none,lockout(3fails/300s),False,0.23,144
2026-01-01 12:24:46,25493314,webdev,password,none,lockout(3fails/300s),False,0.27,144
2026-01-01 12:24:46,25493314,sha.sec,password,none,lockout(3fails/300s),False,0.26,144
2026-01-01 12:24:46,25493314,secure_user,password,none,lockout(3fails/300s),False,0.23,144
2026-01-01 12:24:46,25493314,cyber.auth,password,none,lockout(3fails/300s),False,0.16,144
2026-01-01 12:24:46,25493314,dev.access,password,none,lockout(3fails/300s),False,0.29,144
2026-01-01 12:24:47,25493314,root.guard,password,none,lockout(3fails/300s),False,0.28,144
2026-01-01 12:24:47,25493314,net.lock,password,none,lockout(3fails/300s),False,0.27,144
2026-01-01 12:24:47,25493314,auth.master,password,none,lockout(3fails/300s),False,0.17,144
2026-01-01 12:24:47,25493314,vault_user,password,none,lockout(3fails/300s),False,0.28,144
2026-01-01 12:24:47,25493314,system.sec,password,none,lockout(3fails/300s),False,0.25,144
2026-01-01 12:24:47,25493314,secure.login,password,none,lockout(3fails/300s),False,0.26,144
2026-01-01 12:24:47,25493314,user1,12345678,none,lockout(3fails/300s),False,0.28,145
2026-01-01 12:24:47,25493314,admin,12345678,none,lockout(3fails/300s),False,0.37,145
2026-01-01 12:24:47,25493314,guest,12345678,none,lockout(3fails/300s),False,0.27,145
2026-01-01 12:24:47,25493314,test,12345678,none,lockout(3fails/300s),False,1.8,145
2026-01-01 12:24:47,25493314,hello,12345678,none,lockout(3fails/300s),False,0.27,145
2026-01-01 12:24:47,25493314,name,12345678,none,lockout(3fails/300s),False,0.23,145
2026-01-01 12:24:47,25493314,login,12345678,none,lockout(3fails/300s),False,0.28,145
2026-01-01 12:24:47,25493314,abc,12345678,none,lockout(3fails/300s),False,0.27,145
2026-01-01 12:24:47,25493314,demo,12345678,none,lockout(3fails/300s),False,0.22,145
2026-01-01 12:24:47,25493314,student,12345678,none,lockout(3fails/300s),False,0.26,145
2026-01-01 12:24:47,25493314,Student_user,12345678,none,lockout(3fails/300s),False,0.26,145
2026-01-01 12:24:47,25493314,user_test,12345678,none,lockout(3fails/300s),False,0.26,145
2026-01-01 12:24:48,25493314,bluecat,12345678,none,lockout(3fails/300s),False,0.24,145
2026-01-01 12:24:48,25493314,student1,12345678,none,lockout(3fails/300s),False,0.3,145
2026-01-01 12:24:48,25493314,login_user,12345678,none,lockout(3fails/300s),False,0.25,145
2026-01-01 12:24:48,25493314,pythonfan,12345678,none,lockout(3fails/300s),False,0.3,145
2026-01-01 12:24:48,25493314,techgirl,12345678,none,lockout(3fails/300s),False,0.25,145
2026-01-01 12:24:48,25493314,cloud_user,12345678,none,lockout(3fails/300s),False,0.26,145
2026-01-01 12:24:48,25493314,gamer22,12345678,none,lockout(3fails/300s),False,0.25,145
2026-01-01 12:24:48,25493314,webdev,12345678,none,lockout(3fails/300s),False,0.3,145
2026-01-01 12:24:48,25493314,sha.sec,12345678,none,lockout(3fails/300s),False,0.26,145
2026-01-01 12:24:48,25493314,secure_user,12345678,none,lockout(3fails/300s),False,0.27,145
2026-01-01 12:24:48,25493314,cyber.auth,12345678,none,lockout(3fails/300s),False,0.22,145
2026-01-01 12:24:48,25493314,dev.access,12345678,none,lockout(3fails/300s),False,0.13,145
2026-01-01 12:24:48,25493314,root.guard,12345678,none,lockout(3fails/300s),False,0.21,145
2026-01-01 12:24:48,25493314,net.lock,12345678,none,lockout(3fails/300s),False,0.31,145
2026-01-01 12:24:48,25493314,auth.master,12345678,none,lockout(3fails/300s),False,0.28,145
2026-01-01 12:24:48,25493314,vault_user,12345678,none,lockout(3fails/300s),False,0.26,145
2026-01-01 12:24:48,25493314,system.sec,12345678,none,lockout(3fails/300s),False,0.27,145
2026-01-01 12:24:48,25493314,secure.login,12345678,none,lockout(3fails/300s),False,0.28,145
2026-01-01 12:24:48,25493314,user1,qwerty,none,lockout(3fails/300s),False,0.0,146
2026-01-01 12:24:49,25493314,admin,qwerty,none,lockout(3fails/300s),False,0.0,146
2026-01-01 12:24:49,25493314,guest,qwerty,none,lockout(3fails/300s),False,0.0,146
2026-01-01 12:24:49,25493314,test,qwerty,none,lockout(3fails/300s),False,0.0,146
2026-01-01 12:24:49,25493314,hello,qwerty,none,lockout(3fails/300s),False,0.0,146
2026-01-01 12:24:49,25493314,name,qwerty,none,lockout(3fails/300s),False,0.0,146
2026-01-01 12:24:49,25493314,login,qwerty,none,lockout(3fails/300s),False,0.0,146
2026-01-01 12:24:49,25493314,abc,qwerty,none,lockout(3fails/300s),False,0.0,146
2026-01-01 12:24:49,25493314,demo,qwerty,none,lockout(3fails/300s),False,0.0,146
2026-01-01 12:24:49,25493314,student,qwerty,none,lockout(3fails/300s),False,0.0,146
2026-01-01 12:24:49,25493314,Student_user,qwerty,none,lockout(3fails/300s),False,0.0,146
2026-01-01 12:24:49,25493314,user_test,qwerty,none,lockout(3fails/300s),False,0.0,146
2026-01-01 12:24:49,25493314,bluecat,qwerty,none,lockout(3fails/300s),False,0.0,146
2026-01-01 12:24:49,25493314,student1,qwerty,none,lockout(3fails/300s),False,0.0,146
2026-01-01 12:24:49,25493314,login_user,qwerty,none,lockout(3fails/300s),False,0.0,146
2026-01-01 12:24:49,25493314,pythonfan,qwerty,none,lockout(3fails/300s),False,0.0,146
2026-01-01 12:24:49,25493314,techgirl,qwerty,none,lockout(3fails/300s),False,0.0,146
2026-01-01 12:24:49,25493314,cloud_user,qwerty,none,lockout(3fails/300s),False,0.0,146
2026-01-01 12:24:49,25493314,gamer22,qwerty,none,lockout(3fails/300s),False,0.0,146
2026-01-01 12:24:49,25493314,webdev,qwerty,none,lockout(3fails/300s),False,0.0,146
2026-01-01 12:24:50,25493314,sha.sec,qwerty,none,lockout(3fails/300s),False,0.02,146
2026-01-01 12:24:50,25493314,secure_user,qwerty,none,lockout(3fails/300s),False,0.0,146
2026-01-01 12:24:50,25493314,cyber.auth,qwerty,none,lockout(3fails/300s),False,0.0,146
2026-01-01 12:24:50,25493314,dev.access,qwerty,none,lockout(3fails/300s),False,0.0,146
2026-01-01 12:24:50,25493314,root.guard,qwerty,none,lockout(3fails/300s),False,0.0,146
2026-01-01 12:24:50,25493314,net.lock,qwerty,none,lockout(3fails/300s),False,0.0,146
2026-01-01 12:24:50,25493314,auth.master,qwerty,none,lockout(3fails/300s),False,0.0,146
2026-01-01 12:24:50,25493314,vault_user,qwerty,none,lockout(3fails/300s),False,0.0,146
2026-01-01 12:24:50,25493314,system.sec,qwerty,none,lockout(3fails/300s),False,0.0,146
2026-01-01 12:24:50,25493314,secure.login,qwerty,none,lockout(3fails/300s),False,0.0,146
2026-01-01 12:24:50,25493314,user1,123456789,none,lockout(3fails/300s),False,0.0,147
2026-01-01 12:24:50,25493314,admin,123456789,none,lockout(3fails/300s),False,0.0,147
2026-01-01 12:24:50,25493314,guest,123456789,none,lockout(3fails/300s),False,0.0,147
2026-01-01 12:24:50,25493314,test,123456789,none,lockout(3fails/300s),False,0.0,147
2026-01-01 12:24:50,25493314,hello,123456789,none,lockout(3fails/300s),False,0.0,147
2026-01-01 12:24:50,25493314,name,123456789,none,lockout(3fails/300s),False,0.0,147
2026-01-01 12:24:50,25493314,login,123456789,none,lockout(3fails/300s),False,0.0,147
2026-01-01 12:24:50,25493314,abc,123456789,none,lockout(3fails/300s),False,0.0,147
2026-01-01 12:24:50,25493314,demo,123456789,none,lockout(3fails/300s),False,0.0,147
2026-01-01 12:24:51,25493314,student,123456789,none,lockout(3fails/300s),False,0.0,147
2026-01-01 12:24:51,25493314,Student_user,123456789,none,lockout(3fails/300s),False,0.0,147
2026-01-01 12:24:51,25493314,user_test,123456789,none,lockout(3fails/300s),False,0.0,147
2026-01-01 12:24:51,25493314,bluecat,123456789,none,lockout(3fails/300s),False,0.0,147
2026-01-01 12:24:51,25493314,student1,123456789,none,lockout(3fails/300s),False,0.0,147
2026-01-01 12:24:51,25493314,login_user,123456789,none,lockout(3fails/300s),False,0.0,147
2026-01-01 12:24:51,25493314,pythonfan,123456789,none,lockout(3fails/300s),False,0.0,147
2026-01-01 12:24:51,25493314,techgirl,123456789,none,lockout(3fails/300s),False,0.0,147
2026-01-01 12:24:51,25493314,cloud_user,123456789,none,lockout(3fails/300s),False,0.0,147
2026-01-01 12:24:51,25493314,gamer22,123456789,none,lockout(3fails/300s),False,0.0,147
2026-01-01 12:24:51,25493314,webdev,123456789,none,lockout(3fails/300s),False,0.0,147
2026-01-01 12:24:51,25493314,sha.sec,123456789,none,lockout(3fails/300s),False,0.0,147
2026-01-01 12:24:51,25493314,secure_user,123456789,none,lockout(3fails/300s),False,0.0,147
2026-01-01 12:24:51,25493314,cyber.auth,123456789,none,lockout(3fails/300s),False,0.0,147
2026-01-01 12:24:51,25493314,dev.access,123456789,none,lockout(3fails/300s),False,0.0,147
2026-01-01 12:24:51,25493314,root.guard,123456789,none,lockout(3fails/300s),False,0.0,147
2026-01-01 12:24:51,25493314,net.lock,123456789,none,lockout(3fails/300s),False,0.0,147
2026-01-01 12:24:51,25493314,auth.master,123456789,none,lockout(3fails/300s),False,0.0,147
2026-01-01 12:24:51,25493314,vault_user,123456789,none,lockout(3fails/300s),False,0.0,147
2026-01-01 12:24:51,25493314,system.sec,123456789,none,lockout(3fails/300s),False,0.0,147
2026-01-01 12:24:52,25493314,secure.login,123456789,none,lockout(3fails/300s),False,0.0,147
2026-01-01 12:24:52,25493314,user1,12345,none,lockout(3fails/300s),False,0.0,148
2026-01-01 12:24:52,25493314,admin,12345,none,lockout(3fails/300s),False,0.0,148
2026-01-01 12:24:52,25493314,guest,12345,none,lockout(3fails/300s),False,0.0,148
2026-01-01 12:24:52,25493314,test,12345,none,lockout(3fails/300s),False,0.0,148
2026-01-01 12:24:52,25493314,hello,12345,none,lockout(3fails/300s),False,0.0,148
2026-01-01 12:24:52,25493314,name,12345,none,lockout(3fails/300s),False,0.0,148
2026-01-01 12:24:52,25493314,login,12345,none,lockout(3fails/300s),False,0.0,148
2026-01-01 12:24:52,25493314,abc,12345,none,lockout(3fails/300s),False,0.0,148
2026-01-01 12:24:52,25493314,demo,12345,none,lockout(3fails/300s),False,0.0,148
2026-01-01 12:24:52,25493314,student,12345,none,lockout(3fails/300s),False,0.0,148
2026-01-01 12:24:52,25493314,Student_user,12345,none,lockout(3fails/300s),False,0.0,148
2026-01-01 12:24:52,25493314,user_test,12345,none,lockout(3fails/300s),False,0.0,148
2026-01-01 12:24:52,25493314,bluecat,12345,none,lockout(3fails/300s),False,0.0,148
2026-01-01 12:24:52,25493314,student1,12345,none,lockout(3fails/300s),False,0.0,148
2026-01-01 12:24:52,25493314,login_user,12345,none,lockout(3fails/300s),False,0.0,148
2026-01-01 12:24:52,25493314,pythonfan,12345,none,lockout(3fails/300s),False,0.0,148
2026-01-01 12:24:52,25493314,techgirl,12345,none,lockout(3fails/300s),False,0.0,148
2026-01-01 12:24:52,25493314,cloud_user,12345,none,lockout(3fails/300s),False,0.0,148
2026-01-01 12:24:53,25493314,gamer22,12345,none,lockout(3fails/300s),False,0.0,148
2026-01-01 12:24:53,25493314,webdev,12345,none,lockout(3fails/300s),False,0.0,148
2026-01-01 12:24:53,25493314,sha.sec,12345,none,lockout(3fails/300s),False,0.0,148
2026-01-01 12:24:53,25493314,secure_user,12345,none,lockout(3fails/300s),False,0.0,148
2026-01-01 12:24:53,25493314,cyber.auth,12345,none,lockout(3fails/300s),False,0.0,148
2026-01-01 12:24:53,25493314,dev.access,12345,none,lockout(3fails/300s),False,0.0,148
2026-01-01 12:24:53,25493314,root.guard,12345,none,lockout(3fails/300s),False,0.0,148
2026-01-01 12:24:53,25493314,net.lock,12345,none,lockout(3fails/300s),False,0.0,148
2026-01-01 12:24:53,25493314,auth.master,12345,none,lockout(3fails/300s),False,0.0,148
2026-01-01 12:24:53,25493314,vault_user,12345,none,lockout(3fails/300s),False,0.0,148
2026-01-01 12:24:53,25493314,system.sec,12345,none,lockout(3fails/300s),False,0.0,148
2026-01-01 12:24:53,25493314,secure.login,12345,none,lockout(3fails/300s),False,0.0,148
2026-01-01 12:24:53,25493314,user1,1234,none,lockout(3fails/300s),False,0.0,149
2026-01-01 12:24:53,25493314,admin,1234,none,lockout(3fails/300s),False,0.0,149
2026-01-01 12:24:53,25493314,guest,1234,none,lockout(3fails/300s),False,0.0,149
2026-01-01 12:24:53,25493314,test,1234,none,lockout(3fails/300s),False,0.0,149
2026-01-01 12:24:53,25493314,hello,1234,none,lockout(3fails/300s),False,0.0,149
2026-01-01 12:24:53,25493314,name,1234,none,lockout(3fails/300s),False,0.0,149
2026-01-01 12:24:53,25493314,login,1234,none,lockout(3fails/300s),False,0.0,149
2026-01-01 12:24:54,25493314,abc,1234,none,lockout(3fails/300s),False,0.0,149
2026-01-01 12:24:54,25493314,demo,1234,none,lockout(3fails/300s),False,0.0,149
2026-01-01 12:24:54,25493314,student,1234,none,lockout(3fails/300s),False,0.0,149
2026-01-01 12:24:54,25493314,Student_user,1234,none,lockout(3fails/300s),False,0.0,149
2026-01-01 12:24:54,25493314,user_test,1234,none,lockout(3fails/300s),False,0.0,149
2026-01-01 12:24:54,25493314,bluecat,1234,none,lockout(3fails/300s),False,0.0,149
2026-01-01 12:24:54,25493314,student1,1234,none,lockout(3fails/300s),False,0.0,149
2026-01-01 12:24:54,25493314,login_user,1234,none,lockout(3fails/300s),False,0.0,149
2026-01-01 12:24:54,25493314,pythonfan,1234,none,lockout(3fails/300s),False,0.0,149
2026-01-01 12:24:54,25493314,techgirl,1234,none,lockout(3fails/300s),False,0.0,149
2026-01-01 12:24:54,25493314,cloud_user,1234,none,lockout(3fails/300s),False,0.0,149
2026-01-01 12:24:54,25493314,gamer22,1234,none,lockout(3fails/300s),False,0.0,149
2026-01-01 12:24:54,25493314,webdev,1234,none,lockout(3fails/300s),False,0.0,149
2026-01-01 12:24:54,25493314,sha.sec,1234,none,lockout(3fails/300s),False,0.0,149
2026-01-01 12:24:54,25493314,secure_user,1234,none,lockout(3fails/300s),False,0.0,149
2026-01-01 12:24:54,25493314,cyber.auth,1234,none,lockout(3fails/300s),False,0.0,149
2026-01-01 12:24:54,25493314,dev.access,1234,none,lockout(3fails/300s),False,0.0,149
2026-01-01 12:24:54,25493314,root.guard,1234,none,lockout(3fails/300s),False,0.0,149
2026-01-01 12:24:54,25493314,net.lock,1234,none,lockout(3fails/300s),False,0.0,149
2026-01-01 12:24:55,25493314,auth.master,1234,none,lockout(3fails/300s),False,0.0,149
2026-01-01 12:24:55,25493314,vault_user,1234,none,lockout(3fails/300s),False,0.0,149
2026-01-01 12:24:55,25493314,system.sec,1234,none,lockout(3fails/300s),False,0.0,149
2026-01-01 12:24:55,25493314,secure.login,1234,none,lockout(3fails/300s),False,0.0,149
2026-01-01 12:24:55,25493314,user1,111111,none,lockout(3fails/300s),False,0.0,150
2026-01-01 12:24:55,25493314,admin,111111,none,lockout(3fails/300s),False,0.0,150
2026-01-01 12:24:55,25493314,guest,111111,none,lockout(3fails/300s),False,0.0,150
2026-01-01 12:24:55,25493314,test,111111,none,lockout(3fails/300s),False,0.0,150
2026-01-01 12:24:55,25493314,hello,111111,none,lockout(3fails/300s),False,0.0,150
2026-01-01 12:24:55,25493314,name,111111,none,lockout(3fails/300s),False,0.0,150
2026-01-01 12:24:55,25493314,login,111111,none,lockout(3fails/300s),False,0.0,150
2026-01-01 12:24:55,25493314,abc,111111,none,lockout(3fails/300s),False,0.0,150
2026-01-01 12:24:55,25493314,demo,111111,none,lockout(3fails/300s),False,0.0,150
2026-01-01 12:24:55,25493314,student,111111,none,lockout(3fails/300s),False,0.0,150
2026-01-01 12:24:55,25493314,Student_user,111111,none,lockout(3fails/300s),False,0.0,150
2026-01-01 12:24:55,25493314,user_test,111111,none,lockout(3fails/300s),False,0.0,150
2026-01-01 12:24:55,25493314,bluecat,111111,none,lockout(3fails/300s),False,0.0,150
2026-01-01 12:24:55,25493314,student1,111111,none,lockout(3fails/300s),False,0.0,150
2026-01-01 12:24:55,25493314,login_user,111111,none,lockout(3fails/300s),False,0.0,150
2026-01-01 12:24:55,25493314,pythonfan,111111,none,lockout(3fails/300s),False,0.0,150
2026-01-01 12:24:56,25493314,techgirl,111111,none,lockout(3fails/300s),False,0.0,150
2026-01-01 12:24:56,25493314,cloud_user,111111,none,lockout(3fails/300s),False,0.0,150
2026-01-01 12:24:56,25493314,gamer22,111111,none,lockout(3fails/300s),False,0.0,150
2026-01-01 12:24:56,25493314,webdev,111111,none,lockout(3fails/300s),False,0.0,150
2026-01-01 12:24:56,25493314,sha.sec,111111,none,lockout(3fails/300s),False,0.0,150
2026-01-01 12:24:56,25493314,secure_user,111111,none,lockout(3fails/300s),False,0.0,150
2026-01-01 12:24:56,25493314,cyber.auth,111111,none,lockout(3fails/300s),False,0.0,150
2026-01-01 12:24:56,25493314,dev.access,111111,none,lockout(3fails/300s),False,0.0,150
2026-01-01 12:24:56,25493314,root.guard,111111,none,lockout(3fails/300s),False,0.0,150
2026-01-01 12:24:56,25493314,net.lock,111111,none,lockout(3fails/300s),False,0.0,150
2026-01-01 12:24:56,25493314,auth.master,111111,none,lockout(3fails/300s),False,0.0,150
2026-01-01 12:24:56,25493314,vault_user,111111,none,lockout(3fails/300s),False,0.0,150
2026-01-01 12:24:56,25493314,system.sec,111111,none,lockout(3fails/300s),False,0.0,150
2026-01-01 12:24:56,25493314,secure.login,111111,none,lockout(3fails/300s),False,0.0,150
2026-01-01 12:24:56,25493314,user1,1234567,none,lockout(3fails/300s),False,0.0,151
2026-01-01 12:24:56,25493314,admin,1234567,none,lockout(3fails/300s),False,0.0,151
2026-01-01 12:24:56,25493314,guest,1234567,none,lockout(3fails/300s),False,0.0,151
2026-01-01 12:24:56,25493314,test,1234567,none,lockout(3fails/300s),False,0.0,151
2026-01-01 12:24:56,25493314,hello,1234567,none,lockout(3fails/300s),False,0.0,151
2026-01-01 12:24:57,25493314,name,1234567,none,lockout(3fails/300s),False,0.0,151
2026-01-01 12:24:57,25493314,login,1234567,none,lockout(3fails/300s),False,0.0,151
2026-01-01 12:24:57,25493314,abc,1234567,none,lockout(3fails/300s),False,0.0,151
2026-01-01 12:24:57,25493314,demo,1234567,none,lockout(3fails/300s),False,0.0,151
2026-01-01 12:24:57,25493314,student,1234567,none,lockout(3fails/300s),False,0.0,151
2026-01-01 12:24:57,25493314,Student_user,1234567,none,lockout(3fails/300s),False,0.0,151
2026-01-01 12:24:57,25493314,user_test,1234567,none,lockout(3fails/300s),False,0.0,151
2026-01-01 12:24:57,25493314,bluecat,1234567,none,lockout(3fails/300s),False,0.0,151
2026-01-01 12:24:57,25493314,student1,1234567,none,lockout(3fails/300s),False,0.0,151
2026-01-01 12:24:57,25493314,login_user,1234567,none,lockout(3fails/300s),False,0.0,151
2026-01-01 12:24:57,25493314,pythonfan,1234567,none,lockout(3fails/300s),False,0.0,151
2026-01-01 12:24:57,25493314,techgirl,1234567,none,lockout(3fails/300s),False,0.0,151
2026-01-01 12:24:57,25493314,cloud_user,1234567,none,lockout(3fails/300s),False,0.0,151
2026-01-01 12:24:57,25493314,gamer22,1234567,none,lockout(3fails/300s),False,0.0,151
2026-01-01 12:24:57,25493314,webdev,1234567,none,lockout(3fails/300s),False,0.0,151
2026-01-01 12:24:57,25493314,sha.sec,1234567,none,lockout(3fails/300s),False,0.0,151
2026-01-01 12:24:57,25493314,secure_user,1234567,none,lockout(3fails/300s),False,0.0,151
2026-01-01 12:24:57,25493314,cyber.auth,1234567,none,lockout(3fails/300s),False,0.0,151
2026-01-01 12:24:58,25493314,dev.access,1234567,none,lockout(3fails/300s),False,0.0,151
2026-01-01 12:24:58,25493314,root.guard,1234567,none,lockout(3fails/300s),False,0.0,151
2026-01-01 12:24:58,25493314,net.lock,1234567,none,lockout(3fails/300s),False,0.0,151
2026-01-01 12:24:58,25493314,auth.master,1234567,none,lockout(3fails/300s),False,0.0,151
2026-01-01 12:24:58,25493314,vault_user,1234567,none,lockout(3fails/300s),False,0.0,151
2026-01-01 12:24:58,25493314,system.sec,1234567,none,lockout(3fails/300s),False,0.0,151
2026-01-01 12:24:58,25493314,secure.login,1234567,none,lockout(3fails/300s),False,0.0,151
2026-01-01 12:24:58,25493314,user1,dragon,none,lockout(3fails/300s),False,0.0,152
2026-01-01 12:24:58,25493314,admin,dragon,none,lockout(3fails/300s),False,0.0,152
2026-01-01 12:24:58,25493314,guest,dragon,none,lockout(3fails/300s),False,0.0,152
2026-01-01 12:24:58,25493314,test,dragon,none,lockout(3fails/300s),False,0.0,152
2026-01-01 12:24:58,25493314,hello,dragon,none,lockout(3fails/300s),False,0.0,152
2026-01-01 12:24:58,25493314,name,dragon,none,lockout(3fails/300s),False,0.0,152
2026-01-01 12:24:58,25493314,login,dragon,none,lockout(3fails/300s),False,0.0,152
2026-01-01 12:24:58,25493314,abc,dragon,none,lockout(3fails/300s),False,0.0,152
2026-01-01 12:24:58,25493314,demo,dragon,none,lockout(3fails/300s),False,0.0,152
2026-01-01 12:24:58,25493314,student,dragon,none,lockout(3fails/300s),False,0.0,152
2026-01-01 12:24:58,25493314,Student_user,dragon,none,lockout(3fails/300s),False,0.0,152
2026-01-01 12:24:58,25493314,user_test,dragon,none,lockout(3fails/300s),False,0.0,152
2026-01-01 12:24:59,25493314,bluecat,dragon,none,lockout(3fails/300s),False,0.0,152
2026-01-01 12:24:59,25493314,student1,dragon,none,lockout(3fails/300s),False,0.0,152
2026-01-01 12:24:59,25493314,login_user,dragon,none,lockout(3fails/300s),False,0.0,152
2026-01-01 12:24:59,25493314,pythonfan,dragon,none,lockout(3fails/300s),False,0.0,152
2026-01-01 12:24:59,25493314,techgirl,dragon,none,lockout(3fails/300s),False,0.0,152
2026-01-01 12:24:59,25493314,cloud_user,dragon,none,lockout(3fails/300s),False,0.0,152
2026-01-01 12:24:59,25493314,gamer22,dragon,none,lockout(3fails/300s),False,0.0,152
2026-01-01 12:24:59,25493314,webdev,dragon,none,lockout(3fails/300s),False,0.0,152
2026-01-01 12:24:59,25493314,sha.sec,dragon,none,lockout(3fails/300s),False,0.0,152
2026-01-01 12:24:59,25493314,secure_user,dragon,none,lockout(3fails/300s),False,0.0,152
2026-01-01 12:24:59,25493314,cyber.auth,dragon,none,lockout(3fails/300s),False,0.0,152
2026-01-01 12:24:59,25493314,dev.access,dragon,none,lockout(3fails/300s),False,0.0,152
2026-01-01 12:24:59,25493314,root.guard,dragon,none,lockout(3fails/300s),False,0.0,152
2026-01-01 12:24:59,25493314,net.lock,dragon,none,lockout(3fails/300s),False,0.0,152
2026-01-01 12:24:59,25493314,auth.master,dragon,none,lockout(3fails/300s),False,0.0,152
2026-01-01 12:24:59,25493314,vault_user,dragon,none,lockout(3fails/300s),False,0.0,152
2026-01-01 12:24:59,25493314,system.sec,dragon,none,lockout(3fails/300s),False,0.0,152
2026-01-01 12:24:59,25493314,secure.login,dragon,none,lockout(3fails/300s),False,0.0,152
2026-01-01 12:24:59,25493314,user1,123123,none,lockout(3fails/300s),False,0.0,153
2026-01-01 12:25:00,25493314,admin,123123,none,lockout(3fails/300s),False,0.0,153
2026-01-01 12:25:00,25493314,guest,123123,none,lockout(3fails/300s),False,0.0,153
2026-01-01 12:25:00,25493314,test,123123,none,lockout(3fails/300s),False,0.0,153
2026-01-01 12:25:00,25493314,hello,123123,none,lockout(3fails/300s),False,0.0,153
2026-01-01 12:25:00,25493314,name,123123,none,lockout(3fails/300s),False,0.0,153
2026-01-01 12:25:00,25493314,login,123123,none,lockout(3fails/300s),False,0.0,153
2026-01-01 12:25:00,25493314,abc,123123,none,lockout(3fails/300s),False,0.0,153
2026-01-01 12:25:00,25493314,demo,123123,none,lockout(3fails/300s),False,0.0,153
2026-01-01 12:25:00,25493314,student,123123,none,lockout(3fails/300s),False,0.0,153
2026-01-01 12:25:00,25493314,Student_user,123123,none,lockout(3fails/300s),False,0.0,153
2026-01-01 12:25:00,25493314,user_test,123123,none,lockout(3fails/300s),False,0.0,153
2026-01-01 12:25:00,25493314,bluecat,123123,none,lockout(3fails/300s),False,0.0,153
2026-01-01 12:25:00,25493314,student1,123123,none,lockout(3fails/300s),False,0.0,153
2026-01-01 12:25:00,25493314,login_user,123123,none,lockout(3fails/300s),False,0.0,153
2026-01-01 12:25:00,25493314,pythonfan,123123,none,lockout(3fails/300s),False,0.0,153
2026-01-01 12:25:00,25493314,techgirl,123123,none,lockout(3fails/300s),False,0.0,153
2026-01-01 12:25:00,25493314,cloud_user,123123,none,lockout(3fails/300s),False,0.0,153
2026-01-01 12:25:00,25493314,gamer22,123123,none,lockout(3fails/300s),False,0.0,153
2026-01-01 12:25:01,25493314,webdev,123123,none,lockout(3fails/300s),False,0.0,153
2026-01-01 12:25:01,25493314,sha.sec,123123,none,lockout(3fails/300s),False,0.0,153
2026-01-01 12:25:01,25493314,secure_user,123123,none,lockout(3fails/300s),False,0.0,153
2026-01-01 12:25:01,25493314,cyber.auth,123123,none,lockout(3fails/300s),False,0.0,153
2026-01-01 12:25:01,25493314,dev.access,123123,none,lockout(3fails/300s),False,0.0,153
2026-01-01 12:25:01,25493314,root.guard,123123,none,lockout(3fails/300s),False,0.0,153
2026-01-01 12:25:01,25493314,net.lock,123123,none,lockout(3fails/300s),False,0.0,153
2026-01-01 12:25:01,25493314,auth.master,123123,none,lockout(3fails/300s),False,0.0,153
2026-01-01 12:25:01,25493314,vault_user,123123,none,lockout(3fails/300s),False,0.0,153
2026-01-01 12:25:01,25493314,system.sec,123123,none,lockout(3fails/300s),False,0.0,153
2026-01-01 12:25:01,25493314,secure.login,123123,none,lockout(3fails/300s),False,0.0,153
2026-01-01 12:25:01,25493314,user1,baseball,none,lockout(3fails/300s),False,0.0,154
2026-01-01 12:25:01,25493314,admin,baseball,none,lockout(3fails/300s),False,0.0,154
2026-01-01 12:25:01,25493314,guest,baseball,none,lockout(3fails/300s),False,0.0,154
2026-01-01 12:25:01,25493314,test,baseball,none,lockout(3fails/300s),False,0.0,154
2026-01-01 12:25:01,25493314,hello,baseball,none,lockout(3fails/300s),False,0.0,154
2026-01-01 12:25:01,25493314,name,baseball,none,lockout(3fails/300s),False,0.0,154
2026-01-01 12:25:01,25493314,login,baseball,none,lockout(3fails/300s),False,0.0,154
2026-01-01 12:25:01,25493314,abc,baseball,none,lockout(3fails/300s),False,0.0,154
2026-01-01 12:25:02,25493314,demo,baseball,none,lockout(3fails/300s),False,0.0,154
2026-01-01 12:25:02,25493314,student,baseball,none,lockout(3fails/300s),False,0.0,154
2026-01-01 12:25:02,25493314,Student_user,baseball,none,lockout(3fails/300s),False,0.0,154
2026-01-01 12:25:02,25493314,user_test,baseball,none,lockout(3fails/300s),False,0.0,154
2026-01-01 12:25:02,25493314,bluecat,baseball,none,lockout(3fails/300s),False,0.0,154
2026-01-01 12:25:02,25493314,student1,baseball,none,lockout(3fails/300s),False,0.0,154
2026-01-01 12:25:02,25493314,login_user,baseball,none,lockout(3fails/300s),False,0.0,154
2026-01-01 12:25:02,25493314,pythonfan,baseball,none,lockout(3fails/300s),False,0.0,154
2026-01-01 12:25:02,25493314,techgirl,baseball,none,lockout(3fails/300s),False,0.0,154
2026-01-01 12:25:02,25493314,cloud_user,baseball,none,lockout(3fails/300s),False,0.0,154
2026-01-01 12:25:02,25493314,gamer22,baseball,none,lockout(3fails/300s),False,0.0,154
2026-01-01 12:25:02,25493314,webdev,baseball,none,lockout(3fails/300s),False,0.0,154
2026-01-01 12:25:02,25493314,sha.sec,baseball,none,lockout(3fails/300s),False,0.0,154
2026-01-01 12:25:02,25493314,secure_user,baseball,none,lockout(3fails/300s),False,0.0,154
2026-01-01 12:25:02,25493314,cyber.auth,baseball,none,lockout(3fails/300s),False,0.0,154
2026-01-01 12:25:02,25493314,dev.access,baseball,none,lockout(3fails/300s),False,0.0,154
2026-01-01 12:25:02,25493314,root.guard,baseball,none,lockout(3fails/300s),False,0.0,154
2026-01-01 12:25:02,25493314,net.lock,baseball,none,lockout(3fails/300s),False,0.0,154
2026-01-01 12:25:03,25493314,auth.master,baseball,none,lockout(3fails/300s),False,0.0,154
2026-01-01 12:25:03,25493314,vault_user,baseball,none,lockout(3fails/300s),False,0.0,154
2026-01-01 12:25:03,25493314,system.sec,baseball,none,lockout(3fails/300s),False,0.0,154
2026-01-01 12:25:03,25493314,secure.login,baseball,none,lockout(3fails/300s),False,0.0,154
2026-01-01 12:25:03,25493314,user1,abc123,none,lockout(3fails/300s),False,0.0,155
2026-01-01 12:25:03,25493314,admin,abc123,none,lockout(3fails/300s),False,0.0,155
2026-01-01 12:25:03,25493314,guest,abc123,none,lockout(3fails/300s),False,0.0,155
2026-01-01 12:25:03,25493314,test,abc123,none,lockout(3fails/300s),False,0.0,155
2026-01-01 12:25:03,25493314,hello,abc123,none,lockout(3fails/300s),False,0.0,155
2026-01-01 12:25:03,25493314,name,abc123,none,lockout(3fails/300s),False,0.0,155
2026-01-01 12:25:03,25493314,login,abc123,none,lockout(3fails/300s),False,0.0,155
2026-01-01 12:25:03,25493314,abc,abc123,none,lockout(3fails/300s),False,0.0,155
2026-01-01 12:25:03,25493314,demo,abc123,none,lockout(3fails/300s),False,0.0,155
2026-01-01 12:25:03,25493314,student,abc123,none,lockout(3fails/300s),False,0.0,155
2026-01-01 12:25:03,25493314,Student_user,abc123,none,lockout(3fails/300s),False,0.0,155
2026-01-01 12:25:03,25493314,user_test,abc123,none,lockout(3fails/300s),False,0.01,155
2026-01-01 12:25:03,25493314,bluecat,abc123,none,lockout(3fails/300s),False,0.0,155
2026-01-01 12:25:03,25493314,student1,abc123,none,lockout(3fails/300s),False,0.0,155
2026-01-01 12:25:04,25493314,login_user,abc123,none,lockout(3fails/300s),False,0.0,155
2026-01-01 12:25:04,25493314,pythonfan,abc123,none,lockout(3fails/300s),False,0.0,155
2026-01-01 12:25:04,25493314,techgirl,abc123,none,lockout(3fails/300s),False,0.0,155
2026-01-01 12:25:04,25493314,cloud_user,abc123,none,lockout(3fails/300s),False,0.0,155
2026-01-01 12:25:04,25493314,gamer22,abc123,none,lockout(3fails/300s),False,0.0,155
2026-01-01 12:25:04,25493314,webdev,abc123,none,lockout(3fails/300s),False,0.0,155
2026-01-01 12:25:04,25493314,sha.sec,abc123,none,lockout(3fails/300s),False,0.0,155
2026-01-01 12:25:04,25493314,secure_user,abc123,none,lockout(3fails/300s),False,0.0,155
2026-01-01 12:25:04,25493314,cyber.auth,abc123,none,lockout(3fails/300s),False,0.0,155
2026-01-01 12:25:04,25493314,dev.access,abc123,none,lockout(3fails/300s),False,0.0,155
2026-01-01 12:25:04,25493314,root.guard,abc123,none,lockout(3fails/300s),False,0.0,155
2026-01-01 12:25:04,25493314,net.lock,abc123,none,lockout(3fails/300s),False,0.0,155
2026-01-01 12:25:04,25493314,auth.master,abc123,none,lockout(3fails/300s),False,0.01,155
2026-01-01 12:25:04,25493314,vault_user,abc123,none,lockout(3fails/300s),False,0.0,155
2026-01-01 12:25:04,25493314,system.sec,abc123,none,lockout(3fails/300s),False,0.0,155
2026-01-01 12:25:04,25493314,secure.login,abc123,none,lockout(3fails/300s),False,0.0,155
2026-01-01 12:25:04,25493314,user1,football,none,lockout(3fails/300s),False,0.0,156
2026-01-01 12:25:04,25493314,admin,football,none,lockout(3fails/300s),False,0.0,156
2026-01-01 12:25:04,25493314,guest,football,none,lockout(3fails/300s),False,0.0,156
2026-01-01 12:25:05,25493314,test,football,none,lockout(3fails/300s),False,0.0,156
2026-01-01 12:25:05,25493314,hello,football,none,lockout(3fails/300s),False,0.0,156
2026-01-01 12:25:05,25493314,name,football,none,lockout(3fails/300s),False,0.0,156
2026-01-01 12:25:05,25493314,login,football,none,lockout(3fails/300s),False,0.0,156
2026-01-01 12:25:05,25493314,abc,football,none,lockout(3fails/300s),False,0.0,156
2026-01-01 12:25:05,25493314,demo,football,none,lockout(3fails/300s),False,0.0,156
2026-01-01 12:25:05,25493314,student,football,none,lockout(3fails/300s),False,0.01,156
2026-01-01 12:25:05,25493314,Student_user,football,none,lockout(3fails/300s),False,0.0,156
2026-01-01 12:25:05,25493314,user_test,football,none,lockout(3fails/300s),False,0.0,156
2026-01-01 12:25:05,25493314,bluecat,football,none,lockout(3fails/300s),False,0.0,156
2026-01-01 12:25:05,25493314,student1,football,none,lockout(3fails/300s),False,0.0,156
2026-01-01 12:25:05,25493314,login_user,football,none,lockout(3fails/300s),False,0.0,156
2026-01-01 12:25:05,25493314,pythonfan,football,none,lockout(3fails/300s),False,0.0,156
2026-01-01 12:25:05,25493314,techgirl,football,none,lockout(3fails/300s),False,0.0,156
2026-01-01 12:25:05,25493314,cloud_user,football,none,lockout(3fails/300s),False,0.0,156
2026-01-01 12:25:05,25493314,gamer22,football,none,lockout(3fails/300s),False,0.0,156
2026-01-01 12:25:05,25493314,webdev,football,none,lockout(3fails/300s),False,0.0,156
2026-01-01 12:25:05,25493314,sha.sec,football,none,lockout(3fails/300s),False,0.0,156
2026-01-01 12:25:06,25493314,secure_user,football,none,lockout(3fails/300s),False,0.0,156
2026-01-01 12:25:06,25493314,cyber.auth,football,none,lockout(3fails/300s),False,0.0,156
2026-01-01 12:25:06,25493314,dev.access,football,none,lockout(3fails/300s),False,0.0,156
2026-01-01 12:25:06,25493314,root.guard,football,none,lockout(3fails/300s),False,0.0,156
2026-01-01 12:25:06,25493314,net.lock,football,none,lockout(3fails/300s),False,0.0,156
2026-01-01 12:25:06,25493314,auth.master,football,none,lockout(3fails/300s),False,0.0,156
2026-01-01 12:25:06,25493314,vault_user,football,none,lockout(3fails/300s),False,0.0,156
2026-01-01 12:25:06,25493314,system.sec,football,none,lockout(3fails/300s),False,0.0,156
2026-01-01 12:25:06,25493314,secure.login,football,none,lockout(3fails/300s),False,0.0,156
2026-01-01 12:25:06,25493314,user1,monkey,none,lockout(3fails/300s),False,0.0,157
2026-01-01 12:25:06,25493314,admin,monkey,none,lockout(3fails/300s),False,0.0,157
2026-01-01 12:25:06,25493314,guest,monkey,none,lockout(3fails/300s),False,0.0,157
2026-01-01 12:25:06,25493314,test,monkey,none,lockout(3fails/300s),False,0.0,157
2026-01-01 12:25:06,25493314,hello,monkey,none,lockout(3fails/300s),False,0.0,157
2026-01-01 12:25:06,25493314,name,monkey,none,lockout(3fails/300s),False,0.0,157
2026-01-01 12:25:06,25493314,login,monkey,none,lockout(3fails/300s),False,0.0,157
2026-01-01 12:25:06,25493314,abc,monkey,none,lockout(3fails/300s),False,0.0,157
2026-01-01 12:25:06,25493314,demo,monkey,none,lockout(3fails/300s),False,0.0,157
2026-01-01 12:25:07,25493314,student,monkey,none,lockout(3fails/300s),False,0.0,157
2026-01-01 12:25:07,25493314,Student_user,monkey,none,lockout(3fails/300s),False,0.0,157
2026-01-01 12:25:07,25493314,user_test,monkey,none,lockout(3fails/300s),False,0.0,157
2026-01-01 12:25:07,25493314,bluecat,monkey,none,lockout(3fails/300s),False,0.0,157
2026-01-01 12:25:07,25493314,student1,monkey,none,lockout(3fails/300s),False,0.0,157
2026-01-01 12:25:07,25493314,login_user,monkey,none,lockout(3fails/300s),False,0.0,157
2026-01-01 12:25:07,25493314,pythonfan,monkey,none,lockout(3fails/300s),False,0.0,157
2026-01-01 12:25:07,25493314,techgirl,monkey,none,lockout(3fails/300s),False,0.0,157
2026-01-01 12:25:07,25493314,cloud_user,monkey,none,lockout(3fails/300s),False,0.0,157
2026-01-01 12:25:07,25493314,gamer22,monkey,none,lockout(3fails/300s),False,0.0,157
2026-01-01 12:25:07,25493314,webdev,monkey,none,lockout(3fails/300s),False,0.0,157
2026-01-01 12:25:07,25493314,sha.sec,monkey,none,lockout(3fails/300s),False,0.0,157
2026-01-01 12:25:07,25493314,secure_user,monkey,none,lockout(3fails/300s),False,0.0,157
2026-01-01 12:25:07,25493314,cyber.auth,monkey,none,lockout(3fails/300s),False,0.0,157
2026-01-01 12:25:07,25493314,dev.access,monkey,none,lockout(3fails/300s),False,0.0,157
2026-01-01 12:25:07,25493314,root.guard,monkey,none,lockout(3fails/300s),False,0.0,157
2026-01-01 12:25:07,25493314,net.lock,monkey,none,lockout(3fails/300s),False,0.0,157
2026-01-01 12:25:07,25493314,auth.master,monkey,none,lockout(3fails/300s),False,0.0,157
2026-01-01 12:25:08,25493314,vault_user,monkey,none,lockout(3fails/300s),False,0.0,157
2026-01-01 12:25:08,25493314,system.sec,monkey,none,lockout(3fails/300s),False,0.0,157
2026-01-01 12:25:08,25493314,secure.login,monkey,none,lockout(3fails/300s),False,0.0,157
2026-01-01 12:25:08,25493314,user1,letmein,none,lockout(3fails/300s),False,0.0,158
2026-01-01 12:25:08,25493314,admin,letmein,none,lockout(3fails/300s),False,0.0,158
2026-01-01 12:25:08,25493314,guest,letmein,none,lockout(3fails/300s),False,0.0,158
2026-01-01 12:25:08,25493314,test,letmein,none,lockout(3fails/300s),False,0.0,158
2026-01-01 12:25:08,25493314,hello,letmein,none,lockout(3fails/300s),False,0.01,158
2026-01-01 12:25:08,25493314,name,letmein,none,lockout(3fails/300s),False,0.0,158
2026-01-01 12:25:08,25493314,login,letmein,none,lockout(3fails/300s),False,0.0,158
2026-01-01 12:25:08,25493314,abc,letmein,none,lockout(3fails/300s),False,0.0,158
2026-01-01 12:25:08,25493314,demo,letmein,none,lockout(3fails/300s),False,0.0,158
2026-01-01 12:25:08,25493314,student,letmein,none,lockout(3fails/300s),False,0.0,158
2026-01-01 12:25:08,25493314,Student_user,letmein,none,lockout(3fails/300s),False,0.0,158
2026-01-01 12:25:08,25493314,user_test,letmein,none,lockout(3fails/300s),False,0.0,158
2026-01-01 12:25:08,25493314,bluecat,letmein,none,lockout(3fails/300s),False,0.0,158
2026-01-01 12:25:08,25493314,student1,letmein,none,lockout(3fails/300s),False,0.0,158
2026-01-01 12:25:08,25493314,login_user,letmein,none,lockout(3fails/300s),False,0.0,158
2026-01-01 12:25:09,25493314,pythonfan,letmein,none,lockout(3fails/300s),False,0.0,158
2026-01-01 12:25:09,25493314,techgirl,letmein,none,lockout(3fails/300s),False,0.0,158
2026-01-01 12:25:09,25493314,cloud_user,letmein,none,lockout(3fails/300s),False,0.0,158
2026-01-01 12:25:09,25493314,gamer22,letmein,none,lockout(3fails/300s),False,0.0,158
2026-01-01 12:25:09,25493314,webdev,letmein,none,lockout(3fails/300s),False,0.0,158
2026-01-01 12:25:09,25493314,sha.sec,letmein,none,lockout(3fails/300s),False,0.0,158
2026-01-01 12:25:09,25493314,secure_user,letmein,none,lockout(3fails/300s),False,0.0,158
2026-01-01 12:25:09,25493314,cyber.auth,letmein,none,lockout(3fails/300s),False,0.0,158
2026-01-01 12:25:09,25493314,dev.access,letmein,none,lockout(3fails/300s),False,0.0,158
2026-01-01 12:25:09,25493314,root.guard,letmein,none,lockout(3fails/300s),False,0.0,158
2026-01-01 12:25:09,25493314,net.lock,letmein,none,lockout(3fails/300s),False,0.0,158
2026-01-01 12:25:09,25493314,auth.master,letmein,none,lockout(3fails/300s),False,0.0,158
2026-01-01 12:25:09,25493314,vault_user,letmein,none,lockout(3fails/300s),False,0.0,158
2026-01-01 12:25:09,25493314,system.sec,letmein,none,lockout(3fails/300s),False,0.0,158
2026-01-01 12:25:09,25493314,secure.login,letmein,none,lockout(3fails/300s),False,0.0,158
2026-01-01 12:25:09,25493314,user1,shadow,none,lockout(3fails/300s),False,0.0,159
2026-01-01 12:25:09,25493314,admin,shadow,none,lockout(3fails/300s),False,0.0,159
2026-01-01 12:25:09,25493314,guest,shadow,none,lockout(3fails/300s),False,0.0,159
2026-01-01 12:25:10,25493314,test,shadow,none,lockout(3fails/300s),False,0.0,159
2026-01-01 12:25:10,25493314,hello,shadow,none,lockout(3fails/300s),False,0.0,159
2026-01-01 12:25:10,25493314,name,shadow,none,lockout(3fails/300s),False,0.0,159
2026-01-01 12:25:10,25493314,login,shadow,none,lockout(3fails/300s),False,0.0,159
2026-01-01 12:25:10,25493314,abc,shadow,none,lockout(3fails/300s),False,0.0,159
2026-01-01 12:25:10,25493314,demo,shadow,none,lockout(3fails/300s),False,0.0,159
2026-01-01 12:25:10,25493314,student,shadow,none,lockout(3fails/300s),False,0.0,159
2026-01-01 12:25:10,25493314,Student_user,shadow,none,lockout(3fails/300s),False,0.0,159
2026-01-01 12:25:10,25493314,user_test,shadow,none,lockout(3fails/300s),False,0.0,159
2026-01-01 12:25:10,25493314,bluecat,shadow,none,lockout(3fails/300s),False,0.0,159
2026-01-01 12:25:10,25493314,student1,shadow,none,lockout(3fails/300s),False,0.0,159
2026-01-01 12:25:10,25493314,login_user,shadow,none,lockout(3fails/300s),False,0.0,159
2026-01-01 12:25:10,25493314,pythonfan,shadow,none,lockout(3fails/300s),False,0.0,159
2026-01-01 12:25:10,25493314,techgirl,shadow,none,lockout(3fails/300s),False,0.0,159
2026-01-01 12:25:10,25493314,cloud_user,shadow,none,lockout(3fails/300s),False,0.0,159
2026-01-01 12:25:10,25493314,gamer22,shadow,none,lockout(3fails/300s),False,0.0,159
2026-01-01 12:25:10,25493314,webdev,shadow,none,lockout(3fails/300s),False,0.0,159
2026-01-01 12:25:10,25493314,sha.sec,shadow,none,lockout(3fails/300s),False,0.0,159
2026-01-01 12:25:11,25493314,secure_user,shadow,none,lockout(3fails/300s),False,0.0,159
2026-01-01 12:25:11,25493314,cyber.auth,shadow,none,lockout(3fails/300s),False,0.0,159
2026-01-01 12:25:11,25493314,dev.access,shadow,none,lockout(3fails/300s),False,0.0,159
2026-01-01 12:25:11,25493314,root.guard,shadow,none,lockout(3fails/300s),False,0.01,159
2026-01-01 12:25:11,25493314,net.lock,shadow,none,lockout(3fails/300s),False,0.0,159
2026-01-01 12:25:11,25493314,auth.master,shadow,none,lockout(3fails/300s),False,0.0,159
2026-01-01 12:25:11,25493314,vault_user,shadow,none,lockout(3fails/300s),False,0.0,159
2026-01-01 12:25:11,25493314,system.sec,shadow,none,lockout(3fails/300s),False,0.0,159
2026-01-01 12:25:11,25493314,secure.login,shadow,none,lockout(3fails/300s),False,0.0,159
2026-01-01 12:25:11,25493314,user1,master,none,lockout(3fails/300s),False,0.0,160
2026-01-01 12:25:11,25493314,admin,master,none,lockout(3fails/300s),False,0.0,160
2026-01-01 12:25:11,25493314,guest,master,none,lockout(3fails/300s),False,0.0,160
2026-01-01 12:25:11,25493314,test,master,none,lockout(3fails/300s),False,0.0,160
2026-01-01 12:25:11,25493314,hello,master,none,lockout(3fails/300s),False,0.0,160
2026-01-01 12:25:11,25493314,name,master,none,lockout(3fails/300s),False,0.0,160
2026-01-01 12:25:11,25493314,login,master,none,lockout(3fails/300s),False,0.0,160
2026-01-01 12:25:11,25493314,abc,master,none,lockout(3fails/300s),False,0.0,160
2026-01-01 12:25:11,25493314,demo,master,none,lockout(3fails/300s),False,0.0,160
2026-01-01 12:25:12,25493314,student,master,none,lockout(3fails/300s),False,0.0,160
2026-01-01 12:25:12,25493314,Student_user,master,none,lockout(3fails/300s),False,0.0,160
2026-01-01 12:25:12,25493314,user_test,master,none,lockout(3fails/300s),False,0.0,160
2026-01-01 12:25:12,25493314,bluecat,master,none,lockout(3fails/300s),False,0.0,160
2026-01-01 12:25:12,25493314,student1,master,none,lockout(3fails/300s),False,0.0,160
2026-01-01 12:25:12,25493314,login_user,master,none,lockout(3fails/300s),False,0.0,160
2026-01-01 12:25:12,25493314,pythonfan,master,none,lockout(3fails/300s),False,0.0,160
2026-01-01 12:25:12,25493314,techgirl,master,none,lockout(3fails/300s),False,0.0,160
2026-01-01 12:25:12,25493314,cloud_user,master,none,lockout(3fails/300s),False,0.0,160
2026-01-01 12:25:12,25493314,gamer22,master,none,lockout(3fails/300s),False,0.0,160
2026-01-01 12:25:12,25493314,webdev,master,none,lockout(3fails/300s),False,0.0,160
2026-01-01 12:25:12,25493314,sha.sec,master,none,lockout(3fails/300s),False,0.0,160
2026-01-01 12:25:12,25493314,secure_user,master,none,lockout(3fails/300s),False,0.0,160
2026-01-01 12:25:12,25493314,cyber.auth,master,none,lockout(3fails/300s),False,0.0,160
2026-01-01 12:25:12,25493314,dev.access,master,none,lockout(3fails/300s),False,0.0,160
2026-01-01 12:25:12,25493314,root.guard,master,none,lockout(3fails/300s),False,0.0,160
2026-01-01 12:25:12,25493314,net.lock,master,none,lockout(3fails/300s),False,0.0,160
2026-01-01 12:25:12,25493314,auth.master,master,none,lockout(3fails/300s),False,0.0,160
2026-01-01 12:25:13,25493314,vault_user,master,none,lockout(3fails/300s),False,0.0,160
2026-01-01 12:25:13,25493314,system.sec,master,none,lockout(3fails/300s),False,0.0,160
2026-01-01 12:25:13,25493314,secure.login,master,none,lockout(3fails/300s),False,0.0,160
2026-01-01 12:25:13,25493314,user1,666666,none,lockout(3fails/300s),False,0.0,161
2026-01-01 12:25:13,25493314,admin,666666,none,lockout(3fails/300s),False,0.0,161
2026-01-01 12:25:13,25493314,guest,666666,none,lockout(3fails/300s),False,0.0,161
2026-01-01 12:25:13,25493314,test,666666,none,lockout(3fails/300s),False,0.0,161
2026-01-01 12:25:13,25493314,hello,666666,none,lockout(3fails/300s),False,0.0,161
2026-01-01 12:25:13,25493314,name,666666,none,lockout(3fails/300s),False,0.0,161
2026-01-01 12:25:13,25493314,login,666666,none,lockout(3fails/300s),False,0.0,161
2026-01-01 12:25:13,25493314,abc,666666,none,lockout(3fails/300s),False,0.0,161
2026-01-01 12:25:13,25493314,demo,666666,none,lockout(3fails/300s),False,0.0,161
2026-01-01 12:25:13,25493314,student,666666,none,lockout(3fails/300s),False,0.0,161
2026-01-01 12:25:13,25493314,Student_user,666666,none,lockout(3fails/300s),False,0.0,161
2026-01-01 12:25:13,25493314,user_test,666666,none,lockout(3fails/300s),False,0.0,161
2026-01-01 12:25:13,25493314,bluecat,666666,none,lockout(3fails/300s),False,0.0,161
2026-01-01 12:25:13,25493314,student1,666666,none,lockout(3fails/300s),False,0.0,161
2026-01-01 12:25:13,25493314,login_user,666666,none,lockout(3fails/300s),False,0.0,161
2026-01-01 12:25:14,25493314,pythonfan,666666,none,lockout(3fails/300s),False,0.0,161
2026-01-01 12:25:14,25493314,techgirl,666666,none,lockout(3fails/300s),False,0.0,161
2026-01-01 12:25:14,25493314,cloud_user,666666,none,lockout(3fails/300s),False,0.0,161
2026-01-01 12:25:14,25493314,gamer22,666666,none,lockout(3fails/300s),False,0.0,161
2026-01-01 12:25:14,25493314,webdev,666666,none,lockout(3fails/300s),False,0.0,161
2026-01-01 12:25:14,25493314,sha.sec,666666,none,lockout(3fails/300s),False,0.0,161
2026-01-01 12:25:14,25493314,secure_user,666666,none,lockout(3fails/300s),False,0.0,161
2026-01-01 12:25:14,25493314,cyber.auth,666666,none,lockout(3fails/300s),False,0.0,161
2026-01-01 12:25:14,25493314,dev.access,666666,none,lockout(3fails/300s),False,0.0,161
2026-01-01 12:25:14,25493314,root.guard,666666,none,lockout(3fails/300s),False,0.0,161
2026-01-01 12:25:14,25493314,net.lock,666666,none,lockout(3fails/300s),False,0.0,161
2026-01-01 12:25:14,25493314,auth.master,666666,none,lockout(3fails/300s),False,0.0,161
2026-01-01 12:25:14,25493314,vault_user,666666,none,lockout(3fails/300s),False,0.0,161
2026-01-01 12:25:14,25493314,system.sec,666666,none,lockout(3fails/300s),False,0.0,161
2026-01-01 12:25:14,25493314,secure.login,666666,none,lockout(3fails/300s),False,0.0,161
2026-01-01 12:25:14,25493314,user1,qwertyuiop,none,lockout(3fails/300s),False,0.0,162
2026-01-01 12:25:14,25493314,admin,qwertyuiop,none,lockout(3fails/300s),False,0.0,162
2026-01-01 12:25:14,25493314,guest,qwertyuiop,none,lockout(3fails/300s),False,0.0,162
2026-01-01 12:25:15,25493314,test,qwertyuiop,none,lockout(3fails/300s),False,0.0,162
2026-01-01 12:25:15,25493314,hello,qwertyuiop,none,lockout(3fails/300s),False,0.0,162
2026-01-01 12:25:15,25493314,name,qwertyuiop,none,lockout(3fails/300s),False,0.0,162
2026-01-01 12:25:15,25493314,login,qwertyuiop,none,lockout(3fails/300s),False,0.0,162
2026-01-01 12:25:15,25493314,abc,qwertyuiop,none,lockout(3fails/300s),False,0.0,162
2026-01-01 12:25:15,25493314,demo,qwertyuiop,none,lockout(3fails/300s),False,0.0,162
2026-01-01 12:25:15,25493314,student,qwertyuiop,none,lockout(3fails/300s),False,0.0,162
2026-01-01 12:25:15,25493314,Student_user,qwertyuiop,none,lockout(3fails/300s),False,0.0,162
2026-01-01 12:25:15,25493314,user_test,qwertyuiop,none,lockout(3fails/300s),False,0.0,162
2026-01-01 12:25:15,25493314,bluecat,qwertyuiop,none,lockout(3fails/300s),False,0.0,162
2026-01-01 12:25:15,25493314,student1,qwertyuiop,none,lockout(3fails/300s),False,0.01,162
2026-01-01 12:25:15,25493314,login_user,qwertyuiop,none,lockout(3fails/300s),False,0.0,162
2026-01-01 12:25:15,25493314,pythonfan,qwertyuiop,none,lockout(3fails/300s),False,0.0,162
2026-01-01 12:25:15,25493314,techgirl,qwertyuiop,none,lockout(3fails/300s),False,0.0,162
2026-01-01 12:25:15,25493314,cloud_user,qwertyuiop,none,lockout(3fails/300s),False,0.0,162
2026-01-01 12:25:15,25493314,gamer22,qwertyuiop,none,lockout(3fails/300s),False,0.0,162
2026-01-01 12:25:15,25493314,webdev,qwertyuiop,none,lockout(3fails/300s),False,0.0,162
2026-01-01 12:25:15,25493314,sha.sec,qwertyuiop,none,lockout(3fails/300s),False,0.0,162
2026-01-01 12:25:16,25493314,secure_user,qwertyuiop,none,lockout(3fails/300s),False,0.0,162
2026-01-01 12:25:16,25493314,cyber.auth,qwertyuiop,none,lockout(3fails/300s),False,0.0,162
2026-01-01 12:25:16,25493314,dev.access,qwertyuiop,none,lockout(3fails/300s),False,0.0,162
2026-01-01 12:25:16,25493314,root.guard,qwertyuiop,none,lockout(3fails/300s),False,0.0,162
2026-01-01 12:25:16,25493314,net.lock,qwertyuiop,none,lockout(3fails/300s),False,0.0,162
2026-01-01 12:25:16,25493314,auth.master,qwertyuiop,none,lockout(3fails/300s),False,0.0,162
2026-01-01 12:25:16,25493314,vault_user,qwertyuiop,none,lockout(3fails/300s),False,0.0,162
2026-01-01 12:25:16,25493314,system.sec,qwertyuiop,none,lockout(3fails/300s),False,0.0,162
2026-01-01 12:25:16,25493314,secure.login,qwertyuiop,none,lockout(3fails/300s),False,0.0,162
2026-01-01 12:25:16,25493314,user1,123321,none,lockout(3fails/300s),False,0.0,163
2026-01-01 12:25:16,25493314,admin,123321,none,lockout(3fails/300s),False,0.0,163
2026-01-01 12:25:16,25493314,guest,123321,none,lockout(3fails/300s),False,0.0,163
2026-01-01 12:25:16,25493314,test,123321,none,lockout(3fails/300s),False,0.0,163
2026-01-01 12:25:16,25493314,hello,123321,none,lockout(3fails/300s),False,0.0,163
2026-01-01 12:25:16,25493314,name,123321,none,lockout(3fails/300s),False,0.0,163
2026-01-01 12:25:16,25493314,login,123321,none,lockout(3fails/300s),False,0.0,163
2026-01-01 12:25:16,25493314,abc,123321,none,lockout(3fails/300s),False,0.0,163
2026-01-01 12:25:16,25493314,demo,123321,none,lockout(3fails/300s),False,0.01,163
2026-01-01 12:25:17,25493314,student,123321,none,lockout(3fails/300s),False,0.0,163
2026-01-01 12:25:17,25493314,Student_user,123321,none,lockout(3fails/300s),False,0.0,163
2026-01-01 12:25:17,25493314,user_test,123321,none,lockout(3fails/300s),False,0.0,163
2026-01-01 12:25:17,25493314,bluecat,123321,none,lockout(3fails/300s),False,0.0,163
2026-01-01 12:25:17,25493314,student1,123321,none,lockout(3fails/300s),False,0.0,163
2026-01-01 12:25:17,25493314,login_user,123321,none,lockout(3fails/300s),False,0.0,163
2026-01-01 12:25:17,25493314,pythonfan,123321,none,lockout(3fails/300s),False,0.0,163
2026-01-01 12:25:17,25493314,techgirl,123321,none,lockout(3fails/300s),False,0.0,163
2026-01-01 12:25:17,25493314,cloud_user,123321,none,lockout(3fails/300s),False,0.0,163
2026-01-01 12:25:17,25493314,gamer22,123321,none,lockout(3fails/300s),False,0.0,163
2026-01-01 12:25:17,25493314,webdev,123321,none,lockout(3fails/300s),False,0.0,163
2026-01-01 12:25:17,25493314,sha.sec,123321,none,lockout(3fails/300s),False,0.0,163
2026-01-01 12:25:17,25493314,secure_user,123321,none,lockout(3fails/300s),False,0.0,163
2026-01-01 12:25:17,25493314,cyber.auth,123321,none,lockout(3fails/300s),False,0.0,163
2026-01-01 12:25:17,25493314,dev.access,123321,none,lockout(3fails/300s),False,0.0,163
2026-01-01 12:25:17,25493314,root.guard,123321,none,lockout(3fails/300s),False,0.0,163
2026-01-01 12:25:17,25493314,net.lock,123321,none,lockout(3fails/300s),False,0.0,163
2026-01-01 12:25:17,25493314,auth.master,123321,none,lockout(3fails/300s),False,0.0,163
2026-01-01 12:25:18,25493314,vault_user,123321,none,lockout(3fails/300s),False,0.0,163
2026-01-01 12:25:18,25493314,system.sec,123321,none,lockout(3fails/300s),False,0.0,163
2026-01-01 12:25:18,25493314,secure.login,123321,none,lockout(3fails/300s),False,0.0,163
2026-01-01 12:25:18,25493314,user1,mustang,none,lockout(3fails/300s),False,0.0,164
2026-01-01 12:25:18,25493314,admin,mustang,none,lockout(3fails/300s),False,0.0,164
2026-01-01 12:25:18,25493314,guest,mustang,none,lockout(3fails/300s),False,0.0,164
2026-01-01 12:25:18,25493314,test,mustang,none,lockout(3fails/300s),False,0.0,164
2026-01-01 12:25:18,25493314,hello,mustang,none,lockout(3fails/300s),False,0.0,164
2026-01-01 12:25:18,25493314,name,mustang,none,lockout(3fails/300s),False,0.0,164
2026-01-01 12:25:18,25493314,login,mustang,none,lockout(3fails/300s),False,0.0,164
2026-01-01 12:25:18,25493314,abc,mustang,none,lockout(3fails/300s),False,0.0,164
2026-01-01 12:25:18,25493314,demo,mustang,none,lockout(3fails/300s),False,0.0,164
2026-01-01 12:25:18,25493314,student,mustang,none,lockout(3fails/300s),False,0.0,164
2026-01-01 12:25:18,25493314,Student_user,mustang,none,lockout(3fails/300s),False,0.0,164
2026-01-01 12:25:18,25493314,user_test,mustang,none,lockout(3fails/300s),False,0.0,164
2026-01-01 12:25:18,25493314,bluecat,mustang,none,lockout(3fails/300s),False,0.0,164
2026-01-01 12:25:18,25493314,student1,mustang,none,lockout(3fails/300s),False,0.0,164
2026-01-01 12:25:18,25493314,login_user,mustang,none,lockout(3fails/300s),False,0.0,164
2026-01-01 12:25:19,25493314,pythonfan,mustang,none,lockout(3fails/300s),False,0.0,164
2026-01-01 12:25:19,25493314,techgirl,mustang,none,lockout(3fails/300s),False,0.0,164
2026-01-01 12:25:19,25493314,cloud_user,mustang,none,lockout(3fails/300s),False,0.0,164
2026-01-01 12:25:19,25493314,gamer22,mustang,none,lockout(3fails/300s),False,0.0,164
2026-01-01 12:25:19,25493314,webdev,mustang,none,lockout(3fails/300s),False,0.0,164
2026-01-01 12:25:19,25493314,sha.sec,mustang,none,lockout(3fails/300s),False,0.0,164
2026-01-01 12:25:19,25493314,secure_user,mustang,none,lockout(3fails/300s),False,0.0,164
2026-01-01 12:25:19,25493314,cyber.auth,mustang,none,lockout(3fails/300s),False,0.0,164
2026-01-01 12:25:19,25493314,dev.access,mustang,none,lockout(3fails/300s),False,0.0,164
2026-01-01 12:25:19,25493314,root.guard,mustang,none,lockout(3fails/300s),False,0.0,164
2026-01-01 12:25:19,25493314,net.lock,mustang,none,lockout(3fails/300s),False,0.0,164
2026-01-01 12:25:19,25493314,auth.master,mustang,none,lockout(3fails/300s),False,0.0,164
2026-01-01 12:25:19,25493314,vault_user,mustang,none,lockout(3fails/300s),False,0.0,164
2026-01-01 12:25:19,25493314,system.sec,mustang,none,lockout(3fails/300s),False,0.0,164
2026-01-01 12:25:19,25493314,secure.login,mustang,none,lockout(3fails/300s),False,0.0,164
2026-01-01 12:25:19,25493314,user1,121212,none,lockout(3fails/300s),False,0.0,165
2026-01-01 12:25:19,25493314,admin,121212,none,lockout(3fails/300s),False,0.0,165
2026-01-01 12:25:20,25493314,guest,121212,none,lockout(3fails/300s),False,0.0,165
2026-01-01 12:25:20,25493314,test,121212,none,lockout(3fails/300s),False,0.0,165
2026-01-01 12:25:20,25493314,hello,121212,none,lockout(3fails/300s),False,0.0,165
2026-01-01 12:25:20,25493314,name,121212,none,lockout(3fails/300s),False,0.0,165
2026-01-01 12:25:20,25493314,login,121212,none,lockout(3fails/300s),False,0.0,165
2026-01-01 12:25:20,25493314,abc,121212,none,lockout(3fails/300s),False,0.0,165
2026-01-01 12:25:20,25493314,demo,121212,none,lockout(3fails/300s),False,0.0,165
2026-01-01 12:25:20,25493314,student,121212,none,lockout(3fails/300s),False,0.0,165
2026-01-01 12:25:20,25493314,Student_user,121212,none,lockout(3fails/300s),False,0.0,165
2026-01-01 12:25:20,25493314,user_test,121212,none,lockout(3fails/300s),False,0.0,165
2026-01-01 12:25:20,25493314,bluecat,121212,none,lockout(3fails/300s),False,0.0,165
2026-01-01 12:25:20,25493314,student1,121212,none,lockout(3fails/300s),False,0.0,165
2026-01-01 12:25:20,25493314,login_user,121212,none,lockout(3fails/300s),False,0.0,165
2026-01-01 12:25:20,25493314,pythonfan,121212,none,lockout(3fails/300s),False,0.0,165
2026-01-01 12:25:20,25493314,techgirl,121212,none,lockout(3fails/300s),False,0.0,165
2026-01-01 12:25:20,25493314,cloud_user,121212,none,lockout(3fails/300s),False,0.0,165
2026-01-01 12:25:20,25493314,gamer22,121212,none,lockout(3fails/300s),False,0.0,165
2026-01-01 12:25:20,25493314,webdev,121212,none,lockout(3fails/300s),False,0.0,165
2026-01-01 12:25:21,25493314,sha.sec,121212,none,lockout(3fails/300s),False,0.0,165
2026-01-01 12:25:21,25493314,secure_user,121212,none,lockout(3fails/300s),False,0.0,165
2026-01-01 12:25:21,25493314,cyber.auth,121212,none,lockout(3fails/300s),False,0.0,165
2026-01-01 12:25:21,25493314,dev.access,121212,none,lockout(3fails/300s),False,0.0,165
2026-01-01 12:25:21,25493314,root.guard,121212,none,lockout(3fails/300s),False,0.0,165
2026-01-01 12:25:21,25493314,net.lock,121212,none,lockout(3fails/300s),False,0.0,165
2026-01-01 12:25:21,25493314,auth.master,121212,none,lockout(3fails/300s),False,0.0,165
2026-01-01 12:25:21,25493314,vault_user,121212,none,lockout(3fails/300s),False,0.0,165
2026-01-01 12:25:21,25493314,system.sec,121212,none,lockout(3fails/300s),False,0.0,165
2026-01-01 12:25:21,25493314,secure.login,121212,none,lockout(3fails/300s),False,0.0,165
2026-01-01 12:25:21,25493314,user1,000000,none,lockout(3fails/300s),False,0.0,166
2026-01-01 12:25:21,25493314,admin,000000,none,lockout(3fails/300s),False,0.0,166
2026-01-01 12:25:21,25493314,guest,000000,none,lockout(3fails/300s),False,0.0,166
2026-01-01 12:25:21,25493314,test,000000,none,lockout(3fails/300s),False,0.0,166
2026-01-01 12:25:21,25493314,hello,000000,none,lockout(3fails/300s),False,0.0,166
2026-01-01 12:25:21,25493314,name,000000,none,lockout(3fails/300s),False,0.0,166
2026-01-01 12:25:21,25493314,login,000000,none,lockout(3fails/300s),False,0.0,166
2026-01-01 12:25:21,25493314,abc,000000,none,lockout(3fails/300s),False,0.0,166
2026-01-01 12:25:22,25493314,demo,000000,none,lockout(3fails/300s),False,0.0,166
2026-01-01 12:25:22,25493314,student,000000,none,lockout(3fails/300s),False,0.0,166
2026-01-01 12:25:22,25493314,Student_user,000000,none,lockout(3fails/300s),False,0.0,166
2026-01-01 12:25:22,25493314,user_test,000000,none,lockout(3fails/300s),False,0.0,166
2026-01-01 12:25:22,25493314,bluecat,000000,none,lockout(3fails/300s),False,0.0,166
2026-01-01 12:25:22,25493314,student1,000000,none,lockout(3fails/300s),False,0.0,166
2026-01-01 12:25:22,25493314,login_user,000000,none,lockout(3fails/300s),False,0.0,166
2026-01-01 12:25:22,25493314,pythonfan,000000,none,lockout(3fails/300s),False,0.0,166
2026-01-01 12:25:22,25493314,techgirl,000000,none,lockout(3fails/300s),False,0.0,166
2026-01-01 12:25:22,25493314,cloud_user,000000,none,lockout(3fails/300s),False,0.0,166
2026-01-01 12:25:22,25493314,gamer22,000000,none,lockout(3fails/300s),False,0.0,166
2026-01-01 12:25:22,25493314,webdev,000000,none,lockout(3fails/300s),False,0.0,166
2026-01-01 12:25:22,25493314,sha.sec,000000,none,lockout(3fails/300s),False,0.0,166
2026-01-01 12:25:22,25493314,secure_user,000000,none,lockout(3fails/300s),False,0.0,166
2026-01-01 12:25:22,25493314,cyber.auth,000000,none,lockout(3fails/300s),False,0.0,166
2026-01-01 12:25:22,25493314,dev.access,000000,none,lockout(3fails/300s),False,0.0,166
2026-01-01 12:25:22,25493314,root.guard,000000,none,lockout(3fails/300s),False,0.0,166
2026-01-01 12:25:23,25493314,net.lock,000000,none,lockout(3fails/300s),False,0.0,166
2026-01-01 12:25:23,25493314,auth.master,000000,none,lockout(3fails/300s),False,0.0,166
2026-01-01 12:25:23,25493314,vault_user,000000,none,lockout(3fails/300s),False,0.0,166
2026-01-01 12:25:23,25493314,system.sec,000000,none,lockout(3fails/300s),False,0.0,166
2026-01-01 12:25:23,25493314,secure.login,000000,none,lockout(3fails/300s),False,0.0,166
2026-01-01 12:25:23,25493314,user1,password1,none,lockout(3fails/300s),False,0.0,167
2026-01-01 12:25:23,25493314,admin,password1,none,lockout(3fails/300s),False,0.0,167
2026-01-01 12:25:23,25493314,guest,password1,none,lockout(3fails/300s),False,0.0,167
2026-01-01 12:25:23,25493314,test,password1,none,lockout(3fails/300s),False,0.0,167
2026-01-01 12:25:23,25493314,hello,password1,none,lockout(3fails/300s),False,0.0,167
2026-01-01 12:25:23,25493314,name,password1,none,lockout(3fails/300s),False,0.0,167
2026-01-01 12:25:23,25493314,login,password1,none,lockout(3fails/300s),False,0.0,167
2026-01-01 12:25:23,25493314,abc,password1,none,lockout(3fails/300s),False,0.0,167
2026-01-01 12:25:23,25493314,demo,password1,none,lockout(3fails/300s),False,0.0,167
2026-01-01 12:25:23,25493314,student,password1,none,lockout(3fails/300s),False,0.0,167
2026-01-01 12:25:23,25493314,Student_user,password1,none,lockout(3fails/300s),False,0.0,167
2026-01-01 12:25:23,25493314,user_test,password1,none,lockout(3fails/300s),False,0.0,167
2026-01-01 12:25:24,25493314,bluecat,password1,none,lockout(3fails/300s),False,0.0,167
2026-01-01 12:25:24,25493314,student1,password1,none,lockout(3fails/300s),False,0.0,167
2026-01-01 12:25:24,25493314,login_user,password1,none,lockout(3fails/300s),False,0.0,167
2026-01-01 12:25:24,25493314,pythonfan,password1,none,lockout(3fails/300s),False,0.0,167
2026-01-01 12:25:24,25493314,techgirl,password1,none,lockout(3fails/300s),False,0.0,167
2026-01-01 12:25:24,25493314,cloud_user,password1,none,lockout(3fails/300s),False,0.0,167
2026-01-01 12:25:24,25493314,gamer22,password1,none,lockout(3fails/300s),False,0.0,167
2026-01-01 12:25:24,25493314,webdev,password1,none,lockout(3fails/300s),False,0.0,167
2026-01-01 12:25:24,25493314,sha.sec,password1,none,lockout(3fails/300s),False,0.0,167
2026-01-01 12:25:24,25493314,secure_user,password1,none,lockout(3fails/300s),False,0.0,167
2026-01-01 12:25:24,25493314,cyber.auth,password1,none,lockout(3fails/300s),False,0.0,167
2026-01-01 12:25:24,25493314,dev.access,password1,none,lockout(3fails/300s),False,0.0,167
2026-01-01 12:25:24,25493314,root.guard,password1,none,lockout(3fails/300s),False,0.0,167
2026-01-01 12:25:24,25493314,net.lock,password1,none,lockout(3fails/300s),False,0.0,167
2026-01-01 12:25:24,25493314,auth.master,password1,none,lockout(3fails/300s),False,0.01,167
2026-01-01 12:25:24,25493314,vault_user,password1,none,lockout(3fails/300s),False,0.0,167
2026-01-01 12:25:24,25493314,system.sec,password1,none,lockout(3fails/300s),False,0.0,167
2026-01-01 12:25:24,25493314,secure.login,password1,none,lockout(3fails/300s),False,0.0,167
2026-01-01 12:25:25,25493314,user1,admin,none,lockout(3fails/300s),False,0.0,168
2026-01-01 12:25:25,25493314,admin,admin,none,lockout(3fails/300s),False,0.0,168
2026-01-01 12:25:25,25493314,guest,admin,none,lockout(3fails/300s),False,0.0,168
2026-01-01 12:25:25,25493314,test,admin,none,lockout(3fails/300s),False,0.0,168
2026-01-01 12:25:25,25493314,hello,admin,none,lockout(3fails/300s),False,0.0,168
2026-01-01 12:25:25,25493314,name,admin,none,lockout(3fails/300s),False,0.0,168
2026-01-01 12:25:25,25493314,login,admin,none,lockout(3fails/300s),False,0.0,168
2026-01-01 12:25:25,25493314,abc,admin,none,lockout(3fails/300s),False,0.0,168
2026-01-01 12:25:25,25493314,demo,admin,none,lockout(3fails/300s),False,0.0,168
2026-01-01 12:25:25,25493314,student,admin,none,lockout(3fails/300s),False,0.0,168
2026-01-01 12:25:25,25493314,Student_user,admin,none,lockout(3fails/300s),False,0.0,168
2026-01-01 12:25:25,25493314,user_test,admin,none,lockout(3fails/300s),False,0.0,168
2026-01-01 12:25:25,25493314,bluecat,admin,none,lockout(3fails/300s),False,0.0,168
2026-01-01 12:25:25,25493314,student1,admin,none,lockout(3fails/300s),False,0.0,168
2026-01-01 12:25:25,25493314,login_user,admin,none,lockout(3fails/300s),False,0.0,168
2026-01-01 12:25:25,25493314,pythonfan,admin,none,lockout(3fails/300s),False,0.0,168
2026-01-01 12:25:25,25493314,techgirl,admin,none,lockout(3fails/300s),False,0.0,168
2026-01-01 12:25:26,25493314,cloud_user,admin,none,lockout(3fails/300s),False,0.0,168
2026-01-01 12:25:26,25493314,gamer22,admin,none,lockout(3fails/300s),False,0.0,168
2026-01-01 12:25:26,25493314,webdev,admin,none,lockout(3fails/300s),False,0.0,168
2026-01-01 12:25:26,25493314,sha.sec,admin,none,lockout(3fails/300s),False,0.0,168
2026-01-01 12:25:26,25493314,secure_user,admin,none,lockout(3fails/300s),False,0.0,168
2026-01-01 12:25:26,25493314,cyber.auth,admin,none,lockout(3fails/300s),False,0.0,168
2026-01-01 12:25:26,25493314,dev.access,admin,none,lockout(3fails/300s),False,0.0,168
2026-01-01 12:25:26,25493314,root.guard,admin,none,lockout(3fails/300s),False,0.0,168
2026-01-01 12:25:26,25493314,net.lock,admin,none,lockout(3fails/300s),False,0.0,168
2026-01-01 12:25:26,25493314,auth.master,admin,none,lockout(3fails/300s),False,0.0,168
2026-01-01 12:25:26,25493314,vault_user,admin,none,lockout(3fails/300s),False,0.0,168
2026-01-01 12:25:26,25493314,system.sec,admin,none,lockout(3fails/300s),False,0.0,168
2026-01-01 12:25:26,25493314,secure.login,admin,none,lockout(3fails/300s),False,0.0,168
2026-01-01 12:25:26,25493314,user1,admin123,none,lockout(3fails/300s),False,0.0,169
2026-01-01 12:25:26,25493314,admin,admin123,none,lockout(3fails/300s),False,0.0,169
2026-01-01 12:25:26,25493314,guest,admin123,none,lockout(3fails/300s),False,0.0,169
2026-01-01 12:25:26,25493314,test,admin123,none,lockout(3fails/300s),False,0.0,169
2026-01-01 12:25:27,25493314,hello,admin123,none,lockout(3fails/300s),False,0.0,169
2026-01-01 12:25:27,25493314,name,admin123,none,lockout(3fails/300s),False,0.0,169
2026-01-01 12:25:27,25493314,login,admin123,none,lockout(3fails/300s),False,0.0,169
2026-01-01 12:25:27,25493314,abc,admin123,none,lockout(3fails/300s),False,0.0,169
2026-01-01 12:25:27,25493314,demo,admin123,none,lockout(3fails/300s),False,0.0,169
2026-01-01 12:25:27,25493314,student,admin123,none,lockout(3fails/300s),False,0.0,169
2026-01-01 12:25:27,25493314,Student_user,admin123,none,lockout(3fails/300s),False,0.0,169
2026-01-01 12:25:27,25493314,user_test,admin123,none,lockout(3fails/300s),False,0.0,169
2026-01-01 12:25:27,25493314,bluecat,admin123,none,lockout(3fails/300s),False,0.0,169
2026-01-01 12:25:27,25493314,student1,admin123,none,lockout(3fails/300s),False,0.0,169
2026-01-01 12:25:27,25493314,login_user,admin123,none,lockout(3fails/300s),False,0.0,169
2026-01-01 12:25:27,25493314,pythonfan,admin123,none,lockout(3fails/300s),False,0.0,169
2026-01-01 12:25:27,25493314,techgirl,admin123,none,lockout(3fails/300s),False,0.0,169
2026-01-01 12:25:27,25493314,cloud_user,admin123,none,lockout(3fails/300s),False,0.0,169
2026-01-01 12:25:27,25493314,gamer22,admin123,none,lockout(3fails/300s),False,0.0,169
2026-01-01 12:25:27,25493314,webdev,admin123,none,lockout(3fails/300s),False,0.0,169
2026-01-01 12:25:27,25493314,sha.sec,admin123,none,lockout(3fails/300s),False,0.0,169
2026-01-01 12:25:28,25493314,secure_user,admin123,none,lockout(3fails/300s),False,0.0,169
2026-01-01 12:25:28,25493314,cyber.auth,admin123,none,lockout(3fails/300s),False,0.0,169
2026-01-01 12:25:28,25493314,dev.access,admin123,none,lockout(3fails/300s),False,0.0,169
2026-01-01 12:25:28,25493314,root.guard,admin123,none,lockout(3fails/300s),False,0.0,169
2026-01-01 12:25:28,25493314,net.lock,admin123,none,lockout(3fails/300s),False,0.0,169
2026-01-01 12:25:28,25493314,auth.master,admin123,none,lockout(3fails/300s),False,0.0,169
2026-01-01 12:25:28,25493314,vault_user,admin123,none,lockout(3fails/300s),False,0.0,169
2026-01-01 12:25:28,25493314,system.sec,admin123,none,lockout(3fails/300s),False,0.0,169
2026-01-01 12:25:28,25493314,secure.login,admin123,none,lockout(3fails/300s),False,0.0,169
2026-01-01 12:25:28,25493314,user1,root,none,lockout(3fails/300s),False,0.0,170
2026-01-01 12:25:28,25493314,admin,root,none,lockout(3fails/300s),False,0.0,170
2026-01-01 12:25:28,25493314,guest,root,none,lockout(3fails/300s),False,0.0,170
2026-01-01 12:25:28,25493314,test,root,none,lockout(3fails/300s),False,0.0,170
2026-01-01 12:25:28,25493314,hello,root,none,lockout(3fails/300s),False,0.0,170
2026-01-01 12:25:28,25493314,name,root,none,lockout(3fails/300s),False,0.0,170
2026-01-01 12:25:28,25493314,login,root,none,lockout(3fails/300s),False,0.0,170
2026-01-01 12:25:28,25493314,abc,root,none,lockout(3fails/300s),False,0.0,170
2026-01-01 12:25:29,25493314,demo,root,none,lockout(3fails/300s),False,0.0,170
2026-01-01 12:25:29,25493314,student,root,none,lockout(3fails/300s),False,0.0,170
2026-01-01 12:25:29,25493314,Student_user,root,none,lockout(3fails/300s),False,0.0,170
2026-01-01 12:25:29,25493314,user_test,root,none,lockout(3fails/300s),False,0.0,170
2026-01-01 12:25:29,25493314,bluecat,root,none,lockout(3fails/300s),False,0.0,170
2026-01-01 12:25:29,25493314,student1,root,none,lockout(3fails/300s),False,0.0,170
2026-01-01 12:25:29,25493314,login_user,root,none,lockout(3fails/300s),False,0.0,170
2026-01-01 12:25:29,25493314,pythonfan,root,none,lockout(3fails/300s),False,0.0,170
2026-01-01 12:25:29,25493314,techgirl,root,none,lockout(3fails/300s),False,0.0,170
2026-01-01 12:25:29,25493314,cloud_user,root,none,lockout(3fails/300s),False,0.0,170
2026-01-01 12:25:29,25493314,gamer22,root,none,lockout(3fails/300s),False,0.0,170
2026-01-01 12:25:29,25493314,webdev,root,none,lockout(3fails/300s),False,0.0,170
2026-01-01 12:25:29,25493314,sha.sec,root,none,lockout(3fails/300s),False,0.0,170
2026-01-01 12:25:29,25493314,secure_user,root,none,lockout(3fails/300s),False,0.0,170
2026-01-01 12:25:29,25493314,cyber.auth,root,none,lockout(3fails/300s),False,0.0,170
2026-01-01 12:25:29,25493314,dev.access,root,none,lockout(3fails/300s),False,0.0,170
2026-01-01 12:25:29,25493314,root.guard,root,none,lockout(3fails/300s),False,0.0,170
2026-01-01 12:25:29,25493314,net.lock,root,none,lockout(3fails/300s),False,0.0,170
2026-01-01 12:25:30,25493314,auth.master,root,none,lockout(3fails/300s),False,0.0,170
2026-01-01 12:25:30,25493314,vault_user,root,none,lockout(3fails/300s),False,0.0,170
2026-01-01 12:25:30,25493314,system.sec,root,none,lockout(3fails/300s),False,0.0,170
2026-01-01 12:25:30,25493314,secure.login,root,none,lockout(3fails/300s),False,0.0,170
2026-01-01 12:25:30,25493314,user1,toor,none,lockout(3fails/300s),False,0.0,171
2026-01-01 12:25:30,25493314,admin,toor,none,lockout(3fails/300s),False,0.0,171
2026-01-01 12:25:30,25493314,guest,toor,none,lockout(3fails/300s),False,0.0,171
2026-01-01 12:25:30,25493314,test,toor,none,lockout(3fails/300s),False,0.0,171
2026-01-01 12:25:30,25493314,hello,toor,none,lockout(3fails/300s),False,0.0,171
2026-01-01 12:25:30,25493314,name,toor,none,lockout(3fails/300s),False,0.0,171
2026-01-01 12:25:30,25493314,login,toor,none,lockout(3fails/300s),False,0.0,171
2026-01-01 12:25:30,25493314,abc,toor,none,lockout(3fails/300s),False,0.0,171
2026-01-01 12:25:30,25493314,demo,toor,none,lockout(3fails/300s),False,0.0,171
2026-01-01 12:25:30,25493314,student,toor,none,lockout(3fails/300s),False,0.01,171
2026-01-01 12:25:30,25493314,Student_user,toor,none,lockout(3fails/300s),False,0.0,171
2026-01-01 12:25:30,25493314,user_test,toor,none,lockout(3fails/300s),False,0.0,171
2026-01-01 12:25:31,25493314,bluecat,toor,none,lockout(3fails/300s),False,0.0,171
2026-01-01 12:25:31,25493314,student1,toor,none,lockout(3fails/300s),False,0.0,171
2026-01-01 12:25:31,25493314,login_user,toor,none,lockout(3fails/300s),False,0.0,171
2026-01-01 12:25:31,25493314,pythonfan,toor,none,lockout(3fails/300s),False,0.0,171
2026-01-01 12:25:31,25493314,techgirl,toor,none,lockout(3fails/300s),False,0.0,171
2026-01-01 12:25:31,25493314,cloud_user,toor,none,lockout(3fails/300s),False,0.0,171
2026-01-01 12:25:31,25493314,gamer22,toor,none,lockout(3fails/300s),False,0.0,171
2026-01-01 12:25:31,25493314,webdev,toor,none,lockout(3fails/300s),False,0.0,171
2026-01-01 12:25:31,25493314,sha.sec,toor,none,lockout(3fails/300s),False,0.0,171
2026-01-01 12:25:31,25493314,secure_user,toor,none,lockout(3fails/300s),False,0.0,171
2026-01-01 12:25:31,25493314,cyber.auth,toor,none,lockout(3fails/300s),False,0.0,171
2026-01-01 12:25:31,25493314,dev.access,toor,none,lockout(3fails/300s),False,0.0,171
2026-01-01 12:25:31,25493314,root.guard,toor,none,lockout(3fails/300s),False,0.0,171
2026-01-01 12:25:31,25493314,net.lock,toor,none,lockout(3fails/300s),False,0.0,171
2026-01-01 12:25:31,25493314,auth.master,toor,none,lockout(3fails/300s),False,0.0,171
2026-01-01 12:25:31,25493314,vault_user,toor,none,lockout(3fails/300s),False,0.0,171
2026-01-01 12:25:31,25493314,system.sec,toor,none,lockout(3fails/300s),False,0.0,171
2026-01-01 12:25:31,25493314,secure.login,toor,none,lockout(3fails/300s),False,0.0,171
2026-01-01 12:25:32,25493314,user1,pass,none,lockout(3fails/300s),False,0.0,172
2026-01-01 12:25:32,25493314,admin,pass,none,lockout(3fails/300s),False,0.0,172
2026-01-01 12:25:32,25493314,guest,pass,none,lockout(3fails/300s),False,0.0,172
2026-01-01 12:25:32,25493314,test,pass,none,lockout(3fails/300s),False,0.0,172
2026-01-01 12:25:32,25493314,hello,pass,none,lockout(3fails/300s),False,0.0,172
2026-01-01 12:25:32,25493314,name,pass,none,lockout(3fails/300s),False,0.0,172
2026-01-01 12:25:32,25493314,login,pass,none,lockout(3fails/300s),False,0.0,172
2026-01-01 12:25:32,25493314,abc,pass,none,lockout(3fails/300s),False,0.0,172
2026-01-01 12:25:32,25493314,demo,pass,none,lockout(3fails/300s),False,0.0,172
2026-01-01 12:25:32,25493314,student,pass,none,lockout(3fails/300s),False,0.0,172
2026-01-01 12:25:32,25493314,Student_user,pass,none,lockout(3fails/300s),False,0.0,172
2026-01-01 12:25:32,25493314,user_test,pass,none,lockout(3fails/300s),False,0.0,172
2026-01-01 12:25:32,25493314,bluecat,pass,none,lockout(3fails/300s),False,0.0,172
2026-01-01 12:25:32,25493314,student1,pass,none,lockout(3fails/300s),False,0.0,172
2026-01-01 12:25:32,25493314,login_user,pass,none,lockout(3fails/300s),False,0.0,172
2026-01-01 12:25:32,25493314,pythonfan,pass,none,lockout(3fails/300s),False,0.0,172
2026-01-01 12:25:32,25493314,techgirl,pass,none,lockout(3fails/300s),False,0.0,172
2026-01-01 12:25:33,25493314,cloud_user,pass,none,lockout(3fails/300s),False,0.0,172
2026-01-01 12:25:33,25493314,gamer22,pass,none,lockout(3fails/300s),False,0.0,172
2026-01-01 12:25:33,25493314,webdev,pass,none,lockout(3fails/300s),False,0.0,172
2026-01-01 12:25:33,25493314,sha.sec,pass,none,lockout(3fails/300s),False,0.0,172
2026-01-01 12:25:33,25493314,secure_user,pass,none,lockout(3fails/300s),False,0.0,172
2026-01-01 12:25:33,25493314,cyber.auth,pass,none,lockout(3fails/300s),False,0.0,172
2026-01-01 12:25:33,25493314,dev.access,pass,none,lockout(3fails/300s),False,0.0,172
2026-01-01 12:25:33,25493314,root.guard,pass,none,lockout(3fails/300s),False,0.0,172
2026-01-01 12:25:33,25493314,net.lock,pass,none,lockout(3fails/300s),False,0.0,172
2026-01-01 12:25:33,25493314,auth.master,pass,none,lockout(3fails/300s),False,0.01,172
2026-01-01 12:25:33,25493314,vault_user,pass,none,lockout(3fails/300s),False,0.0,172
2026-01-01 12:25:33,25493314,system.sec,pass,none,lockout(3fails/300s),False,0.0,172
2026-01-01 12:25:33,25493314,secure.login,pass,none,lockout(3fails/300s),False,0.0,172
2026-01-01 12:25:33,25493314,user1,test,none,lockout(3fails/300s),False,0.0,173
2026-01-01 12:25:33,25493314,admin,test,none,lockout(3fails/300s),False,0.0,173
2026-01-01 12:25:33,25493314,guest,test,none,lockout(3fails/300s),False,0.0,173
2026-01-01 12:25:33,25493314,test,test,none,lockout(3fails/300s),False,0.0,173
2026-01-01 12:25:34,25493314,hello,test,none,lockout(3fails/300s),False,0.0,173
2026-01-01 12:25:34,25493314,name,test,none,lockout(3fails/300s),False,0.0,173
2026-01-01 12:25:34,25493314,login,test,none,lockout(3fails/300s),False,0.0,173
2026-01-01 12:25:34,25493314,abc,test,none,lockout(3fails/300s),False,0.0,173
2026-01-01 12:25:34,25493314,demo,test,none,lockout(3fails/300s),False,0.0,173
2026-01-01 12:25:34,25493314,student,test,none,lockout(3fails/300s),False,0.0,173
2026-01-01 12:25:34,25493314,Student_user,test,none,lockout(3fails/300s),False,0.0,173
2026-01-01 12:25:34,25493314,user_test,test,none,lockout(3fails/300s),False,0.0,173
2026-01-01 12:25:34,25493314,bluecat,test,none,lockout(3fails/300s),False,0.0,173
2026-01-01 12:25:34,25493314,student1,test,none,lockout(3fails/300s),False,0.0,173
2026-01-01 12:25:34,25493314,login_user,test,none,lockout(3fails/300s),False,0.0,173
2026-01-01 12:25:34,25493314,pythonfan,test,none,lockout(3fails/300s),False,0.0,173
2026-01-01 12:25:34,25493314,techgirl,test,none,lockout(3fails/300s),False,0.0,173
2026-01-01 12:25:34,25493314,cloud_user,test,none,lockout(3fails/300s),False,0.0,173
2026-01-01 12:25:34,25493314,gamer22,test,none,lockout(3fails/300s),False,0.0,173
2026-01-01 12:25:34,25493314,webdev,test,none,lockout(3fails/300s),False,0.0,173
2026-01-01 12:25:34,25493314,sha.sec,test,none,lockout(3fails/300s),False,0.0,173
2026-01-01 12:25:34,25493314,secure_user,test,none,lockout(3fails/300s),False,0.0,173
2026-01-01 12:25:35,25493314,cyber.auth,test,none,lockout(3fails/300s),False,0.0,173
2026-01-01 12:25:35,25493314,dev.access,test,none,lockout(3fails/300s),False,0.0,173
2026-01-01 12:25:35,25493314,root.guard,test,none,lockout(3fails/300s),False,0.0,173
2026-01-01 12:25:35,25493314,net.lock,test,none,lockout(3fails/300s),False,0.01,173
2026-01-01 12:25:35,25493314,auth.master,test,none,lockout(3fails/300s),False,0.0,173
2026-01-01 12:25:35,25493314,vault_user,test,none,lockout(3fails/300s),False,0.0,173
2026-01-01 12:25:35,25493314,system.sec,test,none,lockout(3fails/300s),False,0.0,173
2026-01-01 12:25:35,25493314,secure.login,test,none,lockout(3fails/300s),False,0.0,173
2026-01-01 12:25:35,25493314,user1,test123,none,lockout(3fails/300s),False,0.0,174
2026-01-01 12:25:35,25493314,admin,test123,none,lockout(3fails/300s),False,0.0,174
2026-01-01 12:25:35,25493314,guest,test123,none,lockout(3fails/300s),False,0.0,174
2026-01-01 12:25:35,25493314,test,test123,none,lockout(3fails/300s),False,0.0,174
2026-01-01 12:25:35,25493314,hello,test123,none,lockout(3fails/300s),False,0.0,174
2026-01-01 12:25:35,25493314,name,test123,none,lockout(3fails/300s),False,0.0,174
2026-01-01 12:25:35,25493314,login,test123,none,lockout(3fails/300s),False,0.0,174
2026-01-01 12:25:35,25493314,abc,test123,none,lockout(3fails/300s),False,0.0,174
2026-01-01 12:25:35,25493314,demo,test123,none,lockout(3fails/300s),False,0.0,174
2026-01-01 12:25:36,25493314,student,test123,none,lockout(3fails/300s),False,0.0,174
2026-01-01 12:25:36,25493314,Student_user,test123,none,lockout(3fails/300s),False,0.0,174
2026-01-01 12:25:36,25493314,user_test,test123,none,lockout(3fails/300s),False,0.0,174
2026-01-01 12:25:36,25493314,bluecat,test123,none,lockout(3fails/300s),False,0.0,174
2026-01-01 12:25:36,25493314,student1,test123,none,lockout(3fails/300s),False,0.0,174
2026-01-01 12:25:36,25493314,login_user,test123,none,lockout(3fails/300s),False,0.0,174
2026-01-01 12:25:36,25493314,pythonfan,test123,none,lockout(3fails/300s),False,0.0,174
2026-01-01 12:25:36,25493314,techgirl,test123,none,lockout(3fails/300s),False,0.0,174
2026-01-01 12:25:36,25493314,cloud_user,test123,none,lockout(3fails/300s),False,0.0,174
2026-01-01 12:25:36,25493314,gamer22,test123,none,lockout(3fails/300s),False,0.0,174
2026-01-01 12:25:36,25493314,webdev,test123,none,lockout(3fails/300s),False,0.0,174
2026-01-01 12:25:36,25493314,sha.sec,test123,none,lockout(3fails/300s),False,0.0,174
2026-01-01 12:25:36,25493314,secure_user,test123,none,lockout(3fails/300s),False,0.0,174
2026-01-01 12:25:36,25493314,cyber.auth,test123,none,lockout(3fails/300s),False,0.0,174
2026-01-01 12:25:36,25493314,dev.access,test123,none,lockout(3fails/300s),False,0.0,174
2026-01-01 12:25:36,25493314,root.guard,test123,none,lockout(3fails/300s),False,0.0,174
2026-01-01 12:25:36,25493314,net.lock,test123,none,lockout(3fails/300s),False,0.0,174
2026-01-01 12:25:37,25493314,auth.master,test123,none,lockout(3fails/300s),False,0.0,174
2026-01-01 12:25:37,25493314,vault_user,test123,none,lockout(3fails/300s),False,0.0,174
2026-01-01 12:25:37,25493314,system.sec,test123,none,lockout(3fails/300s),False,0.0,174
2026-01-01 12:25:37,25493314,secure.login,test123,none,lockout(3fails/300s),False,0.0,174
2026-01-01 12:25:37,25493314,user1,guest,none,lockout(3fails/300s),False,0.0,175
2026-01-01 12:25:37,25493314,admin,guest,none,lockout(3fails/300s),False,0.0,175
2026-01-01 12:25:37,25493314,guest,guest,none,lockout(3fails/300s),False,0.0,175
2026-01-01 12:25:37,25493314,test,guest,none,lockout(3fails/300s),False,0.0,175
2026-01-01 12:25:37,25493314,hello,guest,none,lockout(3fails/300s),False,0.0,175
2026-01-01 12:25:37,25493314,name,guest,none,lockout(3fails/300s),False,0.0,175
2026-01-01 12:25:37,25493314,login,guest,none,lockout(3fails/300s),False,0.0,175
2026-01-01 12:25:37,25493314,abc,guest,none,lockout(3fails/300s),False,0.0,175
2026-01-01 12:25:37,25493314,demo,guest,none,lockout(3fails/300s),False,0.0,175
2026-01-01 12:25:37,25493314,student,guest,none,lockout(3fails/300s),False,0.0,175
2026-01-01 12:25:37,25493314,Student_user,guest,none,lockout(3fails/300s),False,0.0,175
2026-01-01 12:25:37,25493314,user_test,guest,none,lockout(3fails/300s),False,0.0,175
2026-01-01 12:25:37,25493314,bluecat,guest,none,lockout(3fails/300s),False,0.0,175
2026-01-01 12:25:38,25493314,student1,guest,none,lockout(3fails/300s),False,0.0,175
2026-01-01 12:25:38,25493314,login_user,guest,none,lockout(3fails/300s),False,0.0,175
2026-01-01 12:25:38,25493314,pythonfan,guest,none,lockout(3fails/300s),False,0.0,175
2026-01-01 12:25:38,25493314,techgirl,guest,none,lockout(3fails/300s),False,0.0,175
2026-01-01 12:25:38,25493314,cloud_user,guest,none,lockout(3fails/300s),False,0.0,175
2026-01-01 12:25:38,25493314,gamer22,guest,none,lockout(3fails/300s),False,0.0,175
2026-01-01 12:25:38,25493314,webdev,guest,none,lockout(3fails/300s),False,0.0,175
2026-01-01 12:25:38,25493314,sha.sec,guest,none,lockout(3fails/300s),False,0.0,175
2026-01-01 12:25:38,25493314,secure_user,guest,none,lockout(3fails/300s),False,0.0,175
2026-01-01 12:25:38,25493314,cyber.auth,guest,none,lockout(3fails/300s),False,0.0,175
2026-01-01 12:25:38,25493314,dev.access,guest,none,lockout(3fails/300s),False,0.0,175
2026-01-01 12:25:38,25493314,root.guard,guest,none,lockout(3fails/300s),False,0.0,175
2026-01-01 12:25:38,25493314,net.lock,guest,none,lockout(3fails/300s),False,0.0,175
2026-01-01 12:25:38,25493314,auth.master,guest,none,lockout(3fails/300s),False,0.0,175
2026-01-01 12:25:38,25493314,vault_user,guest,none,lockout(3fails/300s),False,0.0,175
2026-01-01 12:25:38,25493314,system.sec,guest,none,lockout(3fails/300s),False,0.0,175
2026-01-01 12:25:38,25493314,secure.login,guest,none,lockout(3fails/300s),False,0.0,175
2026-01-01 12:25:39,25493314,user1,guest123,none,lockout(3fails/300s),False,0.0,176
2026-01-01 12:25:39,25493314,admin,guest123,none,lockout(3fails/300s),False,0.0,176
2026-01-01 12:25:39,25493314,guest,guest123,none,lockout(3fails/300s),False,0.0,176
2026-01-01 12:25:39,25493314,test,guest123,none,lockout(3fails/300s),False,0.0,176
2026-01-01 12:25:39,25493314,hello,guest123,none,lockout(3fails/300s),False,0.0,176
2026-01-01 12:25:39,25493314,name,guest123,none,lockout(3fails/300s),False,0.0,176
2026-01-01 12:25:39,25493314,login,guest123,none,lockout(3fails/300s),False,0.0,176
2026-01-01 12:25:39,25493314,abc,guest123,none,lockout(3fails/300s),False,0.0,176
2026-01-01 12:25:39,25493314,demo,guest123,none,lockout(3fails/300s),False,0.0,176
2026-01-01 12:25:39,25493314,student,guest123,none,lockout(3fails/300s),False,0.0,176
2026-01-01 12:25:39,25493314,Student_user,guest123,none,lockout(3fails/300s),False,0.0,176
2026-01-01 12:25:39,25493314,user_test,guest123,none,lockout(3fails/300s),False,0.0,176
2026-01-01 12:25:39,25493314,bluecat,guest123,none,lockout(3fails/300s),False,0.0,176
2026-01-01 12:25:39,25493314,student1,guest123,none,lockout(3fails/300s),False,0.0,176
2026-01-01 12:25:39,25493314,login_user,guest123,none,lockout(3fails/300s),False,0.0,176
2026-01-01 12:25:39,25493314,pythonfan,guest123,none,lockout(3fails/300s),False,0.0,176
2026-01-01 12:25:39,25493314,techgirl,guest123,none,lockout(3fails/300s),False,0.0,176
2026-01-01 12:25:40,25493314,cloud_user,guest123,none,lockout(3fails/300s),False,0.0,176
2026-01-01 12:25:40,25493314,gamer22,guest123,none,lockout(3fails/300s),False,0.0,176
2026-01-01 12:25:40,25493314,webdev,guest123,none,lockout(3fails/300s),False,0.0,176
2026-01-01 12:25:40,25493314,sha.sec,guest123,none,lockout(3fails/300s),False,0.0,176
2026-01-01 12:25:40,25493314,secure_user,guest123,none,lockout(3fails/300s),False,0.0,176
2026-01-01 12:25:40,25493314,cyber.auth,guest123,none,lockout(3fails/300s),False,0.0,176
2026-01-01 12:25:40,25493314,dev.access,guest123,none,lockout(3fails/300s),False,0.0,176
2026-01-01 12:25:40,25493314,root.guard,guest123,none,lockout(3fails/300s),False,0.0,176
2026-01-01 12:25:40,25493314,net.lock,guest123,none,lockout(3fails/300s),False,0.0,176
2026-01-01 12:25:40,25493314,auth.master,guest123,none,lockout(3fails/300s),False,0.0,176
2026-01-01 12:25:40,25493314,vault_user,guest123,none,lockout(3fails/300s),False,0.0,176
2026-01-01 12:25:40,25493314,system.sec,guest123,none,lockout(3fails/300s),False,0.0,176
2026-01-01 12:25:40,25493314,secure.login,guest123,none,lockout(3fails/300s),False,0.0,176
2026-01-01 12:25:40,25493314,user1,user,none,lockout(3fails/300s),False,0.0,177
2026-01-01 12:25:40,25493314,admin,user,none,lockout(3fails/300s),False,0.0,177
2026-01-01 12:25:40,25493314,guest,user,none,lockout(3fails/300s),False,0.0,177
2026-01-01 12:25:40,25493314,test,user,none,lockout(3fails/300s),False,0.0,177
2026-01-01 12:25:41,25493314,hello,user,none,lockout(3fails/300s),False,0.0,177
2026-01-01 12:25:41,25493314,name,user,none,lockout(3fails/300s),False,0.01,177
2026-01-01 12:25:41,25493314,login,user,none,lockout(3fails/300s),False,0.0,177
2026-01-01 12:25:41,25493314,abc,user,none,lockout(3fails/300s),False,0.0,177
2026-01-01 12:25:41,25493314,demo,user,none,lockout(3fails/300s),False,0.0,177
2026-01-01 12:25:41,25493314,student,user,none,lockout(3fails/300s),False,0.0,177
2026-01-01 12:25:41,25493314,Student_user,user,none,lockout(3fails/300s),False,0.0,177
2026-01-01 12:25:41,25493314,user_test,user,none,lockout(3fails/300s),False,0.0,177
2026-01-01 12:25:41,25493314,bluecat,user,none,lockout(3fails/300s),False,0.0,177
2026-01-01 12:25:41,25493314,student1,user,none,lockout(3fails/300s),False,0.0,177
2026-01-01 12:25:41,25493314,login_user,user,none,lockout(3fails/300s),False,0.0,177
2026-01-01 12:25:41,25493314,pythonfan,user,none,lockout(3fails/300s),False,0.0,177
2026-01-01 12:25:41,25493314,techgirl,user,none,lockout(3fails/300s),False,0.0,177
2026-01-01 12:25:41,25493314,cloud_user,user,none,lockout(3fails/300s),False,0.0,177
2026-01-01 12:25:41,25493314,gamer22,user,none,lockout(3fails/300s),False,0.0,177
2026-01-01 12:25:41,25493314,webdev,user,none,lockout(3fails/300s),False,0.0,177
2026-01-01 12:25:42,25493314,sha.sec,user,none,lockout(3fails/300s),False,0.0,177
2026-01-01 12:25:42,25493314,secure_user,user,none,lockout(3fails/300s),False,0.0,177
2026-01-01 12:25:42,25493314,cyber.auth,user,none,lockout(3fails/300s),False,0.0,177
2026-01-01 12:25:42,25493314,dev.access,user,none,lockout(3fails/300s),False,0.01,177
2026-01-01 12:25:42,25493314,root.guard,user,none,lockout(3fails/300s),False,0.0,177
2026-01-01 12:25:42,25493314,net.lock,user,none,lockout(3fails/300s),False,0.0,177
2026-01-01 12:25:42,25493314,auth.master,user,none,lockout(3fails/300s),False,0.0,177
2026-01-01 12:25:42,25493314,vault_user,user,none,lockout(3fails/300s),False,0.0,177
2026-01-01 12:25:42,25493314,system.sec,user,none,lockout(3fails/300s),False,0.0,177
2026-01-01 12:25:42,25493314,secure.login,user,none,lockout(3fails/300s),False,0.0,177
2026-01-01 12:25:42,25493314,user1,user123,none,lockout(3fails/300s),False,0.0,178
2026-01-01 12:25:42,25493314,admin,user123,none,lockout(3fails/300s),False,0.0,178
2026-01-01 12:25:42,25493314,guest,user123,none,lockout(3fails/300s),False,0.0,178
2026-01-01 12:25:42,25493314,test,user123,none,lockout(3fails/300s),False,0.0,178
2026-01-01 12:25:42,25493314,hello,user123,none,lockout(3fails/300s),False,0.0,178
2026-01-01 12:25:42,25493314,name,user123,none,lockout(3fails/300s),False,0.0,178
2026-01-01 12:25:42,25493314,login,user123,none,lockout(3fails/300s),False,0.0,178
2026-01-01 12:25:43,25493314,abc,user123,none,lockout(3fails/300s),False,0.0,178
2026-01-01 12:25:43,25493314,demo,user123,none,lockout(3fails/300s),False,0.0,178
2026-01-01 12:25:43,25493314,student,user123,none,lockout(3fails/300s),False,0.0,178
2026-01-01 12:25:43,25493314,Student_user,user123,none,lockout(3fails/300s),False,0.0,178
2026-01-01 12:25:43,25493314,user_test,user123,none,lockout(3fails/300s),False,0.0,178
2026-01-01 12:25:43,25493314,bluecat,user123,none,lockout(3fails/300s),False,0.0,178
2026-01-01 12:25:43,25493314,student1,user123,none,lockout(3fails/300s),False,0.0,178
2026-01-01 12:25:43,25493314,login_user,user123,none,lockout(3fails/300s),False,0.0,178
2026-01-01 12:25:43,25493314,pythonfan,user123,none,lockout(3fails/300s),False,0.0,178
2026-01-01 12:25:43,25493314,techgirl,user123,none,lockout(3fails/300s),False,0.0,178
2026-01-01 12:25:43,25493314,cloud_user,user123,none,lockout(3fails/300s),False,0.0,178
2026-01-01 12:25:43,25493314,gamer22,user123,none,lockout(3fails/300s),False,0.0,178
2026-01-01 12:25:43,25493314,webdev,user123,none,lockout(3fails/300s),False,0.0,178
2026-01-01 12:25:43,25493314,sha.sec,user123,none,lockout(3fails/300s),False,0.0,178
2026-01-01 12:25:43,25493314,secure_user,user123,none,lockout(3fails/300s),False,0.0,178
2026-01-01 12:25:43,25493314,cyber.auth,user123,none,lockout(3fails/300s),False,0.0,178
2026-01-01 12:25:44,25493314,dev.access,user123,none,lockout(3fails/300s),False,0.0,178
2026-01-01 12:25:44,25493314,root.guard,user123,none,lockout(3fails/300s),False,0.0,178
2026-01-01 12:25:44,25493314,net.lock,user123,none,lockout(3fails/300s),False,0.0,178
2026-01-01 12:25:44,25493314,auth.master,user123,none,lockout(3fails/300s),False,0.0,178
2026-01-01 12:25:44,25493314,vault_user,user123,none,lockout(3fails/300s),False,0.0,178
2026-01-01 12:25:44,25493314,system.sec,user123,none,lockout(3fails/300s),False,0.0,178
2026-01-01 12:25:44,25493314,secure.login,user123,none,lockout(3fails/300s),False,0.0,178
2026-01-01 12:25:44,25493314,user1,login,none,lockout(3fails/300s),False,0.0,179
2026-01-01 12:25:44,25493314,admin,login,none,lockout(3fails/300s),False,0.0,179
2026-01-01 12:25:44,25493314,guest,login,none,lockout(3fails/300s),False,0.0,179
2026-01-01 12:25:44,25493314,test,login,none,lockout(3fails/300s),False,0.0,179
2026-01-01 12:25:44,25493314,hello,login,none,lockout(3fails/300s),False,0.0,179
2026-01-01 12:25:44,25493314,name,login,none,lockout(3fails/300s),False,0.0,179
2026-01-01 12:25:44,25493314,login,login,none,lockout(3fails/300s),False,0.0,179
2026-01-01 12:25:44,25493314,abc,login,none,lockout(3fails/300s),False,0.0,179
2026-01-01 12:25:44,25493314,demo,login,none,lockout(3fails/300s),False,0.0,179
2026-01-01 12:25:44,25493314,student,login,none,lockout(3fails/300s),False,0.0,179
2026-01-01 12:25:45,25493314,Student_user,login,none,lockout(3fails/300s),False,0.0,179
2026-01-01 12:25:45,25493314,user_test,login,none,lockout(3fails/300s),False,0.0,179
2026-01-01 12:25:45,25493314,bluecat,login,none,lockout(3fails/300s),False,0.0,179
2026-01-01 12:25:45,25493314,student1,login,none,lockout(3fails/300s),False,0.0,179
2026-01-01 12:25:45,25493314,login_user,login,none,lockout(3fails/300s),False,0.0,179
2026-01-01 12:25:45,25493314,pythonfan,login,none,lockout(3fails/300s),False,0.0,179
2026-01-01 12:25:45,25493314,techgirl,login,none,lockout(3fails/300s),False,0.0,179
2026-01-01 12:25:45,25493314,cloud_user,login,none,lockout(3fails/300s),False,0.0,179
2026-01-01 12:25:45,25493314,gamer22,login,none,lockout(3fails/300s),False,0.0,179
2026-01-01 12:25:45,25493314,webdev,login,none,lockout(3fails/300s),False,0.0,179
2026-01-01 12:25:45,25493314,sha.sec,login,none,lockout(3fails/300s),False,0.0,179
2026-01-01 12:25:45,25493314,secure_user,login,none,lockout(3fails/300s),False,0.0,179
2026-01-01 12:25:45,25493314,cyber.auth,login,none,lockout(3fails/300s),False,0.0,179
2026-01-01 12:25:45,25493314,dev.access,login,none,lockout(3fails/300s),False,0.0,179
2026-01-01 12:25:45,25493314,root.guard,login,none,lockout(3fails/300s),False,0.0,179
2026-01-01 12:25:45,25493314,net.lock,login,none,lockout(3fails/300s),False,0.0,179
2026-01-01 12:25:45,25493314,auth.master,login,none,lockout(3fails/300s),False,0.0,179
2026-01-01 12:25:46,25493314,vault_user,login,none,lockout(3fails/300s),False,0.0,179
2026-01-01 12:25:46,25493314,system.sec,login,none,lockout(3fails/300s),False,0.0,179
2026-01-01 12:25:46,25493314,secure.login,login,none,lockout(3fails/300s),False,0.0,179
2026-01-01 12:25:46,25493314,user1,login123,none,lockout(3fails/300s),False,0.0,180
2026-01-01 12:25:46,25493314,admin,login123,none,lockout(3fails/300s),False,0.0,180
2026-01-01 12:25:46,25493314,guest,login123,none,lockout(3fails/300s),False,0.0,180
2026-01-01 12:25:46,25493314,test,login123,none,lockout(3fails/300s),False,0.0,180
2026-01-01 12:25:46,25493314,hello,login123,none,lockout(3fails/300s),False,0.0,180
2026-01-01 12:25:46,25493314,name,login123,none,lockout(3fails/300s),False,0.0,180
2026-01-01 12:25:46,25493314,login,login123,none,lockout(3fails/300s),False,0.0,180
2026-01-01 12:25:46,25493314,abc,login123,none,lockout(3fails/300s),False,0.0,180
2026-01-01 12:25:46,25493314,demo,login123,none,lockout(3fails/300s),False,0.0,180
2026-01-01 12:25:46,25493314,student,login123,none,lockout(3fails/300s),False,0.0,180
2026-01-01 12:25:46,25493314,Student_user,login123,none,lockout(3fails/300s),False,0.0,180
2026-01-01 12:25:46,25493314,user_test,login123,none,lockout(3fails/300s),False,0.0,180
2026-01-01 12:25:46,25493314,bluecat,login123,none,lockout(3fails/300s),False,0.0,180
2026-01-01 12:25:47,25493314,student1,login123,none,lockout(3fails/300s),False,0.0,180
2026-01-01 12:25:47,25493314,login_user,login123,none,lockout(3fails/300s),False,0.0,180
2026-01-01 12:25:47,25493314,pythonfan,login123,none,lockout(3fails/300s),False,0.0,180
2026-01-01 12:25:47,25493314,techgirl,login123,none,lockout(3fails/300s),False,0.0,180
2026-01-01 12:25:47,25493314,cloud_user,login123,none,lockout(3fails/300s),False,0.0,180
2026-01-01 12:25:47,25493314,gamer22,login123,none,lockout(3fails/300s),False,0.0,180
2026-01-01 12:25:47,25493314,webdev,login123,none,lockout(3fails/300s),False,0.0,180
2026-01-01 12:25:47,25493314,sha.sec,login123,none,lockout(3fails/300s),False,0.0,180
2026-01-01 12:25:47,25493314,secure_user,login123,none,lockout(3fails/300s),False,0.0,180
2026-01-01 12:25:47,25493314,cyber.auth,login123,none,lockout(3fails/300s),False,0.0,180
2026-01-01 12:25:47,25493314,dev.access,login123,none,lockout(3fails/300s),False,0.0,180
2026-01-01 12:25:47,25493314,root.guard,login123,none,lockout(3fails/300s),False,0.0,180
2026-01-01 12:25:47,25493314,net.lock,login123,none,lockout(3fails/300s),False,0.0,180
2026-01-01 12:25:47,25493314,auth.master,login123,none,lockout(3fails/300s),False,0.0,180
2026-01-01 12:25:47,25493314,vault_user,login123,none,lockout(3fails/300s),False,0.0,180
2026-01-01 12:25:47,25493314,system.sec,login123,none,lockout(3fails/300s),False,0.0,180
2026-01-01 12:25:47,25493314,secure.login,login123,none,lockout(3fails/300s),False,0.0,180
2026-01-01 12:25:48,25493314,user1,welcome,none,lockout(3fails/300s),False,0.0,181
2026-01-01 12:25:48,25493314,admin,welcome,none,lockout(3fails/300s),False,0.0,181
2026-01-01 12:25:48,25493314,guest,welcome,none,lockout(3fails/300s),False,0.0,181
2026-01-01 12:25:48,25493314,test,welcome,none,lockout(3fails/300s),False,0.0,181
2026-01-01 12:25:48,25493314,hello,welcome,none,lockout(3fails/300s),False,0.01,181
2026-01-01 12:25:48,25493314,name,welcome,none,lockout(3fails/300s),False,0.0,181
2026-01-01 12:25:48,25493314,login,welcome,none,lockout(3fails/300s),False,0.0,181
2026-01-01 12:25:48,25493314,abc,welcome,none,lockout(3fails/300s),False,0.0,181
2026-01-01 12:25:48,25493314,demo,welcome,none,lockout(3fails/300s),False,0.0,181
2026-01-01 12:25:48,25493314,student,welcome,none,lockout(3fails/300s),False,0.0,181
2026-01-01 12:25:48,25493314,Student_user,welcome,none,lockout(3fails/300s),False,0.0,181
2026-01-01 12:25:48,25493314,user_test,welcome,none,lockout(3fails/300s),False,0.0,181
2026-01-01 12:25:48,25493314,bluecat,welcome,none,lockout(3fails/300s),False,0.01,181
2026-01-01 12:25:48,25493314,student1,welcome,none,lockout(3fails/300s),False,0.0,181
2026-01-01 12:25:48,25493314,login_user,welcome,none,lockout(3fails/300s),False,0.0,181
2026-01-01 12:25:48,25493314,pythonfan,welcome,none,lockout(3fails/300s),False,0.0,181
2026-01-01 12:25:49,25493314,techgirl,welcome,none,lockout(3fails/300s),False,0.0,181
2026-01-01 12:25:49,25493314,cloud_user,welcome,none,lockout(3fails/300s),False,0.0,181
2026-01-01 12:25:49,25493314,gamer22,welcome,none,lockout(3fails/300s),False,0.0,181
2026-01-01 12:25:49,25493314,webdev,welcome,none,lockout(3fails/300s),False,0.0,181
2026-01-01 12:25:49,25493314,sha.sec,welcome,none,lockout(3fails/300s),False,0.01,181
2026-01-01 12:25:49,25493314,secure_user,welcome,none,lockout(3fails/300s),False,0.0,181
2026-01-01 12:25:49,25493314,cyber.auth,welcome,none,lockout(3fails/300s),False,0.0,181
2026-01-01 12:25:49,25493314,dev.access,welcome,none,lockout(3fails/300s),False,0.0,181
2026-01-01 12:25:49,25493314,root.guard,welcome,none,lockout(3fails/300s),False,0.0,181
2026-01-01 12:25:49,25493314,net.lock,welcome,none,lockout(3fails/300s),False,0.0,181
2026-01-01 12:25:49,25493314,auth.master,welcome,none,lockout(3fails/300s),False,0.0,181
2026-01-01 12:25:49,25493314,vault_user,welcome,none,lockout(3fails/300s),False,0.0,181
2026-01-01 12:25:49,25493314,system.sec,welcome,none,lockout(3fails/300s),False,0.0,181
2026-01-01 12:25:49,25493314,secure.login,welcome,none,lockout(3fails/300s),False,0.0,181
2026-01-01 12:25:49,25493314,user1,welcome1,none,lockout(3fails/300s),False,0.0,182
2026-01-01 12:25:49,25493314,admin,welcome1,none,lockout(3fails/300s),False,0.0,182
2026-01-01 12:25:49,25493314,guest,welcome1,none,lockout(3fails/300s),False,0.0,182
2026-01-01 12:25:50,25493314,test,welcome1,none,lockout(3fails/300s),False,0.0,182
2026-01-01 12:25:50,25493314,hello,welcome1,none,lockout(3fails/300s),False,0.0,182
2026-01-01 12:25:50,25493314,name,welcome1,none,lockout(3fails/300s),False,0.0,182
2026-01-01 12:25:50,25493314,login,welcome1,none,lockout(3fails/300s),False,0.0,182
2026-01-01 12:25:50,25493314,abc,welcome1,none,lockout(3fails/300s),False,0.0,182
2026-01-01 12:25:50,25493314,demo,welcome1,none,lockout(3fails/300s),False,0.0,182
2026-01-01 12:25:50,25493314,student,welcome1,none,lockout(3fails/300s),False,0.0,182
2026-01-01 12:25:50,25493314,Student_user,welcome1,none,lockout(3fails/300s),False,0.0,182
2026-01-01 12:25:50,25493314,user_test,welcome1,none,lockout(3fails/300s),False,0.0,182
2026-01-01 12:25:50,25493314,bluecat,welcome1,none,lockout(3fails/300s),False,0.0,182
2026-01-01 12:25:50,25493314,student1,welcome1,none,lockout(3fails/300s),False,0.0,182
2026-01-01 12:25:50,25493314,login_user,welcome1,none,lockout(3fails/300s),False,0.0,182
2026-01-01 12:25:50,25493314,pythonfan,welcome1,none,lockout(3fails/300s),False,0.0,182
2026-01-01 12:25:50,25493314,techgirl,welcome1,none,lockout(3fails/300s),False,0.0,182
2026-01-01 12:25:50,25493314,cloud_user,welcome1,none,lockout(3fails/300s),False,0.0,182
2026-01-01 12:25:50,25493314,gamer22,welcome1,none,lockout(3fails/300s),False,0.0,182
2026-01-01 12:25:51,25493314,webdev,welcome1,none,lockout(3fails/300s),False,0.0,182
2026-01-01 12:25:51,25493314,sha.sec,welcome1,none,lockout(3fails/300s),False,0.01,182
2026-01-01 12:25:51,25493314,secure_user,welcome1,none,lockout(3fails/300s),False,0.0,182
2026-01-01 12:25:51,25493314,cyber.auth,welcome1,none,lockout(3fails/300s),False,0.0,182
2026-01-01 12:25:51,25493314,dev.access,welcome1,none,lockout(3fails/300s),False,0.0,182
2026-01-01 12:25:51,25493314,root.guard,welcome1,none,lockout(3fails/300s),False,0.0,182
2026-01-01 12:25:51,25493314,net.lock,welcome1,none,lockout(3fails/300s),False,0.0,182
2026-01-01 12:25:51,25493314,auth.master,welcome1,none,lockout(3fails/300s),False,0.0,182
2026-01-01 12:25:51,25493314,vault_user,welcome1,none,lockout(3fails/300s),False,0.0,182
2026-01-01 12:25:51,25493314,system.sec,welcome1,none,lockout(3fails/300s),False,0.0,182
2026-01-01 12:25:51,25493314,secure.login,welcome1,none,lockout(3fails/300s),False,0.0,182
2026-01-01 12:25:51,25493314,user1,password123,none,lockout(3fails/300s),False,0.0,183
2026-01-01 12:25:51,25493314,admin,password123,none,lockout(3fails/300s),False,0.0,183
2026-01-01 12:25:51,25493314,guest,password123,none,lockout(3fails/300s),False,0.0,183
2026-01-01 12:25:51,25493314,test,password123,none,lockout(3fails/300s),False,0.0,183
2026-01-01 12:25:51,25493314,hello,password123,none,lockout(3fails/300s),False,0.0,183
2026-01-01 12:25:52,25493314,name,password123,none,lockout(3fails/300s),False,0.0,183
2026-01-01 12:25:52,25493314,login,password123,none,lockout(3fails/300s),False,0.0,183
2026-01-01 12:25:52,25493314,abc,password123,none,lockout(3fails/300s),False,0.01,183
2026-01-01 12:25:52,25493314,demo,password123,none,lockout(3fails/300s),False,0.0,183
2026-01-01 12:25:52,25493314,student,password123,none,lockout(3fails/300s),False,0.0,183
2026-01-01 12:25:52,25493314,Student_user,password123,none,lockout(3fails/300s),False,0.0,183
2026-01-01 12:25:52,25493314,user_test,password123,none,lockout(3fails/300s),False,0.0,183
2026-01-01 12:25:52,25493314,bluecat,password123,none,lockout(3fails/300s),False,0.0,183
2026-01-01 12:25:52,25493314,student1,password123,none,lockout(3fails/300s),False,0.0,183
2026-01-01 12:25:52,25493314,login_user,password123,none,lockout(3fails/300s),False,0.0,183
2026-01-01 12:25:52,25493314,pythonfan,password123,none,lockout(3fails/300s),False,0.0,183
2026-01-01 12:25:52,25493314,techgirl,password123,none,lockout(3fails/300s),False,0.0,183
2026-01-01 12:25:52,25493314,cloud_user,password123,none,lockout(3fails/300s),False,0.0,183
2026-01-01 12:25:52,25493314,gamer22,password123,none,lockout(3fails/300s),False,0.0,183
2026-01-01 12:25:52,25493314,webdev,password123,none,lockout(3fails/300s),False,0.0,183
2026-01-01 12:25:52,25493314,sha.sec,password123,none,lockout(3fails/300s),False,0.0,183
2026-01-01 12:25:52,25493314,secure_user,password123,none,lockout(3fails/300s),False,0.0,183
2026-01-01 12:25:53,25493314,cyber.auth,password123,none,lockout(3fails/300s),False,0.0,183
2026-01-01 12:25:53,25493314,dev.access,password123,none,lockout(3fails/300s),False,0.0,183
2026-01-01 12:25:53,25493314,root.guard,password123,none,lockout(3fails/300s),False,0.0,183
2026-01-01 12:25:53,25493314,net.lock,password123,none,lockout(3fails/300s),False,0.0,183
2026-01-01 12:25:53,25493314,auth.master,password123,none,lockout(3fails/300s),False,0.0,183
2026-01-01 12:25:53,25493314,vault_user,password123,none,lockout(3fails/300s),False,0.0,183
2026-01-01 12:25:53,25493314,system.sec,password123,none,lockout(3fails/300s),False,0.0,183
2026-01-01 12:25:53,25493314,secure.login,password123,none,lockout(3fails/300s),False,0.0,183
2026-01-01 12:25:53,25493314,user1,admin1,none,lockout(3fails/300s),False,0.0,184
2026-01-01 12:25:53,25493314,admin,admin1,none,lockout(3fails/300s),False,0.0,184
2026-01-01 12:25:53,25493314,guest,admin1,none,lockout(3fails/300s),False,0.0,184
2026-01-01 12:25:53,25493314,test,admin1,none,lockout(3fails/300s),False,0.0,184
2026-01-01 12:25:53,25493314,hello,admin1,none,lockout(3fails/300s),False,0.0,184
2026-01-01 12:25:53,25493314,name,admin1,none,lockout(3fails/300s),False,0.0,184
2026-01-01 12:25:53,25493314,login,admin1,none,lockout(3fails/300s),False,0.0,184
2026-01-01 12:25:53,25493314,abc,admin1,none,lockout(3fails/300s),False,0.0,184
2026-01-01 12:25:54,25493314,demo,admin1,none,lockout(3fails/300s),False,0.0,184
2026-01-01 12:25:54,25493314,student,admin1,none,lockout(3fails/300s),False,0.0,184
2026-01-01 12:25:54,25493314,Student_user,admin1,none,lockout(3fails/300s),False,0.0,184
2026-01-01 12:25:54,25493314,user_test,admin1,none,lockout(3fails/300s),False,0.0,184
2026-01-01 12:25:54,25493314,bluecat,admin1,none,lockout(3fails/300s),False,0.0,184
2026-01-01 12:25:54,25493314,student1,admin1,none,lockout(3fails/300s),False,0.0,184
2026-01-01 12:25:54,25493314,login_user,admin1,none,lockout(3fails/300s),False,0.0,184
2026-01-01 12:25:54,25493314,pythonfan,admin1,none,lockout(3fails/300s),False,0.0,184
2026-01-01 12:25:54,25493314,techgirl,admin1,none,lockout(3fails/300s),False,0.0,184
2026-01-01 12:25:54,25493314,cloud_user,admin1,none,lockout(3fails/300s),False,0.0,184
2026-01-01 12:25:54,25493314,gamer22,admin1,none,lockout(3fails/300s),False,0.0,184
2026-01-01 12:25:54,25493314,webdev,admin1,none,lockout(3fails/300s),False,0.0,184
2026-01-01 12:25:54,25493314,sha.sec,admin1,none,lockout(3fails/300s),False,0.0,184
2026-01-01 12:25:54,25493314,secure_user,admin1,none,lockout(3fails/300s),False,0.0,184
2026-01-01 12:25:54,25493314,cyber.auth,admin1,none,lockout(3fails/300s),False,0.0,184
2026-01-01 12:25:54,25493314,dev.access,admin1,none,lockout(3fails/300s),False,0.0,184
2026-01-01 12:25:54,25493314,root.guard,admin1,none,lockout(3fails/300s),False,0.0,184
2026-01-01 12:25:55,25493314,net.lock,admin1,none,lockout(3fails/300s),False,0.0,184
2026-01-01 12:25:55,25493314,auth.master,admin1,none,lockout(3fails/300s),False,0.0,184
2026-01-01 12:25:55,25493314,vault_user,admin1,none,lockout(3fails/300s),False,0.0,184
2026-01-01 12:25:55,25493314,system.sec,admin1,none,lockout(3fails/300s),False,0.0,184
2026-01-01 12:25:55,25493314,secure.login,admin1,none,lockout(3fails/300s),False,0.0,184
2026-01-01 12:25:55,25493314,user1,root123,none,lockout(3fails/300s),False,0.0,185
2026-01-01 12:25:55,25493314,admin,root123,none,lockout(3fails/300s),False,0.0,185
2026-01-01 12:25:55,25493314,guest,root123,none,lockout(3fails/300s),False,0.0,185
2026-01-01 12:25:55,25493314,test,root123,none,lockout(3fails/300s),False,0.0,185
2026-01-01 12:25:55,25493314,hello,root123,none,lockout(3fails/300s),False,0.0,185
2026-01-01 12:25:55,25493314,name,root123,none,lockout(3fails/300s),False,0.0,185
2026-01-01 12:25:55,25493314,login,root123,none,lockout(3fails/300s),False,0.0,185
2026-01-01 12:25:55,25493314,abc,root123,none,lockout(3fails/300s),False,0.0,185
2026-01-01 12:25:55,25493314,demo,root123,none,lockout(3fails/300s),False,0.0,185
2026-01-01 12:25:55,25493314,student,root123,none,lockout(3fails/300s),False,0.0,185
2026-01-01 12:25:55,25493314,Student_user,root123,none,lockout(3fails/300s),False,0.0,185
2026-01-01 12:25:56,25493314,user_test,root123,none,lockout(3fails/300s),False,0.0,185
2026-01-01 12:25:56,25493314,bluecat,root123,none,lockout(3fails/300s),False,0.0,185
2026-01-01 12:25:56,25493314,student1,root123,none,lockout(3fails/300s),False,0.0,185
2026-01-01 12:25:56,25493314,login_user,root123,none,lockout(3fails/300s),False,0.0,185
2026-01-01 12:25:56,25493314,pythonfan,root123,none,lockout(3fails/300s),False,0.0,185
2026-01-01 12:25:56,25493314,techgirl,root123,none,lockout(3fails/300s),False,0.0,185
2026-01-01 12:25:56,25493314,cloud_user,root123,none,lockout(3fails/300s),False,0.0,185
2026-01-01 12:25:56,25493314,gamer22,root123,none,lockout(3fails/300s),False,0.0,185
2026-01-01 12:25:56,25493314,webdev,root123,none,lockout(3fails/300s),False,0.0,185
2026-01-01 12:25:56,25493314,sha.sec,root123,none,lockout(3fails/300s),False,0.0,185
2026-01-01 12:25:56,25493314,secure_user,root123,none,lockout(3fails/300s),False,0.0,185
2026-01-01 12:25:56,25493314,cyber.auth,root123,none,lockout(3fails/300s),False,0.0,185
2026-01-01 12:25:56,25493314,dev.access,root123,none,lockout(3fails/300s),False,0.0,185
2026-01-01 12:25:56,25493314,root.guard,root123,none,lockout(3fails/300s),False,0.0,185
2026-01-01 12:25:56,25493314,net.lock,root123,none,lockout(3fails/300s),False,0.0,185
2026-01-01 12:25:56,25493314,auth.master,root123,none,lockout(3fails/300s),False,0.0,185
2026-01-01 12:25:57,25493314,vault_user,root123,none,lockout(3fails/300s),False,0.0,185
2026-01-01 12:25:57,25493314,system.sec,root123,none,lockout(3fails/300s),False,0.0,185
2026-01-01 12:25:57,25493314,secure.login,root123,none,lockout(3fails/300s),False,0.0,185
2026-01-01 12:25:57,25493314,user1,pass123,none,lockout(3fails/300s),False,0.0,186
2026-01-01 12:25:57,25493314,admin,pass123,none,lockout(3fails/300s),False,0.0,186
2026-01-01 12:25:57,25493314,guest,pass123,none,lockout(3fails/300s),False,0.0,186
2026-01-01 12:25:57,25493314,test,pass123,none,lockout(3fails/300s),False,0.0,186
2026-01-01 12:25:57,25493314,hello,pass123,none,lockout(3fails/300s),False,0.0,186
2026-01-01 12:25:57,25493314,name,pass123,none,lockout(3fails/300s),False,0.0,186
2026-01-01 12:25:57,25493314,login,pass123,none,lockout(3fails/300s),False,0.0,186
2026-01-01 12:25:57,25493314,abc,pass123,none,lockout(3fails/300s),False,0.0,186
2026-01-01 12:25:57,25493314,demo,pass123,none,lockout(3fails/300s),False,0.0,186
2026-01-01 12:25:57,25493314,student,pass123,none,lockout(3fails/300s),False,0.0,186
2026-01-01 12:25:57,25493314,Student_user,pass123,none,lockout(3fails/300s),False,0.0,186
2026-01-01 12:25:57,25493314,user_test,pass123,none,lockout(3fails/300s),False,0.0,186
2026-01-01 12:25:57,25493314,bluecat,pass123,none,lockout(3fails/300s),False,0.0,186
2026-01-01 12:25:57,25493314,student1,pass123,none,lockout(3fails/300s),False,0.0,186
2026-01-01 12:25:58,25493314,login_user,pass123,none,lockout(3fails/300s),False,0.0,186
2026-01-01 12:25:58,25493314,pythonfan,pass123,none,lockout(3fails/300s),False,0.01,186
2026-01-01 12:25:58,25493314,techgirl,pass123,none,lockout(3fails/300s),False,0.0,186
2026-01-01 12:25:58,25493314,cloud_user,pass123,none,lockout(3fails/300s),False,0.0,186
2026-01-01 12:25:58,25493314,gamer22,pass123,none,lockout(3fails/300s),False,0.0,186
2026-01-01 12:25:58,25493314,webdev,pass123,none,lockout(3fails/300s),False,0.0,186
2026-01-01 12:25:58,25493314,sha.sec,pass123,none,lockout(3fails/300s),False,0.0,186
2026-01-01 12:25:58,25493314,secure_user,pass123,none,lockout(3fails/300s),False,0.0,186
2026-01-01 12:25:58,25493314,cyber.auth,pass123,none,lockout(3fails/300s),False,0.0,186
2026-01-01 12:25:58,25493314,dev.access,pass123,none,lockout(3fails/300s),False,0.0,186
2026-01-01 12:25:58,25493314,root.guard,pass123,none,lockout(3fails/300s),False,0.0,186
2026-01-01 12:25:58,25493314,net.lock,pass123,none,lockout(3fails/300s),False,0.0,186
2026-01-01 12:25:58,25493314,auth.master,pass123,none,lockout(3fails/300s),False,0.0,186
2026-01-01 12:25:58,25493314,vault_user,pass123,none,lockout(3fails/300s),False,0.0,186
2026-01-01 12:25:58,25493314,system.sec,pass123,none,lockout(3fails/300s),False,0.0,186
2026-01-01 12:25:58,25493314,secure.login,pass123,none,lockout(3fails/300s),False,0.0,186
2026-01-01 12:25:59,25493314,user1,1q2w3e4r,none,lockout(3fails/300s),False,0.0,187
2026-01-01 12:25:59,25493314,admin,1q2w3e4r,none,lockout(3fails/300s),False,0.0,187
2026-01-01 12:25:59,25493314,guest,1q2w3e4r,none,lockout(3fails/300s),False,0.0,187
2026-01-01 12:25:59,25493314,test,1q2w3e4r,none,lockout(3fails/300s),False,0.0,187
2026-01-01 12:25:59,25493314,hello,1q2w3e4r,none,lockout(3fails/300s),False,0.0,187
2026-01-01 12:25:59,25493314,name,1q2w3e4r,none,lockout(3fails/300s),False,0.0,187
2026-01-01 12:25:59,25493314,login,1q2w3e4r,none,lockout(3fails/300s),False,0.0,187
2026-01-01 12:25:59,25493314,abc,1q2w3e4r,none,lockout(3fails/300s),False,0.0,187
2026-01-01 12:25:59,25493314,demo,1q2w3e4r,none,lockout(3fails/300s),False,0.0,187
2026-01-01 12:25:59,25493314,student,1q2w3e4r,none,lockout(3fails/300s),False,0.0,187
2026-01-01 12:25:59,25493314,Student_user,1q2w3e4r,none,lockout(3fails/300s),False,0.0,187
2026-01-01 12:25:59,25493314,user_test,1q2w3e4r,none,lockout(3fails/300s),False,0.0,187
2026-01-01 12:25:59,25493314,bluecat,1q2w3e4r,none,lockout(3fails/300s),False,0.0,187
2026-01-01 12:25:59,25493314,student1,1q2w3e4r,none,lockout(3fails/300s),False,0.0,187
2026-01-01 12:25:59,25493314,login_user,1q2w3e4r,none,lockout(3fails/300s),False,0.0,187
2026-01-01 12:25:59,25493314,pythonfan,1q2w3e4r,none,lockout(3fails/300s),False,0.0,187
2026-01-01 12:26:00,25493314,techgirl,1q2w3e4r,none,lockout(3fails/300s),False,0.0,187
2026-01-01 12:26:00,25493314,cloud_user,1q2w3e4r,none,lockout(3fails/300s),False,0.0,187
2026-01-01 12:26:00,25493314,gamer22,1q2w3e4r,none,lockout(3fails/300s),False,0.0,187
2026-01-01 12:26:00,25493314,webdev,1q2w3e4r,none,lockout(3fails/300s),False,0.0,187
2026-01-01 12:26:00,25493314,sha.sec,1q2w3e4r,none,lockout(3fails/300s),False,0.0,187
2026-01-01 12:26:00,25493314,secure_user,1q2w3e4r,none,lockout(3fails/300s),False,0.0,187
2026-01-01 12:26:00,25493314,cyber.auth,1q2w3e4r,none,lockout(3fails/300s),False,0.0,187
2026-01-01 12:26:00,25493314,dev.access,1q2w3e4r,none,lockout(3fails/300s),False,0.0,187
2026-01-01 12:26:00,25493314,root.guard,1q2w3e4r,none,lockout(3fails/300s),False,0.0,187
2026-01-01 12:26:00,25493314,net.lock,1q2w3e4r,none,lockout(3fails/300s),False,0.0,187
2026-01-01 12:26:00,25493314,auth.master,1q2w3e4r,none,lockout(3fails/300s),False,0.0,187
2026-01-01 12:26:00,25493314,vault_user,1q2w3e4r,none,lockout(3fails/300s),False,0.0,187
2026-01-01 12:26:00,25493314,system.sec,1q2w3e4r,none,lockout(3fails/300s),False,0.0,187
2026-01-01 12:26:00,25493314,secure.login,1q2w3e4r,none,lockout(3fails/300s),False,0.0,187
2026-01-01 12:26:00,25493314,user1,qwerty123,none,lockout(3fails/300s),False,0.0,188
2026-01-01 12:26:00,25493314,admin,qwerty123,none,lockout(3fails/300s),False,0.0,188
2026-01-01 12:26:01,25493314,guest,qwerty123,none,lockout(3fails/300s),False,0.0,188
2026-01-01 12:26:01,25493314,test,qwerty123,none,lockout(3fails/300s),False,0.0,188
2026-01-01 12:26:01,25493314,hello,qwerty123,none,lockout(3fails/300s),False,0.0,188
2026-01-01 12:26:01,25493314,name,qwerty123,none,lockout(3fails/300s),False,0.0,188
2026-01-01 12:26:01,25493314,login,qwerty123,none,lockout(3fails/300s),False,0.0,188
2026-01-01 12:26:01,25493314,abc,qwerty123,none,lockout(3fails/300s),False,0.0,188
2026-01-01 12:26:01,25493314,demo,qwerty123,none,lockout(3fails/300s),False,0.0,188
2026-01-01 12:26:01,25493314,student,qwerty123,none,lockout(3fails/300s),False,0.0,188
2026-01-01 12:26:01,25493314,Student_user,qwerty123,none,lockout(3fails/300s),False,0.0,188
2026-01-01 12:26:01,25493314,user_test,qwerty123,none,lockout(3fails/300s),False,0.0,188
2026-01-01 12:26:01,25493314,bluecat,qwerty123,none,lockout(3fails/300s),False,0.0,188
2026-01-01 12:26:01,25493314,student1,qwerty123,none,lockout(3fails/300s),False,0.0,188
2026-01-01 12:26:01,25493314,login_user,qwerty123,none,lockout(3fails/300s),False,0.0,188
2026-01-01 12:26:01,25493314,pythonfan,qwerty123,none,lockout(3fails/300s),False,0.0,188
2026-01-01 12:26:01,25493314,techgirl,qwerty123,none,lockout(3fails/300s),False,0.0,188
2026-01-01 12:26:01,25493314,cloud_user,qwerty123,none,lockout(3fails/300s),False,0.0,188
2026-01-01 12:26:02,25493314,gamer22,qwerty123,none,lockout(3fails/300s),False,0.0,188
2026-01-01 12:26:02,25493314,webdev,qwerty123,none,lockout(3fails/300s),False,0.0,188
2026-01-01 12:26:02,25493314,sha.sec,qwerty123,none,lockout(3fails/300s),False,0.0,188
2026-01-01 12:26:02,25493314,secure_user,qwerty123,none,lockout(3fails/300s),False,0.0,188
2026-01-01 12:26:02,25493314,cyber.auth,qwerty123,none,lockout(3fails/300s),False,0.0,188
2026-01-01 12:26:02,25493314,dev.access,qwerty123,none,lockout(3fails/300s),False,0.0,188
2026-01-01 12:26:02,25493314,root.guard,qwerty123,none,lockout(3fails/300s),False,0.0,188
2026-01-01 12:26:02,25493314,net.lock,qwerty123,none,lockout(3fails/300s),False,0.0,188
2026-01-01 12:26:02,25493314,auth.master,qwerty123,none,lockout(3fails/300s),False,0.0,188
2026-01-01 12:26:02,25493314,vault_user,qwerty123,none,lockout(3fails/300s),False,0.0,188
2026-01-01 12:26:02,25493314,system.sec,qwerty123,none,lockout(3fails/300s),False,0.0,188
2026-01-01 12:26:02,25493314,secure.login,qwerty123,none,lockout(3fails/300s),False,0.0,188
2026-01-01 12:26:02,25493314,user1,1234567890,none,lockout(3fails/300s),False,0.0,189
2026-01-01 12:26:02,25493314,admin,1234567890,none,lockout(3fails/300s),False,0.0,189
2026-01-01 12:26:02,25493314,guest,1234567890,none,lockout(3fails/300s),False,0.0,189
2026-01-01 12:26:02,25493314,test,1234567890,none,lockout(3fails/300s),False,0.0,189
2026-01-01 12:26:03,25493314,hello,1234567890,none,lockout(3fails/300s),False,0.0,189
2026-01-01 12:26:03,25493314,name,1234567890,none,lockout(3fails/300s),False,0.0,189
2026-01-01 12:26:03,25493314,login,1234567890,none,lockout(3fails/300s),False,0.0,189
2026-01-01 12:26:03,25493314,abc,1234567890,none,lockout(3fails/300s),False,0.0,189
2026-01-01 12:26:03,25493314,demo,1234567890,none,lockout(3fails/300s),False,0.0,189
2026-01-01 12:26:03,25493314,student,1234567890,none,lockout(3fails/300s),False,0.0,189
2026-01-01 12:26:03,25493314,Student_user,1234567890,none,lockout(3fails/300s),False,0.0,189
2026-01-01 12:26:03,25493314,user_test,1234567890,none,lockout(3fails/300s),False,0.0,189
2026-01-01 12:26:03,25493314,bluecat,1234567890,none,lockout(3fails/300s),False,0.0,189
2026-01-01 12:26:03,25493314,student1,1234567890,none,lockout(3fails/300s),False,0.0,189
2026-01-01 12:26:03,25493314,login_user,1234567890,none,lockout(3fails/300s),False,0.0,189
2026-01-01 12:26:03,25493314,pythonfan,1234567890,none,lockout(3fails/300s),False,0.0,189
2026-01-01 12:26:03,25493314,techgirl,1234567890,none,lockout(3fails/300s),False,0.0,189
2026-01-01 12:26:03,25493314,cloud_user,1234567890,none,lockout(3fails/300s),False,0.0,189
2026-01-01 12:26:03,25493314,gamer22,1234567890,none,lockout(3fails/300s),False,0.0,189
2026-01-01 12:26:03,25493314,webdev,1234567890,none,lockout(3fails/300s),False,0.0,189
2026-01-01 12:26:04,25493314,sha.sec,1234567890,none,lockout(3fails/300s),False,0.0,189
2026-01-01 12:26:04,25493314,secure_user,1234567890,none,lockout(3fails/300s),False,0.0,189
2026-01-01 12:26:04,25493314,cyber.auth,1234567890,none,lockout(3fails/300s),False,0.0,189
2026-01-01 12:26:04,25493314,dev.access,1234567890,none,lockout(3fails/300s),False,0.0,189
2026-01-01 12:26:04,25493314,root.guard,1234567890,none,lockout(3fails/300s),False,0.0,189
2026-01-01 12:26:04,25493314,net.lock,1234567890,none,lockout(3fails/300s),False,0.0,189
2026-01-01 12:26:04,25493314,auth.master,1234567890,none,lockout(3fails/300s),False,0.0,189
2026-01-01 12:26:04,25493314,vault_user,1234567890,none,lockout(3fails/300s),False,0.0,189
2026-01-01 12:26:04,25493314,system.sec,1234567890,none,lockout(3fails/300s),False,0.0,189
2026-01-01 12:26:04,25493314,secure.login,1234567890,none,lockout(3fails/300s),False,0.0,189
2026-01-01 12:26:04,25493314,user1,987654321,none,lockout(3fails/300s),False,0.0,190
2026-01-01 12:26:04,25493314,admin,987654321,none,lockout(3fails/300s),False,0.0,190
2026-01-01 12:26:04,25493314,guest,987654321,none,lockout(3fails/300s),False,0.0,190
2026-01-01 12:26:04,25493314,test,987654321,none,lockout(3fails/300s),False,0.0,190
2026-01-01 12:26:04,25493314,hello,987654321,none,lockout(3fails/300s),False,0.0,190
2026-01-01 12:26:04,25493314,name,987654321,none,lockout(3fails/300s),False,0.0,190
2026-01-01 12:26:05,25493314,login,987654321,none,lockout(3fails/300s),False,0.0,190
2026-01-01 12:26:05,25493314,abc,987654321,none,lockout(3fails/300s),False,0.0,190
2026-01-01 12:26:05,25493314,demo,987654321,none,lockout(3fails/300s),False,0.0,190
2026-01-01 12:26:05,25493314,student,987654321,none,lockout(3fails/300s),False,0.0,190
2026-01-01 12:26:05,25493314,Student_user,987654321,none,lockout(3fails/300s),False,0.0,190
2026-01-01 12:26:05,25493314,user_test,987654321,none,lockout(3fails/300s),False,0.0,190
2026-01-01 12:26:05,25493314,bluecat,987654321,none,lockout(3fails/300s),False,0.0,190
2026-01-01 12:26:05,25493314,student1,987654321,none,lockout(3fails/300s),False,0.0,190
2026-01-01 12:26:05,25493314,login_user,987654321,none,lockout(3fails/300s),False,0.0,190
2026-01-01 12:26:05,25493314,pythonfan,987654321,none,lockout(3fails/300s),False,0.0,190
2026-01-01 12:26:05,25493314,techgirl,987654321,none,lockout(3fails/300s),False,0.0,190
2026-01-01 12:26:05,25493314,cloud_user,987654321,none,lockout(3fails/300s),False,0.0,190
2026-01-01 12:26:05,25493314,gamer22,987654321,none,lockout(3fails/300s),False,0.0,190
2026-01-01 12:26:05,25493314,webdev,987654321,none,lockout(3fails/300s),False,0.0,190
2026-01-01 12:26:05,25493314,sha.sec,987654321,none,lockout(3fails/300s),False,0.0,190
2026-01-01 12:26:05,25493314,secure_user,987654321,none,lockout(3fails/300s),False,0.0,190
2026-01-01 12:26:05,25493314,cyber.auth,987654321,none,lockout(3fails/300s),False,0.0,190
2026-01-01 12:26:06,25493314,dev.access,987654321,none,lockout(3fails/300s),False,0.0,190
2026-01-01 12:26:06,25493314,root.guard,987654321,none,lockout(3fails/300s),False,0.0,190
2026-01-01 12:26:06,25493314,net.lock,987654321,none,lockout(3fails/300s),False,0.0,190
2026-01-01 12:26:06,25493314,auth.master,987654321,none,lockout(3fails/300s),False,0.0,190
2026-01-01 12:26:06,25493314,vault_user,987654321,none,lockout(3fails/300s),False,0.0,190
2026-01-01 12:26:06,25493314,system.sec,987654321,none,lockout(3fails/300s),False,0.0,190
2026-01-01 12:26:06,25493314,secure.login,987654321,none,lockout(3fails/300s),False,0.0,190
2026-01-01 12:26:06,25493314,user1,hello,none,lockout(3fails/300s),False,0.0,191
2026-01-01 12:26:06,25493314,admin,hello,none,lockout(3fails/300s),False,0.0,191
2026-01-01 12:26:06,25493314,guest,hello,none,lockout(3fails/300s),False,0.0,191
2026-01-01 12:26:06,25493314,test,hello,none,lockout(3fails/300s),False,0.0,191
2026-01-01 12:26:06,25493314,hello,hello,none,lockout(3fails/300s),False,0.0,191
2026-01-01 12:26:06,25493314,name,hello,none,lockout(3fails/300s),False,0.0,191
2026-01-01 12:26:06,25493314,login,hello,none,lockout(3fails/300s),False,0.0,191
2026-01-01 12:26:06,25493314,abc,hello,none,lockout(3fails/300s),False,0.0,191
2026-01-01 12:26:07,25493314,demo,hello,none,lockout(3fails/300s),False,0.0,191
2026-01-01 12:26:07,25493314,student,hello,none,lockout(3fails/300s),False,0.0,191
2026-01-01 12:26:07,25493314,Student_user,hello,none,lockout(3fails/300s),False,0.0,191
2026-01-01 12:26:07,25493314,user_test,hello,none,lockout(3fails/300s),False,0.0,191
2026-01-01 12:26:07,25493314,bluecat,hello,none,lockout(3fails/300s),False,0.0,191
2026-01-01 12:26:07,25493314,student1,hello,none,lockout(3fails/300s),False,0.0,191
2026-01-01 12:26:07,25493314,login_user,hello,none,lockout(3fails/300s),False,0.0,191
2026-01-01 12:26:07,25493314,pythonfan,hello,none,lockout(3fails/300s),False,0.0,191
2026-01-01 12:26:07,25493314,techgirl,hello,none,lockout(3fails/300s),False,0.0,191
2026-01-01 12:26:07,25493314,cloud_user,hello,none,lockout(3fails/300s),False,0.0,191
2026-01-01 12:26:07,25493314,gamer22,hello,none,lockout(3fails/300s),False,0.0,191
2026-01-01 12:26:07,25493314,webdev,hello,none,lockout(3fails/300s),False,0.0,191
2026-01-01 12:26:07,25493314,sha.sec,hello,none,lockout(3fails/300s),False,0.0,191
2026-01-01 12:26:07,25493314,secure_user,hello,none,lockout(3fails/300s),False,0.0,191
2026-01-01 12:26:07,25493314,cyber.auth,hello,none,lockout(3fails/300s),False,0.0,191
2026-01-01 12:26:07,25493314,dev.access,hello,none,lockout(3fails/300s),False,0.0,191
2026-01-01 12:26:08,25493314,root.guard,hello,none,lockout(3fails/300s),False,0.0,191
2026-01-01 12:26:08,25493314,net.lock,hello,none,lockout(3fails/300s),False,0.0,191
2026-01-01 12:26:08,25493314,auth.master,hello,none,lockout(3fails/300s),False,0.0,191
2026-01-01 12:26:08,25493314,vault_user,hello,none,lockout(3fails/300s),False,0.0,191
2026-01-01 12:26:08,25493314,system.sec,hello,none,lockout(3fails/300s),False,0.0,191
2026-01-01 12:26:08,25493314,secure.login,hello,none,lockout(3fails/300s),False,0.0,191
2026-01-01 12:26:08,25493314,user1,hello123,none,lockout(3fails/300s),False,0.0,192
2026-01-01 12:26:08,25493314,admin,hello123,none,lockout(3fails/300s),False,0.0,192
2026-01-01 12:26:08,25493314,guest,hello123,none,lockout(3fails/300s),False,0.0,192
2026-01-01 12:26:08,25493314,test,hello123,none,lockout(3fails/300s),False,0.0,192
2026-01-01 12:26:08,25493314,hello,hello123,none,lockout(3fails/300s),False,0.0,192
2026-01-01 12:26:08,25493314,name,hello123,none,lockout(3fails/300s),False,0.0,192
2026-01-01 12:26:08,25493314,login,hello123,none,lockout(3fails/300s),False,0.0,192
2026-01-01 12:26:08,25493314,abc,hello123,none,lockout(3fails/300s),False,0.0,192
2026-01-01 12:26:08,25493314,demo,hello123,none,lockout(3fails/300s),False,0.0,192
2026-01-01 12:26:08,25493314,student,hello123,none,lockout(3fails/300s),False,0.0,192
2026-01-01 12:26:09,25493314,Student_user,hello123,none,lockout(3fails/300s),False,0.0,192
2026-01-01 12:26:09,25493314,user_test,hello123,none,lockout(3fails/300s),False,0.0,192
2026-01-01 12:26:09,25493314,bluecat,hello123,none,lockout(3fails/300s),False,0.0,192
2026-01-01 12:26:09,25493314,student1,hello123,none,lockout(3fails/300s),False,0.0,192
2026-01-01 12:26:09,25493314,login_user,hello123,none,lockout(3fails/300s),False,0.0,192
2026-01-01 12:26:09,25493314,pythonfan,hello123,none,lockout(3fails/300s),False,0.0,192
2026-01-01 12:26:09,25493314,techgirl,hello123,none,lockout(3fails/300s),False,0.0,192
2026-01-01 12:26:09,25493314,cloud_user,hello123,none,lockout(3fails/300s),False,0.0,192
2026-01-01 12:26:09,25493314,gamer22,hello123,none,lockout(3fails/300s),False,0.0,192
2026-01-01 12:26:09,25493314,webdev,hello123,none,lockout(3fails/300s),False,0.0,192
2026-01-01 12:26:09,25493314,sha.sec,hello123,none,lockout(3fails/300s),False,0.0,192
2026-01-01 12:26:09,25493314,secure_user,hello123,none,lockout(3fails/300s),False,0.0,192
2026-01-01 12:26:09,25493314,cyber.auth,hello123,none,lockout(3fails/300s),False,0.0,192
2026-01-01 12:26:09,25493314,dev.access,hello123,none,lockout(3fails/300s),False,0.0,192
2026-01-01 12:26:09,25493314,root.guard,hello123,none,lockout(3fails/300s),False,0.0,192
2026-01-01 12:26:09,25493314,net.lock,hello123,none,lockout(3fails/300s),False,0.0,192
2026-01-01 12:26:10,25493314,auth.master,hello123,none,lockout(3fails/300s),False,0.0,192
2026-01-01 12:26:10,25493314,vault_user,hello123,none,lockout(3fails/300s),False,0.0,192
2026-01-01 12:26:10,25493314,system.sec,hello123,none,lockout(3fails/300s),False,0.0,192
2026-01-01 12:26:10,25493314,secure.login,hello123,none,lockout(3fails/300s),False,0.0,192
2026-01-01 12:26:10,25493314,user1,iloveyou,none,lockout(3fails/300s),False,0.0,193
2026-01-01 12:26:10,25493314,admin,iloveyou,none,lockout(3fails/300s),False,0.0,193
2026-01-01 12:26:10,25493314,guest,iloveyou,none,lockout(3fails/300s),False,0.0,193
2026-01-01 12:26:10,25493314,test,iloveyou,none,lockout(3fails/300s),False,0.0,193
2026-01-01 12:26:10,25493314,hello,iloveyou,none,lockout(3fails/300s),False,0.0,193
2026-01-01 12:26:10,25493314,name,iloveyou,none,lockout(3fails/300s),False,0.0,193
2026-01-01 12:26:10,25493314,login,iloveyou,none,lockout(3fails/300s),False,0.0,193
2026-01-01 12:26:10,25493314,abc,iloveyou,none,lockout(3fails/300s),False,0.0,193
2026-01-01 12:26:10,25493314,demo,iloveyou,none,lockout(3fails/300s),False,0.0,193
2026-01-01 12:26:10,25493314,student,iloveyou,none,lockout(3fails/300s),False,0.0,193
2026-01-01 12:26:10,25493314,Student_user,iloveyou,none,lockout(3fails/300s),False,0.0,193
2026-01-01 12:26:10,25493314,user_test,iloveyou,none,lockout(3fails/300s),False,0.0,193
2026-01-01 12:26:11,25493314,bluecat,iloveyou,none,lockout(3fails/300s),False,0.0,193
2026-01-01 12:26:11,25493314,student1,iloveyou,none,lockout(3fails/300s),False,0.0,193
2026-01-01 12:26:11,25493314,login_user,iloveyou,none,lockout(3fails/300s),False,0.0,193
2026-01-01 12:26:11,25493314,pythonfan,iloveyou,none,lockout(3fails/300s),False,0.0,193
2026-01-01 12:26:11,25493314,techgirl,iloveyou,none,lockout(3fails/300s),False,0.0,193
2026-01-01 12:26:11,25493314,cloud_user,iloveyou,none,lockout(3fails/300s),False,0.0,193
2026-01-01 12:26:11,25493314,gamer22,iloveyou,none,lockout(3fails/300s),False,0.0,193
2026-01-01 12:26:11,25493314,webdev,iloveyou,none,lockout(3fails/300s),False,0.0,193
2026-01-01 12:26:11,25493314,sha.sec,iloveyou,none,lockout(3fails/300s),False,0.0,193
2026-01-01 12:26:11,25493314,secure_user,iloveyou,none,lockout(3fails/300s),False,0.0,193
2026-01-01 12:26:11,25493314,cyber.auth,iloveyou,none,lockout(3fails/300s),False,0.0,193
2026-01-01 12:26:11,25493314,dev.access,iloveyou,none,lockout(3fails/300s),False,0.0,193
2026-01-01 12:26:11,25493314,root.guard,iloveyou,none,lockout(3fails/300s),False,0.0,193
2026-01-01 12:26:11,25493314,net.lock,iloveyou,none,lockout(3fails/300s),False,0.0,193
2026-01-01 12:26:11,25493314,auth.master,iloveyou,none,lockout(3fails/300s),False,0.0,193
2026-01-01 12:26:12,25493314,vault_user,iloveyou,none,lockout(3fails/300s),False,0.0,193
2026-01-01 12:26:12,25493314,system.sec,iloveyou,none,lockout(3fails/300s),False,0.0,193
2026-01-01 12:26:12,25493314,secure.login,iloveyou,none,lockout(3fails/300s),False,0.0,193
2026-01-01 12:26:12,25493314,user1,sunshine,none,lockout(3fails/300s),False,0.0,194
2026-01-01 12:26:12,25493314,admin,sunshine,none,lockout(3fails/300s),False,0.0,194
2026-01-01 12:26:12,25493314,guest,sunshine,none,lockout(3fails/300s),False,0.0,194
2026-01-01 12:26:12,25493314,test,sunshine,none,lockout(3fails/300s),False,0.0,194
2026-01-01 12:26:12,25493314,hello,sunshine,none,lockout(3fails/300s),False,0.0,194
2026-01-01 12:26:12,25493314,name,sunshine,none,lockout(3fails/300s),False,0.0,194
2026-01-01 12:26:12,25493314,login,sunshine,none,lockout(3fails/300s),False,0.0,194
2026-01-01 12:26:12,25493314,abc,sunshine,none,lockout(3fails/300s),False,0.0,194
2026-01-01 12:26:12,25493314,demo,sunshine,none,lockout(3fails/300s),False,0.0,194
2026-01-01 12:26:12,25493314,student,sunshine,none,lockout(3fails/300s),False,0.0,194
2026-01-01 12:26:12,25493314,Student_user,sunshine,none,lockout(3fails/300s),False,0.0,194
2026-01-01 12:26:12,25493314,user_test,sunshine,none,lockout(3fails/300s),False,0.0,194
2026-01-01 12:26:12,25493314,bluecat,sunshine,none,lockout(3fails/300s),False,0.0,194
2026-01-01 12:26:13,25493314,student1,sunshine,none,lockout(3fails/300s),False,0.0,194
2026-01-01 12:26:13,25493314,login_user,sunshine,none,lockout(3fails/300s),False,0.0,194
2026-01-01 12:26:13,25493314,pythonfan,sunshine,none,lockout(3fails/300s),False,0.0,194
2026-01-01 12:26:13,25493314,techgirl,sunshine,none,lockout(3fails/300s),False,0.0,194
2026-01-01 12:26:13,25493314,cloud_user,sunshine,none,lockout(3fails/300s),False,0.0,194
2026-01-01 12:26:13,25493314,gamer22,sunshine,none,lockout(3fails/300s),False,0.0,194
2026-01-01 12:26:13,25493314,webdev,sunshine,none,lockout(3fails/300s),False,0.0,194
2026-01-01 12:26:13,25493314,sha.sec,sunshine,none,lockout(3fails/300s),False,0.0,194
2026-01-01 12:26:13,25493314,secure_user,sunshine,none,lockout(3fails/300s),False,0.0,194
2026-01-01 12:26:13,25493314,cyber.auth,sunshine,none,lockout(3fails/300s),False,0.0,194
2026-01-01 12:26:13,25493314,dev.access,sunshine,none,lockout(3fails/300s),False,0.0,194
2026-01-01 12:26:13,25493314,root.guard,sunshine,none,lockout(3fails/300s),False,0.0,194
2026-01-01 12:26:13,25493314,net.lock,sunshine,none,lockout(3fails/300s),False,0.0,194
2026-01-01 12:26:13,25493314,auth.master,sunshine,none,lockout(3fails/300s),False,0.0,194
2026-01-01 12:26:13,25493314,vault_user,sunshine,none,lockout(3fails/300s),False,0.0,194
2026-01-01 12:26:14,25493314,system.sec,sunshine,none,lockout(3fails/300s),False,0.0,194
2026-01-01 12:26:14,25493314,secure.login,sunshine,none,lockout(3fails/300s),False,0.0,194
2026-01-01 12:26:14,25493314,user1,princess,none,lockout(3fails/300s),False,0.0,195
2026-01-01 12:26:14,25493314,admin,princess,none,lockout(3fails/300s),False,0.0,195
2026-01-01 12:26:14,25493314,guest,princess,none,lockout(3fails/300s),False,0.0,195
2026-01-01 12:26:14,25493314,test,princess,none,lockout(3fails/300s),False,0.0,195
2026-01-01 12:26:14,25493314,hello,princess,none,lockout(3fails/300s),False,0.0,195
2026-01-01 12:26:14,25493314,name,princess,none,lockout(3fails/300s),False,0.0,195
2026-01-01 12:26:14,25493314,login,princess,none,lockout(3fails/300s),False,0.0,195
2026-01-01 12:26:14,25493314,abc,princess,none,lockout(3fails/300s),False,0.0,195
2026-01-01 12:26:14,25493314,demo,princess,none,lockout(3fails/300s),False,0.0,195
2026-01-01 12:26:14,25493314,student,princess,none,lockout(3fails/300s),False,0.0,195
2026-01-01 12:26:14,25493314,Student_user,princess,none,lockout(3fails/300s),False,0.0,195
2026-01-01 12:26:14,25493314,user_test,princess,none,lockout(3fails/300s),False,0.0,195
2026-01-01 12:26:14,25493314,bluecat,princess,none,lockout(3fails/300s),False,0.0,195
2026-01-01 12:26:14,25493314,student1,princess,none,lockout(3fails/300s),False,0.0,195
2026-01-01 12:26:15,25493314,login_user,princess,none,lockout(3fails/300s),False,0.0,195
2026-01-01 12:26:15,25493314,pythonfan,princess,none,lockout(3fails/300s),False,0.0,195
2026-01-01 12:26:15,25493314,techgirl,princess,none,lockout(3fails/300s),False,0.0,195
2026-01-01 12:26:15,25493314,cloud_user,princess,none,lockout(3fails/300s),False,0.0,195
2026-01-01 12:26:15,25493314,gamer22,princess,none,lockout(3fails/300s),False,0.0,195
2026-01-01 12:26:15,25493314,webdev,princess,none,lockout(3fails/300s),False,0.0,195
2026-01-01 12:26:15,25493314,sha.sec,princess,none,lockout(3fails/300s),False,0.0,195
2026-01-01 12:26:15,25493314,secure_user,princess,none,lockout(3fails/300s),False,0.0,195
2026-01-01 12:26:15,25493314,cyber.auth,princess,none,lockout(3fails/300s),False,0.0,195
2026-01-01 12:26:15,25493314,dev.access,princess,none,lockout(3fails/300s),False,0.0,195
2026-01-01 12:26:15,25493314,root.guard,princess,none,lockout(3fails/300s),False,0.0,195
2026-01-01 12:26:15,25493314,net.lock,princess,none,lockout(3fails/300s),False,0.0,195
2026-01-01 12:26:15,25493314,auth.master,princess,none,lockout(3fails/300s),False,0.0,195
2026-01-01 12:26:15,25493314,vault_user,princess,none,lockout(3fails/300s),False,0.0,195
2026-01-01 12:26:15,25493314,system.sec,princess,none,lockout(3fails/300s),False,0.0,195
2026-01-01 12:26:15,25493314,secure.login,princess,none,lockout(3fails/300s),False,0.0,195
2026-01-01 12:26:16,25493314,user1,Password1,none,lockout(3fails/300s),False,0.0,196
2026-01-01 12:26:16,25493314,admin,Password1,none,lockout(3fails/300s),False,0.0,196
2026-01-01 12:26:16,25493314,guest,Password1,none,lockout(3fails/300s),False,0.0,196
2026-01-01 12:26:16,25493314,test,Password1,none,lockout(3fails/300s),False,0.0,196
2026-01-01 12:26:16,25493314,hello,Password1,none,lockout(3fails/300s),False,0.0,196
2026-01-01 12:26:16,25493314,name,Password1,none,lockout(3fails/300s),False,0.0,196
2026-01-01 12:26:16,25493314,login,Password1,none,lockout(3fails/300s),False,0.0,196
2026-01-01 12:26:16,25493314,abc,Password1,none,lockout(3fails/300s),False,0.0,196
2026-01-01 12:26:16,25493314,demo,Password1,none,lockout(3fails/300s),False,0.0,196
2026-01-01 12:26:16,25493314,student,Password1,none,lockout(3fails/300s),False,0.0,196
2026-01-01 12:26:16,25493314,Student_user,Password1,none,lockout(3fails/300s),False,0.0,196
2026-01-01 12:26:16,25493314,user_test,Password1,none,lockout(3fails/300s),False,0.0,196
2026-01-01 12:26:16,25493314,bluecat,Password1,none,lockout(3fails/300s),False,0.0,196
2026-01-01 12:26:16,25493314,student1,Password1,none,lockout(3fails/300s),False,0.0,196
2026-01-01 12:26:16,25493314,login_user,Password1,none,lockout(3fails/300s),False,0.0,196
2026-01-01 12:26:16,25493314,pythonfan,Password1,none,lockout(3fails/300s),False,0.0,196
2026-01-01 12:26:17,25493314,techgirl,Password1,none,lockout(3fails/300s),False,0.0,196
2026-01-01 12:26:17,25493314,cloud_user,Password1,none,lockout(3fails/300s),False,0.0,196
2026-01-01 12:26:17,25493314,gamer22,Password1,none,lockout(3fails/300s),False,0.0,196
2026-01-01 12:26:17,25493314,webdev,Password1,none,lockout(3fails/300s),False,0.0,196
2026-01-01 12:26:17,25493314,sha.sec,Password1,none,lockout(3fails/300s),False,0.0,196
2026-01-01 12:26:17,25493314,secure_user,Password1,none,lockout(3fails/300s),False,0.0,196
2026-01-01 12:26:17,25493314,cyber.auth,Password1,none,lockout(3fails/300s),False,0.0,196
2026-01-01 12:26:17,25493314,dev.access,Password1,none,lockout(3fails/300s),False,0.0,196
2026-01-01 12:26:17,25493314,root.guard,Password1,none,lockout(3fails/300s),False,0.0,196
2026-01-01 12:26:17,25493314,net.lock,Password1,none,lockout(3fails/300s),False,0.0,196
2026-01-01 12:26:17,25493314,auth.master,Password1,none,lockout(3fails/300s),False,0.0,196
2026-01-01 12:26:17,25493314,vault_user,Password1,none,lockout(3fails/300s),False,0.0,196
2026-01-01 12:26:17,25493314,system.sec,Password1,none,lockout(3fails/300s),False,0.0,196
2026-01-01 12:26:17,25493314,secure.login,Password1,none,lockout(3fails/300s),False,0.0,196
2026-01-01 12:26:17,25493314,user1,Password123,none,lockout(3fails/300s),False,0.0,197
2026-01-01 12:26:18,25493314,admin,Password123,none,lockout(3fails/300s),False,0.0,197
2026-01-01 12:26:18,25493314,guest,Password123,none,lockout(3fails/300s),False,0.0,197
2026-01-01 12:26:18,25493314,test,Password123,none,lockout(3fails/300s),False,0.0,197
2026-01-01 12:26:18,25493314,hello,Password123,none,lockout(3fails/300s),False,0.0,197
2026-01-01 12:26:18,25493314,name,Password123,none,lockout(3fails/300s),False,0.0,197
2026-01-01 12:26:18,25493314,login,Password123,none,lockout(3fails/300s),False,0.0,197
2026-01-01 12:26:18,25493314,abc,Password123,none,lockout(3fails/300s),False,0.0,197
2026-01-01 12:26:18,25493314,demo,Password123,none,lockout(3fails/300s),False,0.0,197
2026-01-01 12:26:18,25493314,student,Password123,none,lockout(3fails/300s),False,0.0,197
2026-01-01 12:26:18,25493314,Student_user,Password123,none,lockout(3fails/300s),False,0.0,197
2026-01-01 12:26:18,25493314,user_test,Password123,none,lockout(3fails/300s),False,0.0,197
2026-01-01 12:26:18,25493314,bluecat,Password123,none,lockout(3fails/300s),False,0.0,197
2026-01-01 12:26:18,25493314,student1,Password123,none,lockout(3fails/300s),False,0.0,197
2026-01-01 12:26:18,25493314,login_user,Password123,none,lockout(3fails/300s),False,0.0,197
2026-01-01 12:26:18,25493314,pythonfan,Password123,none,lockout(3fails/300s),False,0.0,197
2026-01-01 12:26:18,25493314,techgirl,Password123,none,lockout(3fails/300s),False,0.0,197
2026-01-01 12:26:19,25493314,cloud_user,Password123,none,lockout(3fails/300s),False,0.01,197
2026-01-01 12:26:19,25493314,gamer22,Password123,none,lockout(3fails/300s),False,0.0,197
2026-01-01 12:26:19,25493314,webdev,Password123,none,lockout(3fails/300s),False,0.0,197
2026-01-01 12:26:19,25493314,sha.sec,Password123,none,lockout(3fails/300s),False,0.0,197
2026-01-01 12:26:19,25493314,secure_user,Password123,none,lockout(3fails/300s),False,0.0,197
2026-01-01 12:26:19,25493314,cyber.auth,Password123,none,lockout(3fails/300s),False,0.0,197
2026-01-01 12:26:19,25493314,dev.access,Password123,none,lockout(3fails/300s),False,0.0,197
2026-01-01 12:26:19,25493314,root.guard,Password123,none,lockout(3fails/300s),False,0.0,197
2026-01-01 12:26:19,25493314,net.lock,Password123,none,lockout(3fails/300s),False,0.0,197
2026-01-01 12:26:19,25493314,auth.master,Password123,none,lockout(3fails/300s),False,0.0,197
2026-01-01 12:26:19,25493314,vault_user,Password123,none,lockout(3fails/300s),False,0.0,197
2026-01-01 12:26:19,25493314,system.sec,Password123,none,lockout(3fails/300s),False,0.0,197
2026-01-01 12:26:19,25493314,secure.login,Password123,none,lockout(3fails/300s),False,0.0,197
2026-01-01 12:26:19,25493314,user1,Admin123,none,lockout(3fails/300s),False,0.0,198
2026-01-01 12:26:19,25493314,admin,Admin123,none,lockout(3fails/300s),False,0.0,198
2026-01-01 12:26:19,25493314,guest,Admin123,none,lockout(3fails/300s),False,0.0,198
2026-01-01 12:26:20,25493314,test,Admin123,none,lockout(3fails/300s),False,0.0,198
2026-01-01 12:26:20,25493314,hello,Admin123,none,lockout(3fails/300s),False,0.0,198
2026-01-01 12:26:20,25493314,name,Admin123,none,lockout(3fails/300s),False,0.0,198
2026-01-01 12:26:20,25493314,login,Admin123,none,lockout(3fails/300s),False,0.0,198
2026-01-01 12:26:20,25493314,abc,Admin123,none,lockout(3fails/300s),False,0.0,198
2026-01-01 12:26:20,25493314,demo,Admin123,none,lockout(3fails/300s),False,0.0,198
2026-01-01 12:26:20,25493314,student,Admin123,none,lockout(3fails/300s),False,0.0,198
2026-01-01 12:26:20,25493314,Student_user,Admin123,none,lockout(3fails/300s),False,0.0,198
2026-01-01 12:26:20,25493314,user_test,Admin123,none,lockout(3fails/300s),False,0.0,198
2026-01-01 12:26:20,25493314,bluecat,Admin123,none,lockout(3fails/300s),False,0.0,198
2026-01-01 12:26:20,25493314,student1,Admin123,none,lockout(3fails/300s),False,0.0,198
2026-01-01 12:26:20,25493314,login_user,Admin123,none,lockout(3fails/300s),False,0.0,198
2026-01-01 12:26:20,25493314,pythonfan,Admin123,none,lockout(3fails/300s),False,0.0,198
2026-01-01 12:26:20,25493314,techgirl,Admin123,none,lockout(3fails/300s),False,0.0,198
2026-01-01 12:26:20,25493314,cloud_user,Admin123,none,lockout(3fails/300s),False,0.0,198
2026-01-01 12:26:20,25493314,gamer22,Admin123,none,lockout(3fails/300s),False,0.0,198
2026-01-01 12:26:21,25493314,webdev,Admin123,none,lockout(3fails/300s),False,0.0,198
2026-01-01 12:26:21,25493314,sha.sec,Admin123,none,lockout(3fails/300s),False,0.0,198
2026-01-01 12:26:21,25493314,secure_user,Admin123,none,lockout(3fails/300s),False,0.0,198
2026-01-01 12:26:21,25493314,cyber.auth,Admin123,none,lockout(3fails/300s),False,0.0,198
2026-01-01 12:26:21,25493314,dev.access,Admin123,none,lockout(3fails/300s),False,0.0,198
2026-01-01 12:26:21,25493314,root.guard,Admin123,none,lockout(3fails/300s),False,0.0,198
2026-01-01 12:26:21,25493314,net.lock,Admin123,none,lockout(3fails/300s),False,0.0,198
2026-01-01 12:26:21,25493314,auth.master,Admin123,none,lockout(3fails/300s),False,0.0,198
2026-01-01 12:26:21,25493314,vault_user,Admin123,none,lockout(3fails/300s),False,0.0,198
2026-01-01 12:26:21,25493314,system.sec,Admin123,none,lockout(3fails/300s),False,0.0,198
2026-01-01 12:26:21,25493314,secure.login,Admin123,none,lockout(3fails/300s),False,0.0,198
2026-01-01 12:26:21,25493314,user1,Welcome1,none,lockout(3fails/300s),False,0.0,199
2026-01-01 12:26:21,25493314,admin,Welcome1,none,lockout(3fails/300s),False,0.0,199
2026-01-01 12:26:21,25493314,guest,Welcome1,none,lockout(3fails/300s),False,0.0,199
2026-01-01 12:26:21,25493314,test,Welcome1,none,lockout(3fails/300s),False,0.0,199
2026-01-01 12:26:22,25493314,hello,Welcome1,none,lockout(3fails/300s),False,0.0,199
2026-01-01 12:26:22,25493314,name,Welcome1,none,lockout(3fails/300s),False,0.01,199
2026-01-01 12:26:22,25493314,login,Welcome1,none,lockout(3fails/300s),False,0.0,199
2026-01-01 12:26:22,25493314,abc,Welcome1,none,lockout(3fails/300s),False,0.0,199
2026-01-01 12:26:22,25493314,demo,Welcome1,none,lockout(3fails/300s),False,0.0,199
2026-01-01 12:26:22,25493314,student,Welcome1,none,lockout(3fails/300s),False,0.0,199
2026-01-01 12:26:22,25493314,Student_user,Welcome1,none,lockout(3fails/300s),False,0.0,199
2026-01-01 12:26:22,25493314,user_test,Welcome1,none,lockout(3fails/300s),False,0.0,199
2026-01-01 12:26:22,25493314,bluecat,Welcome1,none,lockout(3fails/300s),False,0.0,199
2026-01-01 12:26:22,25493314,student1,Welcome1,none,lockout(3fails/300s),False,0.0,199
2026-01-01 12:26:22,25493314,login_user,Welcome1,none,lockout(3fails/300s),False,0.0,199
2026-01-01 12:26:22,25493314,pythonfan,Welcome1,none,lockout(3fails/300s),False,0.0,199
2026-01-01 12:26:22,25493314,techgirl,Welcome1,none,lockout(3fails/300s),False,0.0,199
2026-01-01 12:26:22,25493314,cloud_user,Welcome1,none,lockout(3fails/300s),False,0.0,199
2026-01-01 12:26:22,25493314,gamer22,Welcome1,none,lockout(3fails/300s),False,0.0,199
2026-01-01 12:26:22,25493314,webdev,Welcome1,none,lockout(3fails/300s),False,0.0,199
2026-01-01 12:26:23,25493314,sha.sec,Welcome1,none,lockout(3fails/300s),False,0.0,199
2026-01-01 12:26:23,25493314,secure_user,Welcome1,none,lockout(3fails/300s),False,0.0,199
2026-01-01 12:26:23,25493314,cyber.auth,Welcome1,none,lockout(3fails/300s),False,0.0,199
2026-01-01 12:26:23,25493314,dev.access,Welcome1,none,lockout(3fails/300s),False,0.0,199
2026-01-01 12:26:23,25493314,root.guard,Welcome1,none,lockout(3fails/300s),False,0.0,199
2026-01-01 12:26:23,25493314,net.lock,Welcome1,none,lockout(3fails/300s),False,0.0,199
2026-01-01 12:26:23,25493314,auth.master,Welcome1,none,lockout(3fails/300s),False,0.0,199
2026-01-01 12:26:23,25493314,vault_user,Welcome1,none,lockout(3fails/300s),False,0.0,199
2026-01-01 12:26:23,25493314,system.sec,Welcome1,none,lockout(3fails/300s),False,0.0,199
2026-01-01 12:26:23,25493314,secure.login,Welcome1,none,lockout(3fails/300s),False,0.0,199
2026-01-01 12:26:23,25493314,user1,Student123,none,lockout(3fails/300s),False,0.0,200
2026-01-01 12:26:23,25493314,admin,Student123,none,lockout(3fails/300s),False,0.0,200
2026-01-01 12:26:23,25493314,guest,Student123,none,lockout(3fails/300s),False,0.0,200
2026-01-01 12:26:23,25493314,test,Student123,none,lockout(3fails/300s),False,0.0,200
2026-01-01 12:26:23,25493314,hello,Student123,none,lockout(3fails/300s),False,0.0,200
2026-01-01 12:26:23,25493314,name,Student123,none,lockout(3fails/300s),False,0.0,200
2026-01-01 12:26:24,25493314,login,Student123,none,lockout(3fails/300s),False,0.0,200
2026-01-01 12:26:24,25493314,abc,Student123,none,lockout(3fails/300s),False,0.0,200
2026-01-01 12:26:24,25493314,demo,Student123,none,lockout(3fails/300s),False,0.0,200
2026-01-01 12:26:24,25493314,student,Student123,none,lockout(3fails/300s),False,0.0,200
2026-01-01 12:26:24,25493314,Student_user,Student123,none,lockout(3fails/300s),False,0.0,200
2026-01-01 12:26:24,25493314,user_test,Student123,none,lockout(3fails/300s),False,0.0,200
2026-01-01 12:26:24,25493314,bluecat,Student123,none,lockout(3fails/300s),False,0.0,200
2026-01-01 12:26:24,25493314,student1,Student123,none,lockout(3fails/300s),False,0.0,200
2026-01-01 12:26:24,25493314,login_user,Student123,none,lockout(3fails/300s),False,0.0,200
2026-01-01 12:26:24,25493314,pythonfan,Student123,none,lockout(3fails/300s),False,0.0,200
2026-01-01 12:26:24,25493314,techgirl,Student123,none,lockout(3fails/300s),False,0.0,200
2026-01-01 12:26:24,25493314,cloud_user,Student123,none,lockout(3fails/300s),False,0.0,200
2026-01-01 12:26:24,25493314,gamer22,Student123,none,lockout(3fails/300s),False,0.0,200
2026-01-01 12:26:24,25493314,webdev,Student123,none,lockout(3fails/300s),False,0.0,200
2026-01-01 12:26:24,25493314,sha.sec,Student123,none,lockout(3fails/300s),False,0.0,200
2026-01-01 12:26:25,25493314,secure_user,Student123,none,lockout(3fails/300s),False,0.0,200
2026-01-01 12:26:25,25493314,cyber.auth,Student123,none,lockout(3fails/300s),False,0.0,200
2026-01-01 12:26:25,25493314,dev.access,Student123,none,lockout(3fails/300s),False,0.0,200
2026-01-01 12:26:25,25493314,root.guard,Student123,none,lockout(3fails/300s),False,0.0,200
2026-01-01 12:26:25,25493314,net.lock,Student123,none,lockout(3fails/300s),False,0.0,200
2026-01-01 12:26:25,25493314,auth.master,Student123,none,lockout(3fails/300s),False,0.0,200
2026-01-01 12:26:25,25493314,vault_user,Student123,none,lockout(3fails/300s),False,0.0,200
2026-01-01 12:26:25,25493314,system.sec,Student123,none,lockout(3fails/300s),False,0.0,200
2026-01-01 12:26:25,25493314,secure.login,Student123,none,lockout(3fails/300s),False,0.0,200
2026-01-01 12:26:25,25493314,user1,Student99,none,lockout(3fails/300s),False,0.0,201
2026-01-01 12:26:25,25493314,admin,Student99,none,lockout(3fails/300s),False,0.0,201
2026-01-01 12:26:25,25493314,guest,Student99,none,lockout(3fails/300s),False,0.0,201
2026-01-01 12:26:25,25493314,test,Student99,none,lockout(3fails/300s),False,0.0,201
2026-01-01 12:26:25,25493314,hello,Student99,none,lockout(3fails/300s),False,0.0,201
2026-01-01 12:26:25,25493314,name,Student99,none,lockout(3fails/300s),False,0.0,201
2026-01-01 12:26:26,25493314,login,Student99,none,lockout(3fails/300s),False,0.0,201
2026-01-01 12:26:26,25493314,abc,Student99,none,lockout(3fails/300s),False,0.0,201
2026-01-01 12:26:26,25493314,demo,Student99,none,lockout(3fails/300s),False,0.0,201
2026-01-01 12:26:26,25493314,student,Student99,none,lockout(3fails/300s),False,0.0,201
2026-01-01 12:26:26,25493314,Student_user,Student99,none,lockout(3fails/300s),False,0.0,201
2026-01-01 12:26:26,25493314,user_test,Student99,none,lockout(3fails/300s),False,0.0,201
2026-01-01 12:26:26,25493314,bluecat,Student99,none,lockout(3fails/300s),False,0.0,201
2026-01-01 12:26:26,25493314,student1,Student99,none,lockout(3fails/300s),False,0.0,201
2026-01-01 12:26:26,25493314,login_user,Student99,none,lockout(3fails/300s),False,0.0,201
2026-01-01 12:26:26,25493314,pythonfan,Student99,none,lockout(3fails/300s),False,0.0,201
2026-01-01 12:26:26,25493314,techgirl,Student99,none,lockout(3fails/300s),False,0.0,201
2026-01-01 12:26:26,25493314,cloud_user,Student99,none,lockout(3fails/300s),False,0.0,201
2026-01-01 12:26:26,25493314,gamer22,Student99,none,lockout(3fails/300s),False,0.0,201
2026-01-01 12:26:26,25493314,webdev,Student99,none,lockout(3fails/300s),False,0.0,201
2026-01-01 12:26:26,25493314,sha.sec,Student99,none,lockout(3fails/300s),False,0.0,201
2026-01-01 12:26:26,25493314,secure_user,Student99,none,lockout(3fails/300s),False,0.0,201
2026-01-01 12:26:27,25493314,cyber.auth,Student99,none,lockout(3fails/300s),False,0.0,201
2026-01-01 12:26:27,25493314,dev.access,Student99,none,lockout(3fails/300s),False,0.0,201
2026-01-01 12:26:27,25493314,root.guard,Student99,none,lockout(3fails/300s),False,0.0,201
2026-01-01 12:26:27,25493314,net.lock,Student99,none,lockout(3fails/300s),False,0.0,201
2026-01-01 12:26:27,25493314,auth.master,Student99,none,lockout(3fails/300s),False,0.0,201
2026-01-01 12:26:27,25493314,vault_user,Student99,none,lockout(3fails/300s),False,0.0,201
2026-01-01 12:26:27,25493314,system.sec,Student99,none,lockout(3fails/300s),False,0.01,201
2026-01-01 12:26:27,25493314,secure.login,Student99,none,lockout(3fails/300s),False,0.0,201
2026-01-01 12:26:27,25493314,user1,Test2024,none,lockout(3fails/300s),False,0.0,202
2026-01-01 12:26:27,25493314,admin,Test2024,none,lockout(3fails/300s),False,0.0,202
2026-01-01 12:26:27,25493314,guest,Test2024,none,lockout(3fails/300s),False,0.0,202
2026-01-01 12:26:27,25493314,test,Test2024,none,lockout(3fails/300s),False,0.0,202
2026-01-01 12:26:27,25493314,hello,Test2024,none,lockout(3fails/300s),False,0.0,202
2026-01-01 12:26:27,25493314,name,Test2024,none,lockout(3fails/300s),False,0.0,202
2026-01-01 12:26:27,25493314,login,Test2024,none,lockout(3fails/300s),False,0.0,202
2026-01-01 12:26:28,25493314,abc,Test2024,none,lockout(3fails/300s),False,0.0,202
2026-01-01 12:26:28,25493314,demo,Test2024,none,lockout(3fails/300s),False,0.0,202
2026-01-01 12:26:28,25493314,student,Test2024,none,lockout(3fails/300s),False,0.0,202
2026-01-01 12:26:28,25493314,Student_user,Test2024,none,lockout(3fails/300s),False,0.0,202
2026-01-01 12:26:28,25493314,user_test,Test2024,none,lockout(3fails/300s),False,0.0,202
2026-01-01 12:26:28,25493314,bluecat,Test2024,none,lockout(3fails/300s),False,0.0,202
2026-01-01 12:26:28,25493314,student1,Test2024,none,lockout(3fails/300s),False,0.0,202
2026-01-01 12:26:28,25493314,login_user,Test2024,none,lockout(3fails/300s),False,0.0,202
2026-01-01 12:26:28,25493314,pythonfan,Test2024,none,lockout(3fails/300s),False,0.0,202
2026-01-01 12:26:28,25493314,techgirl,Test2024,none,lockout(3fails/300s),False,0.0,202
2026-01-01 12:26:28,25493314,cloud_user,Test2024,none,lockout(3fails/300s),False,0.0,202
2026-01-01 12:26:28,25493314,gamer22,Test2024,none,lockout(3fails/300s),False,0.0,202
2026-01-01 12:26:28,25493314,webdev,Test2024,none,lockout(3fails/300s),False,0.0,202
2026-01-01 12:26:28,25493314,sha.sec,Test2024,none,lockout(3fails/300s),False,0.0,202
2026-01-01 12:26:28,25493314,secure_user,Test2024,none,lockout(3fails/300s),False,0.0,202
2026-01-01 12:26:29,25493314,cyber.auth,Test2024,none,lockout(3fails/300s),False,0.0,202
2026-01-01 12:26:29,25493314,dev.access,Test2024,none,lockout(3fails/300s),False,0.0,202
2026-01-01 12:26:29,25493314,root.guard,Test2024,none,lockout(3fails/300s),False,0.0,202
2026-01-01 12:26:29,25493314,net.lock,Test2024,none,lockout(3fails/300s),False,0.0,202
2026-01-01 12:26:29,25493314,auth.master,Test2024,none,lockout(3fails/300s),False,0.0,202
2026-01-01 12:26:29,25493314,vault_user,Test2024,none,lockout(3fails/300s),False,0.0,202
2026-01-01 12:26:29,25493314,system.sec,Test2024,none,lockout(3fails/300s),False,0.0,202
2026-01-01 12:26:29,25493314,secure.login,Test2024,none,lockout(3fails/300s),False,0.0,202
2026-01-01 12:26:29,25493314,user1,Login456,none,lockout(3fails/300s),False,0.0,203
2026-01-01 12:26:29,25493314,admin,Login456,none,lockout(3fails/300s),False,0.0,203
2026-01-01 12:26:29,25493314,guest,Login456,none,lockout(3fails/300s),False,0.0,203
2026-01-01 12:26:29,25493314,test,Login456,none,lockout(3fails/300s),False,0.0,203
2026-01-01 12:26:29,25493314,hello,Login456,none,lockout(3fails/300s),False,0.0,203
2026-01-01 12:26:29,25493314,name,Login456,none,lockout(3fails/300s),False,0.0,203
2026-01-01 12:26:29,25493314,login,Login456,none,lockout(3fails/300s),False,0.0,203
2026-01-01 12:26:29,25493314,abc,Login456,none,lockout(3fails/300s),False,0.0,203
2026-01-01 12:26:30,25493314,demo,Login456,none,lockout(3fails/300s),False,0.0,203
2026-01-01 12:26:30,25493314,student,Login456,none,lockout(3fails/300s),False,0.0,203
2026-01-01 12:26:30,25493314,Student_user,Login456,none,lockout(3fails/300s),False,0.0,203
2026-01-01 12:26:30,25493314,user_test,Login456,none,lockout(3fails/300s),False,0.0,203
2026-01-01 12:26:30,25493314,bluecat,Login456,none,lockout(3fails/300s),False,0.0,203
2026-01-01 12:26:30,25493314,student1,Login456,none,lockout(3fails/300s),False,0.0,203
2026-01-01 12:26:30,25493314,login_user,Login456,none,lockout(3fails/300s),False,0.0,203
2026-01-01 12:26:30,25493314,pythonfan,Login456,none,lockout(3fails/300s),False,0.0,203
2026-01-01 12:26:30,25493314,techgirl,Login456,none,lockout(3fails/300s),False,0.0,203
2026-01-01 12:26:30,25493314,cloud_user,Login456,none,lockout(3fails/300s),False,0.0,203
2026-01-01 12:26:30,25493314,gamer22,Login456,none,lockout(3fails/300s),False,0.0,203
2026-01-01 12:26:30,25493314,webdev,Login456,none,lockout(3fails/300s),False,0.0,203
2026-01-01 12:26:30,25493314,sha.sec,Login456,none,lockout(3fails/300s),False,0.0,203
2026-01-01 12:26:30,25493314,secure_user,Login456,none,lockout(3fails/300s),False,0.0,203
2026-01-01 12:26:30,25493314,cyber.auth,Login456,none,lockout(3fails/300s),False,0.0,203
2026-01-01 12:26:31,25493314,dev.access,Login456,none,lockout(3fails/300s),False,0.0,203
2026-01-01 12:26:31,25493314,root.guard,Login456,none,lockout(3fails/300s),False,0.0,203
2026-01-01 12:26:31,25493314,net.lock,Login456,none,lockout(3fails/300s),False,0.0,203
2026-01-01 12:26:31,25493314,auth.master,Login456,none,lockout(3fails/300s),False,0.0,203
2026-01-01 12:26:31,25493314,vault_user,Login456,none,lockout(3fails/300s),False,0.0,203
2026-01-01 12:26:31,25493314,system.sec,Login456,none,lockout(3fails/300s),False,0.0,203
2026-01-01 12:26:31,25493314,secure.login,Login456,none,lockout(3fails/300s),False,0.0,203
2026-01-01 12:26:31,25493314,user1,Python101,none,lockout(3fails/300s),False,0.0,204
2026-01-01 12:26:31,25493314,admin,Python101,none,lockout(3fails/300s),False,0.0,204
2026-01-01 12:26:31,25493314,guest,Python101,none,lockout(3fails/300s),False,0.0,204
2026-01-01 12:26:31,25493314,test,Python101,none,lockout(3fails/300s),False,0.0,204
2026-01-01 12:26:31,25493314,hello,Python101,none,lockout(3fails/300s),False,0.0,204
2026-01-01 12:26:31,25493314,name,Python101,none,lockout(3fails/300s),False,0.0,204
2026-01-01 12:26:31,25493314,login,Python101,none,lockout(3fails/300s),False,0.0,204
2026-01-01 12:26:31,25493314,abc,Python101,none,lockout(3fails/300s),False,0.0,204
2026-01-01 12:26:32,25493314,demo,Python101,none,lockout(3fails/300s),False,0.0,204
2026-01-01 12:26:32,25493314,student,Python101,none,lockout(3fails/300s),False,0.0,204
2026-01-01 12:26:32,25493314,Student_user,Python101,none,lockout(3fails/300s),False,0.0,204
2026-01-01 12:26:32,25493314,user_test,Python101,none,lockout(3fails/300s),False,0.0,204
2026-01-01 12:26:32,25493314,bluecat,Python101,none,lockout(3fails/300s),False,0.0,204
2026-01-01 12:26:32,25493314,student1,Python101,none,lockout(3fails/300s),False,0.0,204
2026-01-01 12:26:32,25493314,login_user,Python101,none,lockout(3fails/300s),False,0.0,204
2026-01-01 12:26:32,25493314,pythonfan,Python101,none,lockout(3fails/300s),False,0.0,204
2026-01-01 12:26:32,25493314,techgirl,Python101,none,lockout(3fails/300s),False,0.0,204
2026-01-01 12:26:32,25493314,cloud_user,Python101,none,lockout(3fails/300s),False,0.0,204
2026-01-01 12:26:32,25493314,gamer22,Python101,none,lockout(3fails/300s),False,0.0,204
2026-01-01 12:26:32,25493314,webdev,Python101,none,lockout(3fails/300s),False,0.0,204
2026-01-01 12:26:32,25493314,sha.sec,Python101,none,lockout(3fails/300s),False,0.0,204
2026-01-01 12:26:32,25493314,secure_user,Python101,none,lockout(3fails/300s),False,0.0,204
2026-01-01 12:26:32,25493314,cyber.auth,Python101,none,lockout(3fails/300s),False,0.0,204
2026-01-01 12:26:33,25493314,dev.access,Python101,none,lockout(3fails/300s),False,0.0,204
2026-01-01 12:26:33,25493314,root.guard,Python101,none,lockout(3fails/300s),False,0.0,204
2026-01-01 12:26:33,25493314,net.lock,Python101,none,lockout(3fails/300s),False,0.0,204
2026-01-01 12:26:33,25493314,auth.master,Python101,none,lockout(3fails/300s),False,0.0,204
2026-01-01 12:26:33,25493314,vault_user,Python101,none,lockout(3fails/300s),False,0.0,204
2026-01-01 12:26:33,25493314,system.sec,Python101,none,lockout(3fails/300s),False,0.0,204
2026-01-01 12:26:33,25493314,secure.login,Python101,none,lockout(3fails/300s),False,0.0,204
2026-01-01 12:26:33,25493314,user1,demo,none,lockout(3fails/300s),False,0.0,205
2026-01-01 12:26:33,25493314,admin,demo,none,lockout(3fails/300s),False,0.0,205
2026-01-01 12:26:33,25493314,guest,demo,none,lockout(3fails/300s),False,0.0,205
2026-01-01 12:26:33,25493314,test,demo,none,lockout(3fails/300s),False,0.0,205
2026-01-01 12:26:33,25493314,hello,demo,none,lockout(3fails/300s),False,0.0,205
2026-01-01 12:26:33,25493314,name,demo,none,lockout(3fails/300s),False,0.0,205
2026-01-01 12:26:33,25493314,login,demo,none,lockout(3fails/300s),False,0.0,205
2026-01-01 12:26:33,25493314,abc,demo,none,lockout(3fails/300s),False,0.0,205
2026-01-01 12:26:33,25493314,demo,demo,none,lockout(3fails/300s),False,0.0,205
2026-01-01 12:26:34,25493314,student,demo,none,lockout(3fails/300s),False,0.0,205
2026-01-01 12:26:34,25493314,Student_user,demo,none,lockout(3fails/300s),False,0.0,205
2026-01-01 12:26:34,25493314,user_test,demo,none,lockout(3fails/300s),False,0.0,205
2026-01-01 12:26:34,25493314,bluecat,demo,none,lockout(3fails/300s),False,0.0,205
2026-01-01 12:26:34,25493314,student1,demo,none,lockout(3fails/300s),False,0.0,205
2026-01-01 12:26:34,25493314,login_user,demo,none,lockout(3fails/300s),False,0.0,205
2026-01-01 12:26:34,25493314,pythonfan,demo,none,lockout(3fails/300s),False,0.0,205
2026-01-01 12:26:34,25493314,techgirl,demo,none,lockout(3fails/300s),False,0.0,205
2026-01-01 12:26:34,25493314,cloud_user,demo,none,lockout(3fails/300s),False,0.0,205
2026-01-01 12:26:34,25493314,gamer22,demo,none,lockout(3fails/300s),False,0.0,205
2026-01-01 12:26:34,25493314,webdev,demo,none,lockout(3fails/300s),False,0.0,205
2026-01-01 12:26:34,25493314,sha.sec,demo,none,lockout(3fails/300s),False,0.0,205
2026-01-01 12:26:34,25493314,secure_user,demo,none,lockout(3fails/300s),False,0.0,205
2026-01-01 12:26:34,25493314,cyber.auth,demo,none,lockout(3fails/300s),False,0.0,205
2026-01-01 12:26:34,25493314,dev.access,demo,none,lockout(3fails/300s),False,0.0,205
2026-01-01 12:26:35,25493314,root.guard,demo,none,lockout(3fails/300s),False,0.0,205
2026-01-01 12:26:35,25493314,net.lock,demo,none,lockout(3fails/300s),False,0.0,205
2026-01-01 12:26:35,25493314,auth.master,demo,none,lockout(3fails/300s),False,0.0,205
2026-01-01 12:26:35,25493314,vault_user,demo,none,lockout(3fails/300s),False,0.0,205
2026-01-01 12:26:35,25493314,system.sec,demo,none,lockout(3fails/300s),False,0.0,205
2026-01-01 12:26:35,25493314,secure.login,demo,none,lockout(3fails/300s),False,0.0,205
2026-01-01 12:26:35,25493314,user1,student,none,lockout(3fails/300s),False,0.0,206
2026-01-01 12:26:35,25493314,admin,student,none,lockout(3fails/300s),False,0.0,206
2026-01-01 12:26:35,25493314,guest,student,none,lockout(3fails/300s),False,0.0,206
2026-01-01 12:26:35,25493314,test,student,none,lockout(3fails/300s),False,0.0,206
2026-01-01 12:26:35,25493314,hello,student,none,lockout(3fails/300s),False,0.0,206
2026-01-01 12:26:35,25493314,name,student,none,lockout(3fails/300s),False,0.0,206
2026-01-01 12:26:35,25493314,login,student,none,lockout(3fails/300s),False,0.0,206
2026-01-01 12:26:35,25493314,abc,student,none,lockout(3fails/300s),False,0.0,206
2026-01-01 12:26:35,25493314,demo,student,none,lockout(3fails/300s),False,0.0,206
2026-01-01 12:26:35,25493314,student,student,none,lockout(3fails/300s),False,0.0,206
2026-01-01 12:26:36,25493314,Student_user,student,none,lockout(3fails/300s),False,0.0,206
2026-01-01 12:26:36,25493314,user_test,student,none,lockout(3fails/300s),False,0.0,206
2026-01-01 12:26:36,25493314,bluecat,student,none,lockout(3fails/300s),False,0.0,206
2026-01-01 12:26:36,25493314,student1,student,none,lockout(3fails/300s),False,0.0,206
2026-01-01 12:26:36,25493314,login_user,student,none,lockout(3fails/300s),False,0.0,206
2026-01-01 12:26:36,25493314,pythonfan,student,none,lockout(3fails/300s),False,0.0,206
2026-01-01 12:26:36,25493314,techgirl,student,none,lockout(3fails/300s),False,0.0,206
2026-01-01 12:26:36,25493314,cloud_user,student,none,lockout(3fails/300s),False,0.0,206
2026-01-01 12:26:36,25493314,gamer22,student,none,lockout(3fails/300s),False,0.0,206
2026-01-01 12:26:36,25493314,webdev,student,none,lockout(3fails/300s),False,0.0,206
2026-01-01 12:26:36,25493314,sha.sec,student,none,lockout(3fails/300s),False,0.0,206
2026-01-01 12:26:36,25493314,secure_user,student,none,lockout(3fails/300s),False,0.0,206
2026-01-01 12:26:36,25493314,cyber.auth,student,none,lockout(3fails/300s),False,0.0,206
2026-01-01 12:26:36,25493314,dev.access,student,none,lockout(3fails/300s),False,0.0,206
2026-01-01 12:26:36,25493314,root.guard,student,none,lockout(3fails/300s),False,0.0,206
2026-01-01 12:26:37,25493314,net.lock,student,none,lockout(3fails/300s),False,0.0,206
2026-01-01 12:26:37,25493314,auth.master,student,none,lockout(3fails/300s),False,0.0,206
2026-01-01 12:26:37,25493314,vault_user,student,none,lockout(3fails/300s),False,0.0,206
2026-01-01 12:26:37,25493314,system.sec,student,none,lockout(3fails/300s),False,0.0,206
2026-01-01 12:26:37,25493314,secure.login,student,none,lockout(3fails/300s),False,0.0,206
2026-01-01 12:26:37,25493314,user1,name,none,lockout(3fails/300s),False,0.01,207
2026-01-01 12:26:37,25493314,admin,name,none,lockout(3fails/300s),False,0.0,207
2026-01-01 12:26:37,25493314,guest,name,none,lockout(3fails/300s),False,0.0,207
2026-01-01 12:26:37,25493314,test,name,none,lockout(3fails/300s),False,0.0,207
2026-01-01 12:26:37,25493314,hello,name,none,lockout(3fails/300s),False,0.0,207
2026-01-01 12:26:37,25493314,name,name,none,lockout(3fails/300s),False,0.0,207
2026-01-01 12:26:37,25493314,login,name,none,lockout(3fails/300s),False,0.0,207
2026-01-01 12:26:37,25493314,abc,name,none,lockout(3fails/300s),False,0.0,207
2026-01-01 12:26:37,25493314,demo,name,none,lockout(3fails/300s),False,0.0,207
2026-01-01 12:26:38,25493314,student,name,none,lockout(3fails/300s),False,0.0,207
2026-01-01 12:26:38,25493314,Student_user,name,none,lockout(3fails/300s),False,0.0,207
2026-01-01 12:26:38,25493314,user_test,name,none,lockout(3fails/300s),False,0.0,207
2026-01-01 12:26:38,25493314,bluecat,name,none,lockout(3fails/300s),False,0.0,207
2026-01-01 12:26:38,25493314,student1,name,none,lockout(3fails/300s),False,0.0,207
2026-01-01 12:26:38,25493314,login_user,name,none,lockout(3fails/300s),False,0.0,207
2026-01-01 12:26:38,25493314,pythonfan,name,none,lockout(3fails/300s),False,0.0,207
2026-01-01 12:26:38,25493314,techgirl,name,none,lockout(3fails/300s),False,0.0,207
2026-01-01 12:26:38,25493314,cloud_user,name,none,lockout(3fails/300s),False,0.0,207
2026-01-01 12:26:38,25493314,gamer22,name,none,lockout(3fails/300s),False,0.0,207
2026-01-01 12:26:38,25493314,webdev,name,none,lockout(3fails/300s),False,0.0,207
2026-01-01 12:26:38,25493314,sha.sec,name,none,lockout(3fails/300s),False,0.0,207
2026-01-01 12:26:38,25493314,secure_user,name,none,lockout(3fails/300s),False,0.0,207
2026-01-01 12:26:38,25493314,cyber.auth,name,none,lockout(3fails/300s),False,0.0,207
2026-01-01 12:26:38,25493314,dev.access,name,none,lockout(3fails/300s),False,0.0,207
2026-01-01 12:26:39,25493314,root.guard,name,none,lockout(3fails/300s),False,0.0,207
2026-01-01 12:26:39,25493314,net.lock,name,none,lockout(3fails/300s),False,0.0,207
2026-01-01 12:26:39,25493314,auth.master,name,none,lockout(3fails/300s),False,0.0,207
2026-01-01 12:26:39,25493314,vault_user,name,none,lockout(3fails/300s),False,0.0,207
2026-01-01 12:26:39,25493314,system.sec,name,none,lockout(3fails/300s),False,0.0,207
2026-01-01 12:26:39,25493314,secure.login,name,none,lockout(3fails/300s),False,0.0,207
2026-01-01 12:26:39,25493314,user1,1111,none,lockout(3fails/300s),False,0.0,208
2026-01-01 12:26:39,25493314,admin,1111,none,lockout(3fails/300s),False,0.0,208
2026-01-01 12:26:39,25493314,guest,1111,none,lockout(3fails/300s),False,0.0,208
2026-01-01 12:26:39,25493314,test,1111,none,lockout(3fails/300s),False,0.0,208
2026-01-01 12:26:39,25493314,hello,1111,none,lockout(3fails/300s),False,0.0,208
2026-01-01 12:26:39,25493314,name,1111,none,lockout(3fails/300s),False,0.0,208
2026-01-01 12:26:39,25493314,login,1111,none,lockout(3fails/300s),False,0.0,208
2026-01-01 12:26:39,25493314,abc,1111,none,lockout(3fails/300s),False,0.0,208
2026-01-01 12:26:39,25493314,demo,1111,none,lockout(3fails/300s),False,0.0,208
2026-01-01 12:26:40,25493314,student,1111,none,lockout(3fails/300s),False,0.0,208
2026-01-01 12:26:40,25493314,Student_user,1111,none,lockout(3fails/300s),False,0.0,208
2026-01-01 12:26:40,25493314,user_test,1111,none,lockout(3fails/300s),False,0.0,208
2026-01-01 12:26:40,25493314,bluecat,1111,none,lockout(3fails/300s),False,0.0,208
2026-01-01 12:26:40,25493314,student1,1111,none,lockout(3fails/300s),False,0.0,208
2026-01-01 12:26:40,25493314,login_user,1111,none,lockout(3fails/300s),False,0.0,208
2026-01-01 12:26:40,25493314,pythonfan,1111,none,lockout(3fails/300s),False,0.0,208
2026-01-01 12:26:40,25493314,techgirl,1111,none,lockout(3fails/300s),False,0.0,208
2026-01-01 12:26:40,25493314,cloud_user,1111,none,lockout(3fails/300s),False,0.0,208
2026-01-01 12:26:40,25493314,gamer22,1111,none,lockout(3fails/300s),False,0.0,208
2026-01-01 12:26:40,25493314,webdev,1111,none,lockout(3fails/300s),False,0.0,208
2026-01-01 12:26:40,25493314,sha.sec,1111,none,lockout(3fails/300s),False,0.0,208
2026-01-01 12:26:40,25493314,secure_user,1111,none,lockout(3fails/300s),False,0.0,208
2026-01-01 12:26:40,25493314,cyber.auth,1111,none,lockout(3fails/300s),False,0.0,208
2026-01-01 12:26:40,25493314,dev.access,1111,none,lockout(3fails/300s),False,0.0,208
2026-01-01 12:26:40,25493314,root.guard,1111,none,lockout(3fails/300s),False,0.0,208
2026-01-01 12:26:41,25493314,net.lock,1111,none,lockout(3fails/300s),False,0.0,208
2026-01-01 12:26:41,25493314,auth.master,1111,none,lockout(3fails/300s),False,0.0,208
2026-01-01 12:26:41,25493314,vault_user,1111,none,lockout(3fails/300s),False,0.0,208
2026-01-01 12:26:41,25493314,system.sec,1111,none,lockout(3fails/300s),False,0.0,208
2026-01-01 12:26:41,25493314,secure.login,1111,none,lockout(3fails/300s),False,0.0,208
2026-01-01 12:26:41,25493314,user1,BlueCat12,none,lockout(3fails/300s),False,0.0,209
2026-01-01 12:26:41,25493314,admin,BlueCat12,none,lockout(3fails/300s),False,0.0,209
2026-01-01 12:26:41,25493314,guest,BlueCat12,none,lockout(3fails/300s),False,0.0,209
2026-01-01 12:26:41,25493314,test,BlueCat12,none,lockout(3fails/300s),False,0.0,209
2026-01-01 12:26:41,25493314,hello,BlueCat12,none,lockout(3fails/300s),False,0.0,209
2026-01-01 12:26:41,25493314,name,BlueCat12,none,lockout(3fails/300s),False,0.0,209
2026-01-01 12:26:41,25493314,login,BlueCat12,none,lockout(3fails/300s),False,0.0,209
2026-01-01 12:26:41,25493314,abc,BlueCat12,none,lockout(3fails/300s),False,0.0,209
2026-01-01 12:26:41,25493314,demo,BlueCat12,none,lockout(3fails/300s),False,0.0,209
2026-01-01 12:26:41,25493314,student,BlueCat12,none,lockout(3fails/300s),False,0.0,209
2026-01-01 12:26:42,25493314,Student_user,BlueCat12,none,lockout(3fails/300s),False,0.0,209
2026-01-01 12:26:42,25493314,user_test,BlueCat12,none,lockout(3fails/300s),False,0.0,209
2026-01-01 12:26:42,25493314,bluecat,BlueCat12,none,lockout(3fails/300s),False,0.0,209
2026-01-01 12:26:42,25493314,student1,BlueCat12,none,lockout(3fails/300s),False,0.0,209
2026-01-01 12:26:42,25493314,login_user,BlueCat12,none,lockout(3fails/300s),False,0.0,209
2026-01-01 12:26:42,25493314,pythonfan,BlueCat12,none,lockout(3fails/300s),False,0.0,209
2026-01-01 12:26:42,25493314,techgirl,BlueCat12,none,lockout(3fails/300s),False,0.0,209
2026-01-01 12:26:42,25493314,cloud_user,BlueCat12,none,lockout(3fails/300s),False,0.0,209
2026-01-01 12:26:42,25493314,gamer22,BlueCat12,none,lockout(3fails/300s),False,0.0,209
2026-01-01 12:26:42,25493314,webdev,BlueCat12,none,lockout(3fails/300s),False,0.0,209
2026-01-01 12:26:42,25493314,sha.sec,BlueCat12,none,lockout(3fails/300s),False,0.0,209
2026-01-01 12:26:42,25493314,secure_user,BlueCat12,none,lockout(3fails/300s),False,0.0,209
2026-01-01 12:26:42,25493314,cyber.auth,BlueCat12,none,lockout(3fails/300s),False,0.0,209
2026-01-01 12:26:42,25493314,dev.access,BlueCat12,none,lockout(3fails/300s),False,0.0,209
2026-01-01 12:26:42,25493314,root.guard,BlueCat12,none,lockout(3fails/300s),False,0.0,209
2026-01-01 12:26:42,25493314,net.lock,BlueCat12,none,lockout(3fails/300s),False,0.0,209
2026-01-01 12:26:43,25493314,auth.master,BlueCat12,none,lockout(3fails/300s),False,0.0,209
2026-01-01 12:26:43,25493314,vault_user,BlueCat12,none,lockout(3fails/300s),False,0.0,209
2026-01-01 12:26:43,25493314,system.sec,BlueCat12,none,lockout(3fails/300s),False,0.0,209
2026-01-01 12:26:43,25493314,secure.login,BlueCat12,none,lockout(3fails/300s),False,0.0,209
2026-01-01 12:26:43,25493314,user1,TechGirl7,none,lockout(3fails/300s),False,0.0,210
2026-01-01 12:26:43,25493314,admin,TechGirl7,none,lockout(3fails/300s),False,0.0,210
2026-01-01 12:26:43,25493314,guest,TechGirl7,none,lockout(3fails/300s),False,0.0,210
2026-01-01 12:26:43,25493314,test,TechGirl7,none,lockout(3fails/300s),False,0.0,210
2026-01-01 12:26:43,25493314,hello,TechGirl7,none,lockout(3fails/300s),False,0.0,210
2026-01-01 12:26:43,25493314,name,TechGirl7,none,lockout(3fails/300s),False,0.0,210
2026-01-01 12:26:43,25493314,login,TechGirl7,none,lockout(3fails/300s),False,0.0,210
2026-01-01 12:26:43,25493314,abc,TechGirl7,none,lockout(3fails/300s),False,0.0,210
2026-01-01 12:26:43,25493314,demo,TechGirl7,none,lockout(3fails/300s),False,0.0,210
2026-01-01 12:26:43,25493314,student,TechGirl7,none,lockout(3fails/300s),False,0.0,210
2026-01-01 12:26:43,25493314,Student_user,TechGirl7,none,lockout(3fails/300s),False,0.0,210
2026-01-01 12:26:44,25493314,user_test,TechGirl7,none,lockout(3fails/300s),False,0.0,210
2026-01-01 12:26:44,25493314,bluecat,TechGirl7,none,lockout(3fails/300s),False,0.0,210
2026-01-01 12:26:44,25493314,student1,TechGirl7,none,lockout(3fails/300s),False,0.0,210
2026-01-01 12:26:44,25493314,login_user,TechGirl7,none,lockout(3fails/300s),False,0.0,210
2026-01-01 12:26:44,25493314,pythonfan,TechGirl7,none,lockout(3fails/300s),False,0.0,210
2026-01-01 12:26:44,25493314,techgirl,TechGirl7,none,lockout(3fails/300s),False,0.0,210
2026-01-01 12:26:44,25493314,cloud_user,TechGirl7,none,lockout(3fails/300s),False,0.0,210
2026-01-01 12:26:44,25493314,gamer22,TechGirl7,none,lockout(3fails/300s),False,0.0,210
2026-01-01 12:26:44,25493314,webdev,TechGirl7,none,lockout(3fails/300s),False,0.0,210
2026-01-01 12:26:44,25493314,sha.sec,TechGirl7,none,lockout(3fails/300s),False,0.0,210
2026-01-01 12:26:44,25493314,secure_user,TechGirl7,none,lockout(3fails/300s),False,0.0,210
2026-01-01 12:26:44,25493314,cyber.auth,TechGirl7,none,lockout(3fails/300s),False,0.0,210
2026-01-01 12:26:44,25493314,dev.access,TechGirl7,none,lockout(3fails/300s),False,0.0,210
2026-01-01 12:26:44,25493314,root.guard,TechGirl7,none,lockout(3fails/300s),False,0.0,210
2026-01-01 12:26:44,25493314,net.lock,TechGirl7,none,lockout(3fails/300s),False,0.0,210
2026-01-01 12:26:45,25493314,auth.master,TechGirl7,none,lockout(3fails/300s),False,0.0,210
2026-01-01 12:26:45,25493314,vault_user,TechGirl7,none,lockout(3fails/300s),False,0.0,210
2026-01-01 12:26:45,25493314,system.sec,TechGirl7,none,lockout(3fails/300s),False,0.0,210
2026-01-01 12:26:45,25493314,secure.login,TechGirl7,none,lockout(3fails/300s),False,0.0,210
2026-01-01 12:26:45,25493314,user1,Cloud123,none,lockout(3fails/300s),False,0.0,211
2026-01-01 12:26:45,25493314,admin,Cloud123,none,lockout(3fails/300s),False,0.0,211
2026-01-01 12:26:45,25493314,guest,Cloud123,none,lockout(3fails/300s),False,0.0,211
2026-01-01 12:26:45,25493314,test,Cloud123,none,lockout(3fails/300s),False,0.0,211
2026-01-01 12:26:45,25493314,hello,Cloud123,none,lockout(3fails/300s),False,0.0,211
2026-01-01 12:26:45,25493314,name,Cloud123,none,lockout(3fails/300s),False,0.0,211
2026-01-01 12:26:45,25493314,login,Cloud123,none,lockout(3fails/300s),False,0.0,211
2026-01-01 12:26:45,25493314,abc,Cloud123,none,lockout(3fails/300s),False,0.0,211
2026-01-01 12:26:45,25493314,demo,Cloud123,none,lockout(3fails/300s),False,0.0,211
2026-01-01 12:26:45,25493314,student,Cloud123,none,lockout(3fails/300s),False,0.0,211
2026-01-01 12:26:45,25493314,Student_user,Cloud123,none,lockout(3fails/300s),False,0.0,211
2026-01-01 12:26:46,25493314,user_test,Cloud123,none,lockout(3fails/300s),False,0.0,211
2026-01-01 12:26:46,25493314,bluecat,Cloud123,none,lockout(3fails/300s),False,0.0,211
2026-01-01 12:26:46,25493314,student1,Cloud123,none,lockout(3fails/300s),False,0.0,211
2026-01-01 12:26:46,25493314,login_user,Cloud123,none,lockout(3fails/300s),False,0.0,211
2026-01-01 12:26:46,25493314,pythonfan,Cloud123,none,lockout(3fails/300s),False,0.0,211
2026-01-01 12:26:46,25493314,techgirl,Cloud123,none,lockout(3fails/300s),False,0.0,211
2026-01-01 12:26:46,25493314,cloud_user,Cloud123,none,lockout(3fails/300s),False,0.0,211
2026-01-01 12:26:46,25493314,gamer22,Cloud123,none,lockout(3fails/300s),False,0.0,211
2026-01-01 12:26:46,25493314,webdev,Cloud123,none,lockout(3fails/300s),False,0.0,211
2026-01-01 12:26:46,25493314,sha.sec,Cloud123,none,lockout(3fails/300s),False,0.0,211
2026-01-01 12:26:46,25493314,secure_user,Cloud123,none,lockout(3fails/300s),False,0.0,211
2026-01-01 12:26:46,25493314,cyber.auth,Cloud123,none,lockout(3fails/300s),False,0.0,211
2026-01-01 12:26:46,25493314,dev.access,Cloud123,none,lockout(3fails/300s),False,0.0,211
2026-01-01 12:26:46,25493314,root.guard,Cloud123,none,lockout(3fails/300s),False,0.0,211
2026-01-01 12:26:46,25493314,net.lock,Cloud123,none,lockout(3fails/300s),False,0.0,211
2026-01-01 12:26:47,25493314,auth.master,Cloud123,none,lockout(3fails/300s),False,0.0,211
2026-01-01 12:26:47,25493314,vault_user,Cloud123,none,lockout(3fails/300s),False,0.0,211
2026-01-01 12:26:47,25493314,system.sec,Cloud123,none,lockout(3fails/300s),False,0.0,211
2026-01-01 12:26:47,25493314,secure.login,Cloud123,none,lockout(3fails/300s),False,0.0,211
2026-01-01 12:26:47,25493314,user1,GameOn22,none,lockout(3fails/300s),False,0.0,212
2026-01-01 12:26:47,25493314,admin,GameOn22,none,lockout(3fails/300s),False,0.0,212
2026-01-01 12:26:47,25493314,guest,GameOn22,none,lockout(3fails/300s),False,0.0,212
2026-01-01 12:26:47,25493314,test,GameOn22,none,lockout(3fails/300s),False,0.0,212
2026-01-01 12:26:47,25493314,hello,GameOn22,none,lockout(3fails/300s),False,0.0,212
2026-01-01 12:26:47,25493314,name,GameOn22,none,lockout(3fails/300s),False,0.0,212
2026-01-01 12:26:47,25493314,login,GameOn22,none,lockout(3fails/300s),False,0.0,212
2026-01-01 12:26:47,25493314,abc,GameOn22,none,lockout(3fails/300s),False,0.0,212
2026-01-01 12:26:47,25493314,demo,GameOn22,none,lockout(3fails/300s),False,0.0,212
2026-01-01 12:26:47,25493314,student,GameOn22,none,lockout(3fails/300s),False,0.0,212
2026-01-01 12:26:47,25493314,Student_user,GameOn22,none,lockout(3fails/300s),False,0.0,212
2026-01-01 12:26:48,25493314,user_test,GameOn22,none,lockout(3fails/300s),False,0.0,212
2026-01-01 12:26:48,25493314,bluecat,GameOn22,none,lockout(3fails/300s),False,0.0,212
2026-01-01 12:26:48,25493314,student1,GameOn22,none,lockout(3fails/300s),False,0.0,212
2026-01-01 12:26:48,25493314,login_user,GameOn22,none,lockout(3fails/300s),False,0.0,212
2026-01-01 12:26:48,25493314,pythonfan,GameOn22,none,lockout(3fails/300s),False,0.0,212
2026-01-01 12:26:48,25493314,techgirl,GameOn22,none,lockout(3fails/300s),False,0.0,212
2026-01-01 12:26:48,25493314,cloud_user,GameOn22,none,lockout(3fails/300s),False,0.0,212
2026-01-01 12:26:48,25493314,gamer22,GameOn22,none,lockout(3fails/300s),False,0.0,212
2026-01-01 12:26:48,25493314,webdev,GameOn22,none,lockout(3fails/300s),False,0.0,212
2026-01-01 12:26:48,25493314,sha.sec,GameOn22,none,lockout(3fails/300s),False,0.0,212
2026-01-01 12:26:48,25493314,secure_user,GameOn22,none,lockout(3fails/300s),False,0.0,212
2026-01-01 12:26:48,25493314,cyber.auth,GameOn22,none,lockout(3fails/300s),False,0.0,212
2026-01-01 12:26:48,25493314,dev.access,GameOn22,none,lockout(3fails/300s),False,0.0,212
2026-01-01 12:26:48,25493314,root.guard,GameOn22,none,lockout(3fails/300s),False,0.0,212
2026-01-01 12:26:49,25493314,net.lock,GameOn22,none,lockout(3fails/300s),False,0.0,212
2026-01-01 12:26:49,25493314,auth.master,GameOn22,none,lockout(3fails/300s),False,0.0,212
2026-01-01 12:26:49,25493314,vault_user,GameOn22,none,lockout(3fails/300s),False,0.0,212
2026-01-01 12:26:49,25493314,system.sec,GameOn22,none,lockout(3fails/300s),False,0.0,212
2026-01-01 12:26:49,25493314,secure.login,GameOn22,none,lockout(3fails/300s),False,0.0,212
2026-01-01 12:26:49,25493314,user1,WebDev88,none,lockout(3fails/300s),False,0.0,213
2026-01-01 12:26:49,25493314,admin,WebDev88,none,lockout(3fails/300s),False,0.0,213
2026-01-01 12:26:49,25493314,guest,WebDev88,none,lockout(3fails/300s),False,0.0,213
2026-01-01 12:26:49,25493314,test,WebDev88,none,lockout(3fails/300s),False,0.0,213
2026-01-01 12:26:49,25493314,hello,WebDev88,none,lockout(3fails/300s),False,0.0,213
2026-01-01 12:26:49,25493314,name,WebDev88,none,lockout(3fails/300s),False,0.0,213
2026-01-01 12:26:49,25493314,login,WebDev88,none,lockout(3fails/300s),False,0.0,213
2026-01-01 12:26:49,25493314,abc,WebDev88,none,lockout(3fails/300s),False,0.0,213
2026-01-01 12:26:49,25493314,demo,WebDev88,none,lockout(3fails/300s),False,0.0,213
2026-01-01 12:26:49,25493314,student,WebDev88,none,lockout(3fails/300s),False,0.0,213
2026-01-01 12:26:49,25493314,Student_user,WebDev88,none,lockout(3fails/300s),False,0.0,213
2026-01-01 12:26:50,25493314,user_test,WebDev88,none,lockout(3fails/300s),False,0.0,213
2026-01-01 12:26:50,25493314,bluecat,WebDev88,none,lockout(3fails/300s),False,0.0,213
2026-01-01 12:26:50,25493314,student1,WebDev88,none,lockout(3fails/300s),False,0.0,213
2026-01-01 12:26:50,25493314,login_user,WebDev88,none,lockout(3fails/300s),False,0.0,213
2026-01-01 12:26:50,25493314,pythonfan,WebDev88,none,lockout(3fails/300s),False,0.0,213
2026-01-01 12:26:50,25493314,techgirl,WebDev88,none,lockout(3fails/300s),False,0.0,213
2026-01-01 12:26:50,25493314,cloud_user,WebDev88,none,lockout(3fails/300s),False,0.0,213
2026-01-01 12:26:50,25493314,gamer22,WebDev88,none,lockout(3fails/300s),False,0.0,213
2026-01-01 12:26:50,25493314,webdev,WebDev88,none,lockout(3fails/300s),False,0.0,213
2026-01-01 12:26:50,25493314,sha.sec,WebDev88,none,lockout(3fails/300s),False,0.0,213
2026-01-01 12:26:50,25493314,secure_user,WebDev88,none,lockout(3fails/300s),False,0.0,213
2026-01-01 12:26:50,25493314,cyber.auth,WebDev88,none,lockout(3fails/300s),False,0.0,213
2026-01-01 12:26:50,25493314,dev.access,WebDev88,none,lockout(3fails/300s),False,0.0,213
2026-01-01 12:26:50,25493314,root.guard,WebDev88,none,lockout(3fails/300s),False,0.0,213
2026-01-01 12:26:51,25493314,net.lock,WebDev88,none,lockout(3fails/300s),False,0.0,213
2026-01-01 12:26:51,25493314,auth.master,WebDev88,none,lockout(3fails/300s),False,0.0,213
2026-01-01 12:26:51,25493314,vault_user,WebDev88,none,lockout(3fails/300s),False,0.0,213
2026-01-01 12:26:51,25493314,system.sec,WebDev88,none,lockout(3fails/300s),False,0.0,213
2026-01-01 12:26:51,25493314,secure.login,WebDev88,none,lockout(3fails/300s),False,0.0,213

====================,SUMMARY STATISTICS,====================

Metric,Value
Total Attempts,6390
Successful Attempts,0
Failed Attempts,6390
Success Rate (%),0.00

Unique Usernames Tested,30
Unique Passwords Tested,71

Latency Statistics (ms)
Sum (Total Latency),41.57
Average Latency,0.01
Median Latency (P50),0.00
Min Latency,0.00
Max Latency,1.80

Percentiles (ms)
10th Percentile (P10),0.00
25th Percentile (P25),0.00
75th Percentile (P75),0.00
90th Percentile (P90),0.00
95th Percentile (P95),0.00
99th Percentile (P99),0.26

Time Range
First Attempt,2026-01-01 12:18:17
Last Attempt,2026-01-01 12:26:51

Report Generated,2026-01-01 12:27:36
