timestamp,group_seed,username,password,hash_mode,protection_flags,result,latency_ms,attempt_number
2025-12-29 20:32:17,25493314,user1,123456,none,none,False,0.94,1
2025-12-29 20:32:19,25493314,user1,password,none,none,False,0.45,2
2025-12-29 20:32:21,25493314,user1,12345678,none,none,False,0.59,3
2025-12-29 20:32:23,25493314,user1,qwerty,none,none,False,0.62,4
2025-12-29 20:32:25,25493314,user1,123456789,none,none,False,0.6,5
2025-12-29 20:32:27,25493314,user1,12345,none,none,False,0.29,6
2025-12-29 20:32:29,25493314,user1,1234,none,none,True,0.31,7
2025-12-29 20:32:31,25493314,admin,123456,none,none,False,0.61,1
2025-12-29 20:32:33,25493314,admin,password,none,none,False,0.31,2
2025-12-29 20:32:35,25493314,admin,12345678,none,none,False,0.35,3
2025-12-29 20:32:37,25493314,admin,qwerty,none,none,False,0.29,4
2025-12-29 20:32:39,25493314,admin,123456789,none,none,False,0.39,5
2025-12-29 20:32:41,25493314,admin,12345,none,none,False,0.33,6
2025-12-29 20:32:43,25493314,admin,1234,none,none,False,0.38,7
2025-12-29 20:32:45,25493314,admin,111111,none,none,False,0.58,8
2025-12-29 20:32:47,25493314,admin,1234567,none,none,False,0.6,9
2025-12-29 20:32:49,25493314,admin,dragon,none,none,False,0.52,10
2025-12-29 20:32:52,25493314,admin,123123,none,none,False,0.5,11
2025-12-29 20:32:54,25493314,admin,baseball,none,none,False,0.68,12
2025-12-29 20:32:56,25493314,admin,abc123,none,none,False,0.61,13
2025-12-29 20:32:58,25493314,admin,football,none,none,False,0.59,14
2025-12-29 20:33:00,25493314,admin,monkey,none,none,False,0.56,15
2025-12-29 20:33:02,25493314,admin,letmein,none,none,False,0.36,16
2025-12-29 20:33:04,25493314,admin,shadow,none,none,False,0.56,17
2025-12-29 20:33:06,25493314,admin,master,none,none,False,0.45,18
2025-12-29 20:33:08,25493314,admin,666666,none,none,False,0.7,19
2025-12-29 20:33:10,25493314,admin,qwertyuiop,none,none,False,0.44,20
2025-12-29 20:33:12,25493314,admin,123321,none,none,False,0.64,21
2025-12-29 20:33:14,25493314,admin,mustang,none,none,False,0.47,22
2025-12-29 20:33:16,25493314,admin,121212,none,none,False,0.33,23
2025-12-29 20:33:18,25493314,admin,000000,none,none,False,0.63,24
2025-12-29 20:33:20,25493314,admin,password1,none,none,False,0.65,25
2025-12-29 20:33:22,25493314,admin,admin,none,none,True,0.77,26
2025-12-29 20:33:24,25493314,guest,123456,none,none,False,0.63,1
2025-12-29 20:33:27,25493314,guest,password,none,none,False,0.69,2
2025-12-29 20:33:29,25493314,guest,12345678,none,none,False,0.75,3
2025-12-29 20:33:31,25493314,guest,qwerty,none,none,False,0.45,4
2025-12-29 20:33:33,25493314,guest,123456789,none,none,False,0.81,5
2025-12-29 20:33:35,25493314,guest,12345,none,none,False,0.65,6
2025-12-29 20:33:37,25493314,guest,1234,none,none,False,0.59,7
2025-12-29 20:33:39,25493314,guest,111111,none,none,False,0.71,8
2025-12-29 20:33:41,25493314,guest,1234567,none,none,False,0.8,9
2025-12-29 20:33:43,25493314,guest,dragon,none,none,False,0.74,10
2025-12-29 20:33:45,25493314,guest,123123,none,none,False,0.91,11
2025-12-29 20:33:47,25493314,guest,baseball,none,none,False,0.79,12
2025-12-29 20:33:49,25493314,guest,abc123,none,none,False,0.62,13
2025-12-29 20:33:51,25493314,guest,football,none,none,False,0.66,14
2025-12-29 20:33:53,25493314,guest,monkey,none,none,False,0.78,15
2025-12-29 20:33:55,25493314,guest,letmein,none,none,False,0.76,16
2025-12-29 20:33:58,25493314,guest,shadow,none,none,False,0.71,17
2025-12-29 20:34:00,25493314,guest,master,none,none,False,0.33,18
2025-12-29 20:34:02,25493314,guest,666666,none,none,False,0.84,19
2025-12-29 20:34:04,25493314,guest,qwertyuiop,none,none,False,0.65,20
2025-12-29 20:34:06,25493314,guest,123321,none,none,False,0.74,21
2025-12-29 20:34:08,25493314,guest,mustang,none,none,False,0.78,22
2025-12-29 20:34:10,25493314,guest,121212,none,none,False,0.62,23
2025-12-29 20:34:12,25493314,guest,000000,none,none,False,0.5,24
2025-12-29 20:34:14,25493314,guest,password1,none,none,False,0.75,25
2025-12-29 20:34:16,25493314,guest,admin,none,none,False,0.73,26
2025-12-29 20:34:18,25493314,guest,admin123,none,none,False,0.66,27
2025-12-29 20:34:20,25493314,guest,root,none,none,False,0.62,28
2025-12-29 20:34:22,25493314,guest,toor,none,none,False,0.61,29
2025-12-29 20:34:24,25493314,guest,pass,none,none,False,0.36,30
2025-12-29 20:34:26,25493314,guest,test,none,none,False,0.8,31
2025-12-29 20:34:28,25493314,guest,test123,none,none,False,0.64,32
2025-12-29 20:34:30,25493314,guest,guest,none,none,True,0.77,33
2025-12-29 20:34:32,25493314,test,123456,none,none,False,0.63,1
2025-12-29 20:34:34,25493314,test,password,none,none,False,0.33,2
2025-12-29 20:34:37,25493314,test,12345678,none,none,False,0.84,3
2025-12-29 20:34:39,25493314,test,qwerty,none,none,False,0.83,4
2025-12-29 20:34:41,25493314,test,123456789,none,none,False,0.62,5
2025-12-29 20:34:43,25493314,test,12345,none,none,False,0.62,6
2025-12-29 20:34:45,25493314,test,1234,none,none,False,0.68,7
2025-12-29 20:34:47,25493314,test,111111,none,none,False,0.76,8
2025-12-29 20:34:49,25493314,test,1234567,none,none,False,0.69,9
2025-12-29 20:34:51,25493314,test,dragon,none,none,False,0.69,10
2025-12-29 20:34:53,25493314,test,123123,none,none,False,0.74,11
2025-12-29 20:34:55,25493314,test,baseball,none,none,False,0.61,12
2025-12-29 20:34:57,25493314,test,abc123,none,none,False,0.35,13
2025-12-29 20:34:59,25493314,test,football,none,none,False,0.32,14
2025-12-29 20:35:01,25493314,test,monkey,none,none,False,0.6,15
2025-12-29 20:35:03,25493314,test,letmein,none,none,False,0.57,16
2025-12-29 20:35:05,25493314,test,shadow,none,none,False,0.59,17
2025-12-29 20:35:07,25493314,test,master,none,none,False,0.61,18
2025-12-29 20:35:10,25493314,test,666666,none,none,False,0.57,19
2025-12-29 20:35:12,25493314,test,qwertyuiop,none,none,False,0.36,20
2025-12-29 20:35:14,25493314,test,123321,none,none,False,0.8,21
2025-12-29 20:35:16,25493314,test,mustang,none,none,False,0.92,22
2025-12-29 20:35:18,25493314,test,121212,none,none,False,0.65,23
2025-12-29 20:35:20,25493314,test,000000,none,none,False,0.9,24
2025-12-29 20:35:22,25493314,test,password1,none,none,False,0.28,25
2025-12-29 20:35:24,25493314,test,admin,none,none,False,0.47,26
2025-12-29 20:35:26,25493314,test,admin123,none,none,False,0.72,27
2025-12-29 20:35:28,25493314,test,root,none,none,False,0.87,28
2025-12-29 20:35:30,25493314,test,toor,none,none,False,0.59,29
2025-12-29 20:35:32,25493314,test,pass,none,none,False,0.31,30
2025-12-29 20:35:34,25493314,test,test,none,none,False,0.45,31
2025-12-29 20:35:36,25493314,test,test123,none,none,True,0.64,32
2025-12-29 20:35:38,25493314,hello,123456,none,none,False,0.93,1
2025-12-29 20:35:40,25493314,hello,password,none,none,False,0.74,2
2025-12-29 20:35:43,25493314,hello,12345678,none,none,False,0.38,3
2025-12-29 20:35:45,25493314,hello,qwerty,none,none,False,0.65,4
2025-12-29 20:35:47,25493314,hello,123456789,none,none,False,0.45,5
2025-12-29 20:35:49,25493314,hello,12345,none,none,False,0.41,6
2025-12-29 20:35:51,25493314,hello,1234,none,none,False,0.33,7
2025-12-29 20:35:53,25493314,hello,111111,none,none,False,0.66,8
2025-12-29 20:35:55,25493314,hello,1234567,none,none,False,0.69,9
2025-12-29 20:35:57,25493314,hello,dragon,none,none,False,0.73,10
2025-12-29 20:35:59,25493314,hello,123123,none,none,False,0.34,11
2025-12-29 20:36:01,25493314,hello,baseball,none,none,False,0.64,12
2025-12-29 20:36:03,25493314,hello,abc123,none,none,False,0.44,13
2025-12-29 20:36:05,25493314,hello,football,none,none,False,0.61,14
2025-12-29 20:36:07,25493314,hello,monkey,none,none,False,0.31,15
2025-12-29 20:36:09,25493314,hello,letmein,none,none,False,0.53,16
2025-12-29 20:36:11,25493314,hello,shadow,none,none,False,0.72,17
2025-12-29 20:36:13,25493314,hello,master,none,none,False,0.75,18
2025-12-29 20:36:15,25493314,hello,666666,none,none,False,0.67,19
2025-12-29 20:36:17,25493314,hello,qwertyuiop,none,none,False,0.55,20
2025-12-29 20:36:19,25493314,hello,123321,none,none,False,0.52,21
2025-12-29 20:36:22,25493314,hello,mustang,none,none,False,0.43,22
2025-12-29 20:36:24,25493314,hello,121212,none,none,False,0.83,23
2025-12-29 20:36:26,25493314,hello,000000,none,none,False,0.55,24
2025-12-29 20:36:28,25493314,hello,password1,none,none,False,0.75,25
2025-12-29 20:36:30,25493314,hello,admin,none,none,False,0.66,26
2025-12-29 20:36:32,25493314,hello,admin123,none,none,False,0.78,27
2025-12-29 20:36:34,25493314,hello,root,none,none,False,0.76,28
2025-12-29 20:36:36,25493314,hello,toor,none,none,False,0.8,29
2025-12-29 20:36:38,25493314,hello,pass,none,none,False,0.73,30
2025-12-29 20:36:40,25493314,hello,test,none,none,False,0.41,31
2025-12-29 20:36:42,25493314,hello,test123,none,none,False,0.6,32
2025-12-29 20:36:44,25493314,hello,guest,none,none,False,0.77,33
2025-12-29 20:36:46,25493314,hello,guest123,none,none,False,0.95,34
2025-12-29 20:36:48,25493314,hello,user,none,none,False,0.78,35
2025-12-29 20:36:50,25493314,hello,user123,none,none,False,0.84,36
2025-12-29 20:36:52,25493314,hello,login,none,none,False,0.77,37
2025-12-29 20:36:55,25493314,hello,login123,none,none,False,0.6,38
2025-12-29 20:36:57,25493314,hello,welcome,none,none,False,0.78,39
2025-12-29 20:36:59,25493314,hello,welcome1,none,none,False,0.72,40
2025-12-29 20:37:01,25493314,hello,password123,none,none,False,0.72,41
2025-12-29 20:37:03,25493314,hello,admin1,none,none,False,0.58,42
2025-12-29 20:37:05,25493314,hello,root123,none,none,False,0.91,43
2025-12-29 20:37:07,25493314,hello,pass123,none,none,False,0.72,44
2025-12-29 20:37:09,25493314,hello,1q2w3e4r,none,none,False,0.62,45
2025-12-29 20:37:11,25493314,hello,qwerty123,none,none,False,0.39,46
2025-12-29 20:37:13,25493314,hello,1234567890,none,none,False,0.82,47
2025-12-29 20:37:15,25493314,hello,987654321,none,none,False,0.75,48
2025-12-29 20:37:17,25493314,hello,hello,none,none,True,0.8,49
2025-12-29 20:37:19,25493314,name,123456,none,none,False,0.63,1
2025-12-29 20:37:21,25493314,name,password,none,none,False,0.75,2
2025-12-29 20:37:24,25493314,name,12345678,none,none,False,0.82,3
2025-12-29 20:37:26,25493314,name,qwerty,none,none,False,0.64,4
2025-12-29 20:37:28,25493314,name,123456789,none,none,False,0.69,5
2025-12-29 20:37:30,25493314,name,12345,none,none,False,0.76,6
2025-12-29 20:37:32,25493314,name,1234,none,none,False,0.92,7
2025-12-29 20:37:34,25493314,name,111111,none,none,False,0.93,8
2025-12-29 20:37:36,25493314,name,1234567,none,none,False,0.66,9
2025-12-29 20:37:38,25493314,name,dragon,none,none,False,0.56,10
2025-12-29 20:37:40,25493314,name,123123,none,none,False,0.6,11
2025-12-29 20:37:42,25493314,name,baseball,none,none,False,0.96,12
2025-12-29 20:37:44,25493314,name,abc123,none,none,False,0.7,13
2025-12-29 20:37:46,25493314,name,football,none,none,False,0.6,14
2025-12-29 20:37:48,25493314,name,monkey,none,none,False,0.7,15
2025-12-29 20:37:50,25493314,name,letmein,none,none,False,0.78,16
2025-12-29 20:37:52,25493314,name,shadow,none,none,False,0.64,17
2025-12-29 20:37:55,25493314,name,master,none,none,False,0.62,18
2025-12-29 20:37:57,25493314,name,666666,none,none,False,0.41,19
2025-12-29 20:37:59,25493314,name,qwertyuiop,none,none,False,0.31,20
2025-12-29 20:38:01,25493314,name,123321,none,none,False,0.55,21
2025-12-29 20:38:03,25493314,name,mustang,none,none,False,0.53,22
2025-12-29 20:38:05,25493314,name,121212,none,none,False,0.64,23
2025-12-29 20:38:07,25493314,name,000000,none,none,False,0.6,24
2025-12-29 20:38:09,25493314,name,password1,none,none,False,0.62,25
2025-12-29 20:38:11,25493314,name,admin,none,none,False,0.64,26
2025-12-29 20:38:13,25493314,name,admin123,none,none,False,0.64,27
2025-12-29 20:38:15,25493314,name,root,none,none,False,0.59,28
2025-12-29 20:38:17,25493314,name,toor,none,none,False,0.56,29
2025-12-29 20:38:19,25493314,name,pass,none,none,False,0.66,30
2025-12-29 20:38:21,25493314,name,test,none,none,False,0.74,31
2025-12-29 20:38:23,25493314,name,test123,none,none,False,0.59,32
2025-12-29 20:38:26,25493314,name,guest,none,none,False,0.64,33
2025-12-29 20:38:28,25493314,name,guest123,none,none,False,0.59,34
2025-12-29 20:38:30,25493314,name,user,none,none,False,0.56,35
2025-12-29 20:38:32,25493314,name,user123,none,none,False,0.64,36
2025-12-29 20:38:34,25493314,name,login,none,none,False,0.37,37
2025-12-29 20:38:36,25493314,name,login123,none,none,False,0.29,38
2025-12-29 20:38:38,25493314,name,welcome,none,none,False,0.63,39
2025-12-29 20:38:40,25493314,name,welcome1,none,none,False,0.56,40
2025-12-29 20:38:42,25493314,name,password123,none,none,False,0.71,41
2025-12-29 20:38:44,25493314,name,admin1,none,none,False,0.38,42
2025-12-29 20:38:46,25493314,name,root123,none,none,False,0.69,43
2025-12-29 20:38:48,25493314,name,pass123,none,none,False,0.58,44
2025-12-29 20:38:50,25493314,name,1q2w3e4r,none,none,False,0.57,45
2025-12-29 20:38:52,25493314,name,qwerty123,none,none,False,0.74,46
2025-12-29 20:38:54,25493314,name,1234567890,none,none,False,0.54,47
2025-12-29 20:38:57,25493314,name,987654321,none,none,False,0.65,48
2025-12-29 20:38:59,25493314,name,hello,none,none,False,0.62,49
2025-12-29 20:39:01,25493314,name,hello123,none,none,False,0.58,50
2025-12-29 20:39:03,25493314,name,iloveyou,none,none,False,0.61,51
2025-12-29 20:39:05,25493314,name,sunshine,none,none,False,0.58,52
2025-12-29 20:39:07,25493314,name,princess,none,none,False,0.62,53
2025-12-29 20:39:09,25493314,name,Password1,none,none,False,0.63,54
2025-12-29 20:39:11,25493314,name,Password123,none,none,False,0.58,55
2025-12-29 20:39:13,25493314,name,Admin123,none,none,False,0.33,56
2025-12-29 20:39:15,25493314,name,Welcome1,none,none,False,0.58,57
2025-12-29 20:39:17,25493314,name,Student123,none,none,False,0.57,58
2025-12-29 20:39:19,25493314,name,Student99,none,none,False,0.67,59
2025-12-29 20:39:21,25493314,name,Test2024,none,none,False,0.47,60
2025-12-29 20:39:23,25493314,name,Login456,none,none,False,0.58,61
2025-12-29 20:39:25,25493314,name,Python101,none,none,False,0.6,62
2025-12-29 20:39:27,25493314,name,demo,none,none,False,0.62,63
2025-12-29 20:39:30,25493314,name,student,none,none,False,0.66,64
2025-12-29 20:39:32,25493314,name,name,none,none,False,0.61,65
2025-12-29 20:39:34,25493314,name,1111,none,none,True,0.36,66
2025-12-29 20:39:36,25493314,login,123456,none,none,False,0.58,1
2025-12-29 20:39:38,25493314,login,password,none,none,False,0.65,2
2025-12-29 20:39:40,25493314,login,12345678,none,none,False,0.61,3
2025-12-29 20:39:42,25493314,login,qwerty,none,none,False,0.58,4
2025-12-29 20:39:44,25493314,login,123456789,none,none,False,0.58,5
2025-12-29 20:39:46,25493314,login,12345,none,none,False,0.6,6
2025-12-29 20:39:48,25493314,login,1234,none,none,False,0.66,7
2025-12-29 20:39:50,25493314,login,111111,none,none,False,0.87,8
2025-12-29 20:39:52,25493314,login,1234567,none,none,False,0.62,9
2025-12-29 20:39:54,25493314,login,dragon,none,none,False,0.36,10
2025-12-29 20:39:56,25493314,login,123123,none,none,False,0.53,11
2025-12-29 20:39:58,25493314,login,baseball,none,none,False,0.59,12
2025-12-29 20:40:01,25493314,login,abc123,none,none,False,0.61,13
2025-12-29 20:40:03,25493314,login,football,none,none,False,0.66,14
2025-12-29 20:40:05,25493314,login,monkey,none,none,False,0.6,15
2025-12-29 20:40:07,25493314,login,letmein,none,none,False,0.63,16
2025-12-29 20:40:09,25493314,login,shadow,none,none,False,0.61,17
2025-12-29 20:40:11,25493314,login,master,none,none,False,0.67,18
2025-12-29 20:40:13,25493314,login,666666,none,none,False,0.64,19
2025-12-29 20:40:15,25493314,login,qwertyuiop,none,none,False,0.6,20
2025-12-29 20:40:17,25493314,login,123321,none,none,False,0.68,21
2025-12-29 20:40:19,25493314,login,mustang,none,none,False,0.63,22
2025-12-29 20:40:21,25493314,login,121212,none,none,False,0.57,23
2025-12-29 20:40:23,25493314,login,000000,none,none,False,0.42,24
2025-12-29 20:40:25,25493314,login,password1,none,none,False,0.6,25
2025-12-29 20:40:27,25493314,login,admin,none,none,False,0.65,26
2025-12-29 20:40:29,25493314,login,admin123,none,none,False,0.62,27
2025-12-29 20:40:32,25493314,login,root,none,none,False,0.59,28
2025-12-29 20:40:34,25493314,login,toor,none,none,False,0.54,29
2025-12-29 20:40:36,25493314,login,pass,none,none,False,0.6,30
2025-12-29 20:40:38,25493314,login,test,none,none,False,0.26,31
2025-12-29 20:40:40,25493314,login,test123,none,none,False,0.56,32
2025-12-29 20:40:42,25493314,login,guest,none,none,False,0.62,33
2025-12-29 20:40:44,25493314,login,guest123,none,none,False,0.69,34
2025-12-29 20:40:46,25493314,login,user,none,none,False,0.62,35
2025-12-29 20:40:48,25493314,login,user123,none,none,False,0.62,36
2025-12-29 20:40:50,25493314,login,login,none,none,True,0.62,37
2025-12-29 20:40:52,25493314,abc,123456,none,none,False,0.62,1
2025-12-29 20:40:54,25493314,abc,password,none,none,False,0.47,2
2025-12-29 20:40:56,25493314,abc,12345678,none,none,False,0.59,3
2025-12-29 20:40:58,25493314,abc,qwerty,none,none,False,0.51,4
2025-12-29 20:41:01,25493314,abc,123456789,none,none,False,0.6,5
2025-12-29 20:41:03,25493314,abc,12345,none,none,False,0.37,6
2025-12-29 20:41:05,25493314,abc,1234,none,none,False,0.64,7
2025-12-29 20:41:07,25493314,abc,111111,none,none,False,0.54,8
2025-12-29 20:41:09,25493314,abc,1234567,none,none,False,0.57,9
2025-12-29 20:41:11,25493314,abc,dragon,none,none,False,0.63,10
2025-12-29 20:41:13,25493314,abc,123123,none,none,False,0.59,11
2025-12-29 20:41:15,25493314,abc,baseball,none,none,False,0.62,12
2025-12-29 20:41:17,25493314,abc,abc123,none,none,True,0.61,13
2025-12-29 20:41:19,25493314,demo,123456,none,none,False,0.6,1
2025-12-29 20:41:21,25493314,demo,password,none,none,False,0.62,2
2025-12-29 20:41:23,25493314,demo,12345678,none,none,False,0.58,3
2025-12-29 20:41:25,25493314,demo,qwerty,none,none,False,0.6,4
2025-12-29 20:41:27,25493314,demo,123456789,none,none,False,0.58,5
2025-12-29 20:41:29,25493314,demo,12345,none,none,False,0.63,6
2025-12-29 20:41:31,25493314,demo,1234,none,none,False,0.57,7
2025-12-29 20:41:34,25493314,demo,111111,none,none,False,0.7,8
2025-12-29 20:41:36,25493314,demo,1234567,none,none,False,0.62,9
2025-12-29 20:41:38,25493314,demo,dragon,none,none,False,0.62,10
2025-12-29 20:41:40,25493314,demo,123123,none,none,False,0.62,11
2025-12-29 20:41:42,25493314,demo,baseball,none,none,False,0.63,12
2025-12-29 20:41:44,25493314,demo,abc123,none,none,False,0.63,13
2025-12-29 20:41:46,25493314,demo,football,none,none,False,0.65,14
2025-12-29 20:41:48,25493314,demo,monkey,none,none,False,0.7,15
2025-12-29 20:41:50,25493314,demo,letmein,none,none,False,0.62,16
2025-12-29 20:41:52,25493314,demo,shadow,none,none,False,0.6,17
2025-12-29 20:41:54,25493314,demo,master,none,none,False,0.63,18
2025-12-29 20:41:56,25493314,demo,666666,none,none,False,0.56,19
2025-12-29 20:41:58,25493314,demo,qwertyuiop,none,none,False,0.66,20
2025-12-29 20:42:01,25493314,demo,123321,none,none,False,0.36,21
2025-12-29 20:42:03,25493314,demo,mustang,none,none,False,0.65,22
2025-12-29 20:42:05,25493314,demo,121212,none,none,False,0.32,23
2025-12-29 20:42:07,25493314,demo,000000,none,none,False,0.59,24
2025-12-29 20:42:09,25493314,demo,password1,none,none,False,0.56,25
2025-12-29 20:42:11,25493314,demo,admin,none,none,False,0.66,26
2025-12-29 20:42:13,25493314,demo,admin123,none,none,False,0.46,27
2025-12-29 20:42:15,25493314,demo,root,none,none,False,0.37,28
2025-12-29 20:42:17,25493314,demo,toor,none,none,False,0.64,29
2025-12-29 20:42:19,25493314,demo,pass,none,none,False,0.61,30
2025-12-29 20:42:21,25493314,demo,test,none,none,False,0.62,31
2025-12-29 20:42:23,25493314,demo,test123,none,none,False,0.61,32
2025-12-29 20:42:25,25493314,demo,guest,none,none,False,0.63,33
2025-12-29 20:42:27,25493314,demo,guest123,none,none,False,0.6,34
2025-12-29 20:42:29,25493314,demo,user,none,none,False,0.67,35
2025-12-29 20:42:32,25493314,demo,user123,none,none,False,0.69,36
2025-12-29 20:42:34,25493314,demo,login,none,none,False,0.32,37
2025-12-29 20:42:36,25493314,demo,login123,none,none,False,0.7,38
2025-12-29 20:42:38,25493314,demo,welcome,none,none,False,0.61,39
2025-12-29 20:42:40,25493314,demo,welcome1,none,none,False,0.67,40
2025-12-29 20:42:42,25493314,demo,password123,none,none,False,0.64,41
2025-12-29 20:42:44,25493314,demo,admin1,none,none,False,0.57,42
2025-12-29 20:42:46,25493314,demo,root123,none,none,False,0.6,43
2025-12-29 20:42:48,25493314,demo,pass123,none,none,False,0.61,44
2025-12-29 20:42:50,25493314,demo,1q2w3e4r,none,none,False,0.73,45
2025-12-29 20:42:52,25493314,demo,qwerty123,none,none,False,0.67,46
2025-12-29 20:42:54,25493314,demo,1234567890,none,none,False,0.75,47
2025-12-29 20:42:56,25493314,demo,987654321,none,none,False,0.72,48
2025-12-29 20:42:59,25493314,demo,hello,none,none,False,0.74,49
2025-12-29 20:43:01,25493314,demo,hello123,none,none,False,0.75,50
2025-12-29 20:43:03,25493314,demo,iloveyou,none,none,False,0.65,51
2025-12-29 20:43:05,25493314,demo,sunshine,none,none,False,0.77,52
2025-12-29 20:43:07,25493314,demo,princess,none,none,False,0.73,53
2025-12-29 20:43:09,25493314,demo,Password1,none,none,False,0.75,54
2025-12-29 20:43:11,25493314,demo,Password123,none,none,False,0.74,55
2025-12-29 20:43:13,25493314,demo,Admin123,none,none,False,0.74,56
2025-12-29 20:43:15,25493314,demo,Welcome1,none,none,False,0.73,57
2025-12-29 20:43:17,25493314,demo,Student123,none,none,False,0.71,58
2025-12-29 20:43:19,25493314,demo,Student99,none,none,False,0.34,59
2025-12-29 20:43:21,25493314,demo,Test2024,none,none,False,0.75,60
2025-12-29 20:43:23,25493314,demo,Login456,none,none,False,0.35,61
2025-12-29 20:43:25,25493314,demo,Python101,none,none,False,0.7,62
2025-12-29 20:43:28,25493314,demo,demo,none,none,True,0.72,63
2025-12-29 20:43:30,25493314,student,123456,none,none,False,0.73,1
2025-12-29 20:43:32,25493314,student,password,none,none,False,0.67,2
2025-12-29 20:43:34,25493314,student,12345678,none,none,False,0.36,3
2025-12-29 20:43:36,25493314,student,qwerty,none,none,False,0.65,4
2025-12-29 20:43:38,25493314,student,123456789,none,none,False,0.7,5
2025-12-29 20:43:40,25493314,student,12345,none,none,False,0.91,6
2025-12-29 20:43:42,25493314,student,1234,none,none,False,0.7,7
2025-12-29 20:43:44,25493314,student,111111,none,none,False,0.81,8
2025-12-29 20:43:46,25493314,student,1234567,none,none,False,0.76,9
2025-12-29 20:43:48,25493314,student,dragon,none,none,False,0.74,10
2025-12-29 20:43:50,25493314,student,123123,none,none,False,0.9,11
2025-12-29 20:43:53,25493314,student,baseball,none,none,False,0.68,12
2025-12-29 20:43:55,25493314,student,abc123,none,none,False,0.48,13
2025-12-29 20:43:57,25493314,student,football,none,none,False,0.82,14
2025-12-29 20:43:59,25493314,student,monkey,none,none,False,0.73,15
2025-12-29 20:44:01,25493314,student,letmein,none,none,False,0.81,16
2025-12-29 20:44:03,25493314,student,shadow,none,none,False,0.76,17
2025-12-29 20:44:05,25493314,student,master,none,none,False,0.74,18
2025-12-29 20:44:07,25493314,student,666666,none,none,False,0.65,19
2025-12-29 20:44:09,25493314,student,qwertyuiop,none,none,False,0.45,20
2025-12-29 20:44:11,25493314,student,123321,none,none,False,0.87,21
2025-12-29 20:44:13,25493314,student,mustang,none,none,False,0.71,22
2025-12-29 20:44:15,25493314,student,121212,none,none,False,0.88,23
2025-12-29 20:44:17,25493314,student,000000,none,none,False,0.72,24
2025-12-29 20:44:20,25493314,student,password1,none,none,False,0.74,25
2025-12-29 20:44:22,25493314,student,admin,none,none,False,0.74,26
2025-12-29 20:44:24,25493314,student,admin123,none,none,False,0.7,27
2025-12-29 20:44:26,25493314,student,root,none,none,False,0.71,28
2025-12-29 20:44:28,25493314,student,toor,none,none,False,0.48,29
2025-12-29 20:44:30,25493314,student,pass,none,none,False,0.69,30
2025-12-29 20:44:32,25493314,student,test,none,none,False,0.73,31
2025-12-29 20:44:34,25493314,student,test123,none,none,False,0.62,32
2025-12-29 20:44:36,25493314,student,guest,none,none,False,0.81,33
2025-12-29 20:44:38,25493314,student,guest123,none,none,False,0.56,34
2025-12-29 20:44:40,25493314,student,user,none,none,False,0.39,35
2025-12-29 20:44:43,25493314,student,user123,none,none,False,0.76,36
2025-12-29 20:44:45,25493314,student,login,none,none,False,0.78,37
2025-12-29 20:44:47,25493314,student,login123,none,none,False,0.81,38
2025-12-29 20:44:49,25493314,student,welcome,none,none,False,0.72,39
2025-12-29 20:44:51,25493314,student,welcome1,none,none,False,0.6,40
2025-12-29 20:44:53,25493314,student,password123,none,none,False,0.79,41
2025-12-29 20:44:55,25493314,student,admin1,none,none,False,0.8,42
2025-12-29 20:44:57,25493314,student,root123,none,none,False,0.74,43
2025-12-29 20:44:59,25493314,student,pass123,none,none,False,0.66,44
2025-12-29 20:45:01,25493314,student,1q2w3e4r,none,none,False,0.75,45
2025-12-29 20:45:03,25493314,student,qwerty123,none,none,False,0.72,46
2025-12-29 20:45:05,25493314,student,1234567890,none,none,False,0.74,47
2025-12-29 20:45:08,25493314,student,987654321,none,none,False,0.74,48
2025-12-29 20:45:10,25493314,student,hello,none,none,False,0.92,49
2025-12-29 20:45:12,25493314,student,hello123,none,none,False,0.73,50
2025-12-29 20:45:14,25493314,student,iloveyou,none,none,False,0.73,51
2025-12-29 20:45:16,25493314,student,sunshine,none,none,False,0.87,52
2025-12-29 20:45:18,25493314,student,princess,none,none,False,0.75,53
2025-12-29 20:45:20,25493314,student,Password1,none,none,False,0.79,54
2025-12-29 20:45:22,25493314,student,Password123,none,none,False,0.63,55
2025-12-29 20:45:24,25493314,student,Admin123,none,none,False,0.73,56
2025-12-29 20:45:26,25493314,student,Welcome1,none,none,False,0.79,57
2025-12-29 20:45:28,25493314,student,Student123,none,none,False,0.7,58
2025-12-29 20:45:30,25493314,student,Student99,none,none,False,0.51,59
2025-12-29 20:45:33,25493314,student,Test2024,none,none,False,0.67,60
2025-12-29 20:45:35,25493314,student,Login456,none,none,False,0.73,61
2025-12-29 20:45:37,25493314,student,Python101,none,none,False,0.75,62
2025-12-29 20:45:39,25493314,student,demo,none,none,False,0.65,63
2025-12-29 20:45:41,25493314,student,student,none,none,True,0.73,64
2025-12-29 20:45:43,25493314,Student_user,123456,none,none,False,0.82,1
2025-12-29 20:45:45,25493314,Student_user,password,none,none,False,0.73,2
2025-12-29 20:45:47,25493314,Student_user,12345678,none,none,False,0.74,3
2025-12-29 20:45:49,25493314,Student_user,qwerty,none,none,False,0.76,4
2025-12-29 20:45:51,25493314,Student_user,123456789,none,none,False,0.69,5
2025-12-29 20:45:53,25493314,Student_user,12345,none,none,False,0.75,6
2025-12-29 20:45:55,25493314,Student_user,1234,none,none,False,0.72,7
2025-12-29 20:45:58,25493314,Student_user,111111,none,none,False,0.7,8
2025-12-29 20:46:00,25493314,Student_user,1234567,none,none,False,0.44,9
2025-12-29 20:46:02,25493314,Student_user,dragon,none,none,False,0.74,10
2025-12-29 20:46:04,25493314,Student_user,123123,none,none,False,0.55,11
2025-12-29 20:46:06,25493314,Student_user,baseball,none,none,False,0.74,12
2025-12-29 20:46:08,25493314,Student_user,abc123,none,none,False,0.71,13
2025-12-29 20:46:10,25493314,Student_user,football,none,none,False,0.74,14
2025-12-29 20:46:12,25493314,Student_user,monkey,none,none,False,0.79,15
2025-12-29 20:46:14,25493314,Student_user,letmein,none,none,False,0.64,16
2025-12-29 20:46:16,25493314,Student_user,shadow,none,none,False,0.68,17
2025-12-29 20:46:18,25493314,Student_user,master,none,none,False,0.79,18
2025-12-29 20:46:20,25493314,Student_user,666666,none,none,False,0.75,19
2025-12-29 20:46:22,25493314,Student_user,qwertyuiop,none,none,False,0.68,20
2025-12-29 20:46:25,25493314,Student_user,123321,none,none,False,0.74,21
2025-12-29 20:46:27,25493314,Student_user,mustang,none,none,False,0.73,22
2025-12-29 20:46:29,25493314,Student_user,121212,none,none,False,0.74,23
2025-12-29 20:46:31,25493314,Student_user,000000,none,none,False,0.79,24
2025-12-29 20:46:33,25493314,Student_user,password1,none,none,False,0.77,25
2025-12-29 20:46:35,25493314,Student_user,admin,none,none,False,0.66,26
2025-12-29 20:46:37,25493314,Student_user,admin123,none,none,False,0.76,27
2025-12-29 20:46:39,25493314,Student_user,root,none,none,False,0.73,28
2025-12-29 20:46:41,25493314,Student_user,toor,none,none,False,0.69,29
2025-12-29 20:46:43,25493314,Student_user,pass,none,none,False,0.75,30
2025-12-29 20:46:45,25493314,Student_user,test,none,none,False,0.74,31
2025-12-29 20:46:47,25493314,Student_user,test123,none,none,False,0.68,32
2025-12-29 20:46:49,25493314,Student_user,guest,none,none,False,0.89,33
2025-12-29 20:46:52,25493314,Student_user,guest123,none,none,False,0.75,34
2025-12-29 20:46:54,25493314,Student_user,user,none,none,False,0.77,35
2025-12-29 20:46:56,25493314,Student_user,user123,none,none,False,0.74,36
2025-12-29 20:46:58,25493314,Student_user,login,none,none,False,0.76,37
2025-12-29 20:47:00,25493314,Student_user,login123,none,none,False,0.74,38
2025-12-29 20:47:02,25493314,Student_user,welcome,none,none,False,0.73,39
2025-12-29 20:47:04,25493314,Student_user,welcome1,none,none,False,0.69,40
2025-12-29 20:47:06,25493314,Student_user,password123,none,none,False,0.7,41
2025-12-29 20:47:08,25493314,Student_user,admin1,none,none,False,0.69,42
2025-12-29 20:47:10,25493314,Student_user,root123,none,none,False,0.73,43
2025-12-29 20:47:12,25493314,Student_user,pass123,none,none,False,0.71,44
2025-12-29 20:47:15,25493314,Student_user,1q2w3e4r,none,none,False,0.5,45
2025-12-29 20:47:17,25493314,Student_user,qwerty123,none,none,False,0.57,46
2025-12-29 20:47:19,25493314,Student_user,1234567890,none,none,False,0.73,47
2025-12-29 20:47:21,25493314,Student_user,987654321,none,none,False,0.61,48
2025-12-29 20:47:23,25493314,Student_user,hello,none,none,False,0.85,49
2025-12-29 20:47:25,25493314,Student_user,hello123,none,none,False,0.62,50
2025-12-29 20:47:27,25493314,Student_user,iloveyou,none,none,False,0.35,51
2025-12-29 20:47:29,25493314,Student_user,sunshine,none,none,False,0.51,52
2025-12-29 20:47:31,25493314,Student_user,princess,none,none,False,0.58,53
2025-12-29 20:47:33,25493314,Student_user,Password1,none,none,False,0.56,54
2025-12-29 20:47:35,25493314,Student_user,Password123,none,none,False,0.42,55
2025-12-29 20:47:37,25493314,Student_user,Admin123,none,none,False,0.58,56
2025-12-29 20:47:39,25493314,Student_user,Welcome1,none,none,False,0.34,57
2025-12-29 20:47:41,25493314,Student_user,Student123,none,none,True,0.59,58
2025-12-29 20:47:44,25493314,user_test,123456,none,none,False,0.6,1
2025-12-29 20:47:46,25493314,user_test,password,none,none,False,0.71,2
2025-12-29 20:47:48,25493314,user_test,12345678,none,none,False,0.41,3
2025-12-29 20:47:50,25493314,user_test,qwerty,none,none,False,0.46,4
2025-12-29 20:47:52,25493314,user_test,123456789,none,none,False,0.56,5
2025-12-29 20:47:54,25493314,user_test,12345,none,none,False,1.01,6
2025-12-29 20:47:56,25493314,user_test,1234,none,none,False,0.56,7
2025-12-29 20:47:58,25493314,user_test,111111,none,none,False,0.45,8
2025-12-29 20:48:00,25493314,user_test,1234567,none,none,False,0.58,9
2025-12-29 20:48:02,25493314,user_test,dragon,none,none,False,0.55,10
2025-12-29 20:48:04,25493314,user_test,123123,none,none,False,0.67,11
2025-12-29 20:48:06,25493314,user_test,baseball,none,none,False,0.68,12
2025-12-29 20:48:08,25493314,user_test,abc123,none,none,False,0.61,13
2025-12-29 20:48:10,25493314,user_test,football,none,none,False,0.6,14
2025-12-29 20:48:12,25493314,user_test,monkey,none,none,False,0.56,15
2025-12-29 20:48:14,25493314,user_test,letmein,none,none,False,0.62,16
2025-12-29 20:48:16,25493314,user_test,shadow,none,none,False,0.35,17
2025-12-29 20:48:19,25493314,user_test,master,none,none,False,0.46,18
2025-12-29 20:48:21,25493314,user_test,666666,none,none,False,0.63,19
2025-12-29 20:48:23,25493314,user_test,qwertyuiop,none,none,False,0.71,20
2025-12-29 20:48:25,25493314,user_test,123321,none,none,False,0.66,21
2025-12-29 20:48:27,25493314,user_test,mustang,none,none,False,0.51,22
2025-12-29 20:48:29,25493314,user_test,121212,none,none,False,0.58,23
2025-12-29 20:48:31,25493314,user_test,000000,none,none,False,0.37,24
2025-12-29 20:48:33,25493314,user_test,password1,none,none,False,0.36,25
2025-12-29 20:48:35,25493314,user_test,admin,none,none,False,0.74,26
2025-12-29 20:48:37,25493314,user_test,admin123,none,none,False,0.54,27
2025-12-29 20:48:39,25493314,user_test,root,none,none,False,0.56,28
2025-12-29 20:48:41,25493314,user_test,toor,none,none,False,0.57,29
2025-12-29 20:48:43,25493314,user_test,pass,none,none,False,0.6,30
2025-12-29 20:48:45,25493314,user_test,test,none,none,False,0.63,31
2025-12-29 20:48:48,25493314,user_test,test123,none,none,False,0.75,32
2025-12-29 20:48:50,25493314,user_test,guest,none,none,False,0.38,33
2025-12-29 20:48:52,25493314,user_test,guest123,none,none,False,0.6,34
2025-12-29 20:48:54,25493314,user_test,user,none,none,False,0.64,35
2025-12-29 20:48:56,25493314,user_test,user123,none,none,False,0.59,36
2025-12-29 20:48:58,25493314,user_test,login,none,none,False,0.61,37
2025-12-29 20:49:00,25493314,user_test,login123,none,none,False,0.35,38
2025-12-29 20:49:02,25493314,user_test,welcome,none,none,False,0.6,39
2025-12-29 20:49:04,25493314,user_test,welcome1,none,none,False,0.75,40
2025-12-29 20:49:06,25493314,user_test,password123,none,none,False,0.67,41
2025-12-29 20:49:08,25493314,user_test,admin1,none,none,False,0.71,42
2025-12-29 20:49:10,25493314,user_test,root123,none,none,False,0.62,43
2025-12-29 20:49:12,25493314,user_test,pass123,none,none,False,0.62,44
2025-12-29 20:49:14,25493314,user_test,1q2w3e4r,none,none,False,0.65,45
2025-12-29 20:49:16,25493314,user_test,qwerty123,none,none,False,0.75,46
2025-12-29 20:49:19,25493314,user_test,1234567890,none,none,False,0.65,47
2025-12-29 20:49:21,25493314,user_test,987654321,none,none,False,0.31,48
2025-12-29 20:49:23,25493314,user_test,hello,none,none,False,0.32,49
2025-12-29 20:49:25,25493314,user_test,hello123,none,none,False,0.6,50
2025-12-29 20:49:27,25493314,user_test,iloveyou,none,none,False,0.33,51
2025-12-29 20:49:29,25493314,user_test,sunshine,none,none,False,0.63,52
2025-12-29 20:49:31,25493314,user_test,princess,none,none,False,0.64,53
2025-12-29 20:49:33,25493314,user_test,Password1,none,none,False,0.59,54
2025-12-29 20:49:35,25493314,user_test,Password123,none,none,False,0.43,55
2025-12-29 20:49:37,25493314,user_test,Admin123,none,none,False,0.61,56
2025-12-29 20:49:39,25493314,user_test,Welcome1,none,none,False,0.66,57
2025-12-29 20:49:41,25493314,user_test,Student123,none,none,False,0.57,58
2025-12-29 20:49:43,25493314,user_test,Student99,none,none,False,0.58,59
2025-12-29 20:49:45,25493314,user_test,Test2024,none,none,True,0.57,60
2025-12-29 20:49:48,25493314,bluecat,123456,none,none,False,0.63,1
2025-12-29 20:49:50,25493314,bluecat,password,none,none,False,0.38,2
2025-12-29 20:49:52,25493314,bluecat,12345678,none,none,False,0.6,3
2025-12-29 20:49:54,25493314,bluecat,qwerty,none,none,False,0.65,4
2025-12-29 20:49:56,25493314,bluecat,123456789,none,none,False,0.55,5
2025-12-29 20:49:58,25493314,bluecat,12345,none,none,False,0.78,6
2025-12-29 20:50:00,25493314,bluecat,1234,none,none,False,0.62,7
2025-12-29 20:50:02,25493314,bluecat,111111,none,none,False,0.31,8
2025-12-29 20:50:04,25493314,bluecat,1234567,none,none,False,0.26,9
2025-12-29 20:50:06,25493314,bluecat,dragon,none,none,False,0.57,10
2025-12-29 20:50:08,25493314,bluecat,123123,none,none,False,0.59,11
2025-12-29 20:50:10,25493314,bluecat,baseball,none,none,False,0.6,12
2025-12-29 20:50:12,25493314,bluecat,abc123,none,none,False,0.55,13
2025-12-29 20:50:14,25493314,bluecat,football,none,none,False,0.57,14
2025-12-29 20:50:16,25493314,bluecat,monkey,none,none,False,0.57,15
2025-12-29 20:50:19,25493314,bluecat,letmein,none,none,False,0.66,16
2025-12-29 20:50:21,25493314,bluecat,shadow,none,none,False,0.61,17
2025-12-29 20:50:23,25493314,bluecat,master,none,none,False,0.48,18
2025-12-29 20:50:25,25493314,bluecat,666666,none,none,False,0.63,19
2025-12-29 20:50:27,25493314,bluecat,qwertyuiop,none,none,False,0.43,20
2025-12-29 20:50:29,25493314,bluecat,123321,none,none,False,0.35,21
2025-12-29 20:50:31,25493314,bluecat,mustang,none,none,False,0.43,22
2025-12-29 20:50:33,25493314,bluecat,121212,none,none,False,0.62,23
2025-12-29 20:50:35,25493314,bluecat,000000,none,none,False,0.63,24
2025-12-29 20:50:37,25493314,bluecat,password1,none,none,False,0.63,25
2025-12-29 20:50:39,25493314,bluecat,admin,none,none,False,0.57,26
2025-12-29 20:50:41,25493314,bluecat,admin123,none,none,False,0.72,27
2025-12-29 20:50:43,25493314,bluecat,root,none,none,False,0.6,28
2025-12-29 20:50:45,25493314,bluecat,toor,none,none,False,0.61,29
2025-12-29 20:50:47,25493314,bluecat,pass,none,none,False,0.67,30
2025-12-29 20:50:50,25493314,bluecat,test,none,none,False,0.47,31
2025-12-29 20:50:52,25493314,bluecat,test123,none,none,False,0.62,32
2025-12-29 20:50:54,25493314,bluecat,guest,none,none,False,0.61,33
2025-12-29 20:50:56,25493314,bluecat,guest123,none,none,False,0.61,34
2025-12-29 20:50:58,25493314,bluecat,user,none,none,False,0.61,35
2025-12-29 20:51:00,25493314,bluecat,user123,none,none,False,0.63,36
2025-12-29 20:51:02,25493314,bluecat,login,none,none,False,0.6,37
2025-12-29 20:51:04,25493314,bluecat,login123,none,none,False,0.6,38
2025-12-29 20:51:06,25493314,bluecat,welcome,none,none,False,0.65,39
2025-12-29 20:51:08,25493314,bluecat,welcome1,none,none,False,0.59,40
2025-12-29 20:51:10,25493314,bluecat,password123,none,none,False,0.62,41
2025-12-29 20:51:12,25493314,bluecat,admin1,none,none,False,0.62,42
2025-12-29 20:51:14,25493314,bluecat,root123,none,none,False,0.55,43
2025-12-29 20:51:16,25493314,bluecat,pass123,none,none,False,0.37,44
2025-12-29 20:51:18,25493314,bluecat,1q2w3e4r,none,none,False,0.59,45
2025-12-29 20:51:21,25493314,bluecat,qwerty123,none,none,False,0.35,46
2025-12-29 20:51:23,25493314,bluecat,1234567890,none,none,False,0.6,47
2025-12-29 20:51:25,25493314,bluecat,987654321,none,none,False,0.57,48
2025-12-29 20:51:27,25493314,bluecat,hello,none,none,False,0.32,49
2025-12-29 20:51:29,25493314,bluecat,hello123,none,none,False,0.6,50
2025-12-29 20:51:31,25493314,bluecat,iloveyou,none,none,False,0.41,51
2025-12-29 20:51:33,25493314,bluecat,sunshine,none,none,False,0.41,52
2025-12-29 20:51:35,25493314,bluecat,princess,none,none,False,0.37,53
2025-12-29 20:51:37,25493314,bluecat,Password1,none,none,False,2.49,54
2025-12-29 20:51:39,25493314,bluecat,Password123,none,none,False,0.58,55
2025-12-29 20:51:41,25493314,bluecat,Admin123,none,none,False,0.64,56
2025-12-29 20:51:43,25493314,bluecat,Welcome1,none,none,False,0.62,57
2025-12-29 20:51:45,25493314,bluecat,Student123,none,none,False,0.6,58
2025-12-29 20:51:47,25493314,bluecat,Student99,none,none,False,0.64,59
2025-12-29 20:51:50,25493314,bluecat,Test2024,none,none,False,0.31,60
2025-12-29 20:51:52,25493314,bluecat,Login456,none,none,False,0.4,61
2025-12-29 20:51:54,25493314,bluecat,Python101,none,none,False,0.4,62
2025-12-29 20:51:56,25493314,bluecat,demo,none,none,False,0.64,63
2025-12-29 20:51:58,25493314,bluecat,student,none,none,False,0.42,64
2025-12-29 20:52:00,25493314,bluecat,name,none,none,False,0.58,65
2025-12-29 20:52:02,25493314,bluecat,1111,none,none,False,0.56,66
2025-12-29 20:52:04,25493314,bluecat,BlueCat12,none,none,True,0.59,67
2025-12-29 20:52:06,25493314,student1,123456,none,none,False,0.3,1
2025-12-29 20:52:08,25493314,student1,password,none,none,False,0.43,2
2025-12-29 20:52:10,25493314,student1,12345678,none,none,False,0.29,3
2025-12-29 20:52:12,25493314,student1,qwerty,none,none,False,0.58,4
2025-12-29 20:52:14,25493314,student1,123456789,none,none,False,0.44,5
2025-12-29 20:52:16,25493314,student1,12345,none,none,False,0.66,6
2025-12-29 20:52:18,25493314,student1,1234,none,none,False,0.53,7
2025-12-29 20:52:20,25493314,student1,111111,none,none,False,0.85,8
2025-12-29 20:52:22,25493314,student1,1234567,none,none,False,0.68,9
2025-12-29 20:52:25,25493314,student1,dragon,none,none,False,0.4,10
2025-12-29 20:52:27,25493314,student1,123123,none,none,False,0.71,11
2025-12-29 20:52:29,25493314,student1,baseball,none,none,False,0.37,12
2025-12-29 20:52:31,25493314,student1,abc123,none,none,False,0.61,13
2025-12-29 20:52:33,25493314,student1,football,none,none,False,0.6,14
2025-12-29 20:52:35,25493314,student1,monkey,none,none,False,0.25,15
2025-12-29 20:52:37,25493314,student1,letmein,none,none,False,0.37,16
2025-12-29 20:52:39,25493314,student1,shadow,none,none,False,0.46,17
2025-12-29 20:52:41,25493314,student1,master,none,none,False,0.6,18
2025-12-29 20:52:43,25493314,student1,666666,none,none,False,0.63,19
2025-12-29 20:52:45,25493314,student1,qwertyuiop,none,none,False,0.69,20
2025-12-29 20:52:47,25493314,student1,123321,none,none,False,0.44,21
2025-12-29 20:52:49,25493314,student1,mustang,none,none,False,0.77,22
2025-12-29 20:52:51,25493314,student1,121212,none,none,False,0.84,23
2025-12-29 20:52:53,25493314,student1,000000,none,none,False,0.61,24
2025-12-29 20:52:56,25493314,student1,password1,none,none,False,0.34,25
2025-12-29 20:52:58,25493314,student1,admin,none,none,False,0.32,26
2025-12-29 20:53:00,25493314,student1,admin123,none,none,False,0.4,27
2025-12-29 20:53:02,25493314,student1,root,none,none,False,0.4,28
2025-12-29 20:53:04,25493314,student1,toor,none,none,False,0.6,29
2025-12-29 20:53:06,25493314,student1,pass,none,none,False,0.84,30
2025-12-29 20:53:08,25493314,student1,test,none,none,False,0.35,31
2025-12-29 20:53:10,25493314,student1,test123,none,none,False,0.35,32
2025-12-29 20:53:12,25493314,student1,guest,none,none,False,0.48,33
2025-12-29 20:53:14,25493314,student1,guest123,none,none,False,0.57,34
2025-12-29 20:53:16,25493314,student1,user,none,none,False,0.31,35
2025-12-29 20:53:18,25493314,student1,user123,none,none,False,0.38,36
2025-12-29 20:53:20,25493314,student1,login,none,none,False,0.66,37
2025-12-29 20:53:22,25493314,student1,login123,none,none,False,0.6,38
2025-12-29 20:53:24,25493314,student1,welcome,none,none,False,0.32,39
2025-12-29 20:53:26,25493314,student1,welcome1,none,none,False,0.63,40
2025-12-29 20:53:29,25493314,student1,password123,none,none,False,0.6,41
2025-12-29 20:53:31,25493314,student1,admin1,none,none,False,0.7,42
2025-12-29 20:53:33,25493314,student1,root123,none,none,False,0.62,43
2025-12-29 20:53:35,25493314,student1,pass123,none,none,False,0.57,44
2025-12-29 20:53:37,25493314,student1,1q2w3e4r,none,none,False,0.62,45
2025-12-29 20:53:39,25493314,student1,qwerty123,none,none,False,0.61,46
2025-12-29 20:53:41,25493314,student1,1234567890,none,none,False,0.74,47
2025-12-29 20:53:43,25493314,student1,987654321,none,none,False,0.61,48
2025-12-29 20:53:45,25493314,student1,hello,none,none,False,0.59,49
2025-12-29 20:53:47,25493314,student1,hello123,none,none,False,0.5,50
2025-12-29 20:53:49,25493314,student1,iloveyou,none,none,False,0.39,51
2025-12-29 20:53:51,25493314,student1,sunshine,none,none,False,0.58,52
2025-12-29 20:53:53,25493314,student1,princess,none,none,False,0.58,53
2025-12-29 20:53:55,25493314,student1,Password1,none,none,False,0.76,54
2025-12-29 20:53:57,25493314,student1,Password123,none,none,False,0.56,55
2025-12-29 20:54:00,25493314,student1,Admin123,none,none,False,0.5,56
2025-12-29 20:54:02,25493314,student1,Welcome1,none,none,False,0.57,57
2025-12-29 20:54:04,25493314,student1,Student123,none,none,False,0.49,58
2025-12-29 20:54:06,25493314,student1,Student99,none,none,True,0.53,59
2025-12-29 20:54:08,25493314,login_user,123456,none,none,False,0.58,1
2025-12-29 20:54:10,25493314,login_user,password,none,none,False,0.57,2
2025-12-29 20:54:12,25493314,login_user,12345678,none,none,False,0.61,3
2025-12-29 20:54:14,25493314,login_user,qwerty,none,none,False,0.6,4
2025-12-29 20:54:16,25493314,login_user,123456789,none,none,False,0.6,5
2025-12-29 20:54:18,25493314,login_user,12345,none,none,False,0.58,6
2025-12-29 20:54:20,25493314,login_user,1234,none,none,False,0.62,7
2025-12-29 20:54:22,25493314,login_user,111111,none,none,False,0.62,8
2025-12-29 20:54:24,25493314,login_user,1234567,none,none,False,0.76,9
2025-12-29 20:54:27,25493314,login_user,dragon,none,none,False,0.32,10
2025-12-29 20:54:29,25493314,login_user,123123,none,none,False,0.57,11
2025-12-29 20:54:31,25493314,login_user,baseball,none,none,False,0.67,12
2025-12-29 20:54:33,25493314,login_user,abc123,none,none,False,0.6,13
2025-12-29 20:54:35,25493314,login_user,football,none,none,False,0.65,14
2025-12-29 20:54:37,25493314,login_user,monkey,none,none,False,0.47,15
2025-12-29 20:54:39,25493314,login_user,letmein,none,none,False,0.6,16
2025-12-29 20:54:41,25493314,login_user,shadow,none,none,False,0.64,17
2025-12-29 20:54:43,25493314,login_user,master,none,none,False,0.58,18
2025-12-29 20:54:45,25493314,login_user,666666,none,none,False,0.62,19
2025-12-29 20:54:47,25493314,login_user,qwertyuiop,none,none,False,0.63,20
2025-12-29 20:54:49,25493314,login_user,123321,none,none,False,0.77,21
2025-12-29 20:54:51,25493314,login_user,mustang,none,none,False,0.65,22
2025-12-29 20:54:53,25493314,login_user,121212,none,none,False,0.68,23
2025-12-29 20:54:55,25493314,login_user,000000,none,none,False,0.61,24
2025-12-29 20:54:58,25493314,login_user,password1,none,none,False,0.61,25
2025-12-29 20:55:00,25493314,login_user,admin,none,none,False,0.63,26
2025-12-29 20:55:02,25493314,login_user,admin123,none,none,False,0.59,27
2025-12-29 20:55:04,25493314,login_user,root,none,none,False,0.58,28
2025-12-29 20:55:06,25493314,login_user,toor,none,none,False,0.33,29
2025-12-29 20:55:08,25493314,login_user,pass,none,none,False,0.43,30
2025-12-29 20:55:10,25493314,login_user,test,none,none,False,0.37,31
2025-12-29 20:55:12,25493314,login_user,test123,none,none,False,0.62,32
2025-12-29 20:55:14,25493314,login_user,guest,none,none,False,0.6,33
2025-12-29 20:55:16,25493314,login_user,guest123,none,none,False,0.6,34
2025-12-29 20:55:18,25493314,login_user,user,none,none,False,0.64,35
2025-12-29 20:55:20,25493314,login_user,user123,none,none,False,0.61,36
2025-12-29 20:55:22,25493314,login_user,login,none,none,False,0.61,37
2025-12-29 20:55:24,25493314,login_user,login123,none,none,False,0.59,38
2025-12-29 20:55:27,25493314,login_user,welcome,none,none,False,0.74,39
2025-12-29 20:55:29,25493314,login_user,welcome1,none,none,False,0.56,40
2025-12-29 20:55:31,25493314,login_user,password123,none,none,False,0.63,41
2025-12-29 20:55:33,25493314,login_user,admin1,none,none,False,0.5,42
2025-12-29 20:55:35,25493314,login_user,root123,none,none,False,0.63,43
2025-12-29 20:55:37,25493314,login_user,pass123,none,none,False,0.35,44
2025-12-29 20:55:39,25493314,login_user,1q2w3e4r,none,none,False,0.55,45
2025-12-29 20:55:41,25493314,login_user,qwerty123,none,none,False,0.55,46
2025-12-29 20:55:43,25493314,login_user,1234567890,none,none,False,0.61,47
2025-12-29 20:55:45,25493314,login_user,987654321,none,none,False,0.61,48
2025-12-29 20:55:47,25493314,login_user,hello,none,none,False,0.61,49
2025-12-29 20:55:49,25493314,login_user,hello123,none,none,False,0.53,50
2025-12-29 20:55:51,25493314,login_user,iloveyou,none,none,False,0.59,51
2025-12-29 20:55:53,25493314,login_user,sunshine,none,none,False,0.65,52
2025-12-29 20:55:55,25493314,login_user,princess,none,none,False,0.61,53
2025-12-29 20:55:58,25493314,login_user,Password1,none,none,False,0.61,54
2025-12-29 20:56:00,25493314,login_user,Password123,none,none,False,0.32,55
2025-12-29 20:56:02,25493314,login_user,Admin123,none,none,False,0.74,56
2025-12-29 20:56:04,25493314,login_user,Welcome1,none,none,False,0.57,57
2025-12-29 20:56:06,25493314,login_user,Student123,none,none,False,0.58,58
2025-12-29 20:56:08,25493314,login_user,Student99,none,none,False,0.35,59
2025-12-29 20:56:10,25493314,login_user,Test2024,none,none,False,0.68,60
2025-12-29 20:56:12,25493314,login_user,Login456,none,none,True,0.55,61
2025-12-29 20:56:14,25493314,pythonfan,123456,none,none,False,0.52,1
2025-12-29 20:56:16,25493314,pythonfan,password,none,none,False,0.35,2
2025-12-29 20:56:18,25493314,pythonfan,12345678,none,none,False,0.72,3
2025-12-29 20:56:20,25493314,pythonfan,qwerty,none,none,False,0.61,4
2025-12-29 20:56:22,25493314,pythonfan,123456789,none,none,False,0.61,5
2025-12-29 20:56:24,25493314,pythonfan,12345,none,none,False,0.63,6
2025-12-29 20:56:27,25493314,pythonfan,1234,none,none,False,0.62,7
2025-12-29 20:56:29,25493314,pythonfan,111111,none,none,False,0.63,8
2025-12-29 20:56:31,25493314,pythonfan,1234567,none,none,False,0.61,9
2025-12-29 20:56:33,25493314,pythonfan,dragon,none,none,False,0.64,10
2025-12-29 20:56:35,25493314,pythonfan,123123,none,none,False,0.56,11
2025-12-29 20:56:37,25493314,pythonfan,baseball,none,none,False,0.42,12
2025-12-29 20:56:39,25493314,pythonfan,abc123,none,none,False,0.68,13
2025-12-29 20:56:41,25493314,pythonfan,football,none,none,False,0.62,14
2025-12-29 20:56:43,25493314,pythonfan,monkey,none,none,False,0.6,15
2025-12-29 20:56:45,25493314,pythonfan,letmein,none,none,False,0.56,16
2025-12-29 20:56:47,25493314,pythonfan,shadow,none,none,False,0.64,17
2025-12-29 20:56:49,25493314,pythonfan,master,none,none,False,0.64,18
2025-12-29 20:56:51,25493314,pythonfan,666666,none,none,False,0.64,19
2025-12-29 20:56:53,25493314,pythonfan,qwertyuiop,none,none,False,0.58,20
2025-12-29 20:56:55,25493314,pythonfan,123321,none,none,False,0.59,21
2025-12-29 20:56:58,25493314,pythonfan,mustang,none,none,False,0.6,22
2025-12-29 20:57:00,25493314,pythonfan,121212,none,none,False,0.6,23
2025-12-29 20:57:02,25493314,pythonfan,000000,none,none,False,0.57,24
2025-12-29 20:57:04,25493314,pythonfan,password1,none,none,False,0.59,25
2025-12-29 20:57:06,25493314,pythonfan,admin,none,none,False,0.46,26
2025-12-29 20:57:08,25493314,pythonfan,admin123,none,none,False,0.61,27
2025-12-29 20:57:10,25493314,pythonfan,root,none,none,False,0.78,28
2025-12-29 20:57:12,25493314,pythonfan,toor,none,none,False,0.56,29
2025-12-29 20:57:14,25493314,pythonfan,pass,none,none,False,0.41,30
2025-12-29 20:57:16,25493314,pythonfan,test,none,none,False,0.36,31
2025-12-29 20:57:18,25493314,pythonfan,test123,none,none,False,0.92,32
2025-12-29 20:57:20,25493314,pythonfan,guest,none,none,False,0.78,33
2025-12-29 20:57:22,25493314,pythonfan,guest123,none,none,False,0.58,34
2025-12-29 20:57:24,25493314,pythonfan,user,none,none,False,0.48,35
2025-12-29 20:57:26,25493314,pythonfan,user123,none,none,False,0.33,36
2025-12-29 20:57:28,25493314,pythonfan,login,none,none,False,0.57,37
2025-12-29 20:57:30,25493314,pythonfan,login123,none,none,False,0.52,38
2025-12-29 20:57:32,25493314,pythonfan,welcome,none,none,False,0.68,39
2025-12-29 20:57:35,25493314,pythonfan,welcome1,none,none,False,0.38,40
2025-12-29 20:57:37,25493314,pythonfan,password123,none,none,False,0.56,41
2025-12-29 20:57:39,25493314,pythonfan,admin1,none,none,False,0.61,42
2025-12-29 20:57:41,25493314,pythonfan,root123,none,none,False,0.61,43
2025-12-29 20:57:43,25493314,pythonfan,pass123,none,none,False,0.61,44
2025-12-29 20:57:45,25493314,pythonfan,1q2w3e4r,none,none,False,0.6,45
2025-12-29 20:57:47,25493314,pythonfan,qwerty123,none,none,False,0.6,46
2025-12-29 20:57:49,25493314,pythonfan,1234567890,none,none,False,0.58,47
2025-12-29 20:57:51,25493314,pythonfan,987654321,none,none,False,0.57,48
2025-12-29 20:57:53,25493314,pythonfan,hello,none,none,False,0.58,49
2025-12-29 20:57:55,25493314,pythonfan,hello123,none,none,False,0.69,50
2025-12-29 20:57:57,25493314,pythonfan,iloveyou,none,none,False,0.52,51
2025-12-29 20:57:59,25493314,pythonfan,sunshine,none,none,False,0.46,52
2025-12-29 20:58:01,25493314,pythonfan,princess,none,none,False,0.72,53
2025-12-29 20:58:04,25493314,pythonfan,Password1,none,none,False,0.6,54
2025-12-29 20:58:06,25493314,pythonfan,Password123,none,none,False,0.62,55
2025-12-29 20:58:08,25493314,pythonfan,Admin123,none,none,False,0.6,56
2025-12-29 20:58:10,25493314,pythonfan,Welcome1,none,none,False,0.62,57
2025-12-29 20:58:12,25493314,pythonfan,Student123,none,none,False,0.65,58
2025-12-29 20:58:14,25493314,pythonfan,Student99,none,none,False,0.6,59
2025-12-29 20:58:16,25493314,pythonfan,Test2024,none,none,False,0.61,60
2025-12-29 20:58:18,25493314,pythonfan,Login456,none,none,False,0.62,61
2025-12-29 20:58:20,25493314,pythonfan,Python101,none,none,True,0.61,62
2025-12-29 20:58:22,25493314,techgirl,123456,none,none,False,0.69,1
2025-12-29 20:58:24,25493314,techgirl,password,none,none,False,0.64,2
2025-12-29 20:58:26,25493314,techgirl,12345678,none,none,False,0.61,3
2025-12-29 20:58:28,25493314,techgirl,qwerty,none,none,False,0.62,4
2025-12-29 20:58:30,25493314,techgirl,123456789,none,none,False,0.61,5
2025-12-29 20:58:32,25493314,techgirl,12345,none,none,False,0.73,6
2025-12-29 20:58:35,25493314,techgirl,1234,none,none,False,0.3,7
2025-12-29 20:58:37,25493314,techgirl,111111,none,none,False,0.46,8
2025-12-29 20:58:39,25493314,techgirl,1234567,none,none,False,0.44,9
2025-12-29 20:58:41,25493314,techgirl,dragon,none,none,False,0.32,10
2025-12-29 20:58:43,25493314,techgirl,123123,none,none,False,0.45,11
2025-12-29 20:58:45,25493314,techgirl,baseball,none,none,False,0.34,12
2025-12-29 20:58:47,25493314,techgirl,abc123,none,none,False,0.59,13
2025-12-29 20:58:49,25493314,techgirl,football,none,none,False,0.57,14
2025-12-29 20:58:51,25493314,techgirl,monkey,none,none,False,0.58,15
2025-12-29 20:58:53,25493314,techgirl,letmein,none,none,False,0.55,16
2025-12-29 20:58:55,25493314,techgirl,shadow,none,none,False,0.63,17
2025-12-29 20:58:57,25493314,techgirl,master,none,none,False,0.3,18
2025-12-29 20:58:59,25493314,techgirl,666666,none,none,False,0.42,19
2025-12-29 20:59:01,25493314,techgirl,qwertyuiop,none,none,False,0.57,20
2025-12-29 20:59:03,25493314,techgirl,123321,none,none,False,0.56,21
2025-12-29 20:59:06,25493314,techgirl,mustang,none,none,False,0.84,22
2025-12-29 20:59:08,25493314,techgirl,121212,none,none,False,0.98,23
2025-12-29 20:59:10,25493314,techgirl,000000,none,none,False,0.39,24
2025-12-29 20:59:12,25493314,techgirl,password1,none,none,False,0.62,25
2025-12-29 20:59:14,25493314,techgirl,admin,none,none,False,0.62,26
2025-12-29 20:59:16,25493314,techgirl,admin123,none,none,False,0.55,27
2025-12-29 20:59:18,25493314,techgirl,root,none,none,False,0.4,28
2025-12-29 20:59:20,25493314,techgirl,toor,none,none,False,0.34,29
2025-12-29 20:59:22,25493314,techgirl,pass,none,none,False,0.47,30
2025-12-29 20:59:24,25493314,techgirl,test,none,none,False,0.44,31
2025-12-29 20:59:26,25493314,techgirl,test123,none,none,False,0.56,32
2025-12-29 20:59:28,25493314,techgirl,guest,none,none,False,0.62,33
2025-12-29 20:59:30,25493314,techgirl,guest123,none,none,False,0.75,34
2025-12-29 20:59:32,25493314,techgirl,user,none,none,False,0.7,35
2025-12-29 20:59:34,25493314,techgirl,user123,none,none,False,0.49,36
2025-12-29 20:59:36,25493314,techgirl,login,none,none,False,0.68,37
2025-12-29 20:59:39,25493314,techgirl,login123,none,none,False,0.59,38
2025-12-29 20:59:41,25493314,techgirl,welcome,none,none,False,0.72,39
2025-12-29 20:59:43,25493314,techgirl,welcome1,none,none,False,0.69,40
2025-12-29 20:59:45,25493314,techgirl,password123,none,none,False,0.68,41
2025-12-29 20:59:47,25493314,techgirl,admin1,none,none,False,1.03,42
2025-12-29 20:59:49,25493314,techgirl,root123,none,none,False,0.41,43
2025-12-29 20:59:51,25493314,techgirl,pass123,none,none,False,0.56,44
2025-12-29 20:59:53,25493314,techgirl,1q2w3e4r,none,none,False,0.37,45
2025-12-29 20:59:55,25493314,techgirl,qwerty123,none,none,False,0.69,46
2025-12-29 20:59:57,25493314,techgirl,1234567890,none,none,False,0.67,47
2025-12-29 20:59:59,25493314,techgirl,987654321,none,none,False,0.49,48
2025-12-29 21:00:01,25493314,techgirl,hello,none,none,False,0.72,49
2025-12-29 21:00:04,25493314,techgirl,hello123,none,none,False,0.35,50
2025-12-29 21:00:06,25493314,techgirl,iloveyou,none,none,False,0.63,51
2025-12-29 21:00:08,25493314,techgirl,sunshine,none,none,False,0.61,52
2025-12-29 21:00:10,25493314,techgirl,princess,none,none,False,0.6,53
2025-12-29 21:00:12,25493314,techgirl,Password1,none,none,False,0.74,54
2025-12-29 21:00:14,25493314,techgirl,Password123,none,none,False,0.58,55
2025-12-29 21:00:16,25493314,techgirl,Admin123,none,none,False,0.58,56
2025-12-29 21:00:18,25493314,techgirl,Welcome1,none,none,False,0.55,57
2025-12-29 21:00:20,25493314,techgirl,Student123,none,none,False,0.59,58
2025-12-29 21:00:22,25493314,techgirl,Student99,none,none,False,0.61,59
2025-12-29 21:00:24,25493314,techgirl,Test2024,none,none,False,0.61,60
2025-12-29 21:00:26,25493314,techgirl,Login456,none,none,False,0.34,61
2025-12-29 21:00:28,25493314,techgirl,Python101,none,none,False,0.6,62
2025-12-29 21:00:30,25493314,techgirl,demo,none,none,False,0.6,63
2025-12-29 21:00:32,25493314,techgirl,student,none,none,False,0.65,64
2025-12-29 21:00:34,25493314,techgirl,name,none,none,False,0.66,65
2025-12-29 21:00:36,25493314,techgirl,1111,none,none,False,0.56,66
2025-12-29 21:00:39,25493314,techgirl,BlueCat12,none,none,False,0.6,67
2025-12-29 21:00:41,25493314,techgirl,TechGirl7,none,none,True,0.57,68
2025-12-29 21:00:43,25493314,cloud_user,123456,none,none,False,0.62,1
2025-12-29 21:00:45,25493314,cloud_user,password,none,none,False,0.53,2
2025-12-29 21:00:47,25493314,cloud_user,12345678,none,none,False,0.49,3
2025-12-29 21:00:49,25493314,cloud_user,qwerty,none,none,False,0.56,4
2025-12-29 21:00:51,25493314,cloud_user,123456789,none,none,False,0.63,5
2025-12-29 21:00:53,25493314,cloud_user,12345,none,none,False,0.62,6
2025-12-29 21:00:55,25493314,cloud_user,1234,none,none,False,0.59,7
2025-12-29 21:00:57,25493314,cloud_user,111111,none,none,False,0.62,8
2025-12-29 21:00:59,25493314,cloud_user,1234567,none,none,False,0.6,9
2025-12-29 21:01:01,25493314,cloud_user,dragon,none,none,False,0.46,10
2025-12-29 21:01:03,25493314,cloud_user,123123,none,none,False,0.64,11
2025-12-29 21:01:05,25493314,cloud_user,baseball,none,none,False,0.68,12
2025-12-29 21:01:08,25493314,cloud_user,abc123,none,none,False,0.69,13
2025-12-29 21:01:10,25493314,cloud_user,football,none,none,False,0.56,14
2025-12-29 21:01:12,25493314,cloud_user,monkey,none,none,False,0.58,15
2025-12-29 21:01:14,25493314,cloud_user,letmein,none,none,False,0.56,16
2025-12-29 21:01:16,25493314,cloud_user,shadow,none,none,False,0.63,17
2025-12-29 21:01:18,25493314,cloud_user,master,none,none,False,0.49,18
2025-12-29 21:01:20,25493314,cloud_user,666666,none,none,False,0.55,19
2025-12-29 21:01:22,25493314,cloud_user,qwertyuiop,none,none,False,0.61,20
2025-12-29 21:01:24,25493314,cloud_user,123321,none,none,False,0.61,21
2025-12-29 21:01:26,25493314,cloud_user,mustang,none,none,False,0.6,22
2025-12-29 21:01:28,25493314,cloud_user,121212,none,none,False,0.56,23
2025-12-29 21:01:30,25493314,cloud_user,000000,none,none,False,0.64,24
2025-12-29 21:01:32,25493314,cloud_user,password1,none,none,False,0.62,25
2025-12-29 21:01:34,25493314,cloud_user,admin,none,none,False,0.62,26
2025-12-29 21:01:36,25493314,cloud_user,admin123,none,none,False,0.59,27
2025-12-29 21:01:38,25493314,cloud_user,root,none,none,False,0.79,28
2025-12-29 21:01:40,25493314,cloud_user,toor,none,none,False,0.61,29
2025-12-29 21:01:43,25493314,cloud_user,pass,none,none,False,0.61,30
2025-12-29 21:01:45,25493314,cloud_user,test,none,none,False,0.42,31
2025-12-29 21:01:47,25493314,cloud_user,test123,none,none,False,0.45,32
2025-12-29 21:01:49,25493314,cloud_user,guest,none,none,False,0.28,33
2025-12-29 21:01:51,25493314,cloud_user,guest123,none,none,False,0.55,34
2025-12-29 21:01:53,25493314,cloud_user,user,none,none,False,0.3,35
2025-12-29 21:01:55,25493314,cloud_user,user123,none,none,False,0.74,36
2025-12-29 21:01:57,25493314,cloud_user,login,none,none,False,0.74,37
2025-12-29 21:01:59,25493314,cloud_user,login123,none,none,False,0.52,38
2025-12-29 21:02:01,25493314,cloud_user,welcome,none,none,False,0.59,39
2025-12-29 21:02:03,25493314,cloud_user,welcome1,none,none,False,0.38,40
2025-12-29 21:02:05,25493314,cloud_user,password123,none,none,False,0.72,41
2025-12-29 21:02:07,25493314,cloud_user,admin1,none,none,False,0.51,42
2025-12-29 21:02:09,25493314,cloud_user,root123,none,none,False,0.37,43
2025-12-29 21:02:11,25493314,cloud_user,pass123,none,none,False,0.44,44
2025-12-29 21:02:13,25493314,cloud_user,1q2w3e4r,none,none,False,0.58,45
2025-12-29 21:02:16,25493314,cloud_user,qwerty123,none,none,False,0.62,46
2025-12-29 21:02:18,25493314,cloud_user,1234567890,none,none,False,0.32,47
2025-12-29 21:02:20,25493314,cloud_user,987654321,none,none,False,0.57,48
2025-12-29 21:02:22,25493314,cloud_user,hello,none,none,False,0.61,49
2025-12-29 21:02:24,25493314,cloud_user,hello123,none,none,False,0.6,50
2025-12-29 21:02:26,25493314,cloud_user,iloveyou,none,none,False,0.63,51
2025-12-29 21:02:28,25493314,cloud_user,sunshine,none,none,False,0.57,52
2025-12-29 21:02:30,25493314,cloud_user,princess,none,none,False,0.63,53
2025-12-29 21:02:32,25493314,cloud_user,Password1,none,none,False,0.55,54
2025-12-29 21:02:34,25493314,cloud_user,Password123,none,none,False,0.62,55
2025-12-29 21:02:36,25493314,cloud_user,Admin123,none,none,False,0.6,56
2025-12-29 21:02:38,25493314,cloud_user,Welcome1,none,none,False,0.64,57
2025-12-29 21:02:40,25493314,cloud_user,Student123,none,none,False,0.62,58
2025-12-29 21:02:42,25493314,cloud_user,Student99,none,none,False,0.63,59
2025-12-29 21:02:44,25493314,cloud_user,Test2024,none,none,False,0.65,60
2025-12-29 21:02:46,25493314,cloud_user,Login456,none,none,False,0.62,61
2025-12-29 21:02:49,25493314,cloud_user,Python101,none,none,False,0.6,62
2025-12-29 21:02:51,25493314,cloud_user,demo,none,none,False,0.65,63
2025-12-29 21:02:53,25493314,cloud_user,student,none,none,False,0.69,64
2025-12-29 21:02:55,25493314,cloud_user,name,none,none,False,0.55,65
2025-12-29 21:02:57,25493314,cloud_user,1111,none,none,False,0.65,66
2025-12-29 21:02:59,25493314,cloud_user,BlueCat12,none,none,False,0.62,67
2025-12-29 21:03:01,25493314,cloud_user,TechGirl7,none,none,False,0.6,68
2025-12-29 21:03:03,25493314,cloud_user,Cloud123,none,none,True,0.28,69
2025-12-29 21:03:05,25493314,gamer22,123456,none,none,False,0.45,1
2025-12-29 21:03:07,25493314,gamer22,password,none,none,False,0.71,2
2025-12-29 21:03:09,25493314,gamer22,12345678,none,none,False,0.61,3
2025-12-29 21:03:11,25493314,gamer22,qwerty,none,none,False,0.59,4
2025-12-29 21:03:13,25493314,gamer22,123456789,none,none,False,0.59,5
2025-12-29 21:03:15,25493314,gamer22,12345,none,none,False,0.56,6
2025-12-29 21:03:18,25493314,gamer22,1234,none,none,False,0.61,7
2025-12-29 21:03:20,25493314,gamer22,111111,none,none,False,0.33,8
2025-12-29 21:03:22,25493314,gamer22,1234567,none,none,False,0.72,9
2025-12-29 21:03:24,25493314,gamer22,dragon,none,none,False,0.57,10
2025-12-29 21:03:26,25493314,gamer22,123123,none,none,False,0.6,11
2025-12-29 21:03:28,25493314,gamer22,baseball,none,none,False,0.67,12
2025-12-29 21:03:30,25493314,gamer22,abc123,none,none,False,0.59,13
2025-12-29 21:03:32,25493314,gamer22,football,none,none,False,0.61,14
2025-12-29 21:03:34,25493314,gamer22,monkey,none,none,False,1.06,15
2025-12-29 21:03:36,25493314,gamer22,letmein,none,none,False,0.61,16
2025-12-29 21:03:38,25493314,gamer22,shadow,none,none,False,0.66,17
2025-12-29 21:03:40,25493314,gamer22,master,none,none,False,0.42,18
2025-12-29 21:03:42,25493314,gamer22,666666,none,none,False,0.63,19
2025-12-29 21:03:44,25493314,gamer22,qwertyuiop,none,none,False,0.57,20
2025-12-29 21:03:46,25493314,gamer22,123321,none,none,False,0.62,21
2025-12-29 21:03:49,25493314,gamer22,mustang,none,none,False,0.64,22
2025-12-29 21:03:51,25493314,gamer22,121212,none,none,False,0.63,23
2025-12-29 21:03:53,25493314,gamer22,000000,none,none,False,0.61,24
2025-12-29 21:03:55,25493314,gamer22,password1,none,none,False,0.6,25
2025-12-29 21:03:57,25493314,gamer22,admin,none,none,False,0.61,26
2025-12-29 21:03:59,25493314,gamer22,admin123,none,none,False,0.66,27
2025-12-29 21:04:01,25493314,gamer22,root,none,none,False,0.58,28
2025-12-29 21:04:03,25493314,gamer22,toor,none,none,False,0.62,29
2025-12-29 21:04:05,25493314,gamer22,pass,none,none,False,0.65,30
2025-12-29 21:04:07,25493314,gamer22,test,none,none,False,0.65,31
2025-12-29 21:04:09,25493314,gamer22,test123,none,none,False,0.6,32
2025-12-29 21:04:11,25493314,gamer22,guest,none,none,False,0.61,33
2025-12-29 21:04:13,25493314,gamer22,guest123,none,none,False,0.62,34
2025-12-29 21:04:15,25493314,gamer22,user,none,none,False,0.59,35
2025-12-29 21:04:17,25493314,gamer22,user123,none,none,False,0.61,36
2025-12-29 21:04:20,25493314,gamer22,login,none,none,False,0.56,37
2025-12-29 21:04:22,25493314,gamer22,login123,none,none,False,0.6,38
2025-12-29 21:04:24,25493314,gamer22,welcome,none,none,False,0.61,39
2025-12-29 21:04:26,25493314,gamer22,welcome1,none,none,False,0.61,40
2025-12-29 21:04:28,25493314,gamer22,password123,none,none,False,0.58,41
2025-12-29 21:04:30,25493314,gamer22,admin1,none,none,False,0.58,42
2025-12-29 21:04:32,25493314,gamer22,root123,none,none,False,0.62,43
2025-12-29 21:04:34,25493314,gamer22,pass123,none,none,False,0.61,44
2025-12-29 21:04:36,25493314,gamer22,1q2w3e4r,none,none,False,0.28,45
2025-12-29 21:04:38,25493314,gamer22,qwerty123,none,none,False,0.28,46
2025-12-29 21:04:40,25493314,gamer22,1234567890,none,none,False,0.57,47
2025-12-29 21:04:42,25493314,gamer22,987654321,none,none,False,0.36,48
2025-12-29 21:04:44,25493314,gamer22,hello,none,none,False,0.55,49
2025-12-29 21:04:46,25493314,gamer22,hello123,none,none,False,0.64,50
2025-12-29 21:04:48,25493314,gamer22,iloveyou,none,none,False,0.62,51
2025-12-29 21:04:50,25493314,gamer22,sunshine,none,none,False,0.59,52
2025-12-29 21:04:53,25493314,gamer22,princess,none,none,False,0.58,53
2025-12-29 21:04:55,25493314,gamer22,Password1,none,none,False,0.65,54
2025-12-29 21:04:57,25493314,gamer22,Password123,none,none,False,0.55,55
2025-12-29 21:04:59,25493314,gamer22,Admin123,none,none,False,0.61,56
2025-12-29 21:05:01,25493314,gamer22,Welcome1,none,none,False,0.57,57
2025-12-29 21:05:03,25493314,gamer22,Student123,none,none,False,0.62,58
2025-12-29 21:05:05,25493314,gamer22,Student99,none,none,False,0.61,59
2025-12-29 21:05:07,25493314,gamer22,Test2024,none,none,False,0.52,60
2025-12-29 21:05:09,25493314,gamer22,Login456,none,none,False,0.58,61
2025-12-29 21:05:11,25493314,gamer22,Python101,none,none,False,0.35,62
2025-12-29 21:05:13,25493314,gamer22,demo,none,none,False,0.45,63
2025-12-29 21:05:15,25493314,gamer22,student,none,none,False,0.62,64
2025-12-29 21:05:17,25493314,gamer22,name,none,none,False,0.63,65
2025-12-29 21:05:19,25493314,gamer22,1111,none,none,False,0.66,66
2025-12-29 21:05:22,25493314,gamer22,BlueCat12,none,none,False,0.62,67
2025-12-29 21:05:24,25493314,gamer22,TechGirl7,none,none,False,0.6,68
2025-12-29 21:05:26,25493314,gamer22,Cloud123,none,none,False,0.6,69
2025-12-29 21:05:28,25493314,gamer22,GameOn22,none,none,True,0.63,70
2025-12-29 21:05:30,25493314,webdev,123456,none,none,False,0.69,1
2025-12-29 21:05:32,25493314,webdev,password,none,none,False,0.6,2
2025-12-29 21:05:34,25493314,webdev,12345678,none,none,False,0.62,3
2025-12-29 21:05:36,25493314,webdev,qwerty,none,none,False,0.6,4
2025-12-29 21:05:38,25493314,webdev,123456789,none,none,False,0.6,5
2025-12-29 21:05:40,25493314,webdev,12345,none,none,False,0.6,6
2025-12-29 21:05:42,25493314,webdev,1234,none,none,False,0.62,7
2025-12-29 21:05:44,25493314,webdev,111111,none,none,False,0.59,8
2025-12-29 21:05:46,25493314,webdev,1234567,none,none,False,0.59,9
2025-12-29 21:05:48,25493314,webdev,dragon,none,none,False,0.74,10
2025-12-29 21:05:50,25493314,webdev,123123,none,none,False,0.57,11
2025-12-29 21:05:53,25493314,webdev,baseball,none,none,False,0.6,12
2025-12-29 21:05:55,25493314,webdev,abc123,none,none,False,0.55,13
2025-12-29 21:05:57,25493314,webdev,football,none,none,False,0.57,14
2025-12-29 21:05:59,25493314,webdev,monkey,none,none,False,0.34,15
2025-12-29 21:06:01,25493314,webdev,letmein,none,none,False,0.6,16
2025-12-29 21:06:03,25493314,webdev,shadow,none,none,False,0.42,17
2025-12-29 21:06:05,25493314,webdev,master,none,none,False,0.61,18
2025-12-29 21:06:07,25493314,webdev,666666,none,none,False,0.62,19
2025-12-29 21:06:09,25493314,webdev,qwertyuiop,none,none,False,0.62,20
2025-12-29 21:06:11,25493314,webdev,123321,none,none,False,0.68,21
2025-12-29 21:06:13,25493314,webdev,mustang,none,none,False,0.73,22
2025-12-29 21:06:15,25493314,webdev,121212,none,none,False,0.62,23
2025-12-29 21:06:17,25493314,webdev,000000,none,none,False,0.63,24
2025-12-29 21:06:19,25493314,webdev,password1,none,none,False,0.57,25
2025-12-29 21:06:21,25493314,webdev,admin,none,none,False,0.65,26
2025-12-29 21:06:24,25493314,webdev,admin123,none,none,False,0.61,27
2025-12-29 21:06:26,25493314,webdev,root,none,none,False,0.66,28
2025-12-29 21:06:28,25493314,webdev,toor,none,none,False,0.6,29
2025-12-29 21:06:30,25493314,webdev,pass,none,none,False,0.62,30
2025-12-29 21:06:32,25493314,webdev,test,none,none,False,0.69,31
2025-12-29 21:06:34,25493314,webdev,test123,none,none,False,0.73,32
2025-12-29 21:06:36,25493314,webdev,guest,none,none,False,0.74,33
2025-12-29 21:06:38,25493314,webdev,guest123,none,none,False,0.7,34
2025-12-29 21:06:40,25493314,webdev,user,none,none,False,0.7,35
2025-12-29 21:06:42,25493314,webdev,user123,none,none,False,0.73,36
2025-12-29 21:06:44,25493314,webdev,login,none,none,False,0.72,37
2025-12-29 21:06:47,25493314,webdev,login123,none,none,False,0.73,38
2025-12-29 21:06:49,25493314,webdev,welcome,none,none,False,0.76,39
2025-12-29 21:06:51,25493314,webdev,welcome1,none,none,False,0.73,40
2025-12-29 21:06:53,25493314,webdev,password123,none,none,False,0.62,41
2025-12-29 21:06:55,25493314,webdev,admin1,none,none,False,0.68,42
2025-12-29 21:06:57,25493314,webdev,root123,none,none,False,0.73,43
2025-12-29 21:06:59,25493314,webdev,pass123,none,none,False,0.38,44
2025-12-29 21:07:01,25493314,webdev,1q2w3e4r,none,none,False,0.77,45
2025-12-29 21:07:03,25493314,webdev,qwerty123,none,none,False,0.29,46
2025-12-29 21:07:05,25493314,webdev,1234567890,none,none,False,0.59,47
2025-12-29 21:07:07,25493314,webdev,987654321,none,none,False,0.56,48
2025-12-29 21:07:09,25493314,webdev,hello,none,none,False,0.6,49
2025-12-29 21:07:11,25493314,webdev,hello123,none,none,False,0.77,50
2025-12-29 21:07:13,25493314,webdev,iloveyou,none,none,False,0.33,51
2025-12-29 21:07:16,25493314,webdev,sunshine,none,none,False,0.27,52
2025-12-29 21:07:18,25493314,webdev,princess,none,none,False,0.54,53
2025-12-29 21:07:20,25493314,webdev,Password1,none,none,False,0.46,54
2025-12-29 21:07:22,25493314,webdev,Password123,none,none,False,0.45,55
2025-12-29 21:07:24,25493314,webdev,Admin123,none,none,False,0.46,56
2025-12-29 21:07:26,25493314,webdev,Welcome1,none,none,False,0.61,57
2025-12-29 21:07:28,25493314,webdev,Student123,none,none,False,0.55,58
2025-12-29 21:07:30,25493314,webdev,Student99,none,none,False,0.4,59
2025-12-29 21:07:32,25493314,webdev,Test2024,none,none,False,0.61,60
2025-12-29 21:07:34,25493314,webdev,Login456,none,none,False,0.44,61
2025-12-29 21:07:36,25493314,webdev,Python101,none,none,False,0.61,62
2025-12-29 21:07:38,25493314,webdev,demo,none,none,False,0.58,63
2025-12-29 21:07:40,25493314,webdev,student,none,none,False,0.59,64
2025-12-29 21:07:42,25493314,webdev,name,none,none,False,0.82,65
2025-12-29 21:07:44,25493314,webdev,1111,none,none,False,0.53,66
2025-12-29 21:07:46,25493314,webdev,BlueCat12,none,none,False,0.82,67
2025-12-29 21:07:48,25493314,webdev,TechGirl7,none,none,False,0.6,68
2025-12-29 21:07:51,25493314,webdev,Cloud123,none,none,False,0.46,69
2025-12-29 21:07:53,25493314,webdev,GameOn22,none,none,False,0.55,70
2025-12-29 21:07:55,25493314,webdev,WebDev88,none,none,True,0.6,71
2025-12-29 21:07:57,25493314,sha.sec,123456,none,none,False,0.59,1
2025-12-29 21:07:59,25493314,sha.sec,password,none,none,False,0.49,2
2025-12-29 21:08:01,25493314,sha.sec,12345678,none,none,False,0.57,3
2025-12-29 21:08:03,25493314,sha.sec,qwerty,none,none,False,0.59,4
2025-12-29 21:08:05,25493314,sha.sec,123456789,none,none,False,0.61,5
2025-12-29 21:08:07,25493314,sha.sec,12345,none,none,False,0.57,6
2025-12-29 21:08:09,25493314,sha.sec,1234,none,none,False,0.56,7
2025-12-29 21:08:11,25493314,sha.sec,111111,none,none,False,0.58,8
2025-12-29 21:08:13,25493314,sha.sec,1234567,none,none,False,0.55,9
2025-12-29 21:08:15,25493314,sha.sec,dragon,none,none,False,0.36,10
2025-12-29 21:08:17,25493314,sha.sec,123123,none,none,False,0.36,11
2025-12-29 21:08:19,25493314,sha.sec,baseball,none,none,False,0.59,12
2025-12-29 21:08:22,25493314,sha.sec,abc123,none,none,False,0.61,13
2025-12-29 21:08:24,25493314,sha.sec,football,none,none,False,0.61,14
2025-12-29 21:08:26,25493314,sha.sec,monkey,none,none,False,0.42,15
2025-12-29 21:08:28,25493314,sha.sec,letmein,none,none,False,0.57,16
2025-12-29 21:08:30,25493314,sha.sec,shadow,none,none,False,0.64,17
2025-12-29 21:08:32,25493314,sha.sec,master,none,none,False,0.59,18
2025-12-29 21:08:34,25493314,sha.sec,666666,none,none,False,0.64,19
2025-12-29 21:08:36,25493314,sha.sec,qwertyuiop,none,none,False,0.69,20
2025-12-29 21:08:38,25493314,sha.sec,123321,none,none,False,0.64,21
2025-12-29 21:08:40,25493314,sha.sec,mustang,none,none,False,0.66,22
2025-12-29 21:08:42,25493314,sha.sec,121212,none,none,False,0.61,23
2025-12-29 21:08:44,25493314,sha.sec,000000,none,none,False,0.61,24
2025-12-29 21:08:46,25493314,sha.sec,password1,none,none,False,0.66,25
2025-12-29 21:08:48,25493314,sha.sec,admin,none,none,False,0.67,26
2025-12-29 21:08:50,25493314,sha.sec,admin123,none,none,False,0.62,27
2025-12-29 21:08:52,25493314,sha.sec,root,none,none,False,0.8,28
2025-12-29 21:08:54,25493314,sha.sec,toor,none,none,False,0.6,29
2025-12-29 21:08:57,25493314,sha.sec,pass,none,none,False,0.57,30
2025-12-29 21:08:59,25493314,sha.sec,test,none,none,False,0.53,31
2025-12-29 21:09:01,25493314,sha.sec,test123,none,none,False,0.3,32
2025-12-29 21:09:03,25493314,sha.sec,guest,none,none,False,0.63,33
2025-12-29 21:09:05,25493314,sha.sec,guest123,none,none,False,0.58,34
2025-12-29 21:09:07,25493314,sha.sec,user,none,none,False,0.48,35
2025-12-29 21:09:09,25493314,sha.sec,user123,none,none,False,0.58,36
2025-12-29 21:09:11,25493314,sha.sec,login,none,none,False,0.58,37
2025-12-29 21:09:13,25493314,sha.sec,login123,none,none,False,0.58,38
2025-12-29 21:09:15,25493314,sha.sec,welcome,none,none,False,0.57,39
2025-12-29 21:09:17,25493314,sha.sec,welcome1,none,none,False,0.27,40
2025-12-29 21:09:19,25493314,sha.sec,password123,none,none,False,0.52,41
2025-12-29 21:09:21,25493314,sha.sec,admin1,none,none,False,0.59,42
2025-12-29 21:09:23,25493314,sha.sec,root123,none,none,False,0.63,43
2025-12-29 21:09:25,25493314,sha.sec,pass123,none,none,False,0.62,44
2025-12-29 21:09:27,25493314,sha.sec,1q2w3e4r,none,none,False,0.57,45
2025-12-29 21:09:30,25493314,sha.sec,qwerty123,none,none,False,0.65,46
2025-12-29 21:09:32,25493314,sha.sec,1234567890,none,none,False,0.61,47
2025-12-29 21:09:34,25493314,sha.sec,987654321,none,none,False,0.6,48
2025-12-29 21:09:36,25493314,sha.sec,hello,none,none,False,0.56,49
2025-12-29 21:09:38,25493314,sha.sec,hello123,none,none,False,0.52,50
2025-12-29 21:09:40,25493314,sha.sec,iloveyou,none,none,False,0.6,51
2025-12-29 21:09:42,25493314,sha.sec,sunshine,none,none,False,0.6,52
2025-12-29 21:09:44,25493314,sha.sec,princess,none,none,False,0.62,53
2025-12-29 21:09:46,25493314,sha.sec,Password1,none,none,False,0.62,54
2025-12-29 21:09:48,25493314,sha.sec,Password123,none,none,False,0.63,55
2025-12-29 21:09:50,25493314,sha.sec,Admin123,none,none,False,0.82,56
2025-12-29 21:09:52,25493314,sha.sec,Welcome1,none,none,False,0.62,57
2025-12-29 21:09:54,25493314,sha.sec,Student123,none,none,False,0.74,58
2025-12-29 21:09:56,25493314,sha.sec,Student99,none,none,False,0.63,59
2025-12-29 21:09:58,25493314,sha.sec,Test2024,none,none,False,0.44,60
2025-12-29 21:10:01,25493314,sha.sec,Login456,none,none,False,0.49,61
2025-12-29 21:10:03,25493314,sha.sec,Python101,none,none,False,0.57,62
2025-12-29 21:10:05,25493314,sha.sec,demo,none,none,False,0.59,63
2025-12-29 21:10:07,25493314,sha.sec,student,none,none,False,0.6,64
2025-12-29 21:10:09,25493314,sha.sec,name,none,none,False,0.6,65
2025-12-29 21:10:11,25493314,sha.sec,1111,none,none,False,0.49,66
2025-12-29 21:10:13,25493314,sha.sec,BlueCat12,none,none,False,0.69,67
2025-12-29 21:10:15,25493314,sha.sec,TechGirl7,none,none,False,0.67,68
2025-12-29 21:10:17,25493314,sha.sec,Cloud123,none,none,False,0.55,69
2025-12-29 21:10:19,25493314,sha.sec,GameOn22,none,none,False,0.57,70
2025-12-29 21:10:21,25493314,sha.sec,WebDev88,none,none,False,0.56,71
2025-12-29 21:10:23,25493314,secure_user,123456,none,none,False,0.34,1
2025-12-29 21:10:25,25493314,secure_user,password,none,none,False,0.53,2
2025-12-29 21:10:27,25493314,secure_user,12345678,none,none,False,0.35,3
2025-12-29 21:10:29,25493314,secure_user,qwerty,none,none,False,0.4,4
2025-12-29 21:10:31,25493314,secure_user,123456789,none,none,False,0.7,5
2025-12-29 21:10:34,25493314,secure_user,12345,none,none,False,0.6,6
2025-12-29 21:10:36,25493314,secure_user,1234,none,none,False,0.63,7
2025-12-29 21:10:38,25493314,secure_user,111111,none,none,False,0.62,8
2025-12-29 21:10:40,25493314,secure_user,1234567,none,none,False,0.63,9
2025-12-29 21:10:42,25493314,secure_user,dragon,none,none,False,0.75,10
2025-12-29 21:10:44,25493314,secure_user,123123,none,none,False,0.79,11
2025-12-29 21:10:46,25493314,secure_user,baseball,none,none,False,0.7,12
2025-12-29 21:10:48,25493314,secure_user,abc123,none,none,False,0.49,13
2025-12-29 21:10:50,25493314,secure_user,football,none,none,False,0.59,14
2025-12-29 21:10:52,25493314,secure_user,monkey,none,none,False,0.55,15
2025-12-29 21:10:54,25493314,secure_user,letmein,none,none,False,0.61,16
2025-12-29 21:10:56,25493314,secure_user,shadow,none,none,False,0.61,17
2025-12-29 21:10:58,25493314,secure_user,master,none,none,False,0.63,18
2025-12-29 21:11:00,25493314,secure_user,666666,none,none,False,0.63,19
2025-12-29 21:11:02,25493314,secure_user,qwertyuiop,none,none,False,0.65,20
2025-12-29 21:11:05,25493314,secure_user,123321,none,none,False,0.68,21
2025-12-29 21:11:07,25493314,secure_user,mustang,none,none,False,0.64,22
2025-12-29 21:11:09,25493314,secure_user,121212,none,none,False,0.63,23
2025-12-29 21:11:11,25493314,secure_user,000000,none,none,False,0.62,24
2025-12-29 21:11:13,25493314,secure_user,password1,none,none,False,0.62,25
2025-12-29 21:11:15,25493314,secure_user,admin,none,none,False,0.62,26
2025-12-29 21:11:17,25493314,secure_user,admin123,none,none,False,0.6,27
2025-12-29 21:11:19,25493314,secure_user,root,none,none,False,0.6,28
2025-12-29 21:11:21,25493314,secure_user,toor,none,none,False,0.57,29
2025-12-29 21:11:23,25493314,secure_user,pass,none,none,False,0.62,30
2025-12-29 21:11:25,25493314,secure_user,test,none,none,False,0.58,31
2025-12-29 21:11:27,25493314,secure_user,test123,none,none,False,0.55,32
2025-12-29 21:11:29,25493314,secure_user,guest,none,none,False,0.32,33
2025-12-29 21:11:31,25493314,secure_user,guest123,none,none,False,0.3,34
2025-12-29 21:11:33,25493314,secure_user,user,none,none,False,0.37,35
2025-12-29 21:11:35,25493314,secure_user,user123,none,none,False,0.32,36
2025-12-29 21:11:38,25493314,secure_user,login,none,none,False,0.43,37
2025-12-29 21:11:40,25493314,secure_user,login123,none,none,False,0.58,38
2025-12-29 21:11:42,25493314,secure_user,welcome,none,none,False,0.55,39
2025-12-29 21:11:44,25493314,secure_user,welcome1,none,none,False,0.61,40
2025-12-29 21:11:46,25493314,secure_user,password123,none,none,False,0.65,41
2025-12-29 21:11:48,25493314,secure_user,admin1,none,none,False,0.58,42
2025-12-29 21:11:50,25493314,secure_user,root123,none,none,False,0.62,43
2025-12-29 21:11:52,25493314,secure_user,pass123,none,none,False,0.62,44
2025-12-29 21:11:54,25493314,secure_user,1q2w3e4r,none,none,False,0.62,45
2025-12-29 21:11:56,25493314,secure_user,qwerty123,none,none,False,0.6,46
2025-12-29 21:11:58,25493314,secure_user,1234567890,none,none,False,0.61,47
2025-12-29 21:12:00,25493314,secure_user,987654321,none,none,False,0.62,48
2025-12-29 21:12:02,25493314,secure_user,hello,none,none,False,0.63,49
2025-12-29 21:12:04,25493314,secure_user,hello123,none,none,False,0.63,50
2025-12-29 21:12:06,25493314,secure_user,iloveyou,none,none,False,0.62,51
2025-12-29 21:12:09,25493314,secure_user,sunshine,none,none,False,0.62,52
2025-12-29 21:12:11,25493314,secure_user,princess,none,none,False,0.29,53
2025-12-29 21:12:13,25493314,secure_user,Password1,none,none,False,3.41,54
2025-12-29 21:12:15,25493314,secure_user,Password123,none,none,False,0.61,55
2025-12-29 21:12:17,25493314,secure_user,Admin123,none,none,False,0.6,56
2025-12-29 21:12:19,25493314,secure_user,Welcome1,none,none,False,0.8,57
2025-12-29 21:12:21,25493314,secure_user,Student123,none,none,False,0.61,58
2025-12-29 21:12:23,25493314,secure_user,Student99,none,none,False,0.64,59
2025-12-29 21:12:25,25493314,secure_user,Test2024,none,none,False,0.62,60
2025-12-29 21:12:27,25493314,secure_user,Login456,none,none,False,0.59,61
2025-12-29 21:12:29,25493314,secure_user,Python101,none,none,False,0.62,62
2025-12-29 21:12:31,25493314,secure_user,demo,none,none,False,0.82,63
2025-12-29 21:12:33,25493314,secure_user,student,none,none,False,0.42,64
2025-12-29 21:12:35,25493314,secure_user,name,none,none,False,0.64,65
2025-12-29 21:12:38,25493314,secure_user,1111,none,none,False,0.72,66
2025-12-29 21:12:40,25493314,secure_user,BlueCat12,none,none,False,0.58,67
2025-12-29 21:12:42,25493314,secure_user,TechGirl7,none,none,False,0.4,68
2025-12-29 21:12:44,25493314,secure_user,Cloud123,none,none,False,0.5,69
2025-12-29 21:12:46,25493314,secure_user,GameOn22,none,none,False,0.73,70
2025-12-29 21:12:48,25493314,secure_user,WebDev88,none,none,False,0.65,71
2025-12-29 21:12:50,25493314,cyber.auth,123456,none,none,False,0.78,1
2025-12-29 21:12:52,25493314,cyber.auth,password,none,none,False,0.79,2
2025-12-29 21:12:54,25493314,cyber.auth,12345678,none,none,False,0.79,3
2025-12-29 21:12:56,25493314,cyber.auth,qwerty,none,none,False,0.72,4
2025-12-29 21:12:58,25493314,cyber.auth,123456789,none,none,False,0.77,5
2025-12-29 21:13:00,25493314,cyber.auth,12345,none,none,False,0.75,6
2025-12-29 21:13:02,25493314,cyber.auth,1234,none,none,False,0.67,7
2025-12-29 21:13:05,25493314,cyber.auth,111111,none,none,False,0.73,8
2025-12-29 21:13:07,25493314,cyber.auth,1234567,none,none,False,0.74,9
2025-12-29 21:13:09,25493314,cyber.auth,dragon,none,none,False,0.68,10
2025-12-29 21:13:11,25493314,cyber.auth,123123,none,none,False,0.67,11
2025-12-29 21:13:13,25493314,cyber.auth,baseball,none,none,False,0.68,12
2025-12-29 21:13:15,25493314,cyber.auth,abc123,none,none,False,0.84,13
2025-12-29 21:13:17,25493314,cyber.auth,football,none,none,False,0.69,14
2025-12-29 21:13:19,25493314,cyber.auth,monkey,none,none,False,0.72,15
2025-12-29 21:13:21,25493314,cyber.auth,letmein,none,none,False,0.36,16
2025-12-29 21:13:23,25493314,cyber.auth,shadow,none,none,False,0.74,17
2025-12-29 21:13:25,25493314,cyber.auth,master,none,none,False,0.74,18
2025-12-29 21:13:27,25493314,cyber.auth,666666,none,none,False,0.77,19
2025-12-29 21:13:29,25493314,cyber.auth,qwertyuiop,none,none,False,0.94,20
2025-12-29 21:13:32,25493314,cyber.auth,123321,none,none,False,0.55,21
2025-12-29 21:13:34,25493314,cyber.auth,mustang,none,none,False,0.7,22
2025-12-29 21:13:36,25493314,cyber.auth,121212,none,none,False,0.64,23
2025-12-29 21:13:38,25493314,cyber.auth,000000,none,none,False,0.74,24
2025-12-29 21:13:40,25493314,cyber.auth,password1,none,none,False,0.73,25
2025-12-29 21:13:42,25493314,cyber.auth,admin,none,none,False,0.76,26
2025-12-29 21:13:44,25493314,cyber.auth,admin123,none,none,False,0.78,27
2025-12-29 21:13:46,25493314,cyber.auth,root,none,none,False,0.75,28
2025-12-29 21:13:48,25493314,cyber.auth,toor,none,none,False,0.63,29
2025-12-29 21:13:50,25493314,cyber.auth,pass,none,none,False,0.46,30
2025-12-29 21:13:52,25493314,cyber.auth,test,none,none,False,0.71,31
2025-12-29 21:13:55,25493314,cyber.auth,test123,none,none,False,0.85,32
2025-12-29 21:13:57,25493314,cyber.auth,guest,none,none,False,0.44,33
2025-12-29 21:13:59,25493314,cyber.auth,guest123,none,none,False,0.56,34
2025-12-29 21:14:01,25493314,cyber.auth,user,none,none,False,0.56,35
2025-12-29 21:14:03,25493314,cyber.auth,user123,none,none,False,0.72,36
2025-12-29 21:14:05,25493314,cyber.auth,login,none,none,False,0.73,37
2025-12-29 21:14:07,25493314,cyber.auth,login123,none,none,False,0.74,38
2025-12-29 21:14:09,25493314,cyber.auth,welcome,none,none,False,0.73,39
2025-12-29 21:14:11,25493314,cyber.auth,welcome1,none,none,False,0.68,40
2025-12-29 21:14:13,25493314,cyber.auth,password123,none,none,False,0.68,41
2025-12-29 21:14:15,25493314,cyber.auth,admin1,none,none,False,0.81,42
2025-12-29 21:14:17,25493314,cyber.auth,root123,none,none,False,0.81,43
2025-12-29 21:14:20,25493314,cyber.auth,pass123,none,none,False,0.67,44
2025-12-29 21:14:22,25493314,cyber.auth,1q2w3e4r,none,none,False,0.65,45
2025-12-29 21:14:24,25493314,cyber.auth,qwerty123,none,none,False,0.63,46
2025-12-29 21:14:26,25493314,cyber.auth,1234567890,none,none,False,0.73,47
2025-12-29 21:14:28,25493314,cyber.auth,987654321,none,none,False,0.8,48
2025-12-29 21:14:30,25493314,cyber.auth,hello,none,none,False,0.67,49
2025-12-29 21:14:32,25493314,cyber.auth,hello123,none,none,False,0.75,50
2025-12-29 21:14:34,25493314,cyber.auth,iloveyou,none,none,False,0.75,51
2025-12-29 21:14:36,25493314,cyber.auth,sunshine,none,none,False,0.69,52
2025-12-29 21:14:38,25493314,cyber.auth,princess,none,none,False,0.68,53
2025-12-29 21:14:41,25493314,cyber.auth,Password1,none,none,False,0.63,54
2025-12-29 21:14:43,25493314,cyber.auth,Password123,none,none,False,0.63,55
2025-12-29 21:14:45,25493314,cyber.auth,Admin123,none,none,False,0.62,56
2025-12-29 21:14:47,25493314,cyber.auth,Welcome1,none,none,False,0.63,57
2025-12-29 21:14:49,25493314,cyber.auth,Student123,none,none,False,0.46,58
2025-12-29 21:14:51,25493314,cyber.auth,Student99,none,none,False,0.44,59
2025-12-29 21:14:53,25493314,cyber.auth,Test2024,none,none,False,0.73,60
2025-12-29 21:14:55,25493314,cyber.auth,Login456,none,none,False,0.88,61
2025-12-29 21:14:57,25493314,cyber.auth,Python101,none,none,False,0.71,62
2025-12-29 21:14:59,25493314,cyber.auth,demo,none,none,False,0.73,63
2025-12-29 21:15:01,25493314,cyber.auth,student,none,none,False,0.9,64
2025-12-29 21:15:03,25493314,cyber.auth,name,none,none,False,0.62,65
2025-12-29 21:15:06,25493314,cyber.auth,1111,none,none,False,0.71,66
2025-12-29 21:15:08,25493314,cyber.auth,BlueCat12,none,none,False,0.7,67
2025-12-29 21:15:10,25493314,cyber.auth,TechGirl7,none,none,False,0.71,68
2025-12-29 21:15:12,25493314,cyber.auth,Cloud123,none,none,False,0.71,69
2025-12-29 21:15:14,25493314,cyber.auth,GameOn22,none,none,False,0.84,70
2025-12-29 21:15:16,25493314,cyber.auth,WebDev88,none,none,False,0.77,71
2025-12-29 21:15:18,25493314,dev.access,123456,none,none,False,0.72,1
2025-12-29 21:15:20,25493314,dev.access,password,none,none,False,0.72,2
2025-12-29 21:15:22,25493314,dev.access,12345678,none,none,False,0.74,3
2025-12-29 21:15:24,25493314,dev.access,qwerty,none,none,False,0.73,4
2025-12-29 21:15:26,25493314,dev.access,123456789,none,none,False,0.67,5
2025-12-29 21:15:28,25493314,dev.access,12345,none,none,False,0.75,6
2025-12-29 21:15:30,25493314,dev.access,1234,none,none,False,0.78,7
2025-12-29 21:15:33,25493314,dev.access,111111,none,none,False,0.68,8
2025-12-29 21:15:35,25493314,dev.access,1234567,none,none,False,0.71,9
2025-12-29 21:15:37,25493314,dev.access,dragon,none,none,False,0.84,10
2025-12-29 21:15:39,25493314,dev.access,123123,none,none,False,0.71,11
2025-12-29 21:15:41,25493314,dev.access,baseball,none,none,False,0.58,12
2025-12-29 21:15:43,25493314,dev.access,abc123,none,none,False,0.34,13
2025-12-29 21:15:45,25493314,dev.access,football,none,none,False,0.74,14
2025-12-29 21:15:47,25493314,dev.access,monkey,none,none,False,0.74,15
2025-12-29 21:15:49,25493314,dev.access,letmein,none,none,False,0.78,16
2025-12-29 21:15:51,25493314,dev.access,shadow,none,none,False,0.68,17
2025-12-29 21:15:54,25493314,dev.access,master,none,none,False,0.73,18
2025-12-29 21:15:56,25493314,dev.access,666666,none,none,False,0.87,19
2025-12-29 21:15:58,25493314,dev.access,qwertyuiop,none,none,False,0.69,20
2025-12-29 21:16:00,25493314,dev.access,123321,none,none,False,0.69,21
2025-12-29 21:16:02,25493314,dev.access,mustang,none,none,False,0.82,22
2025-12-29 21:16:04,25493314,dev.access,121212,none,none,False,0.73,23
2025-12-29 21:16:06,25493314,dev.access,000000,none,none,False,0.71,24
2025-12-29 21:16:08,25493314,dev.access,password1,none,none,False,0.73,25
2025-12-29 21:16:10,25493314,dev.access,admin,none,none,False,0.66,26
2025-12-29 21:16:12,25493314,dev.access,admin123,none,none,False,0.72,27
2025-12-29 21:16:14,25493314,dev.access,root,none,none,False,0.73,28
2025-12-29 21:16:16,25493314,dev.access,toor,none,none,False,0.82,29
2025-12-29 21:16:19,25493314,dev.access,pass,none,none,False,0.74,30
2025-12-29 21:16:21,25493314,dev.access,test,none,none,False,0.73,31
2025-12-29 21:16:23,25493314,dev.access,test123,none,none,False,0.74,32
2025-12-29 21:16:25,25493314,dev.access,guest,none,none,False,0.71,33
2025-12-29 21:16:27,25493314,dev.access,guest123,none,none,False,0.79,34
2025-12-29 21:16:29,25493314,dev.access,user,none,none,False,0.73,35
2025-12-29 21:16:31,25493314,dev.access,user123,none,none,False,0.74,36
2025-12-29 21:16:33,25493314,dev.access,login,none,none,False,0.74,37
2025-12-29 21:16:35,25493314,dev.access,login123,none,none,False,0.73,38
2025-12-29 21:16:37,25493314,dev.access,welcome,none,none,False,0.67,39
2025-12-29 21:16:39,25493314,dev.access,welcome1,none,none,False,0.81,40
2025-12-29 21:16:42,25493314,dev.access,password123,none,none,False,0.68,41
2025-12-29 21:16:44,25493314,dev.access,admin1,none,none,False,0.67,42
2025-12-29 21:16:46,25493314,dev.access,root123,none,none,False,3.7,43
2025-12-29 21:16:48,25493314,dev.access,pass123,none,none,False,0.69,44
2025-12-29 21:16:50,25493314,dev.access,1q2w3e4r,none,none,False,0.33,45
2025-12-29 21:16:52,25493314,dev.access,qwerty123,none,none,False,0.49,46
2025-12-29 21:16:54,25493314,dev.access,1234567890,none,none,False,0.65,47
2025-12-29 21:16:56,25493314,dev.access,987654321,none,none,False,0.73,48
2025-12-29 21:16:58,25493314,dev.access,hello,none,none,False,0.76,49
2025-12-29 21:17:00,25493314,dev.access,hello123,none,none,False,0.64,50
2025-12-29 21:17:02,25493314,dev.access,iloveyou,none,none,False,0.61,51
2025-12-29 21:17:04,25493314,dev.access,sunshine,none,none,False,0.71,52
2025-12-29 21:17:07,25493314,dev.access,princess,none,none,False,0.74,53
2025-12-29 21:17:09,25493314,dev.access,Password1,none,none,False,0.73,54
2025-12-29 21:17:11,25493314,dev.access,Password123,none,none,False,0.75,55
2025-12-29 21:17:13,25493314,dev.access,Admin123,none,none,False,0.73,56
2025-12-29 21:17:15,25493314,dev.access,Welcome1,none,none,False,0.74,57
2025-12-29 21:17:17,25493314,dev.access,Student123,none,none,False,0.51,58
2025-12-29 21:17:19,25493314,dev.access,Student99,none,none,False,0.87,59
2025-12-29 21:17:21,25493314,dev.access,Test2024,none,none,False,0.69,60
2025-12-29 21:17:23,25493314,dev.access,Login456,none,none,False,0.34,61
2025-12-29 21:17:25,25493314,dev.access,Python101,none,none,False,0.82,62
2025-12-29 21:17:27,25493314,dev.access,demo,none,none,False,0.62,63
2025-12-29 21:17:30,25493314,dev.access,student,none,none,False,0.73,64
2025-12-29 21:17:32,25493314,dev.access,name,none,none,False,0.72,65
2025-12-29 21:17:34,25493314,dev.access,1111,none,none,False,0.74,66
2025-12-29 21:17:36,25493314,dev.access,BlueCat12,none,none,False,0.69,67
2025-12-29 21:17:38,25493314,dev.access,TechGirl7,none,none,False,0.73,68
2025-12-29 21:17:40,25493314,dev.access,Cloud123,none,none,False,0.75,69
2025-12-29 21:17:42,25493314,dev.access,GameOn22,none,none,False,0.71,70
2025-12-29 21:17:44,25493314,dev.access,WebDev88,none,none,False,0.72,71
2025-12-29 21:17:46,25493314,root.guard,123456,none,none,False,0.68,1
2025-12-29 21:17:48,25493314,root.guard,password,none,none,False,0.75,2
2025-12-29 21:17:50,25493314,root.guard,12345678,none,none,False,0.73,3
2025-12-29 21:17:52,25493314,root.guard,qwerty,none,none,False,0.89,4
2025-12-29 21:17:55,25493314,root.guard,123456789,none,none,False,0.81,5
2025-12-29 21:17:57,25493314,root.guard,12345,none,none,False,0.72,6
2025-12-29 21:17:59,25493314,root.guard,1234,none,none,False,0.74,7
2025-12-29 21:18:01,25493314,root.guard,111111,none,none,False,0.76,8
2025-12-29 21:18:03,25493314,root.guard,1234567,none,none,False,0.95,9
2025-12-29 21:18:05,25493314,root.guard,dragon,none,none,False,0.73,10
2025-12-29 21:18:07,25493314,root.guard,123123,none,none,False,0.74,11
2025-12-29 21:18:09,25493314,root.guard,baseball,none,none,False,0.71,12
2025-12-29 21:18:11,25493314,root.guard,abc123,none,none,False,0.78,13
2025-12-29 21:18:13,25493314,root.guard,football,none,none,False,0.71,14
2025-12-29 21:18:15,25493314,root.guard,monkey,none,none,False,0.75,15
2025-12-29 21:18:18,25493314,root.guard,letmein,none,none,False,0.88,16
2025-12-29 21:18:20,25493314,root.guard,shadow,none,none,False,0.76,17
2025-12-29 21:18:22,25493314,root.guard,master,none,none,False,0.81,18
2025-12-29 21:18:24,25493314,root.guard,666666,none,none,False,0.71,19
2025-12-29 21:18:26,25493314,root.guard,qwertyuiop,none,none,False,0.69,20
2025-12-29 21:18:28,25493314,root.guard,123321,none,none,False,0.81,21
2025-12-29 21:18:30,25493314,root.guard,mustang,none,none,False,0.77,22
2025-12-29 21:18:32,25493314,root.guard,121212,none,none,False,0.73,23
2025-12-29 21:18:34,25493314,root.guard,000000,none,none,False,0.62,24
2025-12-29 21:18:36,25493314,root.guard,password1,none,none,False,0.81,25
2025-12-29 21:18:38,25493314,root.guard,admin,none,none,False,0.74,26
2025-12-29 21:18:41,25493314,root.guard,admin123,none,none,False,0.67,27
2025-12-29 21:18:55,25493314,root.guard,root,none,none,False,0.48,28
2025-12-29 21:18:57,25493314,root.guard,toor,none,none,False,0.41,29
2025-12-29 21:18:59,25493314,root.guard,pass,none,none,False,0.31,30
2025-12-29 21:19:01,25493314,root.guard,test,none,none,False,0.54,31
2025-12-29 21:19:03,25493314,root.guard,test123,none,none,False,0.64,32
2025-12-29 21:19:05,25493314,root.guard,guest,none,none,False,0.46,33
2025-12-29 21:19:07,25493314,root.guard,guest123,none,none,False,0.28,34
2025-12-29 21:19:09,25493314,root.guard,user,none,none,False,0.5,35
2025-12-29 21:19:11,25493314,root.guard,user123,none,none,False,0.29,36
2025-12-29 21:19:13,25493314,root.guard,login,none,none,False,0.63,37
2025-12-29 21:19:16,25493314,root.guard,login123,none,none,False,0.31,38
2025-12-29 21:19:18,25493314,root.guard,welcome,none,none,False,0.58,39
2025-12-29 21:19:20,25493314,root.guard,welcome1,none,none,False,0.42,40
2025-12-29 21:19:22,25493314,root.guard,password123,none,none,False,0.28,41
2025-12-29 21:19:24,25493314,root.guard,admin1,none,none,False,0.35,42
2025-12-29 21:19:26,25493314,root.guard,root123,none,none,False,0.66,43
2025-12-29 21:19:28,25493314,root.guard,pass123,none,none,False,0.47,44
2025-12-29 21:19:30,25493314,root.guard,1q2w3e4r,none,none,False,0.34,45
2025-12-29 21:19:32,25493314,root.guard,qwerty123,none,none,False,0.36,46
2025-12-29 21:19:34,25493314,root.guard,1234567890,none,none,False,0.55,47
2025-12-29 21:19:36,25493314,root.guard,987654321,none,none,False,0.71,48
2025-12-29 21:19:38,25493314,root.guard,hello,none,none,False,0.37,49
2025-12-29 21:19:40,25493314,root.guard,hello123,none,none,False,0.29,50
2025-12-29 21:19:42,25493314,root.guard,iloveyou,none,none,False,0.58,51
2025-12-29 21:19:45,25493314,root.guard,sunshine,none,none,False,0.55,52
2025-12-29 21:19:47,25493314,root.guard,princess,none,none,False,0.47,53
2025-12-29 21:19:49,25493314,root.guard,Password1,none,none,False,0.56,54
2025-12-29 21:19:51,25493314,root.guard,Password123,none,none,False,0.46,55
2025-12-29 21:19:53,25493314,root.guard,Admin123,none,none,False,0.63,56
2025-12-29 21:19:55,25493314,root.guard,Welcome1,none,none,False,0.42,57
2025-12-29 21:19:57,25493314,root.guard,Student123,none,none,False,0.58,58
2025-12-29 21:19:59,25493314,root.guard,Student99,none,none,False,0.68,59
2025-12-29 21:20:01,25493314,root.guard,Test2024,none,none,False,0.58,60
2025-12-29 21:20:03,25493314,root.guard,Login456,none,none,False,0.57,61
2025-12-29 21:20:05,25493314,root.guard,Python101,none,none,False,0.61,62
2025-12-29 21:20:07,25493314,root.guard,demo,none,none,False,0.59,63
2025-12-29 21:20:09,25493314,root.guard,student,none,none,False,0.57,64
2025-12-29 21:20:11,25493314,root.guard,name,none,none,False,0.57,65
2025-12-29 21:20:13,25493314,root.guard,1111,none,none,False,0.54,66
2025-12-29 21:20:16,25493314,root.guard,BlueCat12,none,none,False,0.3,67
2025-12-29 21:20:18,25493314,root.guard,TechGirl7,none,none,False,0.58,68
2025-12-29 21:20:20,25493314,root.guard,Cloud123,none,none,False,0.49,69
2025-12-29 21:20:22,25493314,root.guard,GameOn22,none,none,False,0.58,70
2025-12-29 21:20:24,25493314,root.guard,WebDev88,none,none,False,0.6,71
2025-12-29 21:20:26,25493314,net.lock,123456,none,none,False,0.61,1
2025-12-29 21:20:28,25493314,net.lock,password,none,none,False,0.62,2
2025-12-29 21:20:30,25493314,net.lock,12345678,none,none,False,0.56,3
2025-12-29 21:20:32,25493314,net.lock,qwerty,none,none,False,0.63,4
2025-12-29 21:20:34,25493314,net.lock,123456789,none,none,False,0.5,5
2025-12-29 21:20:36,25493314,net.lock,12345,none,none,False,0.57,6
2025-12-29 21:20:38,25493314,net.lock,1234,none,none,False,0.59,7
2025-12-29 21:20:41,25493314,net.lock,111111,none,none,False,0.53,8
2025-12-29 21:20:43,25493314,net.lock,1234567,none,none,False,0.53,9
2025-12-29 21:20:45,25493314,net.lock,dragon,none,none,False,0.55,10
2025-12-29 21:20:47,25493314,net.lock,123123,none,none,False,0.55,11
2025-12-29 21:20:49,25493314,net.lock,baseball,none,none,False,0.58,12
2025-12-29 21:20:51,25493314,net.lock,abc123,none,none,False,0.61,13
2025-12-29 21:20:53,25493314,net.lock,football,none,none,False,0.64,14
2025-12-29 21:20:55,25493314,net.lock,monkey,none,none,False,0.63,15
2025-12-29 21:20:57,25493314,net.lock,letmein,none,none,False,0.79,16
2025-12-29 21:20:59,25493314,net.lock,shadow,none,none,False,0.62,17
2025-12-29 21:21:01,25493314,net.lock,master,none,none,False,0.65,18
2025-12-29 21:21:03,25493314,net.lock,666666,none,none,False,0.6,19
2025-12-29 21:21:05,25493314,net.lock,qwertyuiop,none,none,False,0.62,20
2025-12-29 21:21:08,25493314,net.lock,123321,none,none,False,0.64,21
2025-12-29 21:21:10,25493314,net.lock,mustang,none,none,False,0.61,22
2025-12-29 21:21:12,25493314,net.lock,121212,none,none,False,0.61,23
2025-12-29 21:21:14,25493314,net.lock,000000,none,none,False,0.61,24
2025-12-29 21:21:16,25493314,net.lock,password1,none,none,False,0.63,25
2025-12-29 21:21:18,25493314,net.lock,admin,none,none,False,0.68,26
2025-12-29 21:21:20,25493314,net.lock,admin123,none,none,False,0.6,27
2025-12-29 21:21:22,25493314,net.lock,root,none,none,False,0.64,28
2025-12-29 21:21:24,25493314,net.lock,toor,none,none,False,0.64,29
2025-12-29 21:21:26,25493314,net.lock,pass,none,none,False,0.58,30
2025-12-29 21:21:28,25493314,net.lock,test,none,none,False,0.61,31
2025-12-29 21:21:30,25493314,net.lock,test123,none,none,False,0.61,32
2025-12-29 21:21:32,25493314,net.lock,guest,none,none,False,0.63,33
2025-12-29 21:21:34,25493314,net.lock,guest123,none,none,False,0.28,34
2025-12-29 21:21:36,25493314,net.lock,user,none,none,False,0.47,35
2025-12-29 21:21:39,25493314,net.lock,user123,none,none,False,0.58,36
2025-12-29 21:21:41,25493314,net.lock,login,none,none,False,0.6,37
2025-12-29 21:21:43,25493314,net.lock,login123,none,none,False,0.62,38
2025-12-29 21:21:45,25493314,net.lock,welcome,none,none,False,0.55,39
2025-12-29 21:21:47,25493314,net.lock,welcome1,none,none,False,0.56,40
2025-12-29 21:21:49,25493314,net.lock,password123,none,none,False,0.61,41
2025-12-29 21:21:51,25493314,net.lock,admin1,none,none,False,0.27,42
2025-12-29 21:21:53,25493314,net.lock,root123,none,none,False,0.55,43
2025-12-29 21:21:55,25493314,net.lock,pass123,none,none,False,0.58,44
2025-12-29 21:21:57,25493314,net.lock,1q2w3e4r,none,none,False,0.59,45
2025-12-29 21:21:59,25493314,net.lock,qwerty123,none,none,False,0.35,46
2025-12-29 21:22:01,25493314,net.lock,1234567890,none,none,False,0.59,47
2025-12-29 21:22:03,25493314,net.lock,987654321,none,none,False,0.62,48
2025-12-29 21:22:05,25493314,net.lock,hello,none,none,False,0.77,49
2025-12-29 21:22:08,25493314,net.lock,hello123,none,none,False,0.61,50
2025-12-29 21:22:10,25493314,net.lock,iloveyou,none,none,False,0.38,51
2025-12-29 21:22:12,25493314,net.lock,sunshine,none,none,False,0.6,52
2025-12-29 21:22:14,25493314,net.lock,princess,none,none,False,0.61,53
2025-12-29 21:22:16,25493314,net.lock,Password1,none,none,False,0.6,54
2025-12-29 21:22:18,25493314,net.lock,Password123,none,none,False,0.62,55
2025-12-29 21:22:20,25493314,net.lock,Admin123,none,none,False,0.64,56
2025-12-29 21:22:22,25493314,net.lock,Welcome1,none,none,False,0.6,57
2025-12-29 21:22:24,25493314,net.lock,Student123,none,none,False,0.61,58
2025-12-29 21:22:26,25493314,net.lock,Student99,none,none,False,0.59,59
2025-12-29 21:22:28,25493314,net.lock,Test2024,none,none,False,0.64,60
2025-12-29 21:22:30,25493314,net.lock,Login456,none,none,False,0.6,61
2025-12-29 21:22:32,25493314,net.lock,Python101,none,none,False,0.63,62
2025-12-29 21:22:35,25493314,net.lock,demo,none,none,False,0.72,63
2025-12-29 21:22:37,25493314,net.lock,student,none,none,False,0.59,64
2025-12-29 21:22:39,25493314,net.lock,name,none,none,False,0.65,65
2025-12-29 21:22:41,25493314,net.lock,1111,none,none,False,0.61,66
2025-12-29 21:22:43,25493314,net.lock,BlueCat12,none,none,False,0.61,67
2025-12-29 21:22:45,25493314,net.lock,TechGirl7,none,none,False,0.61,68
2025-12-29 21:22:47,25493314,net.lock,Cloud123,none,none,False,0.6,69
2025-12-29 21:22:49,25493314,net.lock,GameOn22,none,none,False,0.59,70
2025-12-29 21:22:51,25493314,net.lock,WebDev88,none,none,False,0.76,71
2025-12-29 21:22:53,25493314,auth.master,123456,none,none,False,0.62,1
2025-12-29 21:22:55,25493314,auth.master,password,none,none,False,0.55,2
2025-12-29 21:22:57,25493314,auth.master,12345678,none,none,False,0.36,3
2025-12-29 21:22:59,25493314,auth.master,qwerty,none,none,False,0.58,4
2025-12-29 21:23:01,25493314,auth.master,123456789,none,none,False,0.58,5
2025-12-29 21:23:04,25493314,auth.master,12345,none,none,False,0.69,6
2025-12-29 21:23:06,25493314,auth.master,1234,none,none,False,0.67,7
2025-12-29 21:23:08,25493314,auth.master,111111,none,none,False,0.62,8
2025-12-29 21:23:10,25493314,auth.master,1234567,none,none,False,0.6,9
2025-12-29 21:23:12,25493314,auth.master,dragon,none,none,False,0.61,10
2025-12-29 21:23:14,25493314,auth.master,123123,none,none,False,0.42,11
2025-12-29 21:23:16,25493314,auth.master,baseball,none,none,False,0.57,12
2025-12-29 21:23:18,25493314,auth.master,abc123,none,none,False,0.83,13
2025-12-29 21:23:20,25493314,auth.master,football,none,none,False,1.05,14
2025-12-29 21:23:22,25493314,auth.master,monkey,none,none,False,0.59,15
2025-12-29 21:23:24,25493314,auth.master,letmein,none,none,False,0.42,16
2025-12-29 21:23:26,25493314,auth.master,shadow,none,none,False,0.66,17
2025-12-29 21:23:28,25493314,auth.master,master,none,none,False,0.67,18
2025-12-29 21:23:31,25493314,auth.master,666666,none,none,False,0.58,19
2025-12-29 21:23:33,25493314,auth.master,qwertyuiop,none,none,False,0.38,20
2025-12-29 21:23:35,25493314,auth.master,123321,none,none,False,0.37,21
2025-12-29 21:23:37,25493314,auth.master,mustang,none,none,False,0.35,22
2025-12-29 21:23:39,25493314,auth.master,121212,none,none,False,0.43,23
2025-12-29 21:23:41,25493314,auth.master,000000,none,none,False,0.6,24
2025-12-29 21:23:43,25493314,auth.master,password1,none,none,False,0.64,25
2025-12-29 21:23:45,25493314,auth.master,admin,none,none,False,0.48,26
2025-12-29 21:23:47,25493314,auth.master,admin123,none,none,False,0.97,27
2025-12-29 21:23:49,25493314,auth.master,root,none,none,False,0.61,28
2025-12-29 21:23:51,25493314,auth.master,toor,none,none,False,0.53,29
2025-12-29 21:23:53,25493314,auth.master,pass,none,none,False,0.57,30
2025-12-29 21:23:55,25493314,auth.master,test,none,none,False,0.56,31
2025-12-29 21:23:58,25493314,auth.master,test123,none,none,False,0.58,32
2025-12-29 21:24:00,25493314,auth.master,guest,none,none,False,0.48,33
2025-12-29 21:24:02,25493314,auth.master,guest123,none,none,False,0.59,34
2025-12-29 21:24:04,25493314,auth.master,user,none,none,False,0.67,35
2025-12-29 21:24:06,25493314,auth.master,user123,none,none,False,0.33,36
2025-12-29 21:24:08,25493314,auth.master,login,none,none,False,0.82,37
2025-12-29 21:24:10,25493314,auth.master,login123,none,none,False,0.64,38
2025-12-29 21:24:12,25493314,auth.master,welcome,none,none,False,0.63,39
2025-12-29 21:24:14,25493314,auth.master,welcome1,none,none,False,0.59,40
2025-12-29 21:24:16,25493314,auth.master,password123,none,none,False,0.65,41
2025-12-29 21:24:18,25493314,auth.master,admin1,none,none,False,0.61,42
2025-12-29 21:24:20,25493314,auth.master,root123,none,none,False,0.59,43
2025-12-29 21:24:22,25493314,auth.master,pass123,none,none,False,0.62,44
2025-12-29 21:24:24,25493314,auth.master,1q2w3e4r,none,none,False,0.62,45
2025-12-29 21:24:27,25493314,auth.master,qwerty123,none,none,False,0.58,46
2025-12-29 21:24:29,25493314,auth.master,1234567890,none,none,False,0.61,47
2025-12-29 21:24:31,25493314,auth.master,987654321,none,none,False,0.61,48
2025-12-29 21:24:33,25493314,auth.master,hello,none,none,False,0.61,49
2025-12-29 21:24:35,25493314,auth.master,hello123,none,none,False,0.6,50
2025-12-29 21:24:37,25493314,auth.master,iloveyou,none,none,False,0.58,51
2025-12-29 21:24:39,25493314,auth.master,sunshine,none,none,False,0.32,52
2025-12-29 21:24:41,25493314,auth.master,princess,none,none,False,0.62,53
2025-12-29 21:24:43,25493314,auth.master,Password1,none,none,False,0.6,54
2025-12-29 21:24:45,25493314,auth.master,Password123,none,none,False,0.6,55
2025-12-29 21:24:47,25493314,auth.master,Admin123,none,none,False,0.62,56
2025-12-29 21:24:49,25493314,auth.master,Welcome1,none,none,False,0.6,57
2025-12-29 21:24:51,25493314,auth.master,Student123,none,none,False,0.65,58
2025-12-29 21:24:54,25493314,auth.master,Student99,none,none,False,0.62,59
2025-12-29 21:24:56,25493314,auth.master,Test2024,none,none,False,0.61,60
2025-12-29 21:24:58,25493314,auth.master,Login456,none,none,False,0.6,61
2025-12-29 21:25:00,25493314,auth.master,Python101,none,none,False,0.63,62
2025-12-29 21:25:02,25493314,auth.master,demo,none,none,False,0.58,63
2025-12-29 21:25:04,25493314,auth.master,student,none,none,False,0.62,64
2025-12-29 21:25:06,25493314,auth.master,name,none,none,False,0.59,65
2025-12-29 21:25:08,25493314,auth.master,1111,none,none,False,0.63,66
2025-12-29 21:25:10,25493314,auth.master,BlueCat12,none,none,False,0.59,67
2025-12-29 21:25:12,25493314,auth.master,TechGirl7,none,none,False,0.59,68
2025-12-29 21:25:14,25493314,auth.master,Cloud123,none,none,False,0.33,69
2025-12-29 21:25:16,25493314,auth.master,GameOn22,none,none,False,0.55,70
2025-12-29 21:25:19,25493314,auth.master,WebDev88,none,none,False,0.6,71
2025-12-29 21:25:21,25493314,vault_user,123456,none,none,False,1.12,1
2025-12-29 21:25:23,25493314,vault_user,password,none,none,False,0.65,2
2025-12-29 21:25:25,25493314,vault_user,12345678,none,none,False,0.51,3
2025-12-29 21:25:27,25493314,vault_user,qwerty,none,none,False,0.58,4
2025-12-29 21:25:29,25493314,vault_user,123456789,none,none,False,0.45,5
2025-12-29 21:25:31,25493314,vault_user,12345,none,none,False,0.57,6
2025-12-29 21:25:33,25493314,vault_user,1234,none,none,False,0.58,7
2025-12-29 21:25:35,25493314,vault_user,111111,none,none,False,0.45,8
2025-12-29 21:25:37,25493314,vault_user,1234567,none,none,False,0.32,9
2025-12-29 21:25:39,25493314,vault_user,dragon,none,none,False,0.71,10
2025-12-29 21:25:41,25493314,vault_user,123123,none,none,False,0.36,11
2025-12-29 21:25:44,25493314,vault_user,baseball,none,none,False,0.61,12
2025-12-29 21:25:46,25493314,vault_user,abc123,none,none,False,0.62,13
2025-12-29 21:25:48,25493314,vault_user,football,none,none,False,0.73,14
2025-12-29 21:25:50,25493314,vault_user,monkey,none,none,False,0.44,15
2025-12-29 21:25:52,25493314,vault_user,letmein,none,none,False,0.72,16
2025-12-29 21:25:54,25493314,vault_user,shadow,none,none,False,0.33,17
2025-12-29 21:25:56,25493314,vault_user,master,none,none,False,0.62,18
2025-12-29 21:25:58,25493314,vault_user,666666,none,none,False,0.72,19
2025-12-29 21:26:00,25493314,vault_user,qwertyuiop,none,none,False,0.63,20
2025-12-29 21:26:03,25493314,vault_user,123321,none,none,False,0.74,21
2025-12-29 21:26:05,25493314,vault_user,mustang,none,none,False,0.79,22
2025-12-29 21:26:07,25493314,vault_user,121212,none,none,False,0.78,23
2025-12-29 21:26:09,25493314,vault_user,000000,none,none,False,0.57,24
2025-12-29 21:26:11,25493314,vault_user,password1,none,none,False,0.65,25
2025-12-29 21:26:13,25493314,vault_user,admin,none,none,False,0.61,26
2025-12-29 21:26:15,25493314,vault_user,admin123,none,none,False,0.62,27
2025-12-29 21:26:17,25493314,vault_user,root,none,none,False,0.61,28
2025-12-29 21:26:19,25493314,vault_user,toor,none,none,False,0.63,29
2025-12-29 21:26:21,25493314,vault_user,pass,none,none,False,0.6,30
2025-12-29 21:26:23,25493314,vault_user,test,none,none,False,0.55,31
2025-12-29 21:26:26,25493314,vault_user,test123,none,none,False,0.47,32
2025-12-29 21:26:28,25493314,vault_user,guest,none,none,False,0.7,33
2025-12-29 21:26:30,25493314,vault_user,guest123,none,none,False,0.62,34
2025-12-29 21:26:32,25493314,vault_user,user,none,none,False,0.66,35
2025-12-29 21:26:34,25493314,vault_user,user123,none,none,False,0.63,36
2025-12-29 21:26:36,25493314,vault_user,login,none,none,False,0.65,37
2025-12-29 21:26:38,25493314,vault_user,login123,none,none,False,0.6,38
2025-12-29 21:26:40,25493314,vault_user,welcome,none,none,False,0.65,39
2025-12-29 21:26:42,25493314,vault_user,welcome1,none,none,False,0.55,40
2025-12-29 21:26:44,25493314,vault_user,password123,none,none,False,0.62,41
2025-12-29 21:26:46,25493314,vault_user,admin1,none,none,False,0.62,42
2025-12-29 21:26:49,25493314,vault_user,root123,none,none,False,0.68,43
2025-12-29 21:26:51,25493314,vault_user,pass123,none,none,False,0.67,44
2025-12-29 21:26:53,25493314,vault_user,1q2w3e4r,none,none,False,0.65,45
2025-12-29 21:26:55,25493314,vault_user,qwerty123,none,none,False,0.58,46
2025-12-29 21:26:57,25493314,vault_user,1234567890,none,none,False,0.6,47
2025-12-29 21:26:59,25493314,vault_user,987654321,none,none,False,0.62,48
2025-12-29 21:27:01,25493314,vault_user,hello,none,none,False,0.56,49
2025-12-29 21:27:03,25493314,vault_user,hello123,none,none,False,0.58,50
2025-12-29 21:27:05,25493314,vault_user,iloveyou,none,none,False,0.58,51
2025-12-29 21:27:07,25493314,vault_user,sunshine,none,none,False,0.62,52
2025-12-29 21:27:09,25493314,vault_user,princess,none,none,False,0.66,53
2025-12-29 21:27:11,25493314,vault_user,Password1,none,none,False,0.56,54
2025-12-29 21:27:13,25493314,vault_user,Password123,none,none,False,0.66,55
2025-12-29 21:27:16,25493314,vault_user,Admin123,none,none,False,0.62,56
2025-12-29 21:27:18,25493314,vault_user,Welcome1,none,none,False,0.65,57
2025-12-29 21:27:20,25493314,vault_user,Student123,none,none,False,0.57,58
2025-12-29 21:27:22,25493314,vault_user,Student99,none,none,False,0.57,59
2025-12-29 21:27:24,25493314,vault_user,Test2024,none,none,False,0.35,60
2025-12-29 21:27:26,25493314,vault_user,Login456,none,none,False,0.46,61
2025-12-29 21:27:28,25493314,vault_user,Python101,none,none,False,0.6,62
2025-12-29 21:27:30,25493314,vault_user,demo,none,none,False,0.58,63
2025-12-29 21:27:32,25493314,vault_user,student,none,none,False,0.6,64
2025-12-29 21:27:34,25493314,vault_user,name,none,none,False,0.62,65
2025-12-29 21:27:36,25493314,vault_user,1111,none,none,False,0.55,66
2025-12-29 21:27:38,25493314,vault_user,BlueCat12,none,none,False,0.62,67
2025-12-29 21:27:41,25493314,vault_user,TechGirl7,none,none,False,0.62,68
2025-12-29 21:27:43,25493314,vault_user,Cloud123,none,none,False,0.65,69
2025-12-29 21:27:45,25493314,vault_user,GameOn22,none,none,False,0.61,70
2025-12-29 21:27:47,25493314,vault_user,WebDev88,none,none,False,0.6,71
2025-12-29 21:27:49,25493314,system.sec,123456,none,none,False,0.61,1
2025-12-29 21:27:51,25493314,system.sec,password,none,none,False,0.63,2
2025-12-29 21:27:53,25493314,system.sec,12345678,none,none,False,0.63,3
2025-12-29 21:27:55,25493314,system.sec,qwerty,none,none,False,0.57,4
2025-12-29 21:27:57,25493314,system.sec,123456789,none,none,False,0.57,5
2025-12-29 21:27:59,25493314,system.sec,12345,none,none,False,0.59,6
2025-12-29 21:28:01,25493314,system.sec,1234,none,none,False,0.6,7
2025-12-29 21:28:03,25493314,system.sec,111111,none,none,False,0.67,8
2025-12-29 21:28:06,25493314,system.sec,1234567,none,none,False,0.69,9
2025-12-29 21:28:08,25493314,system.sec,dragon,none,none,False,0.6,10
2025-12-29 21:28:10,25493314,system.sec,123123,none,none,False,0.63,11
2025-12-29 21:28:12,25493314,system.sec,baseball,none,none,False,0.61,12
2025-12-29 21:28:14,25493314,system.sec,abc123,none,none,False,0.67,13
2025-12-29 21:28:16,25493314,system.sec,football,none,none,False,0.67,14
2025-12-29 21:28:18,25493314,system.sec,monkey,none,none,False,0.64,15
2025-12-29 21:28:20,25493314,system.sec,letmein,none,none,False,0.65,16
2025-12-29 21:28:22,25493314,system.sec,shadow,none,none,False,0.65,17
2025-12-29 21:28:24,25493314,system.sec,master,none,none,False,0.71,18
2025-12-29 21:28:26,25493314,system.sec,666666,none,none,False,0.3,19
2025-12-29 21:28:28,25493314,system.sec,qwertyuiop,none,none,False,0.59,20
2025-12-29 21:28:31,25493314,system.sec,123321,none,none,False,0.49,21
2025-12-29 21:28:33,25493314,system.sec,mustang,none,none,False,0.48,22
2025-12-29 21:28:35,25493314,system.sec,121212,none,none,False,0.41,23
2025-12-29 21:28:37,25493314,system.sec,000000,none,none,False,0.46,24
2025-12-29 21:28:39,25493314,system.sec,password1,none,none,False,0.35,25
2025-12-29 21:28:41,25493314,system.sec,admin,none,none,False,0.61,26
2025-12-29 21:28:43,25493314,system.sec,admin123,none,none,False,0.66,27
2025-12-29 21:28:45,25493314,system.sec,root,none,none,False,0.63,28
2025-12-29 21:28:47,25493314,system.sec,toor,none,none,False,0.24,29
2025-12-29 21:28:49,25493314,system.sec,pass,none,none,False,0.42,30
2025-12-29 21:28:51,25493314,system.sec,test,none,none,False,0.6,31
2025-12-29 21:28:53,25493314,system.sec,test123,none,none,False,0.59,32
2025-12-29 21:28:55,25493314,system.sec,guest,none,none,False,0.64,33
2025-12-29 21:28:58,25493314,system.sec,guest123,none,none,False,0.38,34
2025-12-29 21:29:00,25493314,system.sec,user,none,none,False,0.41,35
2025-12-29 21:29:02,25493314,system.sec,user123,none,none,False,0.4,36
2025-12-29 21:29:04,25493314,system.sec,login,none,none,False,0.32,37
2025-12-29 21:29:06,25493314,system.sec,login123,none,none,False,0.62,38
2025-12-29 21:29:08,25493314,system.sec,welcome,none,none,False,0.65,39
2025-12-29 21:29:10,25493314,system.sec,welcome1,none,none,False,0.69,40
2025-12-29 21:29:12,25493314,system.sec,password123,none,none,False,0.63,41
2025-12-29 21:29:14,25493314,system.sec,admin1,none,none,False,0.42,42
2025-12-29 21:29:16,25493314,system.sec,root123,none,none,False,0.9,43
2025-12-29 21:29:18,25493314,system.sec,pass123,none,none,False,0.74,44
2025-12-29 21:29:20,25493314,system.sec,1q2w3e4r,none,none,False,0.59,45
2025-12-29 21:29:23,25493314,system.sec,qwerty123,none,none,False,0.36,46
2025-12-29 21:29:25,25493314,system.sec,1234567890,none,none,False,0.28,47
2025-12-29 21:29:27,25493314,system.sec,987654321,none,none,False,0.41,48
2025-12-29 21:29:29,25493314,system.sec,hello,none,none,False,0.79,49
2025-12-29 21:29:31,25493314,system.sec,hello123,none,none,False,0.6,50
2025-12-29 21:29:33,25493314,system.sec,iloveyou,none,none,False,0.6,51
2025-12-29 21:29:35,25493314,system.sec,sunshine,none,none,False,0.3,52
2025-12-29 21:29:37,25493314,system.sec,princess,none,none,False,0.64,53
2025-12-29 21:29:39,25493314,system.sec,Password1,none,none,False,0.41,54
2025-12-29 21:29:41,25493314,system.sec,Password123,none,none,False,0.45,55
2025-12-29 21:29:43,25493314,system.sec,Admin123,none,none,False,0.57,56
2025-12-29 21:29:45,25493314,system.sec,Welcome1,none,none,False,0.61,57
2025-12-29 21:29:47,25493314,system.sec,Student123,none,none,False,0.61,58
2025-12-29 21:29:50,25493314,system.sec,Student99,none,none,False,0.42,59
2025-12-29 21:29:52,25493314,system.sec,Test2024,none,none,False,0.63,60
2025-12-29 21:29:54,25493314,system.sec,Login456,none,none,False,0.64,61
2025-12-29 21:29:56,25493314,system.sec,Python101,none,none,False,0.77,62
2025-12-29 21:29:58,25493314,system.sec,demo,none,none,False,0.55,63
2025-12-29 21:30:00,25493314,system.sec,student,none,none,False,0.6,64
2025-12-29 21:30:02,25493314,system.sec,name,none,none,False,0.6,65
2025-12-29 21:30:04,25493314,system.sec,1111,none,none,False,0.63,66
2025-12-29 21:30:06,25493314,system.sec,BlueCat12,none,none,False,0.61,67
2025-12-29 21:30:08,25493314,system.sec,TechGirl7,none,none,False,0.55,68
2025-12-29 21:30:10,25493314,system.sec,Cloud123,none,none,False,0.57,69
2025-12-29 21:30:12,25493314,system.sec,GameOn22,none,none,False,0.57,70
2025-12-29 21:30:14,25493314,system.sec,WebDev88,none,none,False,0.62,71
2025-12-29 21:30:16,25493314,secure.login,123456,none,none,False,0.57,1
2025-12-29 21:30:18,25493314,secure.login,password,none,none,False,0.59,2
2025-12-29 21:30:21,25493314,secure.login,12345678,none,none,False,0.62,3
2025-12-29 21:30:23,25493314,secure.login,qwerty,none,none,False,0.74,4
2025-12-29 21:30:25,25493314,secure.login,123456789,none,none,False,0.65,5
2025-12-29 21:30:27,25493314,secure.login,12345,none,none,False,0.56,6
2025-12-29 21:30:29,25493314,secure.login,1234,none,none,False,0.62,7
2025-12-29 21:30:31,25493314,secure.login,111111,none,none,False,0.6,8
2025-12-29 21:30:33,25493314,secure.login,1234567,none,none,False,0.58,9
2025-12-29 21:30:35,25493314,secure.login,dragon,none,none,False,0.62,10
2025-12-29 21:30:37,25493314,secure.login,123123,none,none,False,0.57,11
2025-12-29 21:30:39,25493314,secure.login,baseball,none,none,False,0.63,12
2025-12-29 21:30:41,25493314,secure.login,abc123,none,none,False,0.6,13
2025-12-29 21:30:43,25493314,secure.login,football,none,none,False,0.59,14
2025-12-29 21:30:46,25493314,secure.login,monkey,none,none,False,0.68,15
2025-12-29 21:30:48,25493314,secure.login,letmein,none,none,False,0.85,16
2025-12-29 21:30:50,25493314,secure.login,shadow,none,none,False,0.73,17
2025-12-29 21:30:52,25493314,secure.login,master,none,none,False,0.58,18
2025-12-29 21:30:54,25493314,secure.login,666666,none,none,False,0.58,19
2025-12-29 21:30:56,25493314,secure.login,qwertyuiop,none,none,False,0.36,20
2025-12-29 21:30:58,25493314,secure.login,123321,none,none,False,0.7,21
2025-12-29 21:31:00,25493314,secure.login,mustang,none,none,False,0.61,22
2025-12-29 21:31:02,25493314,secure.login,121212,none,none,False,0.56,23
2025-12-29 21:31:04,25493314,secure.login,000000,none,none,False,0.58,24
2025-12-29 21:31:06,25493314,secure.login,password1,none,none,False,0.32,25
2025-12-29 21:31:08,25493314,secure.login,admin,none,none,False,0.64,26
2025-12-29 21:31:10,25493314,secure.login,admin123,none,none,False,0.58,27
2025-12-29 21:31:12,25493314,secure.login,root,none,none,False,0.61,28
2025-12-29 21:31:15,25493314,secure.login,toor,none,none,False,0.61,29
2025-12-29 21:31:17,25493314,secure.login,pass,none,none,False,0.59,30
2025-12-29 21:31:19,25493314,secure.login,test,none,none,False,0.62,31
2025-12-29 21:31:21,25493314,secure.login,test123,none,none,False,0.62,32
2025-12-29 21:31:23,25493314,secure.login,guest,none,none,False,2.46,33
2025-12-29 21:31:25,25493314,secure.login,guest123,none,none,False,0.5,34
2025-12-29 21:31:27,25493314,secure.login,user,none,none,False,0.58,35
2025-12-29 21:31:29,25493314,secure.login,user123,none,none,False,0.34,36
2025-12-29 21:31:31,25493314,secure.login,login,none,none,False,0.55,37
2025-12-29 21:31:33,25493314,secure.login,login123,none,none,False,0.59,38
2025-12-29 21:31:35,25493314,secure.login,welcome,none,none,False,0.61,39
2025-12-29 21:31:37,25493314,secure.login,welcome1,none,none,False,0.61,40
2025-12-29 21:31:40,25493314,secure.login,password123,none,none,False,0.68,41
2025-12-29 21:31:42,25493314,secure.login,admin1,none,none,False,0.61,42
2025-12-29 21:31:44,25493314,secure.login,root123,none,none,False,0.37,43
2025-12-29 21:31:46,25493314,secure.login,pass123,none,none,False,0.72,44
2025-12-29 21:31:48,25493314,secure.login,1q2w3e4r,none,none,False,0.6,45
2025-12-29 21:31:50,25493314,secure.login,qwerty123,none,none,False,0.61,46
2025-12-29 21:31:52,25493314,secure.login,1234567890,none,none,False,0.61,47
2025-12-29 21:31:54,25493314,secure.login,987654321,none,none,False,0.59,48
2025-12-29 21:31:56,25493314,secure.login,hello,none,none,False,0.6,49
2025-12-29 21:31:58,25493314,secure.login,hello123,none,none,False,0.8,50
2025-12-29 21:32:00,25493314,secure.login,iloveyou,none,none,False,0.75,51
2025-12-29 21:32:02,25493314,secure.login,sunshine,none,none,False,0.69,52
2025-12-29 21:32:04,25493314,secure.login,princess,none,none,False,0.55,53
2025-12-29 21:32:07,25493314,secure.login,Password1,none,none,False,0.35,54
2025-12-29 21:32:09,25493314,secure.login,Password123,none,none,False,0.59,55
2025-12-29 21:32:11,25493314,secure.login,Admin123,none,none,False,0.69,56
2025-12-29 21:32:13,25493314,secure.login,Welcome1,none,none,False,0.61,57
2025-12-29 21:32:15,25493314,secure.login,Student123,none,none,False,0.61,58
2025-12-29 21:32:17,25493314,secure.login,Student99,none,none,False,0.59,59
2025-12-29 21:32:19,25493314,secure.login,Test2024,none,none,False,0.63,60
2025-12-29 21:32:21,25493314,secure.login,Login456,none,none,False,0.64,61
2025-12-29 21:32:23,25493314,secure.login,Python101,none,none,False,0.58,62
2025-12-29 21:32:25,25493314,secure.login,demo,none,none,False,0.65,63
2025-12-29 21:32:27,25493314,secure.login,student,none,none,False,0.62,64
2025-12-29 21:32:29,25493314,secure.login,name,none,none,False,0.6,65
2025-12-29 21:32:31,25493314,secure.login,1111,none,none,False,0.61,66
2025-12-29 21:32:33,25493314,secure.login,BlueCat12,none,none,False,0.57,67
2025-12-29 21:32:36,25493314,secure.login,TechGirl7,none,none,False,0.62,68
2025-12-29 21:32:38,25493314,secure.login,Cloud123,none,none,False,0.57,69
2025-12-29 21:32:40,25493314,secure.login,GameOn22,none,none,False,0.58,70

====================,SUMMARY STATISTICS,====================

Metric,Value
Total Attempts,1744
Successful Attempts,20
Failed Attempts,1724
Success Rate (%),1.15

Unique Usernames Tested,30
Unique Passwords Tested,71

Latency Statistics (ms)
Sum (Total Latency),1066.41
Average Latency,0.61
Median Latency (P50),0.61
Min Latency,0.24
Max Latency,3.70

Percentiles (ms)
10th Percentile (P10),0.41
25th Percentile (P25),0.57
75th Percentile (P75),0.68
90th Percentile (P90),0.75
95th Percentile (P95),0.80
99th Percentile (P99),0.93

Time Range
First Attempt,2025-12-29 20:32:17
Last Attempt,2025-12-29 21:32:40

Report Generated,2025-12-31 20:44:14
