timestamp,group_seed,username,password,hash_mode,protection_flags,result,latency_ms,attempt_number
2025-12-29 21:59:12,25493314,user1,123456,none,none,False,0.76,1
2025-12-29 21:59:14,25493314,admin,123456,none,none,False,0.85,1
2025-12-29 21:59:16,25493314,guest,123456,none,none,False,0.73,1
2025-12-29 21:59:18,25493314,test,123456,none,none,False,0.79,1
2025-12-29 21:59:20,25493314,hello,123456,none,none,False,0.59,1
2025-12-29 21:59:22,25493314,name,123456,none,none,False,0.78,1
2025-12-29 21:59:25,25493314,login,123456,none,none,False,0.59,1
2025-12-29 21:59:27,25493314,abc,123456,none,none,False,0.81,1
2025-12-29 21:59:29,25493314,demo,123456,none,none,False,0.57,1
2025-12-29 21:59:31,25493314,student,123456,none,none,False,0.58,1
2025-12-29 21:59:33,25493314,Student_user,123456,none,none,False,0.8,1
2025-12-29 21:59:35,25493314,user_test,123456,none,none,False,0.65,1
2025-12-29 21:59:37,25493314,bluecat,123456,none,none,False,0.62,1
2025-12-29 21:59:39,25493314,student1,123456,none,none,False,0.62,1
2025-12-29 21:59:41,25493314,login_user,123456,none,none,False,0.63,1
2025-12-29 21:59:43,25493314,pythonfan,123456,none,none,False,0.65,1
2025-12-29 21:59:45,25493314,techgirl,123456,none,none,False,0.49,1
2025-12-29 21:59:47,25493314,cloud_user,123456,none,none,False,0.67,1
2025-12-29 21:59:49,25493314,gamer22,123456,none,none,False,0.57,1
2025-12-29 21:59:51,25493314,webdev,123456,none,none,False,0.61,1
2025-12-29 21:59:53,25493314,sha.sec,123456,none,none,False,0.65,1
2025-12-29 21:59:55,25493314,secure_user,123456,none,none,False,0.58,1
2025-12-29 21:59:57,25493314,cyber.auth,123456,none,none,False,0.37,1
2025-12-29 21:59:59,25493314,dev.access,123456,none,none,False,0.51,1
2025-12-29 22:00:01,25493314,root.guard,123456,none,none,False,0.92,1
2025-12-29 22:00:03,25493314,net.lock,123456,none,none,False,0.61,1
2025-12-29 22:00:06,25493314,auth.master,123456,none,none,False,0.6,1
2025-12-29 22:00:08,25493314,vault_user,123456,none,none,False,0.6,1
2025-12-29 22:00:10,25493314,system.sec,123456,none,none,False,0.6,1
2025-12-29 22:00:12,25493314,secure.login,123456,none,none,False,0.66,1
2025-12-29 22:00:14,25493314,user1,password,none,none,False,0.6,2
2025-12-29 22:00:16,25493314,admin,password,none,none,False,0.58,2
2025-12-29 22:00:18,25493314,guest,password,none,none,False,0.57,2
2025-12-29 22:00:20,25493314,test,password,none,none,False,0.58,2
2025-12-29 22:00:22,25493314,hello,password,none,none,False,0.67,2
2025-12-29 22:00:24,25493314,name,password,none,none,False,0.6,2
2025-12-29 22:00:26,25493314,login,password,none,none,False,0.57,2
2025-12-29 22:00:28,25493314,abc,password,none,none,False,0.55,2
2025-12-29 22:00:30,25493314,demo,password,none,none,False,0.63,2
2025-12-29 22:00:32,25493314,student,password,none,none,False,0.57,2
2025-12-29 22:00:34,25493314,Student_user,password,none,none,False,0.6,2
2025-12-29 22:00:36,25493314,user_test,password,none,none,False,0.58,2
2025-12-29 22:00:39,25493314,bluecat,password,none,none,False,0.37,2
2025-12-29 22:00:41,25493314,student1,password,none,none,False,0.47,2
2025-12-29 22:00:43,25493314,login_user,password,none,none,False,0.64,2
2025-12-29 22:00:45,25493314,pythonfan,password,none,none,False,0.57,2
2025-12-29 22:00:47,25493314,techgirl,password,none,none,False,0.56,2
2025-12-29 22:00:49,25493314,cloud_user,password,none,none,False,0.34,2
2025-12-29 22:00:51,25493314,gamer22,password,none,none,False,0.57,2
2025-12-29 22:00:53,25493314,webdev,password,none,none,False,0.58,2
2025-12-29 22:00:55,25493314,sha.sec,password,none,none,False,0.54,2
2025-12-29 22:00:57,25493314,secure_user,password,none,none,False,0.38,2
2025-12-29 22:00:59,25493314,cyber.auth,password,none,none,False,0.92,2
2025-12-29 22:01:01,25493314,dev.access,password,none,none,False,0.81,2
2025-12-29 22:01:03,25493314,root.guard,password,none,none,False,0.59,2
2025-12-29 22:01:05,25493314,net.lock,password,none,none,False,0.73,2
2025-12-29 22:01:07,25493314,auth.master,password,none,none,False,0.62,2
2025-12-29 22:01:09,25493314,vault_user,password,none,none,False,0.63,2
2025-12-29 22:01:11,25493314,system.sec,password,none,none,False,0.62,2
2025-12-29 22:01:14,25493314,secure.login,password,none,none,False,0.65,2
2025-12-29 22:01:16,25493314,user1,12345678,none,none,False,0.61,3
2025-12-29 22:01:18,25493314,admin,12345678,none,none,False,0.62,3
2025-12-29 22:01:20,25493314,guest,12345678,none,none,False,0.54,3
2025-12-29 22:01:22,25493314,test,12345678,none,none,False,0.65,3
2025-12-29 22:01:24,25493314,hello,12345678,none,none,False,0.64,3
2025-12-29 22:01:26,25493314,name,12345678,none,none,False,0.6,3
2025-12-29 22:01:28,25493314,login,12345678,none,none,False,0.66,3
2025-12-29 22:01:30,25493314,abc,12345678,none,none,False,0.6,3
2025-12-29 22:01:32,25493314,demo,12345678,none,none,False,0.99,3
2025-12-29 22:01:34,25493314,student,12345678,none,none,False,0.59,3
2025-12-29 22:01:36,25493314,Student_user,12345678,none,none,False,0.64,3
2025-12-29 22:01:38,25493314,user_test,12345678,none,none,False,0.65,3
2025-12-29 22:01:40,25493314,bluecat,12345678,none,none,False,0.62,3
2025-12-29 22:01:42,25493314,student1,12345678,none,none,False,0.56,3
2025-12-29 22:01:44,25493314,login_user,12345678,none,none,False,0.62,3
2025-12-29 22:01:46,25493314,pythonfan,12345678,none,none,False,0.53,3
2025-12-29 22:01:48,25493314,techgirl,12345678,none,none,False,0.51,3
2025-12-29 22:01:51,25493314,cloud_user,12345678,none,none,False,0.58,3
2025-12-29 22:01:53,25493314,gamer22,12345678,none,none,False,0.51,3
2025-12-29 22:01:55,25493314,webdev,12345678,none,none,False,0.41,3
2025-12-29 22:01:57,25493314,sha.sec,12345678,none,none,False,0.62,3
2025-12-29 22:01:59,25493314,secure_user,12345678,none,none,False,0.81,3
2025-12-29 22:02:01,25493314,cyber.auth,12345678,none,none,False,0.69,3
2025-12-29 22:02:03,25493314,dev.access,12345678,none,none,False,0.65,3
2025-12-29 22:02:05,25493314,root.guard,12345678,none,none,False,0.6,3
2025-12-29 22:02:07,25493314,net.lock,12345678,none,none,False,0.61,3
2025-12-29 22:02:09,25493314,auth.master,12345678,none,none,False,0.61,3
2025-12-29 22:02:11,25493314,vault_user,12345678,none,none,False,0.6,3
2025-12-29 22:02:13,25493314,system.sec,12345678,none,none,False,0.62,3
2025-12-29 22:02:15,25493314,secure.login,12345678,none,none,False,0.64,3
2025-12-29 22:02:17,25493314,user1,qwerty,none,none,False,0.79,4
2025-12-29 22:02:19,25493314,admin,qwerty,none,none,False,0.81,4
2025-12-29 22:02:21,25493314,guest,qwerty,none,none,False,0.61,4
2025-12-29 22:02:23,25493314,test,qwerty,none,none,False,0.56,4
2025-12-29 22:02:25,25493314,hello,qwerty,none,none,False,0.59,4
2025-12-29 22:02:27,25493314,name,qwerty,none,none,False,0.67,4
2025-12-29 22:02:29,25493314,login,qwerty,none,none,False,0.61,4
2025-12-29 22:02:32,25493314,abc,qwerty,none,none,False,0.6,4
2025-12-29 22:02:34,25493314,demo,qwerty,none,none,False,0.65,4
2025-12-29 22:02:36,25493314,student,qwerty,none,none,False,0.6,4
2025-12-29 22:02:38,25493314,Student_user,qwerty,none,none,False,0.61,4
2025-12-29 22:02:40,25493314,user_test,qwerty,none,none,False,0.36,4
2025-12-29 22:02:42,25493314,bluecat,qwerty,none,none,False,0.83,4
2025-12-29 22:02:44,25493314,student1,qwerty,none,none,False,0.55,4
2025-12-29 22:02:46,25493314,login_user,qwerty,none,none,False,0.53,4
2025-12-29 22:02:48,25493314,pythonfan,qwerty,none,none,False,0.53,4
2025-12-29 22:02:50,25493314,techgirl,qwerty,none,none,False,0.57,4
2025-12-29 22:02:52,25493314,cloud_user,qwerty,none,none,False,0.61,4
2025-12-29 22:02:54,25493314,gamer22,qwerty,none,none,False,0.69,4
2025-12-29 22:02:56,25493314,webdev,qwerty,none,none,False,0.61,4
2025-12-29 22:02:58,25493314,sha.sec,qwerty,none,none,False,0.63,4
2025-12-29 22:03:00,25493314,secure_user,qwerty,none,none,False,0.63,4
2025-12-29 22:03:02,25493314,cyber.auth,qwerty,none,none,False,0.57,4
2025-12-29 22:03:04,25493314,dev.access,qwerty,none,none,False,0.62,4
2025-12-29 22:03:06,25493314,root.guard,qwerty,none,none,False,0.61,4
2025-12-29 22:03:09,25493314,net.lock,qwerty,none,none,False,0.58,4
2025-12-29 22:03:11,25493314,auth.master,qwerty,none,none,False,0.74,4
2025-12-29 22:03:13,25493314,vault_user,qwerty,none,none,False,0.63,4
2025-12-29 22:03:15,25493314,system.sec,qwerty,none,none,False,0.6,4
2025-12-29 22:03:17,25493314,secure.login,qwerty,none,none,False,0.58,4
2025-12-29 22:03:19,25493314,user1,123456789,none,none,False,0.72,5
2025-12-29 22:03:21,25493314,admin,123456789,none,none,False,0.65,5
2025-12-29 22:03:23,25493314,guest,123456789,none,none,False,0.63,5
2025-12-29 22:03:25,25493314,test,123456789,none,none,False,0.64,5
2025-12-29 22:03:27,25493314,hello,123456789,none,none,False,0.68,5
2025-12-29 22:03:29,25493314,name,123456789,none,none,False,0.64,5
2025-12-29 22:03:31,25493314,login,123456789,none,none,False,0.28,5
2025-12-29 22:03:33,25493314,abc,123456789,none,none,False,0.61,5
2025-12-29 22:03:35,25493314,demo,123456789,none,none,False,0.57,5
2025-12-29 22:03:37,25493314,student,123456789,none,none,False,0.58,5
2025-12-29 22:03:39,25493314,Student_user,123456789,none,none,False,0.34,5
2025-12-29 22:03:41,25493314,user_test,123456789,none,none,False,0.6,5
2025-12-29 22:03:44,25493314,bluecat,123456789,none,none,False,0.38,5
2025-12-29 22:03:46,25493314,student1,123456789,none,none,False,0.64,5
2025-12-29 22:03:48,25493314,login_user,123456789,none,none,False,0.65,5
2025-12-29 22:03:50,25493314,pythonfan,123456789,none,none,False,0.62,5
2025-12-29 22:03:52,25493314,techgirl,123456789,none,none,False,0.38,5
2025-12-29 22:03:54,25493314,cloud_user,123456789,none,none,False,0.65,5
2025-12-29 22:03:56,25493314,gamer22,123456789,none,none,False,0.68,5
2025-12-29 22:03:58,25493314,webdev,123456789,none,none,False,0.84,5
2025-12-29 22:04:00,25493314,sha.sec,123456789,none,none,False,0.73,5
2025-12-29 22:04:02,25493314,secure_user,123456789,none,none,False,0.65,5
2025-12-29 22:04:04,25493314,cyber.auth,123456789,none,none,False,0.91,5
2025-12-29 22:04:06,25493314,dev.access,123456789,none,none,False,0.66,5
2025-12-29 22:04:08,25493314,root.guard,123456789,none,none,False,0.86,5
2025-12-29 22:04:10,25493314,net.lock,123456789,none,none,False,0.74,5
2025-12-29 22:04:13,25493314,auth.master,123456789,none,none,False,0.68,5
2025-12-29 22:04:15,25493314,vault_user,123456789,none,none,False,0.74,5
2025-12-29 22:04:17,25493314,system.sec,123456789,none,none,False,0.81,5
2025-12-29 22:04:19,25493314,secure.login,123456789,none,none,False,0.64,5
2025-12-29 22:04:21,25493314,user1,12345,none,none,False,0.74,6
2025-12-29 22:04:23,25493314,admin,12345,none,none,False,0.78,6
2025-12-29 22:04:25,25493314,guest,12345,none,none,False,0.79,6
2025-12-29 22:04:27,25493314,test,12345,none,none,False,1.26,6
2025-12-29 22:04:29,25493314,hello,12345,none,none,False,0.81,6
2025-12-29 22:04:31,25493314,name,12345,none,none,False,0.72,6
2025-12-29 22:04:33,25493314,login,12345,none,none,False,0.69,6
2025-12-29 22:04:35,25493314,abc,12345,none,none,False,0.75,6
2025-12-29 22:04:37,25493314,demo,12345,none,none,False,0.78,6
2025-12-29 22:04:39,25493314,student,12345,none,none,False,0.66,6
2025-12-29 22:04:41,25493314,Student_user,12345,none,none,False,0.59,6
2025-12-29 22:04:44,25493314,user_test,12345,none,none,False,0.71,6
2025-12-29 22:04:46,25493314,bluecat,12345,none,none,False,0.38,6
2025-12-29 22:04:48,25493314,student1,12345,none,none,False,0.54,6
2025-12-29 22:04:50,25493314,login_user,12345,none,none,False,0.82,6
2025-12-29 22:04:52,25493314,pythonfan,12345,none,none,False,0.85,6
2025-12-29 22:04:54,25493314,techgirl,12345,none,none,False,0.92,6
2025-12-29 22:04:56,25493314,cloud_user,12345,none,none,False,0.77,6
2025-12-29 22:04:58,25493314,gamer22,12345,none,none,False,0.74,6
2025-12-29 22:05:00,25493314,webdev,12345,none,none,False,0.73,6
2025-12-29 22:05:02,25493314,sha.sec,12345,none,none,False,0.74,6
2025-12-29 22:05:04,25493314,secure_user,12345,none,none,False,0.74,6
2025-12-29 22:05:06,25493314,cyber.auth,12345,none,none,False,0.92,6
2025-12-29 22:05:08,25493314,dev.access,12345,none,none,False,0.62,6
2025-12-29 22:05:10,25493314,root.guard,12345,none,none,False,0.76,6
2025-12-29 22:05:13,25493314,net.lock,12345,none,none,False,0.74,6
2025-12-29 22:05:15,25493314,auth.master,12345,none,none,False,0.7,6
2025-12-29 22:05:17,25493314,vault_user,12345,none,none,False,0.75,6
2025-12-29 22:05:19,25493314,system.sec,12345,none,none,False,0.65,6
2025-12-29 22:05:21,25493314,secure.login,12345,none,none,False,0.64,6
2025-12-29 22:05:23,25493314,user1,1234,none,none,True,0.78,7
2025-12-29 22:05:25,25493314,admin,1234,none,none,False,0.65,7
2025-12-29 22:05:27,25493314,guest,1234,none,none,False,0.67,7
2025-12-29 22:05:29,25493314,test,1234,none,none,False,0.6,7
2025-12-29 22:05:31,25493314,hello,1234,none,none,False,0.74,7
2025-12-29 22:05:33,25493314,name,1234,none,none,False,0.82,7
2025-12-29 22:05:35,25493314,login,1234,none,none,False,0.66,7
2025-12-29 22:05:37,25493314,abc,1234,none,none,False,0.79,7
2025-12-29 22:05:39,25493314,demo,1234,none,none,False,0.77,7
2025-12-29 22:05:42,25493314,student,1234,none,none,False,0.72,7
2025-12-29 22:05:44,25493314,Student_user,1234,none,none,False,0.76,7
2025-12-29 22:05:46,25493314,user_test,1234,none,none,False,0.75,7
2025-12-29 22:05:48,25493314,bluecat,1234,none,none,False,0.66,7
2025-12-29 22:05:50,25493314,student1,1234,none,none,False,0.78,7
2025-12-29 22:05:52,25493314,login_user,1234,none,none,False,0.35,7
2025-12-29 22:05:54,25493314,pythonfan,1234,none,none,False,0.56,7
2025-12-29 22:05:56,25493314,techgirl,1234,none,none,False,0.65,7
2025-12-29 22:05:58,25493314,cloud_user,1234,none,none,False,0.98,7
2025-12-29 22:06:00,25493314,gamer22,1234,none,none,False,0.79,7
2025-12-29 22:06:02,25493314,webdev,1234,none,none,False,0.75,7
2025-12-29 22:06:04,25493314,sha.sec,1234,none,none,False,0.62,7
2025-12-29 22:06:06,25493314,secure_user,1234,none,none,False,0.68,7
2025-12-29 22:06:08,25493314,cyber.auth,1234,none,none,False,0.72,7
2025-12-29 22:06:11,25493314,dev.access,1234,none,none,False,0.78,7
2025-12-29 22:06:13,25493314,root.guard,1234,none,none,False,0.46,7
2025-12-29 22:06:15,25493314,net.lock,1234,none,none,False,0.79,7
2025-12-29 22:06:17,25493314,auth.master,1234,none,none,False,0.84,7
2025-12-29 22:06:19,25493314,vault_user,1234,none,none,False,0.92,7
2025-12-29 22:06:21,25493314,system.sec,1234,none,none,False,0.85,7
2025-12-29 22:06:23,25493314,secure.login,1234,none,none,False,0.73,7
2025-12-29 22:06:25,25493314,user1,111111,none,none,False,0.71,8
2025-12-29 22:06:27,25493314,admin,111111,none,none,False,0.73,8
2025-12-29 22:06:29,25493314,guest,111111,none,none,False,0.75,8
2025-12-29 22:06:31,25493314,test,111111,none,none,False,0.62,8
2025-12-29 22:06:33,25493314,hello,111111,none,none,False,0.69,8
2025-12-29 22:06:35,25493314,name,111111,none,none,False,0.8,8
2025-12-29 22:06:37,25493314,login,111111,none,none,False,0.61,8
2025-12-29 22:06:39,25493314,abc,111111,none,none,False,0.74,8
2025-12-29 22:06:42,25493314,demo,111111,none,none,False,0.75,8
2025-12-29 22:06:44,25493314,student,111111,none,none,False,0.69,8
2025-12-29 22:06:46,25493314,Student_user,111111,none,none,False,0.76,8
2025-12-29 22:06:48,25493314,user_test,111111,none,none,False,0.71,8
2025-12-29 22:06:50,25493314,bluecat,111111,none,none,False,0.64,8
2025-12-29 22:06:52,25493314,student1,111111,none,none,False,0.66,8
2025-12-29 22:06:54,25493314,login_user,111111,none,none,False,0.46,8
2025-12-29 22:06:56,25493314,pythonfan,111111,none,none,False,0.52,8
2025-12-29 22:06:58,25493314,techgirl,111111,none,none,False,0.85,8
2025-12-29 22:07:00,25493314,cloud_user,111111,none,none,False,0.77,8
2025-12-29 22:07:02,25493314,gamer22,111111,none,none,False,0.8,8
2025-12-29 22:07:04,25493314,webdev,111111,none,none,False,1.07,8
2025-12-29 22:07:06,25493314,sha.sec,111111,none,none,False,0.76,8
2025-12-29 22:07:08,25493314,secure_user,111111,none,none,False,0.74,8
2025-12-29 22:07:11,25493314,cyber.auth,111111,none,none,False,0.72,8
2025-12-29 22:07:13,25493314,dev.access,111111,none,none,False,0.77,8
2025-12-29 22:07:15,25493314,root.guard,111111,none,none,False,0.76,8
2025-12-29 22:07:17,25493314,net.lock,111111,none,none,False,1.04,8
2025-12-29 22:07:19,25493314,auth.master,111111,none,none,False,0.53,8
2025-12-29 22:07:21,25493314,vault_user,111111,none,none,False,0.72,8
2025-12-29 22:07:23,25493314,system.sec,111111,none,none,False,0.78,8
2025-12-29 22:07:25,25493314,secure.login,111111,none,none,False,0.83,8
2025-12-29 22:07:27,25493314,user1,1234567,none,none,False,0.78,9
2025-12-29 22:07:29,25493314,admin,1234567,none,none,False,0.8,9
2025-12-29 22:07:31,25493314,guest,1234567,none,none,False,0.8,9
2025-12-29 22:07:33,25493314,test,1234567,none,none,False,0.77,9
2025-12-29 22:07:35,25493314,hello,1234567,none,none,False,0.73,9
2025-12-29 22:07:38,25493314,name,1234567,none,none,False,0.77,9
2025-12-29 22:07:40,25493314,login,1234567,none,none,False,0.7,9
2025-12-29 22:07:42,25493314,abc,1234567,none,none,False,0.77,9
2025-12-29 22:07:44,25493314,demo,1234567,none,none,False,0.6,9
2025-12-29 22:07:46,25493314,student,1234567,none,none,False,0.85,9
2025-12-29 22:07:48,25493314,Student_user,1234567,none,none,False,0.8,9
2025-12-29 22:07:50,25493314,user_test,1234567,none,none,False,0.78,9
2025-12-29 22:07:52,25493314,bluecat,1234567,none,none,False,0.81,9
2025-12-29 22:07:54,25493314,student1,1234567,none,none,False,0.72,9
2025-12-29 22:07:56,25493314,login_user,1234567,none,none,False,0.69,9
2025-12-29 22:07:58,25493314,pythonfan,1234567,none,none,False,0.8,9
2025-12-29 22:08:00,25493314,techgirl,1234567,none,none,False,0.55,9
2025-12-29 22:08:02,25493314,cloud_user,1234567,none,none,False,0.58,9
2025-12-29 22:08:05,25493314,gamer22,1234567,none,none,False,0.73,9
2025-12-29 22:08:07,25493314,webdev,1234567,none,none,False,0.76,9
2025-12-29 22:08:09,25493314,sha.sec,1234567,none,none,False,0.73,9
2025-12-29 22:08:11,25493314,secure_user,1234567,none,none,False,0.73,9
2025-12-29 22:08:13,25493314,cyber.auth,1234567,none,none,False,0.67,9
2025-12-29 22:08:15,25493314,dev.access,1234567,none,none,False,0.76,9
2025-12-29 22:08:17,25493314,root.guard,1234567,none,none,False,0.77,9
2025-12-29 22:08:19,25493314,net.lock,1234567,none,none,False,0.72,9
2025-12-29 22:08:21,25493314,auth.master,1234567,none,none,False,0.72,9
2025-12-29 22:08:23,25493314,vault_user,1234567,none,none,False,0.72,9
2025-12-29 22:08:25,25493314,system.sec,1234567,none,none,False,0.62,9
2025-12-29 22:08:27,25493314,secure.login,1234567,none,none,False,0.65,9
2025-12-29 22:08:29,25493314,user1,dragon,none,none,False,0.53,10
2025-12-29 22:08:31,25493314,admin,dragon,none,none,False,0.79,10
2025-12-29 22:08:34,25493314,guest,dragon,none,none,False,0.75,10
2025-12-29 22:08:36,25493314,test,dragon,none,none,False,0.64,10
2025-12-29 22:08:38,25493314,hello,dragon,none,none,False,0.71,10
2025-12-29 22:08:40,25493314,name,dragon,none,none,False,0.74,10
2025-12-29 22:08:42,25493314,login,dragon,none,none,False,0.65,10
2025-12-29 22:08:44,25493314,abc,dragon,none,none,False,0.78,10
2025-12-29 22:08:46,25493314,demo,dragon,none,none,False,0.74,10
2025-12-29 22:08:48,25493314,student,dragon,none,none,False,0.7,10
2025-12-29 22:08:50,25493314,Student_user,dragon,none,none,False,0.89,10
2025-12-29 22:08:52,25493314,user_test,dragon,none,none,False,0.74,10
2025-12-29 22:08:54,25493314,bluecat,dragon,none,none,False,0.8,10
2025-12-29 22:08:56,25493314,student1,dragon,none,none,False,0.84,10
2025-12-29 22:08:58,25493314,login_user,dragon,none,none,False,0.71,10
2025-12-29 22:09:00,25493314,pythonfan,dragon,none,none,False,0.68,10
2025-12-29 22:09:03,25493314,techgirl,dragon,none,none,False,0.69,10
2025-12-29 22:09:05,25493314,cloud_user,dragon,none,none,False,0.89,10
2025-12-29 22:09:07,25493314,gamer22,dragon,none,none,False,0.66,10
2025-12-29 22:09:09,25493314,webdev,dragon,none,none,False,0.63,10
2025-12-29 22:09:11,25493314,sha.sec,dragon,none,none,False,0.78,10
2025-12-29 22:09:13,25493314,secure_user,dragon,none,none,False,0.38,10
2025-12-29 22:09:15,25493314,cyber.auth,dragon,none,none,False,0.89,10
2025-12-29 22:09:17,25493314,dev.access,dragon,none,none,False,0.7,10
2025-12-29 22:09:19,25493314,root.guard,dragon,none,none,False,0.92,10
2025-12-29 22:09:21,25493314,net.lock,dragon,none,none,False,0.79,10
2025-12-29 22:09:23,25493314,auth.master,dragon,none,none,False,0.75,10
2025-12-29 22:09:25,25493314,vault_user,dragon,none,none,False,0.62,10
2025-12-29 22:09:27,25493314,system.sec,dragon,none,none,False,0.74,10
2025-12-29 22:09:29,25493314,secure.login,dragon,none,none,False,0.79,10
2025-12-29 22:09:32,25493314,user1,123123,none,none,False,0.76,11
2025-12-29 22:09:34,25493314,admin,123123,none,none,False,0.77,11
2025-12-29 22:09:36,25493314,guest,123123,none,none,False,0.73,11
2025-12-29 22:09:38,25493314,test,123123,none,none,False,0.45,11
2025-12-29 22:09:40,25493314,hello,123123,none,none,False,0.8,11
2025-12-29 22:09:42,25493314,name,123123,none,none,False,0.75,11
2025-12-29 22:09:44,25493314,login,123123,none,none,False,0.72,11
2025-12-29 22:09:46,25493314,abc,123123,none,none,False,0.28,11
2025-12-29 22:09:48,25493314,demo,123123,none,none,False,0.7,11
2025-12-29 22:09:50,25493314,student,123123,none,none,False,0.63,11
2025-12-29 22:09:52,25493314,Student_user,123123,none,none,False,0.62,11
2025-12-29 22:09:54,25493314,user_test,123123,none,none,False,0.93,11
2025-12-29 22:09:57,25493314,bluecat,123123,none,none,False,0.81,11
2025-12-29 22:09:59,25493314,student1,123123,none,none,False,0.67,11
2025-12-29 22:10:01,25493314,login_user,123123,none,none,False,0.76,11
2025-12-29 22:10:03,25493314,pythonfan,123123,none,none,False,0.73,11
2025-12-29 22:10:05,25493314,techgirl,123123,none,none,False,0.84,11
2025-12-29 22:10:07,25493314,cloud_user,123123,none,none,False,0.72,11
2025-12-29 22:10:09,25493314,gamer22,123123,none,none,False,0.72,11
2025-12-29 22:13:32,25493314,webdev,123123,none,none,False,0.41,11
2025-12-29 22:13:34,25493314,sha.sec,123123,none,none,False,0.46,11
2025-12-29 22:13:37,25493314,secure_user,123123,none,none,False,0.45,11
2025-12-29 22:13:39,25493314,cyber.auth,123123,none,none,False,0.52,11
2025-12-29 22:13:41,25493314,dev.access,123123,none,none,False,0.55,11
2025-12-29 22:13:43,25493314,root.guard,123123,none,none,False,0.64,11
2025-12-29 22:13:45,25493314,net.lock,123123,none,none,False,0.54,11
2025-12-29 22:13:47,25493314,auth.master,123123,none,none,False,0.65,11
2025-12-29 22:13:49,25493314,vault_user,123123,none,none,False,0.59,11
2025-12-29 22:13:51,25493314,system.sec,123123,none,none,False,0.58,11
2025-12-29 22:13:53,25493314,secure.login,123123,none,none,False,0.61,11
2025-12-29 22:13:55,25493314,user1,baseball,none,none,False,0.69,12
2025-12-29 22:13:57,25493314,admin,baseball,none,none,False,0.72,12
2025-12-29 22:13:59,25493314,guest,baseball,none,none,False,0.63,12
2025-12-29 22:14:01,25493314,test,baseball,none,none,False,0.64,12
2025-12-29 22:14:03,25493314,hello,baseball,none,none,False,0.61,12
2025-12-29 22:14:05,25493314,name,baseball,none,none,False,0.62,12
2025-12-29 22:14:07,25493314,login,baseball,none,none,False,0.61,12
2025-12-29 22:14:09,25493314,abc,baseball,none,none,False,0.59,12
2025-12-29 22:14:12,25493314,demo,baseball,none,none,False,0.66,12
2025-12-29 22:14:14,25493314,student,baseball,none,none,False,0.63,12
2025-12-29 22:14:16,25493314,Student_user,baseball,none,none,False,0.61,12
2025-12-29 22:14:18,25493314,user_test,baseball,none,none,False,0.62,12
2025-12-29 22:14:20,25493314,bluecat,baseball,none,none,False,0.59,12
2025-12-29 22:14:22,25493314,student1,baseball,none,none,False,0.55,12
2025-12-29 22:14:24,25493314,login_user,baseball,none,none,False,0.59,12
2025-12-29 22:14:26,25493314,pythonfan,baseball,none,none,False,0.56,12
2025-12-29 22:14:28,25493314,techgirl,baseball,none,none,False,0.55,12
2025-12-29 22:14:30,25493314,cloud_user,baseball,none,none,False,0.61,12
2025-12-29 22:14:32,25493314,gamer22,baseball,none,none,False,0.66,12
2025-12-29 22:14:34,25493314,webdev,baseball,none,none,False,0.58,12
2025-12-29 22:14:36,25493314,sha.sec,baseball,none,none,False,0.59,12
2025-12-29 22:14:38,25493314,secure_user,baseball,none,none,False,0.65,12
2025-12-29 22:14:40,25493314,cyber.auth,baseball,none,none,False,0.65,12
2025-12-29 22:14:42,25493314,dev.access,baseball,none,none,False,0.63,12
2025-12-29 22:14:44,25493314,root.guard,baseball,none,none,False,0.77,12
2025-12-29 22:14:47,25493314,net.lock,baseball,none,none,False,0.62,12
2025-12-29 22:14:49,25493314,auth.master,baseball,none,none,False,0.28,12
2025-12-29 22:14:51,25493314,vault_user,baseball,none,none,False,0.58,12
2025-12-29 22:14:53,25493314,system.sec,baseball,none,none,False,0.25,12
2025-12-29 22:14:55,25493314,secure.login,baseball,none,none,False,0.6,12
2025-12-29 22:14:57,25493314,user1,abc123,none,none,False,0.7,13
2025-12-29 22:14:59,25493314,admin,abc123,none,none,False,0.57,13
2025-12-29 22:15:01,25493314,guest,abc123,none,none,False,0.59,13
2025-12-29 22:15:03,25493314,test,abc123,none,none,False,0.62,13
2025-12-29 22:15:05,25493314,hello,abc123,none,none,False,0.64,13
2025-12-29 22:15:07,25493314,name,abc123,none,none,False,0.61,13
2025-12-29 22:15:09,25493314,login,abc123,none,none,False,0.5,13
2025-12-29 22:15:11,25493314,abc,abc123,none,none,True,0.57,13
2025-12-29 22:15:13,25493314,demo,abc123,none,none,False,0.65,13
2025-12-29 22:15:15,25493314,student,abc123,none,none,False,0.75,13
2025-12-29 22:15:17,25493314,Student_user,abc123,none,none,False,0.58,13
2025-12-29 22:15:19,25493314,user_test,abc123,none,none,False,0.57,13
2025-12-29 22:15:21,25493314,bluecat,abc123,none,none,False,0.27,13
2025-12-29 22:15:24,25493314,student1,abc123,none,none,False,0.64,13
2025-12-29 22:15:26,25493314,login_user,abc123,none,none,False,0.4,13
2025-12-29 22:15:28,25493314,pythonfan,abc123,none,none,False,0.58,13
2025-12-29 22:15:30,25493314,techgirl,abc123,none,none,False,0.63,13
2025-12-29 22:15:32,25493314,cloud_user,abc123,none,none,False,0.67,13
2025-12-29 22:15:34,25493314,gamer22,abc123,none,none,False,0.47,13
2025-12-29 22:15:36,25493314,webdev,abc123,none,none,False,0.64,13
2025-12-29 22:15:38,25493314,sha.sec,abc123,none,none,False,0.61,13
2025-12-29 22:15:40,25493314,secure_user,abc123,none,none,False,0.62,13
2025-12-29 22:15:42,25493314,cyber.auth,abc123,none,none,False,0.44,13
2025-12-29 22:15:44,25493314,dev.access,abc123,none,none,False,0.53,13
2025-12-29 22:15:46,25493314,root.guard,abc123,none,none,False,0.41,13
2025-12-29 22:15:48,25493314,net.lock,abc123,none,none,False,0.59,13
2025-12-29 22:15:50,25493314,auth.master,abc123,none,none,False,0.72,13
2025-12-29 22:15:52,25493314,vault_user,abc123,none,none,False,0.6,13
2025-12-29 22:15:54,25493314,system.sec,abc123,none,none,False,0.62,13
2025-12-29 22:15:57,25493314,secure.login,abc123,none,none,False,0.66,13
2025-12-29 22:15:59,25493314,user1,football,none,none,False,0.58,14
2025-12-29 22:16:01,25493314,admin,football,none,none,False,0.46,14
2025-12-29 22:16:03,25493314,guest,football,none,none,False,0.61,14
2025-12-29 22:16:05,25493314,test,football,none,none,False,0.55,14
2025-12-29 22:16:07,25493314,hello,football,none,none,False,0.5,14
2025-12-29 22:16:09,25493314,name,football,none,none,False,0.6,14
2025-12-29 22:16:11,25493314,login,football,none,none,False,0.58,14
2025-12-29 22:16:13,25493314,abc,football,none,none,False,0.58,14
2025-12-29 22:16:15,25493314,demo,football,none,none,False,0.56,14
2025-12-29 22:16:17,25493314,student,football,none,none,False,0.56,14
2025-12-29 22:16:19,25493314,Student_user,football,none,none,False,0.59,14
2025-12-29 22:16:21,25493314,user_test,football,none,none,False,0.58,14
2025-12-29 22:16:23,25493314,bluecat,football,none,none,False,0.4,14
2025-12-29 22:16:25,25493314,student1,football,none,none,False,0.54,14
2025-12-29 22:16:28,25493314,login_user,football,none,none,False,0.71,14
2025-12-29 22:16:30,25493314,pythonfan,football,none,none,False,0.62,14
2025-12-29 22:16:32,25493314,techgirl,football,none,none,False,0.58,14
2025-12-29 22:16:34,25493314,cloud_user,football,none,none,False,0.49,14
2025-12-29 22:16:36,25493314,gamer22,football,none,none,False,0.56,14
2025-12-29 22:16:38,25493314,webdev,football,none,none,False,0.31,14
2025-12-29 22:16:40,25493314,sha.sec,football,none,none,False,0.63,14
2025-12-29 22:16:42,25493314,secure_user,football,none,none,False,0.64,14
2025-12-29 22:16:44,25493314,cyber.auth,football,none,none,False,0.64,14
2025-12-29 22:16:46,25493314,dev.access,football,none,none,False,0.62,14
2025-12-29 22:16:48,25493314,root.guard,football,none,none,False,0.38,14
2025-12-29 22:16:50,25493314,net.lock,football,none,none,False,0.62,14
2025-12-29 22:16:52,25493314,auth.master,football,none,none,False,0.64,14
2025-12-29 22:16:54,25493314,vault_user,football,none,none,False,0.68,14
2025-12-29 22:16:56,25493314,system.sec,football,none,none,False,0.61,14
2025-12-29 22:16:58,25493314,secure.login,football,none,none,False,0.62,14
2025-12-29 22:17:00,25493314,user1,monkey,none,none,False,0.6,15
2025-12-29 22:17:03,25493314,admin,monkey,none,none,False,0.59,15
2025-12-29 22:17:05,25493314,guest,monkey,none,none,False,0.61,15
2025-12-29 22:17:07,25493314,test,monkey,none,none,False,0.63,15
2025-12-29 22:17:09,25493314,hello,monkey,none,none,False,0.59,15
2025-12-29 22:17:11,25493314,name,monkey,none,none,False,0.6,15
2025-12-29 22:17:13,25493314,login,monkey,none,none,False,0.6,15
2025-12-29 22:17:15,25493314,abc,monkey,none,none,False,0.44,15
2025-12-29 22:17:17,25493314,demo,monkey,none,none,False,0.34,15
2025-12-29 22:17:19,25493314,student,monkey,none,none,False,0.59,15
2025-12-29 22:17:21,25493314,Student_user,monkey,none,none,False,0.54,15
2025-12-29 22:17:23,25493314,user_test,monkey,none,none,False,0.43,15
2025-12-29 22:17:25,25493314,bluecat,monkey,none,none,False,0.62,15
2025-12-29 22:17:27,25493314,student1,monkey,none,none,False,0.61,15
2025-12-29 22:17:29,25493314,login_user,monkey,none,none,False,0.63,15
2025-12-29 22:17:31,25493314,pythonfan,monkey,none,none,False,0.69,15
2025-12-29 22:17:33,25493314,techgirl,monkey,none,none,False,0.6,15
2025-12-29 22:17:36,25493314,cloud_user,monkey,none,none,False,0.67,15
2025-12-29 22:17:38,25493314,gamer22,monkey,none,none,False,0.62,15
2025-12-29 22:17:40,25493314,webdev,monkey,none,none,False,0.67,15
2025-12-29 22:17:42,25493314,sha.sec,monkey,none,none,False,0.63,15
2025-12-29 22:17:44,25493314,secure_user,monkey,none,none,False,0.5,15
2025-12-29 22:17:46,25493314,cyber.auth,monkey,none,none,False,0.69,15
2025-12-29 22:17:48,25493314,dev.access,monkey,none,none,False,0.62,15
2025-12-29 22:17:50,25493314,root.guard,monkey,none,none,False,0.62,15
2025-12-29 22:17:52,25493314,net.lock,monkey,none,none,False,0.57,15
2025-12-29 22:17:54,25493314,auth.master,monkey,none,none,False,0.87,15
2025-12-29 22:17:56,25493314,vault_user,monkey,none,none,False,0.63,15
2025-12-29 22:17:58,25493314,system.sec,monkey,none,none,False,0.73,15
2025-12-29 22:18:00,25493314,secure.login,monkey,none,none,False,0.75,15
2025-12-29 22:18:02,25493314,user1,letmein,none,none,False,0.66,16
2025-12-29 22:18:05,25493314,admin,letmein,none,none,False,0.46,16
2025-12-29 22:18:07,25493314,guest,letmein,none,none,False,0.73,16
2025-12-29 22:18:09,25493314,test,letmein,none,none,False,0.87,16
2025-12-29 22:18:11,25493314,hello,letmein,none,none,False,0.69,16
2025-12-29 22:18:13,25493314,name,letmein,none,none,False,0.72,16
2025-12-29 22:18:15,25493314,login,letmein,none,none,False,0.82,16
2025-12-29 22:18:17,25493314,abc,letmein,none,none,False,0.76,16
2025-12-29 22:18:19,25493314,demo,letmein,none,none,False,0.7,16
2025-12-29 22:18:21,25493314,student,letmein,none,none,False,0.69,16
2025-12-29 22:18:23,25493314,Student_user,letmein,none,none,False,0.72,16
2025-12-29 22:18:25,25493314,user_test,letmein,none,none,False,0.57,16
2025-12-29 22:18:27,25493314,bluecat,letmein,none,none,False,0.4,16
2025-12-29 22:18:29,25493314,student1,letmein,none,none,False,0.76,16
2025-12-29 22:18:32,25493314,login_user,letmein,none,none,False,0.78,16
2025-12-29 22:18:34,25493314,pythonfan,letmein,none,none,False,0.71,16
2025-12-29 22:18:36,25493314,techgirl,letmein,none,none,False,3.5,16
2025-12-29 22:18:38,25493314,cloud_user,letmein,none,none,False,0.7,16
2025-12-29 22:18:40,25493314,gamer22,letmein,none,none,False,0.75,16
2025-12-29 22:18:42,25493314,webdev,letmein,none,none,False,0.74,16
2025-12-29 22:18:44,25493314,sha.sec,letmein,none,none,False,0.7,16
2025-12-29 22:18:46,25493314,secure_user,letmein,none,none,False,0.63,16
2025-12-29 22:18:48,25493314,cyber.auth,letmein,none,none,False,0.61,16
2025-12-29 22:18:50,25493314,dev.access,letmein,none,none,False,0.86,16
2025-12-29 22:18:52,25493314,root.guard,letmein,none,none,False,0.89,16
2025-12-29 22:18:54,25493314,net.lock,letmein,none,none,False,0.75,16
2025-12-29 22:18:56,25493314,auth.master,letmein,none,none,False,0.73,16
2025-12-29 22:18:58,25493314,vault_user,letmein,none,none,False,0.65,16
2025-12-29 22:19:01,25493314,system.sec,letmein,none,none,False,0.67,16
2025-12-29 22:19:03,25493314,secure.login,letmein,none,none,False,0.74,16
2025-12-29 22:19:05,25493314,user1,shadow,none,none,False,0.67,17
2025-12-29 22:19:07,25493314,admin,shadow,none,none,False,0.78,17
2025-12-29 22:19:09,25493314,guest,shadow,none,none,False,0.79,17
2025-12-29 22:19:11,25493314,test,shadow,none,none,False,0.47,17
2025-12-29 22:19:13,25493314,hello,shadow,none,none,False,0.74,17
2025-12-29 22:19:15,25493314,name,shadow,none,none,False,0.7,17
2025-12-29 22:19:17,25493314,login,shadow,none,none,False,0.87,17
2025-12-29 22:19:19,25493314,abc,shadow,none,none,False,0.66,17
2025-12-29 22:19:21,25493314,demo,shadow,none,none,False,0.7,17
2025-12-29 22:19:23,25493314,student,shadow,none,none,False,0.73,17
2025-12-29 22:19:25,25493314,Student_user,shadow,none,none,False,0.69,17
2025-12-29 22:19:28,25493314,user_test,shadow,none,none,False,0.65,17
2025-12-29 22:19:30,25493314,bluecat,shadow,none,none,False,0.7,17
2025-12-29 22:19:32,25493314,student1,shadow,none,none,False,0.77,17
2025-12-29 22:19:34,25493314,login_user,shadow,none,none,False,0.59,17
2025-12-29 22:19:36,25493314,pythonfan,shadow,none,none,False,0.34,17
2025-12-29 22:19:38,25493314,techgirl,shadow,none,none,False,0.62,17
2025-12-29 22:19:40,25493314,cloud_user,shadow,none,none,False,0.73,17
2025-12-29 22:19:42,25493314,gamer22,shadow,none,none,False,0.77,17
2025-12-29 22:19:44,25493314,webdev,shadow,none,none,False,0.73,17
2025-12-29 22:19:46,25493314,sha.sec,shadow,none,none,False,0.75,17
2025-12-29 22:19:48,25493314,secure_user,shadow,none,none,False,0.74,17
2025-12-29 22:19:50,25493314,cyber.auth,shadow,none,none,False,0.74,17
2025-12-29 22:19:53,25493314,dev.access,shadow,none,none,False,0.69,17
2025-12-29 22:19:55,25493314,root.guard,shadow,none,none,False,0.75,17
2025-12-29 22:19:57,25493314,net.lock,shadow,none,none,False,0.64,17
2025-12-29 22:19:59,25493314,auth.master,shadow,none,none,False,0.68,17
2025-12-29 22:20:01,25493314,vault_user,shadow,none,none,False,0.74,17
2025-12-29 22:20:03,25493314,system.sec,shadow,none,none,False,0.73,17
2025-12-29 22:20:05,25493314,secure.login,shadow,none,none,False,0.73,17
2025-12-29 22:20:07,25493314,user1,master,none,none,False,0.74,18
2025-12-29 22:20:09,25493314,admin,master,none,none,False,0.93,18
2025-12-29 22:20:11,25493314,guest,master,none,none,False,0.63,18
2025-12-29 22:20:13,25493314,test,master,none,none,False,0.87,18
2025-12-29 22:20:15,25493314,hello,master,none,none,False,0.52,18
2025-12-29 22:20:17,25493314,name,master,none,none,False,0.74,18
2025-12-29 22:20:20,25493314,login,master,none,none,False,0.69,18
2025-12-29 22:20:22,25493314,abc,master,none,none,False,0.74,18
2025-12-29 22:20:24,25493314,demo,master,none,none,False,0.68,18
2025-12-29 22:20:26,25493314,student,master,none,none,False,0.63,18
2025-12-29 22:20:28,25493314,Student_user,master,none,none,False,0.58,18
2025-12-29 22:20:30,25493314,user_test,master,none,none,False,0.73,18
2025-12-29 22:20:32,25493314,bluecat,master,none,none,False,0.88,18
2025-12-29 22:20:34,25493314,student1,master,none,none,False,0.65,18
2025-12-29 22:20:36,25493314,login_user,master,none,none,False,0.77,18
2025-12-29 22:20:38,25493314,pythonfan,master,none,none,False,0.68,18
2025-12-29 22:20:40,25493314,techgirl,master,none,none,False,0.72,18
2025-12-29 22:20:42,25493314,cloud_user,master,none,none,False,0.7,18
2025-12-29 22:20:44,25493314,gamer22,master,none,none,False,0.68,18
2025-12-29 22:20:47,25493314,webdev,master,none,none,False,0.69,18
2025-12-29 22:20:49,25493314,sha.sec,master,none,none,False,0.73,18
2025-12-29 22:20:51,25493314,secure_user,master,none,none,False,0.66,18
2025-12-29 22:20:53,25493314,cyber.auth,master,none,none,False,0.59,18
2025-12-29 22:20:55,25493314,dev.access,master,none,none,False,0.33,18
2025-12-29 22:20:57,25493314,root.guard,master,none,none,False,0.69,18
2025-12-29 22:20:59,25493314,net.lock,master,none,none,False,0.65,18
2025-12-29 22:21:01,25493314,auth.master,master,none,none,False,0.79,18
2025-12-29 22:21:03,25493314,vault_user,master,none,none,False,0.87,18
2025-12-29 22:21:05,25493314,system.sec,master,none,none,False,0.68,18
2025-12-29 22:21:07,25493314,secure.login,master,none,none,False,0.33,18
2025-12-29 22:21:09,25493314,user1,666666,none,none,False,0.8,19
2025-12-29 22:21:11,25493314,admin,666666,none,none,False,0.7,19
2025-12-29 22:21:13,25493314,guest,666666,none,none,False,0.69,19
2025-12-29 22:21:16,25493314,test,666666,none,none,False,0.7,19
2025-12-29 22:21:18,25493314,hello,666666,none,none,False,0.7,19
2025-12-29 22:21:20,25493314,name,666666,none,none,False,0.74,19
2025-12-29 22:21:22,25493314,login,666666,none,none,False,0.76,19
2025-12-29 22:21:24,25493314,abc,666666,none,none,False,0.76,19
2025-12-29 22:21:26,25493314,demo,666666,none,none,False,0.78,19
2025-12-29 22:21:28,25493314,student,666666,none,none,False,0.73,19
2025-12-29 22:21:30,25493314,Student_user,666666,none,none,False,0.73,19
2025-12-29 22:21:32,25493314,user_test,666666,none,none,False,0.91,19
2025-12-29 22:21:34,25493314,bluecat,666666,none,none,False,0.82,19
2025-12-29 22:21:36,25493314,student1,666666,none,none,False,0.74,19
2025-12-29 22:21:38,25493314,login_user,666666,none,none,False,0.78,19
2025-12-29 22:21:40,25493314,pythonfan,666666,none,none,False,0.74,19
2025-12-29 22:21:43,25493314,techgirl,666666,none,none,False,0.73,19
2025-12-29 22:21:45,25493314,cloud_user,666666,none,none,False,0.78,19
2025-12-29 22:21:47,25493314,gamer22,666666,none,none,False,0.73,19
2025-12-29 22:21:49,25493314,webdev,666666,none,none,False,0.74,19
2025-12-29 22:21:51,25493314,sha.sec,666666,none,none,False,0.71,19
2025-12-29 22:21:53,25493314,secure_user,666666,none,none,False,0.71,19
2025-12-29 22:21:55,25493314,cyber.auth,666666,none,none,False,0.88,19
2025-12-29 22:21:57,25493314,dev.access,666666,none,none,False,0.7,19
2025-12-29 22:21:59,25493314,root.guard,666666,none,none,False,0.69,19
2025-12-29 22:22:01,25493314,net.lock,666666,none,none,False,0.34,19
2025-12-29 22:22:03,25493314,auth.master,666666,none,none,False,0.33,19
2025-12-29 22:22:05,25493314,vault_user,666666,none,none,False,0.54,19
2025-12-29 22:22:08,25493314,system.sec,666666,none,none,False,0.72,19
2025-12-29 22:22:10,25493314,secure.login,666666,none,none,False,0.73,19
2025-12-29 22:22:12,25493314,user1,qwertyuiop,none,none,False,0.67,20
2025-12-29 22:22:14,25493314,admin,qwertyuiop,none,none,False,0.65,20
2025-12-29 22:22:16,25493314,guest,qwertyuiop,none,none,False,0.64,20
2025-12-29 22:22:18,25493314,test,qwertyuiop,none,none,False,0.41,20
2025-12-29 22:22:20,25493314,hello,qwertyuiop,none,none,False,0.6,20
2025-12-29 22:22:22,25493314,name,qwertyuiop,none,none,False,0.73,20
2025-12-29 22:22:24,25493314,login,qwertyuiop,none,none,False,0.32,20
2025-12-29 22:22:26,25493314,abc,qwertyuiop,none,none,False,0.77,20
2025-12-29 22:22:28,25493314,demo,qwertyuiop,none,none,False,0.42,20
2025-12-29 22:22:30,25493314,student,qwertyuiop,none,none,False,0.65,20
2025-12-29 22:22:32,25493314,Student_user,qwertyuiop,none,none,False,0.69,20
2025-12-29 22:22:35,25493314,user_test,qwertyuiop,none,none,False,0.74,20
2025-12-29 22:22:37,25493314,bluecat,qwertyuiop,none,none,False,0.8,20
2025-12-29 22:22:39,25493314,student1,qwertyuiop,none,none,False,0.95,20
2025-12-29 22:22:41,25493314,login_user,qwertyuiop,none,none,False,0.31,20
2025-12-29 22:22:43,25493314,pythonfan,qwertyuiop,none,none,False,0.73,20
2025-12-29 22:22:45,25493314,techgirl,qwertyuiop,none,none,False,0.72,20
2025-12-29 22:22:47,25493314,cloud_user,qwertyuiop,none,none,False,0.74,20
2025-12-29 22:22:49,25493314,gamer22,qwertyuiop,none,none,False,0.77,20
2025-12-29 22:22:51,25493314,webdev,qwertyuiop,none,none,False,0.7,20
2025-12-29 22:22:53,25493314,sha.sec,qwertyuiop,none,none,False,0.79,20
2025-12-29 22:22:55,25493314,secure_user,qwertyuiop,none,none,False,0.78,20
2025-12-29 22:22:57,25493314,cyber.auth,qwertyuiop,none,none,False,0.72,20
2025-12-29 22:22:59,25493314,dev.access,qwertyuiop,none,none,False,0.89,20
2025-12-29 22:23:01,25493314,root.guard,qwertyuiop,none,none,False,0.75,20
2025-12-29 22:23:03,25493314,net.lock,qwertyuiop,none,none,False,0.67,20
2025-12-29 22:23:06,25493314,auth.master,qwertyuiop,none,none,False,0.66,20
2025-12-29 22:23:08,25493314,vault_user,qwertyuiop,none,none,False,0.63,20
2025-12-29 22:23:10,25493314,system.sec,qwertyuiop,none,none,False,0.72,20
2025-12-29 22:23:12,25493314,secure.login,qwertyuiop,none,none,False,0.73,20
2025-12-29 22:23:14,25493314,user1,123321,none,none,False,0.72,21
2025-12-29 22:23:16,25493314,admin,123321,none,none,False,0.69,21
2025-12-29 22:23:18,25493314,guest,123321,none,none,False,0.6,21
2025-12-29 22:23:20,25493314,test,123321,none,none,False,0.59,21
2025-12-29 22:23:22,25493314,hello,123321,none,none,False,0.69,21
2025-12-29 22:23:24,25493314,name,123321,none,none,False,0.82,21
2025-12-29 22:23:26,25493314,login,123321,none,none,False,0.77,21
2025-12-29 22:23:28,25493314,abc,123321,none,none,False,0.73,21
2025-12-29 22:23:30,25493314,demo,123321,none,none,False,0.77,21
2025-12-29 22:23:33,25493314,student,123321,none,none,False,0.45,21
2025-12-29 22:23:35,25493314,Student_user,123321,none,none,False,0.85,21
2025-12-29 22:23:37,25493314,user_test,123321,none,none,False,0.8,21
2025-12-29 22:23:39,25493314,bluecat,123321,none,none,False,0.79,21
2025-12-29 22:23:41,25493314,student1,123321,none,none,False,0.74,21
2025-12-29 22:23:43,25493314,login_user,123321,none,none,False,0.78,21
2025-12-29 22:23:45,25493314,pythonfan,123321,none,none,False,0.6,21
2025-12-29 22:23:47,25493314,techgirl,123321,none,none,False,0.57,21
2025-12-29 22:23:49,25493314,cloud_user,123321,none,none,False,0.26,21
2025-12-29 22:23:51,25493314,gamer22,123321,none,none,False,0.57,21
2025-12-29 22:23:53,25493314,webdev,123321,none,none,False,0.6,21
2025-12-29 22:23:55,25493314,sha.sec,123321,none,none,False,0.58,21
2025-12-29 22:23:57,25493314,secure_user,123321,none,none,False,0.41,21
2025-12-29 22:23:59,25493314,cyber.auth,123321,none,none,False,0.55,21
2025-12-29 22:24:02,25493314,dev.access,123321,none,none,False,0.61,21
2025-12-29 22:24:04,25493314,root.guard,123321,none,none,False,0.62,21
2025-12-29 22:24:06,25493314,net.lock,123321,none,none,False,0.61,21
2025-12-29 22:24:08,25493314,auth.master,123321,none,none,False,1.06,21
2025-12-29 22:24:10,25493314,vault_user,123321,none,none,False,0.59,21
2025-12-29 22:24:12,25493314,system.sec,123321,none,none,False,0.6,21
2025-12-29 22:24:14,25493314,secure.login,123321,none,none,False,0.61,21
2025-12-29 22:24:16,25493314,user1,mustang,none,none,False,0.56,22
2025-12-29 22:24:18,25493314,admin,mustang,none,none,False,0.58,22
2025-12-29 22:24:20,25493314,guest,mustang,none,none,False,0.58,22
2025-12-29 22:24:22,25493314,test,mustang,none,none,False,0.32,22
2025-12-29 22:24:24,25493314,hello,mustang,none,none,False,0.29,22
2025-12-29 22:24:26,25493314,name,mustang,none,none,False,0.61,22
2025-12-29 22:24:28,25493314,login,mustang,none,none,False,0.63,22
2025-12-29 22:24:30,25493314,abc,mustang,none,none,False,0.6,22
2025-12-29 22:24:32,25493314,demo,mustang,none,none,False,0.5,22
2025-12-29 22:24:35,25493314,student,mustang,none,none,False,0.61,22
2025-12-29 22:24:37,25493314,Student_user,mustang,none,none,False,0.57,22
2025-12-29 22:24:39,25493314,user_test,mustang,none,none,False,0.73,22
2025-12-29 22:24:41,25493314,bluecat,mustang,none,none,False,0.55,22
2025-12-29 22:24:43,25493314,student1,mustang,none,none,False,0.68,22
2025-12-29 22:24:45,25493314,login_user,mustang,none,none,False,0.64,22
2025-12-29 22:24:47,25493314,pythonfan,mustang,none,none,False,0.61,22
2025-12-29 22:24:49,25493314,techgirl,mustang,none,none,False,0.72,22
2025-12-29 22:24:51,25493314,cloud_user,mustang,none,none,False,0.36,22
2025-12-29 22:24:53,25493314,gamer22,mustang,none,none,False,0.61,22
2025-12-29 22:24:55,25493314,webdev,mustang,none,none,False,0.87,22
2025-12-29 22:24:57,25493314,sha.sec,mustang,none,none,False,0.56,22
2025-12-29 22:24:59,25493314,secure_user,mustang,none,none,False,0.58,22
2025-12-29 22:25:01,25493314,cyber.auth,mustang,none,none,False,0.58,22
2025-12-29 22:25:03,25493314,dev.access,mustang,none,none,False,0.56,22
2025-12-29 22:25:05,25493314,root.guard,mustang,none,none,False,0.53,22
2025-12-29 22:25:07,25493314,net.lock,mustang,none,none,False,0.72,22
2025-12-29 22:25:10,25493314,auth.master,mustang,none,none,False,0.45,22
2025-12-29 22:25:12,25493314,vault_user,mustang,none,none,False,0.58,22
2025-12-29 22:25:14,25493314,system.sec,mustang,none,none,False,0.55,22
2025-12-29 22:25:16,25493314,secure.login,mustang,none,none,False,0.58,22
2025-12-29 22:25:18,25493314,user1,121212,none,none,False,0.58,23
2025-12-29 22:25:20,25493314,admin,121212,none,none,False,0.29,23
2025-12-29 22:25:22,25493314,guest,121212,none,none,False,0.76,23
2025-12-29 22:25:24,25493314,test,121212,none,none,False,0.59,23
2025-12-29 22:25:26,25493314,hello,121212,none,none,False,0.66,23
2025-12-29 22:25:28,25493314,name,121212,none,none,False,0.57,23
2025-12-29 22:25:30,25493314,login,121212,none,none,False,0.6,23
2025-12-29 22:25:32,25493314,abc,121212,none,none,False,0.59,23
2025-12-29 22:25:34,25493314,demo,121212,none,none,False,0.59,23
2025-12-29 22:25:36,25493314,student,121212,none,none,False,0.62,23
2025-12-29 22:25:38,25493314,Student_user,121212,none,none,False,0.62,23
2025-12-29 22:25:41,25493314,user_test,121212,none,none,False,0.55,23
2025-12-29 22:25:43,25493314,bluecat,121212,none,none,False,0.66,23
2025-12-29 22:25:45,25493314,student1,121212,none,none,False,0.6,23
2025-12-29 22:25:47,25493314,login_user,121212,none,none,False,0.58,23
2025-12-29 22:25:49,25493314,pythonfan,121212,none,none,False,3.67,23
2025-12-29 22:25:51,25493314,techgirl,121212,none,none,False,0.55,23
2025-12-29 22:25:53,25493314,cloud_user,121212,none,none,False,0.65,23
2025-12-29 22:25:55,25493314,gamer22,121212,none,none,False,0.64,23
2025-12-29 22:25:57,25493314,webdev,121212,none,none,False,0.58,23
2025-12-29 22:25:59,25493314,sha.sec,121212,none,none,False,0.61,23
2025-12-29 22:26:01,25493314,secure_user,121212,none,none,False,0.6,23
2025-12-29 22:26:03,25493314,cyber.auth,121212,none,none,False,0.63,23
2025-12-29 22:26:05,25493314,dev.access,121212,none,none,False,0.56,23
2025-12-29 22:26:07,25493314,root.guard,121212,none,none,False,0.37,23
2025-12-29 22:26:09,25493314,net.lock,121212,none,none,False,0.6,23
2025-12-29 22:26:11,25493314,auth.master,121212,none,none,False,0.57,23
2025-12-29 22:26:13,25493314,vault_user,121212,none,none,False,0.59,23
2025-12-29 22:26:16,25493314,system.sec,121212,none,none,False,0.59,23
2025-12-29 22:26:18,25493314,secure.login,121212,none,none,False,0.33,23
2025-12-29 22:26:20,25493314,user1,000000,none,none,False,0.4,24
2025-12-29 22:26:22,25493314,admin,000000,none,none,False,0.67,24
2025-12-29 22:26:24,25493314,guest,000000,none,none,False,0.58,24
2025-12-29 22:26:26,25493314,test,000000,none,none,False,0.7,24
2025-12-29 22:26:28,25493314,hello,000000,none,none,False,0.56,24
2025-12-29 22:26:30,25493314,name,000000,none,none,False,0.62,24
2025-12-29 22:26:32,25493314,login,000000,none,none,False,0.69,24
2025-12-29 22:26:34,25493314,abc,000000,none,none,False,0.77,24
2025-12-29 22:26:36,25493314,demo,000000,none,none,False,0.58,24
2025-12-29 22:26:38,25493314,student,000000,none,none,False,0.56,24
2025-12-29 22:26:40,25493314,Student_user,000000,none,none,False,0.63,24
2025-12-29 22:26:42,25493314,user_test,000000,none,none,False,0.59,24
2025-12-29 22:26:45,25493314,bluecat,000000,none,none,False,0.58,24
2025-12-29 22:26:47,25493314,student1,000000,none,none,False,0.6,24
2025-12-29 22:26:49,25493314,login_user,000000,none,none,False,0.29,24
2025-12-29 22:26:51,25493314,pythonfan,000000,none,none,False,0.59,24
2025-12-29 22:26:53,25493314,techgirl,000000,none,none,False,0.6,24
2025-12-29 22:26:55,25493314,cloud_user,000000,none,none,False,0.56,24
2025-12-29 22:26:57,25493314,gamer22,000000,none,none,False,0.58,24
2025-12-29 22:26:59,25493314,webdev,000000,none,none,False,0.61,24
2025-12-29 22:27:01,25493314,sha.sec,000000,none,none,False,0.61,24
2025-12-29 22:27:03,25493314,secure_user,000000,none,none,False,0.62,24
2025-12-29 22:27:05,25493314,cyber.auth,000000,none,none,False,0.59,24
2025-12-29 22:27:07,25493314,dev.access,000000,none,none,False,0.7,24
2025-12-29 22:27:09,25493314,root.guard,000000,none,none,False,0.77,24
2025-12-29 22:27:11,25493314,net.lock,000000,none,none,False,0.62,24
2025-12-29 22:27:13,25493314,auth.master,000000,none,none,False,0.56,24
2025-12-29 22:27:15,25493314,vault_user,000000,none,none,False,0.46,24
2025-12-29 22:27:18,25493314,system.sec,000000,none,none,False,0.56,24
2025-12-29 22:27:20,25493314,secure.login,000000,none,none,False,0.53,24
2025-12-29 22:27:22,25493314,user1,password1,none,none,False,0.4,25
2025-12-29 22:27:24,25493314,admin,password1,none,none,False,0.57,25
2025-12-29 22:27:26,25493314,guest,password1,none,none,False,0.6,25
2025-12-29 22:27:28,25493314,test,password1,none,none,False,0.64,25
2025-12-29 22:27:30,25493314,hello,password1,none,none,False,0.59,25
2025-12-29 22:27:32,25493314,name,password1,none,none,False,0.64,25
2025-12-29 22:27:34,25493314,login,password1,none,none,False,0.7,25
2025-12-29 22:27:36,25493314,abc,password1,none,none,False,0.56,25
2025-12-29 22:27:38,25493314,demo,password1,none,none,False,0.63,25
2025-12-29 22:27:40,25493314,student,password1,none,none,False,0.57,25
2025-12-29 22:27:42,25493314,Student_user,password1,none,none,False,0.51,25
2025-12-29 22:27:44,25493314,user_test,password1,none,none,False,0.59,25
2025-12-29 22:27:46,25493314,bluecat,password1,none,none,False,0.46,25
2025-12-29 22:27:48,25493314,student1,password1,none,none,False,0.34,25
2025-12-29 22:27:51,25493314,login_user,password1,none,none,False,0.42,25
2025-12-29 22:27:53,25493314,pythonfan,password1,none,none,False,0.58,25
2025-12-29 22:27:55,25493314,techgirl,password1,none,none,False,0.66,25
2025-12-29 22:27:57,25493314,cloud_user,password1,none,none,False,0.94,25
2025-12-29 22:27:59,25493314,gamer22,password1,none,none,False,0.61,25
2025-12-29 22:28:01,25493314,webdev,password1,none,none,False,0.68,25
2025-12-29 22:28:03,25493314,sha.sec,password1,none,none,False,0.69,25
2025-12-29 22:28:05,25493314,secure_user,password1,none,none,False,0.48,25
2025-12-29 22:28:07,25493314,cyber.auth,password1,none,none,False,0.72,25
2025-12-29 22:28:09,25493314,dev.access,password1,none,none,False,0.47,25
2025-12-29 22:28:11,25493314,root.guard,password1,none,none,False,0.35,25
2025-12-29 22:28:13,25493314,net.lock,password1,none,none,False,0.6,25
2025-12-29 22:28:15,25493314,auth.master,password1,none,none,False,0.39,25
2025-12-29 22:28:17,25493314,vault_user,password1,none,none,False,0.61,25
2025-12-29 22:28:19,25493314,system.sec,password1,none,none,False,0.57,25
2025-12-29 22:28:21,25493314,secure.login,password1,none,none,False,0.64,25
2025-12-29 22:28:24,25493314,user1,admin,none,none,False,0.41,26
2025-12-29 22:28:26,25493314,admin,admin,none,none,True,0.44,26
2025-12-29 22:28:28,25493314,guest,admin,none,none,False,0.62,26
2025-12-29 22:28:30,25493314,test,admin,none,none,False,0.57,26
2025-12-29 22:28:32,25493314,hello,admin,none,none,False,0.61,26
2025-12-29 22:28:34,25493314,name,admin,none,none,False,0.59,26
2025-12-29 22:28:36,25493314,login,admin,none,none,False,0.68,26
2025-12-29 22:28:38,25493314,abc,admin,none,none,False,0.6,26
2025-12-29 22:28:40,25493314,demo,admin,none,none,False,0.59,26
2025-12-29 22:28:42,25493314,student,admin,none,none,False,0.61,26
2025-12-29 22:28:44,25493314,Student_user,admin,none,none,False,0.57,26
2025-12-29 22:28:46,25493314,user_test,admin,none,none,False,0.61,26
2025-12-29 22:28:48,25493314,bluecat,admin,none,none,False,0.61,26
2025-12-29 22:28:50,25493314,student1,admin,none,none,False,0.62,26
2025-12-29 22:28:53,25493314,login_user,admin,none,none,False,0.64,26
2025-12-29 22:28:55,25493314,pythonfan,admin,none,none,False,0.31,26
2025-12-29 22:28:57,25493314,techgirl,admin,none,none,False,0.61,26
2025-12-29 22:28:59,25493314,cloud_user,admin,none,none,False,0.61,26
2025-12-29 22:29:01,25493314,gamer22,admin,none,none,False,0.59,26
2025-12-29 22:29:03,25493314,webdev,admin,none,none,False,0.58,26
2025-12-29 22:29:05,25493314,sha.sec,admin,none,none,False,0.41,26
2025-12-29 22:29:07,25493314,secure_user,admin,none,none,False,0.6,26
2025-12-29 22:29:09,25493314,cyber.auth,admin,none,none,False,0.58,26
2025-12-29 22:29:11,25493314,dev.access,admin,none,none,False,0.54,26
2025-12-29 22:29:13,25493314,root.guard,admin,none,none,False,0.52,26
2025-12-29 22:29:15,25493314,net.lock,admin,none,none,False,0.6,26
2025-12-29 22:29:17,25493314,auth.master,admin,none,none,False,0.6,26
2025-12-29 22:29:19,25493314,vault_user,admin,none,none,False,0.63,26
2025-12-29 22:29:21,25493314,system.sec,admin,none,none,False,0.6,26
2025-12-29 22:29:24,25493314,secure.login,admin,none,none,False,0.63,26
2025-12-29 22:29:26,25493314,user1,admin123,none,none,False,0.61,27
2025-12-29 22:29:28,25493314,admin,admin123,none,none,False,0.59,27
2025-12-29 22:29:30,25493314,guest,admin123,none,none,False,0.57,27
2025-12-29 22:29:32,25493314,test,admin123,none,none,False,0.59,27
2025-12-29 22:29:34,25493314,hello,admin123,none,none,False,0.61,27
2025-12-29 22:29:36,25493314,name,admin123,none,none,False,0.62,27
2025-12-29 22:29:38,25493314,login,admin123,none,none,False,0.6,27
2025-12-29 22:29:40,25493314,abc,admin123,none,none,False,0.61,27
2025-12-29 22:29:42,25493314,demo,admin123,none,none,False,0.63,27
2025-12-29 22:29:44,25493314,student,admin123,none,none,False,0.68,27
2025-12-29 22:29:46,25493314,Student_user,admin123,none,none,False,0.62,27
2025-12-29 22:29:48,25493314,user_test,admin123,none,none,False,0.65,27
2025-12-29 22:29:50,25493314,bluecat,admin123,none,none,False,0.59,27
2025-12-29 22:29:53,25493314,student1,admin123,none,none,False,0.62,27
2025-12-29 22:29:55,25493314,login_user,admin123,none,none,False,0.6,27
2025-12-29 22:29:57,25493314,pythonfan,admin123,none,none,False,0.57,27
2025-12-29 22:29:59,25493314,techgirl,admin123,none,none,False,0.6,27
2025-12-29 22:30:01,25493314,cloud_user,admin123,none,none,False,0.76,27
2025-12-29 22:30:03,25493314,gamer22,admin123,none,none,False,0.62,27
2025-12-29 22:30:05,25493314,webdev,admin123,none,none,False,0.63,27
2025-12-29 22:30:07,25493314,sha.sec,admin123,none,none,False,0.6,27
2025-12-29 22:30:09,25493314,secure_user,admin123,none,none,False,0.62,27
2025-12-29 22:30:11,25493314,cyber.auth,admin123,none,none,False,0.72,27
2025-12-29 22:30:13,25493314,dev.access,admin123,none,none,False,0.3,27
2025-12-29 22:30:15,25493314,root.guard,admin123,none,none,False,0.73,27
2025-12-29 22:30:17,25493314,net.lock,admin123,none,none,False,0.61,27
2025-12-29 22:30:19,25493314,auth.master,admin123,none,none,False,0.3,27
2025-12-29 22:30:21,25493314,vault_user,admin123,none,none,False,0.86,27
2025-12-29 22:30:23,25493314,system.sec,admin123,none,none,False,0.58,27
2025-12-29 22:30:26,25493314,secure.login,admin123,none,none,False,0.59,27
2025-12-29 22:30:28,25493314,user1,root,none,none,False,0.68,28
2025-12-29 22:30:30,25493314,admin,root,none,none,False,0.44,28
2025-12-29 22:30:32,25493314,guest,root,none,none,False,0.38,28
2025-12-29 22:30:34,25493314,test,root,none,none,False,0.33,28
2025-12-29 22:30:36,25493314,hello,root,none,none,False,0.52,28
2025-12-29 22:30:38,25493314,name,root,none,none,False,0.4,28
2025-12-29 22:30:40,25493314,login,root,none,none,False,0.42,28
2025-12-29 22:30:42,25493314,abc,root,none,none,False,0.65,28
2025-12-29 22:30:44,25493314,demo,root,none,none,False,0.75,28
2025-12-29 22:30:46,25493314,student,root,none,none,False,0.39,28
2025-12-29 22:30:48,25493314,Student_user,root,none,none,False,0.7,28
2025-12-29 22:30:50,25493314,user_test,root,none,none,False,0.68,28
2025-12-29 22:30:52,25493314,bluecat,root,none,none,False,1.23,28
2025-12-29 22:30:54,25493314,student1,root,none,none,False,0.44,28
2025-12-29 22:30:56,25493314,login_user,root,none,none,False,0.89,28
2025-12-29 22:30:59,25493314,pythonfan,root,none,none,False,0.62,28
2025-12-29 22:31:01,25493314,techgirl,root,none,none,False,0.39,28
2025-12-29 22:31:03,25493314,cloud_user,root,none,none,False,0.7,28
2025-12-29 22:31:05,25493314,gamer22,root,none,none,False,0.6,28
2025-12-29 22:31:07,25493314,webdev,root,none,none,False,0.41,28
2025-12-29 22:31:09,25493314,sha.sec,root,none,none,False,0.56,28
2025-12-29 22:31:11,25493314,secure_user,root,none,none,False,0.63,28
2025-12-29 22:31:13,25493314,cyber.auth,root,none,none,False,0.62,28
2025-12-29 22:31:15,25493314,dev.access,root,none,none,False,0.65,28
2025-12-29 22:31:17,25493314,root.guard,root,none,none,False,0.59,28
2025-12-29 22:31:19,25493314,net.lock,root,none,none,False,0.61,28
2025-12-29 22:31:21,25493314,auth.master,root,none,none,False,0.63,28
2025-12-29 22:31:23,25493314,vault_user,root,none,none,False,0.6,28
2025-12-29 22:31:26,25493314,system.sec,root,none,none,False,0.61,28
2025-12-29 22:31:28,25493314,secure.login,root,none,none,False,0.63,28
2025-12-29 22:31:30,25493314,user1,toor,none,none,False,0.62,29
2025-12-29 22:31:32,25493314,admin,toor,none,none,False,0.57,29
2025-12-29 22:31:34,25493314,guest,toor,none,none,False,0.59,29
2025-12-29 22:31:36,25493314,test,toor,none,none,False,0.7,29
2025-12-29 22:31:38,25493314,hello,toor,none,none,False,0.66,29
2025-12-29 22:31:40,25493314,name,toor,none,none,False,0.69,29
2025-12-29 22:31:42,25493314,login,toor,none,none,False,0.62,29
2025-12-29 22:31:44,25493314,abc,toor,none,none,False,0.61,29
2025-12-29 22:31:46,25493314,demo,toor,none,none,False,0.62,29
2025-12-29 22:31:48,25493314,student,toor,none,none,False,0.61,29
2025-12-29 22:31:50,25493314,Student_user,toor,none,none,False,0.58,29
2025-12-29 22:31:52,25493314,user_test,toor,none,none,False,0.61,29
2025-12-29 22:31:55,25493314,bluecat,toor,none,none,False,0.71,29
2025-12-29 22:31:57,25493314,student1,toor,none,none,False,0.58,29
2025-12-29 22:31:59,25493314,login_user,toor,none,none,False,0.61,29
2025-12-29 22:32:01,25493314,pythonfan,toor,none,none,False,0.37,29
2025-12-29 22:32:03,25493314,techgirl,toor,none,none,False,0.38,29
2025-12-29 22:32:05,25493314,cloud_user,toor,none,none,False,0.32,29
2025-12-29 22:32:07,25493314,gamer22,toor,none,none,False,0.61,29
2025-12-29 22:32:09,25493314,webdev,toor,none,none,False,0.58,29
2025-12-29 22:32:11,25493314,sha.sec,toor,none,none,False,0.61,29
2025-12-29 22:32:13,25493314,secure_user,toor,none,none,False,0.6,29
2025-12-29 22:32:15,25493314,cyber.auth,toor,none,none,False,0.58,29
2025-12-29 22:32:17,25493314,dev.access,toor,none,none,False,0.6,29
2025-12-29 22:32:19,25493314,root.guard,toor,none,none,False,0.36,29
2025-12-29 22:32:21,25493314,net.lock,toor,none,none,False,0.54,29
2025-12-29 22:32:24,25493314,auth.master,toor,none,none,False,0.56,29
2025-12-29 22:32:26,25493314,vault_user,toor,none,none,False,0.72,29
2025-12-29 22:32:28,25493314,system.sec,toor,none,none,False,0.62,29
2025-12-29 22:32:30,25493314,secure.login,toor,none,none,False,0.62,29
2025-12-29 22:32:32,25493314,user1,pass,none,none,False,0.62,30
2025-12-29 22:32:34,25493314,admin,pass,none,none,False,0.62,30
2025-12-29 22:32:36,25493314,guest,pass,none,none,False,0.63,30
2025-12-29 22:32:38,25493314,test,pass,none,none,False,0.63,30
2025-12-29 22:32:40,25493314,hello,pass,none,none,False,0.59,30
2025-12-29 22:32:42,25493314,name,pass,none,none,False,0.61,30
2025-12-29 22:32:44,25493314,login,pass,none,none,False,0.6,30
2025-12-29 22:32:46,25493314,abc,pass,none,none,False,0.61,30
2025-12-29 22:32:48,25493314,demo,pass,none,none,False,0.65,30
2025-12-29 22:32:50,25493314,student,pass,none,none,False,0.62,30
2025-12-29 22:32:52,25493314,Student_user,pass,none,none,False,0.64,30
2025-12-29 22:32:55,25493314,user_test,pass,none,none,False,0.64,30
2025-12-29 22:32:57,25493314,bluecat,pass,none,none,False,0.61,30
2025-12-29 22:32:59,25493314,student1,pass,none,none,False,0.61,30
2025-12-29 22:33:01,25493314,login_user,pass,none,none,False,0.62,30
2025-12-29 22:33:03,25493314,pythonfan,pass,none,none,False,0.6,30
2025-12-29 22:33:05,25493314,techgirl,pass,none,none,False,0.61,30
2025-12-29 22:33:07,25493314,cloud_user,pass,none,none,False,0.61,30
2025-12-29 22:33:09,25493314,gamer22,pass,none,none,False,0.61,30
2025-12-29 22:33:11,25493314,webdev,pass,none,none,False,0.81,30
2025-12-29 22:33:13,25493314,sha.sec,pass,none,none,False,0.58,30
2025-12-29 22:33:15,25493314,secure_user,pass,none,none,False,0.6,30
2025-12-29 22:33:17,25493314,cyber.auth,pass,none,none,False,0.58,30
2025-12-29 22:33:19,25493314,dev.access,pass,none,none,False,0.6,30
2025-12-29 22:33:21,25493314,root.guard,pass,none,none,False,0.65,30
2025-12-29 22:33:24,25493314,net.lock,pass,none,none,False,0.6,30
2025-12-29 22:33:26,25493314,auth.master,pass,none,none,False,0.32,30
2025-12-29 22:33:28,25493314,vault_user,pass,none,none,False,0.57,30
2025-12-29 22:33:30,25493314,system.sec,pass,none,none,False,0.69,30
2025-12-29 22:33:32,25493314,secure.login,pass,none,none,False,0.78,30
2025-12-29 22:33:34,25493314,user1,test,none,none,False,0.33,31
2025-12-29 22:33:36,25493314,admin,test,none,none,False,0.62,31
2025-12-29 22:33:38,25493314,guest,test,none,none,False,0.6,31
2025-12-29 22:33:40,25493314,test,test,none,none,False,0.58,31
2025-12-29 22:33:42,25493314,hello,test,none,none,False,0.59,31
2025-12-29 22:33:44,25493314,name,test,none,none,False,0.64,31
2025-12-29 22:33:46,25493314,login,test,none,none,False,0.62,31
2025-12-29 22:33:48,25493314,abc,test,none,none,False,0.63,31
2025-12-29 22:33:50,25493314,demo,test,none,none,False,0.62,31
2025-12-29 22:33:53,25493314,student,test,none,none,False,0.64,31
2025-12-29 22:33:55,25493314,Student_user,test,none,none,False,0.59,31
2025-12-29 22:33:57,25493314,user_test,test,none,none,False,0.65,31
2025-12-29 22:33:59,25493314,bluecat,test,none,none,False,0.67,31
2025-12-29 22:34:01,25493314,student1,test,none,none,False,0.62,31
2025-12-29 22:34:03,25493314,login_user,test,none,none,False,0.69,31
2025-12-29 22:34:05,25493314,pythonfan,test,none,none,False,0.58,31
2025-12-29 22:34:07,25493314,techgirl,test,none,none,False,0.59,31
2025-12-29 22:34:09,25493314,cloud_user,test,none,none,False,0.67,31
2025-12-29 22:34:11,25493314,gamer22,test,none,none,False,0.6,31
2025-12-29 22:34:13,25493314,webdev,test,none,none,False,0.58,31
2025-12-29 22:34:15,25493314,sha.sec,test,none,none,False,0.67,31
2025-12-29 22:34:17,25493314,secure_user,test,none,none,False,0.62,31
2025-12-29 22:34:20,25493314,cyber.auth,test,none,none,False,0.74,31
2025-12-29 22:34:22,25493314,dev.access,test,none,none,False,0.66,31
2025-12-29 22:34:24,25493314,root.guard,test,none,none,False,0.56,31
2025-12-29 22:34:26,25493314,net.lock,test,none,none,False,0.62,31
2025-12-29 22:34:28,25493314,auth.master,test,none,none,False,0.65,31
2025-12-29 22:34:30,25493314,vault_user,test,none,none,False,0.63,31
2025-12-29 22:34:32,25493314,system.sec,test,none,none,False,0.61,31
2025-12-29 22:34:34,25493314,secure.login,test,none,none,False,0.66,31
2025-12-29 22:34:36,25493314,user1,test123,none,none,False,0.79,32
2025-12-29 22:34:38,25493314,admin,test123,none,none,False,0.57,32
2025-12-29 22:34:40,25493314,guest,test123,none,none,False,0.49,32
2025-12-29 22:34:42,25493314,test,test123,none,none,True,0.52,32
2025-12-29 22:34:44,25493314,hello,test123,none,none,False,0.39,32
2025-12-29 22:34:46,25493314,name,test123,none,none,False,0.59,32
2025-12-29 22:34:48,25493314,login,test123,none,none,False,0.56,32
2025-12-29 22:34:51,25493314,abc,test123,none,none,False,1.08,32
2025-12-29 22:34:53,25493314,demo,test123,none,none,False,0.34,32
2025-12-29 22:34:55,25493314,student,test123,none,none,False,0.6,32
2025-12-29 22:34:57,25493314,Student_user,test123,none,none,False,0.57,32
2025-12-29 22:34:59,25493314,user_test,test123,none,none,False,0.84,32
2025-12-29 22:35:01,25493314,bluecat,test123,none,none,False,0.8,32
2025-12-29 22:35:03,25493314,student1,test123,none,none,False,0.36,32
2025-12-29 22:35:05,25493314,login_user,test123,none,none,False,0.64,32
2025-12-29 22:35:07,25493314,pythonfan,test123,none,none,False,0.72,32
2025-12-29 22:35:09,25493314,techgirl,test123,none,none,False,0.63,32
2025-12-29 22:35:11,25493314,cloud_user,test123,none,none,False,0.72,32
2025-12-29 22:35:13,25493314,gamer22,test123,none,none,False,0.72,32
2025-12-29 22:35:15,25493314,webdev,test123,none,none,False,0.74,32
2025-12-29 22:35:18,25493314,sha.sec,test123,none,none,False,0.8,32
2025-12-29 22:35:20,25493314,secure_user,test123,none,none,False,0.64,32
2025-12-29 22:35:22,25493314,cyber.auth,test123,none,none,False,0.8,32
2025-12-29 22:35:24,25493314,dev.access,test123,none,none,False,0.45,32
2025-12-29 22:35:26,25493314,root.guard,test123,none,none,False,0.62,32
2025-12-29 22:35:28,25493314,net.lock,test123,none,none,False,0.74,32
2025-12-29 22:35:30,25493314,auth.master,test123,none,none,False,0.85,32
2025-12-29 22:35:32,25493314,vault_user,test123,none,none,False,0.96,32
2025-12-29 22:35:34,25493314,system.sec,test123,none,none,False,0.51,32
2025-12-29 22:35:36,25493314,secure.login,test123,none,none,False,0.7,32
2025-12-29 22:35:39,25493314,user1,guest,none,none,False,0.74,33
2025-12-29 22:35:41,25493314,admin,guest,none,none,False,0.61,33
2025-12-29 22:35:43,25493314,guest,guest,none,none,True,0.77,33
2025-12-29 22:35:45,25493314,test,guest,none,none,False,0.81,33
2025-12-29 22:35:47,25493314,hello,guest,none,none,False,0.74,33
2025-12-29 22:35:49,25493314,name,guest,none,none,False,0.64,33
2025-12-29 22:35:51,25493314,login,guest,none,none,False,0.72,33
2025-12-29 22:35:53,25493314,abc,guest,none,none,False,0.71,33
2025-12-29 22:35:55,25493314,demo,guest,none,none,False,0.69,33
2025-12-29 22:35:57,25493314,student,guest,none,none,False,0.72,33
2025-12-29 22:36:00,25493314,Student_user,guest,none,none,False,0.48,33
2025-12-29 22:36:02,25493314,user_test,guest,none,none,False,0.35,33
2025-12-29 22:36:04,25493314,bluecat,guest,none,none,False,0.66,33
2025-12-29 22:36:06,25493314,student1,guest,none,none,False,0.77,33
2025-12-29 22:36:08,25493314,login_user,guest,none,none,False,0.8,33
2025-12-29 22:36:10,25493314,pythonfan,guest,none,none,False,0.74,33
2025-12-29 22:36:12,25493314,techgirl,guest,none,none,False,0.43,33
2025-12-29 22:36:14,25493314,cloud_user,guest,none,none,False,0.69,33
2025-12-29 22:36:16,25493314,gamer22,guest,none,none,False,0.66,33
2025-12-29 22:36:18,25493314,webdev,guest,none,none,False,0.74,33
2025-12-29 22:36:20,25493314,sha.sec,guest,none,none,False,0.68,33
2025-12-29 22:36:23,25493314,secure_user,guest,none,none,False,0.75,33
2025-12-29 22:36:25,25493314,cyber.auth,guest,none,none,False,0.76,33
2025-12-29 22:36:27,25493314,dev.access,guest,none,none,False,0.75,33
2025-12-29 22:36:29,25493314,root.guard,guest,none,none,False,0.83,33
2025-12-29 22:36:31,25493314,net.lock,guest,none,none,False,0.73,33
2025-12-29 22:36:33,25493314,auth.master,guest,none,none,False,0.64,33
2025-12-29 22:36:35,25493314,vault_user,guest,none,none,False,0.69,33
2025-12-29 22:36:37,25493314,system.sec,guest,none,none,False,0.73,33
2025-12-29 22:36:39,25493314,secure.login,guest,none,none,False,0.8,33
2025-12-29 22:36:41,25493314,user1,guest123,none,none,False,0.76,34
2025-12-29 22:36:44,25493314,admin,guest123,none,none,False,0.69,34
2025-12-29 22:36:46,25493314,guest,guest123,none,none,False,0.89,34
2025-12-29 22:36:48,25493314,test,guest123,none,none,False,0.75,34
2025-12-29 22:36:50,25493314,hello,guest123,none,none,False,0.76,34
2025-12-29 22:36:52,25493314,name,guest123,none,none,False,0.7,34
2025-12-29 22:36:54,25493314,login,guest123,none,none,False,0.7,34
2025-12-29 22:36:56,25493314,abc,guest123,none,none,False,0.72,34
2025-12-29 22:36:58,25493314,demo,guest123,none,none,False,1.11,34
2025-12-29 22:37:00,25493314,student,guest123,none,none,False,0.68,34
2025-12-29 22:37:02,25493314,Student_user,guest123,none,none,False,0.96,34
2025-12-29 22:37:05,25493314,user_test,guest123,none,none,False,0.76,34
2025-12-29 22:37:07,25493314,bluecat,guest123,none,none,False,0.74,34
2025-12-29 22:37:09,25493314,student1,guest123,none,none,False,0.65,34
2025-12-29 22:37:11,25493314,login_user,guest123,none,none,False,0.76,34
2025-12-29 22:37:13,25493314,pythonfan,guest123,none,none,False,0.64,34
2025-12-29 22:37:15,25493314,techgirl,guest123,none,none,False,0.69,34
2025-12-29 22:37:17,25493314,cloud_user,guest123,none,none,False,0.7,34
2025-12-29 22:37:19,25493314,gamer22,guest123,none,none,False,0.76,34
2025-12-29 22:37:21,25493314,webdev,guest123,none,none,False,0.65,34
2025-12-29 22:37:24,25493314,sha.sec,guest123,none,none,False,0.79,34
2025-12-29 22:37:26,25493314,secure_user,guest123,none,none,False,0.65,34
2025-12-29 22:37:28,25493314,cyber.auth,guest123,none,none,False,0.67,34
2025-12-29 22:37:30,25493314,dev.access,guest123,none,none,False,0.42,34
2025-12-29 22:37:32,25493314,root.guard,guest123,none,none,False,0.27,34
2025-12-29 22:37:34,25493314,net.lock,guest123,none,none,False,0.53,34
2025-12-29 22:37:36,25493314,auth.master,guest123,none,none,False,0.56,34
2025-12-29 22:37:38,25493314,vault_user,guest123,none,none,False,0.61,34
2025-12-29 22:37:40,25493314,system.sec,guest123,none,none,False,0.56,34
2025-12-29 22:37:42,25493314,secure.login,guest123,none,none,False,0.59,34
2025-12-29 22:37:44,25493314,user1,user,none,none,False,0.59,35
2025-12-29 22:37:46,25493314,admin,user,none,none,False,0.59,35
2025-12-29 22:37:48,25493314,guest,user,none,none,False,0.64,35
2025-12-29 22:37:51,25493314,test,user,none,none,False,0.68,35
2025-12-29 22:37:53,25493314,hello,user,none,none,False,0.42,35
2025-12-29 22:37:55,25493314,name,user,none,none,False,0.48,35
2025-12-29 22:37:57,25493314,login,user,none,none,False,0.66,35
2025-12-29 22:37:59,25493314,abc,user,none,none,False,0.62,35
2025-12-29 22:38:01,25493314,demo,user,none,none,False,0.62,35
2025-12-29 22:38:03,25493314,student,user,none,none,False,0.66,35
2025-12-29 22:38:05,25493314,Student_user,user,none,none,False,0.62,35
2025-12-29 22:38:07,25493314,user_test,user,none,none,False,0.61,35
2025-12-29 22:38:09,25493314,bluecat,user,none,none,False,0.61,35
2025-12-29 22:38:11,25493314,student1,user,none,none,False,0.65,35
2025-12-29 22:38:13,25493314,login_user,user,none,none,False,0.66,35
2025-12-29 22:38:15,25493314,pythonfan,user,none,none,False,0.36,35
2025-12-29 22:38:17,25493314,techgirl,user,none,none,False,0.63,35
2025-12-29 22:38:19,25493314,cloud_user,user,none,none,False,0.35,35
2025-12-29 22:38:22,25493314,gamer22,user,none,none,False,0.62,35
2025-12-29 22:38:24,25493314,webdev,user,none,none,False,0.78,35
2025-12-29 22:38:26,25493314,sha.sec,user,none,none,False,0.62,35
2025-12-29 22:38:28,25493314,secure_user,user,none,none,False,0.63,35
2025-12-29 22:38:30,25493314,cyber.auth,user,none,none,False,0.61,35
2025-12-29 22:38:32,25493314,dev.access,user,none,none,False,0.61,35
2025-12-29 22:38:34,25493314,root.guard,user,none,none,False,0.63,35
2025-12-29 22:38:36,25493314,net.lock,user,none,none,False,0.68,35
2025-12-29 22:38:38,25493314,auth.master,user,none,none,False,0.63,35
2025-12-29 22:38:40,25493314,vault_user,user,none,none,False,0.66,35
2025-12-29 22:38:42,25493314,system.sec,user,none,none,False,0.62,35
2025-12-29 22:38:44,25493314,secure.login,user,none,none,False,0.64,35
2025-12-29 22:38:46,25493314,user1,user123,none,none,False,0.61,36
2025-12-29 22:38:49,25493314,admin,user123,none,none,False,0.57,36
2025-12-29 22:38:51,25493314,guest,user123,none,none,False,0.57,36
2025-12-29 22:38:53,25493314,test,user123,none,none,False,0.62,36
2025-12-29 22:38:55,25493314,hello,user123,none,none,False,0.56,36
2025-12-29 22:38:57,25493314,name,user123,none,none,False,0.57,36
2025-12-29 22:38:59,25493314,login,user123,none,none,False,0.6,36
2025-12-29 22:39:01,25493314,abc,user123,none,none,False,0.58,36
2025-12-29 22:39:03,25493314,demo,user123,none,none,False,0.5,36
2025-12-29 22:39:05,25493314,student,user123,none,none,False,0.45,36
2025-12-29 22:39:07,25493314,Student_user,user123,none,none,False,0.7,36
2025-12-29 22:39:09,25493314,user_test,user123,none,none,False,0.73,36
2025-12-29 22:39:11,25493314,bluecat,user123,none,none,False,0.65,36
2025-12-29 22:39:13,25493314,student1,user123,none,none,False,0.65,36
2025-12-29 22:39:16,25493314,login_user,user123,none,none,False,0.57,36
2025-12-29 22:39:18,25493314,pythonfan,user123,none,none,False,0.6,36
2025-12-29 22:39:20,25493314,techgirl,user123,none,none,False,0.65,36
2025-12-29 22:39:22,25493314,cloud_user,user123,none,none,False,0.63,36
2025-12-29 22:39:24,25493314,gamer22,user123,none,none,False,0.65,36
2025-12-29 22:39:26,25493314,webdev,user123,none,none,False,0.61,36
2025-12-29 22:39:28,25493314,sha.sec,user123,none,none,False,0.61,36
2025-12-29 22:39:30,25493314,secure_user,user123,none,none,False,0.61,36
2025-12-29 22:39:32,25493314,cyber.auth,user123,none,none,False,0.62,36
2025-12-29 22:39:34,25493314,dev.access,user123,none,none,False,0.61,36
2025-12-29 22:39:36,25493314,root.guard,user123,none,none,False,0.62,36
2025-12-29 22:39:38,25493314,net.lock,user123,none,none,False,0.63,36
2025-12-29 22:39:40,25493314,auth.master,user123,none,none,False,0.62,36
2025-12-29 22:39:42,25493314,vault_user,user123,none,none,False,0.62,36
2025-12-29 22:39:45,25493314,system.sec,user123,none,none,False,0.61,36
2025-12-29 22:39:47,25493314,secure.login,user123,none,none,False,0.6,36
2025-12-29 22:39:49,25493314,user1,login,none,none,False,0.62,37
2025-12-29 22:39:51,25493314,admin,login,none,none,False,0.59,37
2025-12-29 22:39:53,25493314,guest,login,none,none,False,0.59,37
2025-12-29 22:39:55,25493314,test,login,none,none,False,0.61,37
2025-12-29 22:39:57,25493314,hello,login,none,none,False,0.47,37
2025-12-29 22:39:59,25493314,name,login,none,none,False,0.58,37
2025-12-29 22:40:01,25493314,login,login,none,none,True,0.6,37
2025-12-29 22:40:03,25493314,abc,login,none,none,False,0.56,37
2025-12-29 22:40:05,25493314,demo,login,none,none,False,0.57,37
2025-12-29 22:40:07,25493314,student,login,none,none,False,0.63,37
2025-12-29 22:40:09,25493314,Student_user,login,none,none,False,0.63,37
2025-12-29 22:40:11,25493314,user_test,login,none,none,False,0.32,37
2025-12-29 22:40:13,25493314,bluecat,login,none,none,False,0.58,37
2025-12-29 22:40:16,25493314,student1,login,none,none,False,0.57,37
2025-12-29 22:40:18,25493314,login_user,login,none,none,False,0.24,37
2025-12-29 22:40:20,25493314,pythonfan,login,none,none,False,0.59,37
2025-12-29 22:40:22,25493314,techgirl,login,none,none,False,0.5,37
2025-12-29 22:40:24,25493314,cloud_user,login,none,none,False,0.59,37
2025-12-29 22:40:26,25493314,gamer22,login,none,none,False,0.83,37
2025-12-29 22:40:28,25493314,webdev,login,none,none,False,0.62,37
2025-12-29 22:40:30,25493314,sha.sec,login,none,none,False,0.59,37
2025-12-29 22:40:32,25493314,secure_user,login,none,none,False,0.58,37
2025-12-29 22:40:34,25493314,cyber.auth,login,none,none,False,0.33,37
2025-12-29 22:40:36,25493314,dev.access,login,none,none,False,0.61,37
2025-12-29 22:40:38,25493314,root.guard,login,none,none,False,0.62,37
2025-12-29 22:40:40,25493314,net.lock,login,none,none,False,0.61,37
2025-12-29 22:40:43,25493314,auth.master,login,none,none,False,0.61,37
2025-12-29 22:40:45,25493314,vault_user,login,none,none,False,0.74,37
2025-12-29 22:40:47,25493314,system.sec,login,none,none,False,0.81,37
2025-12-29 22:40:49,25493314,secure.login,login,none,none,False,0.62,37
2025-12-29 22:40:51,25493314,user1,login123,none,none,False,0.61,38
2025-12-29 22:40:53,25493314,admin,login123,none,none,False,0.92,38
2025-12-29 22:40:55,25493314,guest,login123,none,none,False,0.62,38
2025-12-29 22:40:57,25493314,test,login123,none,none,False,0.56,38
2025-12-29 22:40:59,25493314,hello,login123,none,none,False,0.61,38
2025-12-29 22:41:01,25493314,name,login123,none,none,False,0.62,38
2025-12-29 22:41:03,25493314,login,login123,none,none,False,0.61,38
2025-12-29 22:41:05,25493314,abc,login123,none,none,False,0.63,38
2025-12-29 22:41:07,25493314,demo,login123,none,none,False,0.63,38
2025-12-29 22:41:09,25493314,student,login123,none,none,False,0.61,38
2025-12-29 22:41:11,25493314,Student_user,login123,none,none,False,0.68,38
2025-12-29 22:41:14,25493314,user_test,login123,none,none,False,0.63,38
2025-12-29 22:41:16,25493314,bluecat,login123,none,none,False,0.59,38
2025-12-29 22:41:18,25493314,student1,login123,none,none,False,0.61,38
2025-12-29 22:41:20,25493314,login_user,login123,none,none,False,0.58,38
2025-12-29 22:41:22,25493314,pythonfan,login123,none,none,False,0.66,38
2025-12-29 22:41:24,25493314,techgirl,login123,none,none,False,0.61,38
2025-12-29 22:41:26,25493314,cloud_user,login123,none,none,False,0.59,38
2025-12-29 22:41:28,25493314,gamer22,login123,none,none,False,0.56,38
2025-12-29 22:41:30,25493314,webdev,login123,none,none,False,0.41,38
2025-12-29 22:41:32,25493314,sha.sec,login123,none,none,False,0.71,38
2025-12-29 22:41:34,25493314,secure_user,login123,none,none,False,0.58,38
2025-12-29 22:41:37,25493314,cyber.auth,login123,none,none,False,0.32,38
2025-12-29 22:41:39,25493314,dev.access,login123,none,none,False,0.91,38
2025-12-29 22:41:41,25493314,root.guard,login123,none,none,False,0.32,38
2025-12-29 22:41:43,25493314,net.lock,login123,none,none,False,0.91,38
2025-12-29 22:41:45,25493314,auth.master,login123,none,none,False,0.66,38
2025-12-29 22:41:47,25493314,vault_user,login123,none,none,False,0.7,38
2025-12-29 22:41:49,25493314,system.sec,login123,none,none,False,0.74,38
2025-12-29 22:41:51,25493314,secure.login,login123,none,none,False,0.74,38
2025-12-29 22:41:53,25493314,user1,welcome,none,none,False,0.74,39
2025-12-29 22:41:55,25493314,admin,welcome,none,none,False,0.45,39
2025-12-29 22:41:57,25493314,guest,welcome,none,none,False,0.7,39
2025-12-29 22:42:00,25493314,test,welcome,none,none,False,0.79,39
2025-12-29 22:42:02,25493314,hello,welcome,none,none,False,0.77,39
2025-12-29 22:42:04,25493314,name,welcome,none,none,False,0.73,39
2025-12-29 22:42:06,25493314,login,welcome,none,none,False,0.42,39
2025-12-29 22:42:08,25493314,abc,welcome,none,none,False,0.73,39
2025-12-29 22:42:10,25493314,demo,welcome,none,none,False,0.72,39
2025-12-29 22:42:12,25493314,student,welcome,none,none,False,0.68,39
2025-12-29 22:42:14,25493314,Student_user,welcome,none,none,False,0.62,39
2025-12-29 22:42:16,25493314,user_test,welcome,none,none,False,0.72,39
2025-12-29 22:42:18,25493314,bluecat,welcome,none,none,False,0.71,39
2025-12-29 22:42:20,25493314,student1,welcome,none,none,False,0.72,39
2025-12-29 22:42:23,25493314,login_user,welcome,none,none,False,0.73,39
2025-12-29 22:42:25,25493314,pythonfan,welcome,none,none,False,0.54,39
2025-12-29 22:42:27,25493314,techgirl,welcome,none,none,False,0.63,39
2025-12-29 22:42:29,25493314,cloud_user,welcome,none,none,False,0.57,39
2025-12-29 22:42:31,25493314,gamer22,welcome,none,none,False,0.78,39
2025-12-29 22:42:33,25493314,webdev,welcome,none,none,False,0.7,39
2025-12-29 22:42:35,25493314,sha.sec,welcome,none,none,False,0.74,39
2025-12-29 22:42:37,25493314,secure_user,welcome,none,none,False,0.74,39
2025-12-29 22:42:39,25493314,cyber.auth,welcome,none,none,False,0.73,39
2025-12-29 22:42:41,25493314,dev.access,welcome,none,none,False,0.7,39
2025-12-29 22:42:44,25493314,root.guard,welcome,none,none,False,0.69,39
2025-12-29 22:42:46,25493314,net.lock,welcome,none,none,False,0.75,39
2025-12-29 22:42:48,25493314,auth.master,welcome,none,none,False,0.73,39
2025-12-29 22:42:50,25493314,vault_user,welcome,none,none,False,0.82,39
2025-12-29 22:42:52,25493314,system.sec,welcome,none,none,False,0.76,39
2025-12-29 22:42:54,25493314,secure.login,welcome,none,none,False,0.83,39
2025-12-29 22:42:56,25493314,user1,welcome1,none,none,False,0.75,40
2025-12-29 22:42:58,25493314,admin,welcome1,none,none,False,0.63,40
2025-12-29 22:43:00,25493314,guest,welcome1,none,none,False,0.71,40
2025-12-29 22:43:02,25493314,test,welcome1,none,none,False,0.7,40
2025-12-29 22:43:04,25493314,hello,welcome1,none,none,False,0.74,40
2025-12-29 22:43:07,25493314,name,welcome1,none,none,False,0.72,40
2025-12-29 22:43:09,25493314,login,welcome1,none,none,False,0.76,40
2025-12-29 22:43:11,25493314,abc,welcome1,none,none,False,0.75,40
2025-12-29 22:43:13,25493314,demo,welcome1,none,none,False,0.67,40
2025-12-29 22:43:15,25493314,student,welcome1,none,none,False,0.59,40
2025-12-29 22:43:17,25493314,Student_user,welcome1,none,none,False,0.75,40
2025-12-29 22:43:19,25493314,user_test,welcome1,none,none,False,0.66,40
2025-12-29 22:43:21,25493314,bluecat,welcome1,none,none,False,0.86,40
2025-12-29 22:43:23,25493314,student1,welcome1,none,none,False,0.75,40
2025-12-29 22:43:25,25493314,login_user,welcome1,none,none,False,0.62,40
2025-12-29 22:43:27,25493314,pythonfan,welcome1,none,none,False,0.71,40
2025-12-29 22:43:30,25493314,techgirl,welcome1,none,none,False,0.8,40
2025-12-29 22:43:32,25493314,cloud_user,welcome1,none,none,False,0.34,40
2025-12-29 22:43:34,25493314,gamer22,welcome1,none,none,False,0.38,40
2025-12-29 22:43:36,25493314,webdev,welcome1,none,none,False,0.73,40
2025-12-29 22:43:38,25493314,sha.sec,welcome1,none,none,False,0.69,40
2025-12-29 22:43:40,25493314,secure_user,welcome1,none,none,False,0.76,40
2025-12-29 22:43:42,25493314,cyber.auth,welcome1,none,none,False,0.71,40
2025-12-29 22:43:44,25493314,dev.access,welcome1,none,none,False,0.77,40
2025-12-29 22:43:46,25493314,root.guard,welcome1,none,none,False,0.88,40
2025-12-29 22:43:48,25493314,net.lock,welcome1,none,none,False,0.79,40
2025-12-29 22:43:50,25493314,auth.master,welcome1,none,none,False,0.74,40
2025-12-29 22:43:53,25493314,vault_user,welcome1,none,none,False,0.74,40
2025-12-29 22:43:55,25493314,system.sec,welcome1,none,none,False,0.68,40
2025-12-29 22:43:57,25493314,secure.login,welcome1,none,none,False,0.73,40
2025-12-29 22:43:59,25493314,user1,password123,none,none,False,0.74,41
2025-12-29 22:44:01,25493314,admin,password123,none,none,False,0.78,41
2025-12-29 22:44:03,25493314,guest,password123,none,none,False,0.66,41
2025-12-29 22:44:05,25493314,test,password123,none,none,False,0.74,41
2025-12-29 22:44:07,25493314,hello,password123,none,none,False,0.73,41
2025-12-29 22:44:09,25493314,name,password123,none,none,False,0.64,41
2025-12-29 22:44:11,25493314,login,password123,none,none,False,0.74,41
2025-12-29 22:44:13,25493314,abc,password123,none,none,False,0.67,41
2025-12-29 22:44:16,25493314,demo,password123,none,none,False,0.73,41
2025-12-29 22:44:18,25493314,student,password123,none,none,False,0.83,41
2025-12-29 22:44:20,25493314,Student_user,password123,none,none,False,0.81,41
2025-12-29 22:44:22,25493314,user_test,password123,none,none,False,0.66,41
2025-12-29 22:44:24,25493314,bluecat,password123,none,none,False,0.72,41
2025-12-29 22:44:26,25493314,student1,password123,none,none,False,0.68,41
2025-12-29 22:44:28,25493314,login_user,password123,none,none,False,0.74,41
2025-12-29 22:44:30,25493314,pythonfan,password123,none,none,False,0.82,41
2025-12-29 22:44:32,25493314,techgirl,password123,none,none,False,0.71,41
2025-12-29 22:44:34,25493314,cloud_user,password123,none,none,False,0.74,41
2025-12-29 22:44:36,25493314,gamer22,password123,none,none,False,0.73,41
2025-12-29 22:44:39,25493314,webdev,password123,none,none,False,0.74,41
2025-12-29 22:44:41,25493314,sha.sec,password123,none,none,False,0.69,41
2025-12-29 22:44:43,25493314,secure_user,password123,none,none,False,0.4,41
2025-12-29 22:44:45,25493314,cyber.auth,password123,none,none,False,0.71,41
2025-12-29 22:44:47,25493314,dev.access,password123,none,none,False,0.74,41
2025-12-29 22:44:49,25493314,root.guard,password123,none,none,False,0.71,41
2025-12-29 22:44:51,25493314,net.lock,password123,none,none,False,0.71,41
2025-12-29 22:44:53,25493314,auth.master,password123,none,none,False,0.72,41
2025-12-29 22:44:55,25493314,vault_user,password123,none,none,False,0.71,41
2025-12-29 22:44:57,25493314,system.sec,password123,none,none,False,0.69,41
2025-12-29 22:44:59,25493314,secure.login,password123,none,none,False,0.49,41
2025-12-29 22:45:02,25493314,user1,admin1,none,none,False,0.33,42
2025-12-29 22:45:04,25493314,admin,admin1,none,none,False,0.86,42
2025-12-29 22:45:06,25493314,guest,admin1,none,none,False,0.63,42
2025-12-29 22:45:08,25493314,test,admin1,none,none,False,0.74,42
2025-12-29 22:45:10,25493314,hello,admin1,none,none,False,0.77,42
2025-12-29 22:45:12,25493314,name,admin1,none,none,False,0.72,42
2025-12-29 22:45:14,25493314,login,admin1,none,none,False,3.91,42
2025-12-29 22:45:16,25493314,abc,admin1,none,none,False,0.72,42
2025-12-29 22:45:18,25493314,demo,admin1,none,none,False,0.71,42
2025-12-29 22:45:20,25493314,student,admin1,none,none,False,0.73,42
2025-12-29 22:45:23,25493314,Student_user,admin1,none,none,False,0.72,42
2025-12-29 22:45:25,25493314,user_test,admin1,none,none,False,0.7,42
2025-12-29 22:45:27,25493314,bluecat,admin1,none,none,False,0.7,42
2025-12-29 22:45:29,25493314,student1,admin1,none,none,False,0.69,42
2025-12-29 22:45:31,25493314,login_user,admin1,none,none,False,0.72,42
2025-12-29 22:45:33,25493314,pythonfan,admin1,none,none,False,0.63,42
2025-12-29 22:45:35,25493314,techgirl,admin1,none,none,False,0.71,42
2025-12-29 22:45:37,25493314,cloud_user,admin1,none,none,False,0.49,42
2025-12-29 22:45:39,25493314,gamer22,admin1,none,none,False,0.87,42
2025-12-29 22:45:41,25493314,webdev,admin1,none,none,False,0.95,42
2025-12-29 22:45:44,25493314,sha.sec,admin1,none,none,False,0.73,42
2025-12-29 22:45:46,25493314,secure_user,admin1,none,none,False,0.61,42
2025-12-29 22:45:48,25493314,cyber.auth,admin1,none,none,False,0.77,42
2025-12-29 22:45:50,25493314,dev.access,admin1,none,none,False,0.76,42
2025-12-29 22:45:52,25493314,root.guard,admin1,none,none,False,0.79,42
2025-12-29 22:45:54,25493314,net.lock,admin1,none,none,False,0.75,42
2025-12-29 22:45:56,25493314,auth.master,admin1,none,none,False,0.7,42
2025-12-29 22:45:58,25493314,vault_user,admin1,none,none,False,0.73,42
2025-12-29 22:46:00,25493314,system.sec,admin1,none,none,False,0.73,42
2025-12-29 22:46:02,25493314,secure.login,admin1,none,none,False,0.88,42
2025-12-29 22:46:05,25493314,user1,root123,none,none,False,0.74,43
2025-12-29 22:46:07,25493314,admin,root123,none,none,False,0.69,43
2025-12-29 22:46:09,25493314,guest,root123,none,none,False,0.69,43
2025-12-29 22:46:11,25493314,test,root123,none,none,False,0.71,43
2025-12-29 22:46:13,25493314,hello,root123,none,none,False,0.43,43
2025-12-29 22:46:15,25493314,name,root123,none,none,False,0.81,43
2025-12-29 22:46:17,25493314,login,root123,none,none,False,0.75,43
2025-12-29 22:46:19,25493314,abc,root123,none,none,False,0.74,43
2025-12-29 22:46:21,25493314,demo,root123,none,none,False,0.68,43
2025-12-29 22:46:23,25493314,student,root123,none,none,False,0.76,43
2025-12-29 22:46:25,25493314,Student_user,root123,none,none,False,0.66,43
2025-12-29 22:46:28,25493314,user_test,root123,none,none,False,0.73,43
2025-12-29 22:46:30,25493314,bluecat,root123,none,none,False,0.73,43
2025-12-29 22:46:32,25493314,student1,root123,none,none,False,0.73,43
2025-12-29 22:46:34,25493314,login_user,root123,none,none,False,0.66,43
2025-12-29 22:46:36,25493314,pythonfan,root123,none,none,False,0.72,43
2025-12-29 22:46:38,25493314,techgirl,root123,none,none,False,0.75,43
2025-12-29 22:46:40,25493314,cloud_user,root123,none,none,False,0.71,43
2025-12-29 22:46:42,25493314,gamer22,root123,none,none,False,0.73,43
2025-12-29 22:46:44,25493314,webdev,root123,none,none,False,0.76,43
2025-12-29 22:46:46,25493314,sha.sec,root123,none,none,False,0.73,43
2025-12-29 22:46:48,25493314,secure_user,root123,none,none,False,0.68,43
2025-12-29 22:46:51,25493314,cyber.auth,root123,none,none,False,0.63,43
2025-12-29 22:46:53,25493314,dev.access,root123,none,none,False,0.68,43
2025-12-29 22:46:55,25493314,root.guard,root123,none,none,False,0.8,43
2025-12-29 22:46:57,25493314,net.lock,root123,none,none,False,0.71,43
2025-12-29 22:46:59,25493314,auth.master,root123,none,none,False,0.76,43
2025-12-29 22:47:01,25493314,vault_user,root123,none,none,False,0.7,43
2025-12-29 22:47:03,25493314,system.sec,root123,none,none,False,0.73,43
2025-12-29 22:47:05,25493314,secure.login,root123,none,none,False,0.77,43
2025-12-29 22:47:07,25493314,user1,pass123,none,none,False,0.6,44
2025-12-29 22:47:09,25493314,admin,pass123,none,none,False,0.36,44
2025-12-29 22:47:12,25493314,guest,pass123,none,none,False,0.58,44
2025-12-29 22:47:14,25493314,test,pass123,none,none,False,0.35,44
2025-12-29 22:47:16,25493314,hello,pass123,none,none,False,0.69,44
2025-12-29 22:47:18,25493314,name,pass123,none,none,False,0.78,44
2025-12-29 22:47:20,25493314,login,pass123,none,none,False,0.7,44
2025-12-29 22:47:22,25493314,abc,pass123,none,none,False,0.77,44
2025-12-29 22:47:24,25493314,demo,pass123,none,none,False,0.74,44
2025-12-29 22:47:26,25493314,student,pass123,none,none,False,0.62,44
2025-12-29 22:47:28,25493314,Student_user,pass123,none,none,False,0.71,44
2025-12-29 22:47:30,25493314,user_test,pass123,none,none,False,0.37,44
2025-12-29 22:47:33,25493314,bluecat,pass123,none,none,False,0.69,44
2025-12-29 22:47:35,25493314,student1,pass123,none,none,False,0.74,44
2025-12-29 22:47:37,25493314,login_user,pass123,none,none,False,0.71,44
2025-12-29 22:47:39,25493314,pythonfan,pass123,none,none,False,0.72,44
2025-12-29 22:51:11,25493314,techgirl,pass123,none,none,False,0.36,44
2025-12-29 22:51:14,25493314,cloud_user,pass123,none,none,False,0.41,44
2025-12-29 22:51:16,25493314,gamer22,pass123,none,none,False,0.35,44
2025-12-29 22:51:18,25493314,webdev,pass123,none,none,False,0.33,44
2025-12-29 22:51:20,25493314,sha.sec,pass123,none,none,False,0.49,44
2025-12-29 22:51:22,25493314,secure_user,pass123,none,none,False,0.51,44
2025-12-29 22:51:24,25493314,cyber.auth,pass123,none,none,False,0.29,44
2025-12-29 22:51:26,25493314,dev.access,pass123,none,none,False,0.56,44
2025-12-29 22:51:28,25493314,root.guard,pass123,none,none,False,0.39,44
2025-12-29 22:51:30,25493314,net.lock,pass123,none,none,False,0.44,44
2025-12-29 22:51:32,25493314,auth.master,pass123,none,none,False,0.34,44
2025-12-29 22:51:34,25493314,vault_user,pass123,none,none,False,0.54,44
2025-12-29 22:51:37,25493314,system.sec,pass123,none,none,False,0.38,44
2025-12-29 22:51:39,25493314,secure.login,pass123,none,none,False,0.63,44
2025-12-29 22:51:41,25493314,user1,1q2w3e4r,none,none,False,0.6,45
2025-12-29 22:51:43,25493314,admin,1q2w3e4r,none,none,False,0.56,45
2025-12-29 22:51:45,25493314,guest,1q2w3e4r,none,none,False,0.57,45
2025-12-29 22:51:47,25493314,test,1q2w3e4r,none,none,False,0.64,45
2025-12-29 22:51:49,25493314,hello,1q2w3e4r,none,none,False,0.33,45
2025-12-29 22:51:51,25493314,name,1q2w3e4r,none,none,False,0.43,45
2025-12-29 22:51:53,25493314,login,1q2w3e4r,none,none,False,0.57,45
2025-12-29 22:51:55,25493314,abc,1q2w3e4r,none,none,False,0.28,45
2025-12-29 22:51:57,25493314,demo,1q2w3e4r,none,none,False,0.69,45
2025-12-29 22:51:59,25493314,student,1q2w3e4r,none,none,False,0.68,45
2025-12-29 22:52:01,25493314,Student_user,1q2w3e4r,none,none,False,0.7,45
2025-12-29 22:52:04,25493314,user_test,1q2w3e4r,none,none,False,0.61,45
2025-12-29 22:52:06,25493314,bluecat,1q2w3e4r,none,none,False,0.58,45
2025-12-29 22:52:08,25493314,student1,1q2w3e4r,none,none,False,0.43,45
2025-12-29 22:52:10,25493314,login_user,1q2w3e4r,none,none,False,0.59,45
2025-12-29 22:52:12,25493314,pythonfan,1q2w3e4r,none,none,False,0.43,45
2025-12-29 22:52:14,25493314,techgirl,1q2w3e4r,none,none,False,0.6,45
2025-12-29 22:52:16,25493314,cloud_user,1q2w3e4r,none,none,False,0.64,45
2025-12-29 22:52:18,25493314,gamer22,1q2w3e4r,none,none,False,0.65,45
2025-12-29 22:52:20,25493314,webdev,1q2w3e4r,none,none,False,0.61,45
2025-12-29 22:52:22,25493314,sha.sec,1q2w3e4r,none,none,False,0.61,45
2025-12-29 22:52:24,25493314,secure_user,1q2w3e4r,none,none,False,0.62,45
2025-12-29 22:52:26,25493314,cyber.auth,1q2w3e4r,none,none,False,0.59,45
2025-12-29 22:52:28,25493314,dev.access,1q2w3e4r,none,none,False,0.62,45
2025-12-29 22:52:31,25493314,root.guard,1q2w3e4r,none,none,False,0.7,45
2025-12-29 22:52:33,25493314,net.lock,1q2w3e4r,none,none,False,0.62,45
2025-12-29 22:52:35,25493314,auth.master,1q2w3e4r,none,none,False,0.58,45
2025-12-29 22:52:37,25493314,vault_user,1q2w3e4r,none,none,False,0.72,45
2025-12-29 22:52:39,25493314,system.sec,1q2w3e4r,none,none,False,0.72,45
2025-12-29 22:52:41,25493314,secure.login,1q2w3e4r,none,none,False,0.61,45
2025-12-29 22:52:43,25493314,user1,qwerty123,none,none,False,0.68,46
2025-12-29 22:52:45,25493314,admin,qwerty123,none,none,False,0.62,46
2025-12-29 22:52:47,25493314,guest,qwerty123,none,none,False,0.61,46
2025-12-29 22:52:49,25493314,test,qwerty123,none,none,False,0.61,46
2025-12-29 22:52:51,25493314,hello,qwerty123,none,none,False,0.61,46
2025-12-29 22:52:53,25493314,name,qwerty123,none,none,False,0.6,46
2025-12-29 22:52:55,25493314,login,qwerty123,none,none,False,0.63,46
2025-12-29 22:52:58,25493314,abc,qwerty123,none,none,False,0.62,46
2025-12-29 22:53:00,25493314,demo,qwerty123,none,none,False,0.57,46
2025-12-29 22:53:02,25493314,student,qwerty123,none,none,False,0.59,46
2025-12-29 22:53:04,25493314,Student_user,qwerty123,none,none,False,0.54,46
2025-12-29 22:53:06,25493314,user_test,qwerty123,none,none,False,0.6,46
2025-12-29 22:53:08,25493314,bluecat,qwerty123,none,none,False,0.83,46
2025-12-29 22:53:10,25493314,student1,qwerty123,none,none,False,0.59,46
2025-12-29 22:53:12,25493314,login_user,qwerty123,none,none,False,0.59,46
2025-12-29 22:53:14,25493314,pythonfan,qwerty123,none,none,False,0.56,46
2025-12-29 22:53:16,25493314,techgirl,qwerty123,none,none,False,0.75,46
2025-12-29 22:53:18,25493314,cloud_user,qwerty123,none,none,False,0.58,46
2025-12-29 22:53:20,25493314,gamer22,qwerty123,none,none,False,0.3,46
2025-12-29 22:53:23,25493314,webdev,qwerty123,none,none,False,0.58,46
2025-12-29 22:53:25,25493314,sha.sec,qwerty123,none,none,False,0.62,46
2025-12-29 22:53:27,25493314,secure_user,qwerty123,none,none,False,0.62,46
2025-12-29 22:53:29,25493314,cyber.auth,qwerty123,none,none,False,0.66,46
2025-12-29 22:53:31,25493314,dev.access,qwerty123,none,none,False,0.58,46
2025-12-29 22:53:33,25493314,root.guard,qwerty123,none,none,False,0.66,46
2025-12-29 22:53:35,25493314,net.lock,qwerty123,none,none,False,0.65,46
2025-12-29 22:53:37,25493314,auth.master,qwerty123,none,none,False,0.6,46
2025-12-29 22:53:39,25493314,vault_user,qwerty123,none,none,False,0.5,46
2025-12-29 22:53:41,25493314,system.sec,qwerty123,none,none,False,0.63,46
2025-12-29 22:53:43,25493314,secure.login,qwerty123,none,none,False,0.31,46
2025-12-29 22:53:45,25493314,user1,1234567890,none,none,False,0.63,47
2025-12-29 22:53:47,25493314,admin,1234567890,none,none,False,0.64,47
2025-12-29 22:53:49,25493314,guest,1234567890,none,none,False,0.42,47
2025-12-29 22:53:52,25493314,test,1234567890,none,none,False,0.59,47
2025-12-29 22:53:54,25493314,hello,1234567890,none,none,False,0.63,47
2025-12-29 22:53:56,25493314,name,1234567890,none,none,False,0.61,47
2025-12-29 22:53:58,25493314,login,1234567890,none,none,False,0.62,47
2025-12-29 22:54:00,25493314,abc,1234567890,none,none,False,0.56,47
2025-12-29 22:54:02,25493314,demo,1234567890,none,none,False,0.63,47
2025-12-29 22:54:04,25493314,student,1234567890,none,none,False,0.64,47
2025-12-29 22:54:06,25493314,Student_user,1234567890,none,none,False,0.59,47
2025-12-29 22:54:08,25493314,user_test,1234567890,none,none,False,0.65,47
2025-12-29 22:54:10,25493314,bluecat,1234567890,none,none,False,0.61,47
2025-12-29 22:54:12,25493314,student1,1234567890,none,none,False,0.58,47
2025-12-29 22:54:14,25493314,login_user,1234567890,none,none,False,0.58,47
2025-12-29 22:54:16,25493314,pythonfan,1234567890,none,none,False,0.61,47
2025-12-29 22:54:19,25493314,techgirl,1234567890,none,none,False,0.61,47
2025-12-29 22:54:21,25493314,cloud_user,1234567890,none,none,False,0.59,47
2025-12-29 22:54:23,25493314,gamer22,1234567890,none,none,False,0.65,47
2025-12-29 22:54:25,25493314,webdev,1234567890,none,none,False,0.6,47
2025-12-29 22:54:27,25493314,sha.sec,1234567890,none,none,False,0.63,47
2025-12-29 22:54:29,25493314,secure_user,1234567890,none,none,False,0.6,47
2025-12-29 22:54:31,25493314,cyber.auth,1234567890,none,none,False,0.65,47
2025-12-29 22:54:33,25493314,dev.access,1234567890,none,none,False,0.57,47
2025-12-29 22:54:35,25493314,root.guard,1234567890,none,none,False,0.58,47
2025-12-29 22:54:37,25493314,net.lock,1234567890,none,none,False,0.57,47
2025-12-29 22:54:39,25493314,auth.master,1234567890,none,none,False,0.54,47
2025-12-29 22:54:41,25493314,vault_user,1234567890,none,none,False,0.41,47
2025-12-29 22:54:44,25493314,system.sec,1234567890,none,none,False,0.6,47
2025-12-29 22:54:46,25493314,secure.login,1234567890,none,none,False,0.62,47
2025-12-29 22:54:48,25493314,user1,987654321,none,none,False,0.61,48
2025-12-29 22:54:50,25493314,admin,987654321,none,none,False,0.57,48
2025-12-29 22:54:52,25493314,guest,987654321,none,none,False,0.84,48
2025-12-29 22:54:54,25493314,test,987654321,none,none,False,0.63,48
2025-12-29 22:54:56,25493314,hello,987654321,none,none,False,0.67,48
2025-12-29 22:54:58,25493314,name,987654321,none,none,False,0.61,48
2025-12-29 22:55:00,25493314,login,987654321,none,none,False,0.64,48
2025-12-29 22:55:02,25493314,abc,987654321,none,none,False,0.64,48
2025-12-29 22:55:04,25493314,demo,987654321,none,none,False,0.63,48
2025-12-29 22:55:06,25493314,student,987654321,none,none,False,0.59,48
2025-12-29 22:55:09,25493314,Student_user,987654321,none,none,False,0.64,48
2025-12-29 22:55:11,25493314,user_test,987654321,none,none,False,0.59,48
2025-12-29 22:55:13,25493314,bluecat,987654321,none,none,False,0.61,48
2025-12-29 22:55:15,25493314,student1,987654321,none,none,False,0.58,48
2025-12-29 22:55:17,25493314,login_user,987654321,none,none,False,0.61,48
2025-12-29 22:55:19,25493314,pythonfan,987654321,none,none,False,0.59,48
2025-12-29 22:55:21,25493314,techgirl,987654321,none,none,False,0.58,48
2025-12-29 22:55:23,25493314,cloud_user,987654321,none,none,False,0.55,48
2025-12-29 22:55:25,25493314,gamer22,987654321,none,none,False,0.31,48
2025-12-29 22:55:27,25493314,webdev,987654321,none,none,False,0.25,48
2025-12-29 22:55:29,25493314,sha.sec,987654321,none,none,False,0.63,48
2025-12-29 22:55:31,25493314,secure_user,987654321,none,none,False,0.67,48
2025-12-29 22:55:33,25493314,cyber.auth,987654321,none,none,False,0.68,48
2025-12-29 22:55:36,25493314,dev.access,987654321,none,none,False,0.57,48
2025-12-29 22:55:38,25493314,root.guard,987654321,none,none,False,0.68,48
2025-12-29 22:55:40,25493314,net.lock,987654321,none,none,False,0.61,48
2025-12-29 22:55:42,25493314,auth.master,987654321,none,none,False,0.73,48
2025-12-29 22:55:44,25493314,vault_user,987654321,none,none,False,0.6,48
2025-12-29 22:55:46,25493314,system.sec,987654321,none,none,False,0.62,48
2025-12-29 22:55:48,25493314,secure.login,987654321,none,none,False,0.57,48
2025-12-29 22:55:50,25493314,user1,hello,none,none,False,0.73,49
2025-12-29 22:55:52,25493314,admin,hello,none,none,False,0.73,49
2025-12-29 22:55:54,25493314,guest,hello,none,none,False,0.79,49
2025-12-29 22:55:56,25493314,test,hello,none,none,False,0.62,49
2025-12-29 22:55:59,25493314,hello,hello,none,none,True,0.69,49
2025-12-29 22:56:01,25493314,name,hello,none,none,False,0.7,49
2025-12-29 22:56:03,25493314,login,hello,none,none,False,0.78,49
2025-12-29 22:56:05,25493314,abc,hello,none,none,False,0.65,49
2025-12-29 22:56:07,25493314,demo,hello,none,none,False,0.71,49
2025-12-29 22:56:09,25493314,student,hello,none,none,False,0.36,49
2025-12-29 22:56:11,25493314,Student_user,hello,none,none,False,0.44,49
2025-12-29 22:56:13,25493314,user_test,hello,none,none,False,0.55,49
2025-12-29 22:56:15,25493314,bluecat,hello,none,none,False,0.42,49
2025-12-29 22:56:17,25493314,student1,hello,none,none,False,0.72,49
2025-12-29 22:56:20,25493314,login_user,hello,none,none,False,0.59,49
2025-12-29 22:56:22,25493314,pythonfan,hello,none,none,False,0.59,49
2025-12-29 22:56:24,25493314,techgirl,hello,none,none,False,0.8,49
2025-12-29 22:56:26,25493314,cloud_user,hello,none,none,False,0.65,49
2025-12-29 22:56:28,25493314,gamer22,hello,none,none,False,0.73,49
2025-12-29 22:56:30,25493314,webdev,hello,none,none,False,0.79,49
2025-12-29 22:56:32,25493314,sha.sec,hello,none,none,False,0.75,49
2025-12-29 22:56:34,25493314,secure_user,hello,none,none,False,0.74,49
2025-12-29 22:56:36,25493314,cyber.auth,hello,none,none,False,0.66,49
2025-12-29 22:56:38,25493314,dev.access,hello,none,none,False,0.72,49
2025-12-29 22:56:40,25493314,root.guard,hello,none,none,False,0.76,49
2025-12-29 22:56:43,25493314,net.lock,hello,none,none,False,0.69,49
2025-12-29 22:56:45,25493314,auth.master,hello,none,none,False,0.78,49
2025-12-29 22:56:47,25493314,vault_user,hello,none,none,False,0.76,49
2025-12-29 22:56:49,25493314,system.sec,hello,none,none,False,0.73,49
2025-12-29 22:56:51,25493314,secure.login,hello,none,none,False,0.73,49
2025-12-29 22:56:53,25493314,user1,hello123,none,none,False,0.74,50
2025-12-29 22:56:55,25493314,admin,hello123,none,none,False,0.75,50
2025-12-29 22:56:57,25493314,guest,hello123,none,none,False,0.57,50
2025-12-29 22:56:59,25493314,test,hello123,none,none,False,0.69,50
2025-12-29 22:57:01,25493314,hello,hello123,none,none,False,0.75,50
2025-12-29 22:57:03,25493314,name,hello123,none,none,False,0.68,50
2025-12-29 22:57:06,25493314,login,hello123,none,none,False,0.72,50
2025-12-29 22:57:08,25493314,abc,hello123,none,none,False,0.69,50
2025-12-29 22:57:10,25493314,demo,hello123,none,none,False,0.72,50
2025-12-29 22:57:12,25493314,student,hello123,none,none,False,0.8,50
2025-12-29 22:57:14,25493314,Student_user,hello123,none,none,False,0.76,50
2025-12-29 22:57:16,25493314,user_test,hello123,none,none,False,0.74,50
2025-12-29 22:57:18,25493314,bluecat,hello123,none,none,False,0.71,50
2025-12-29 22:57:20,25493314,student1,hello123,none,none,False,0.76,50
2025-12-29 22:57:22,25493314,login_user,hello123,none,none,False,0.83,50
2025-12-29 22:57:24,25493314,pythonfan,hello123,none,none,False,0.73,50
2025-12-29 22:57:27,25493314,techgirl,hello123,none,none,False,0.57,50
2025-12-29 22:57:29,25493314,cloud_user,hello123,none,none,False,0.72,50
2025-12-29 22:57:31,25493314,gamer22,hello123,none,none,False,0.75,50
2025-12-29 22:57:33,25493314,webdev,hello123,none,none,False,0.73,50
2025-12-29 22:57:35,25493314,sha.sec,hello123,none,none,False,0.74,50
2025-12-29 22:57:37,25493314,secure_user,hello123,none,none,False,0.8,50
2025-12-29 22:57:39,25493314,cyber.auth,hello123,none,none,False,0.75,50
2025-12-29 22:57:41,25493314,dev.access,hello123,none,none,False,0.7,50
2025-12-29 22:57:43,25493314,root.guard,hello123,none,none,False,0.74,50
2025-12-29 22:57:45,25493314,net.lock,hello123,none,none,False,0.78,50
2025-12-29 22:57:48,25493314,auth.master,hello123,none,none,False,0.68,50
2025-12-29 22:57:50,25493314,vault_user,hello123,none,none,False,0.28,50
2025-12-29 22:57:52,25493314,system.sec,hello123,none,none,False,0.63,50
2025-12-29 22:57:54,25493314,secure.login,hello123,none,none,False,0.76,50
2025-12-29 22:57:56,25493314,user1,iloveyou,none,none,False,0.74,51
2025-12-29 22:57:58,25493314,admin,iloveyou,none,none,False,0.68,51
2025-12-29 22:58:00,25493314,guest,iloveyou,none,none,False,0.65,51
2025-12-29 22:58:02,25493314,test,iloveyou,none,none,False,0.42,51
2025-12-29 22:58:04,25493314,hello,iloveyou,none,none,False,0.48,51
2025-12-29 22:58:06,25493314,name,iloveyou,none,none,False,0.51,51
2025-12-29 22:58:08,25493314,login,iloveyou,none,none,False,0.72,51
2025-12-29 22:58:11,25493314,abc,iloveyou,none,none,False,0.75,51
2025-12-29 22:58:13,25493314,demo,iloveyou,none,none,False,0.89,51
2025-12-29 22:58:15,25493314,student,iloveyou,none,none,False,0.76,51
2025-12-29 22:58:17,25493314,Student_user,iloveyou,none,none,False,0.68,51
2025-12-29 22:58:19,25493314,user_test,iloveyou,none,none,False,0.76,51
2025-12-29 22:58:21,25493314,bluecat,iloveyou,none,none,False,0.72,51
2025-12-29 22:58:23,25493314,student1,iloveyou,none,none,False,0.66,51
2025-12-29 22:58:25,25493314,login_user,iloveyou,none,none,False,0.84,51
2025-12-29 22:58:27,25493314,pythonfan,iloveyou,none,none,False,0.84,51
2025-12-29 22:58:29,25493314,techgirl,iloveyou,none,none,False,0.73,51
2025-12-29 22:58:32,25493314,cloud_user,iloveyou,none,none,False,0.8,51
2025-12-29 22:58:34,25493314,gamer22,iloveyou,none,none,False,0.73,51
2025-12-29 22:58:36,25493314,webdev,iloveyou,none,none,False,0.79,51
2025-12-29 22:58:38,25493314,sha.sec,iloveyou,none,none,False,0.75,51
2025-12-29 22:58:40,25493314,secure_user,iloveyou,none,none,False,0.74,51
2025-12-29 22:58:42,25493314,cyber.auth,iloveyou,none,none,False,0.8,51
2025-12-29 22:58:44,25493314,dev.access,iloveyou,none,none,False,0.74,51
2025-12-29 22:58:46,25493314,root.guard,iloveyou,none,none,False,0.66,51
2025-12-29 22:58:48,25493314,net.lock,iloveyou,none,none,False,0.84,51
2025-12-29 22:58:50,25493314,auth.master,iloveyou,none,none,False,0.73,51
2025-12-29 22:58:52,25493314,vault_user,iloveyou,none,none,False,0.71,51
2025-12-29 22:58:55,25493314,system.sec,iloveyou,none,none,False,0.75,51
2025-12-29 22:58:57,25493314,secure.login,iloveyou,none,none,False,0.68,51
2025-12-29 22:58:59,25493314,user1,sunshine,none,none,False,0.79,52
2025-12-29 22:59:01,25493314,admin,sunshine,none,none,False,0.69,52
2025-12-29 22:59:03,25493314,guest,sunshine,none,none,False,0.73,52
2025-12-29 22:59:05,25493314,test,sunshine,none,none,False,0.76,52
2025-12-29 22:59:07,25493314,hello,sunshine,none,none,False,0.77,52
2025-12-29 22:59:09,25493314,name,sunshine,none,none,False,0.82,52
2025-12-29 22:59:11,25493314,login,sunshine,none,none,False,0.72,52
2025-12-29 22:59:13,25493314,abc,sunshine,none,none,False,0.59,52
2025-12-29 22:59:15,25493314,demo,sunshine,none,none,False,0.68,52
2025-12-29 22:59:18,25493314,student,sunshine,none,none,False,0.71,52
2025-12-29 22:59:20,25493314,Student_user,sunshine,none,none,False,0.74,52
2025-12-29 22:59:22,25493314,user_test,sunshine,none,none,False,0.66,52
2025-12-29 22:59:24,25493314,bluecat,sunshine,none,none,False,0.75,52
2025-12-29 22:59:26,25493314,student1,sunshine,none,none,False,0.69,52
2025-12-29 22:59:28,25493314,login_user,sunshine,none,none,False,0.77,52
2025-12-29 22:59:30,25493314,pythonfan,sunshine,none,none,False,0.85,52
2025-12-29 22:59:32,25493314,techgirl,sunshine,none,none,False,0.7,52
2025-12-29 22:59:34,25493314,cloud_user,sunshine,none,none,False,0.71,52
2025-12-29 22:59:36,25493314,gamer22,sunshine,none,none,False,0.69,52
2025-12-29 22:59:38,25493314,webdev,sunshine,none,none,False,0.39,52
2025-12-29 22:59:41,25493314,sha.sec,sunshine,none,none,False,0.66,52
2025-12-29 22:59:43,25493314,secure_user,sunshine,none,none,False,0.54,52
2025-12-29 22:59:45,25493314,cyber.auth,sunshine,none,none,False,0.71,52
2025-12-29 22:59:47,25493314,dev.access,sunshine,none,none,False,0.74,52
2025-12-29 22:59:49,25493314,root.guard,sunshine,none,none,False,0.71,52
2025-12-29 22:59:51,25493314,net.lock,sunshine,none,none,False,0.78,52
2025-12-29 22:59:53,25493314,auth.master,sunshine,none,none,False,0.75,52
2025-12-29 22:59:55,25493314,vault_user,sunshine,none,none,False,0.72,52
2025-12-29 22:59:57,25493314,system.sec,sunshine,none,none,False,0.75,52
2025-12-29 23:00:00,25493314,secure.login,sunshine,none,none,False,0.7,52
2025-12-29 23:00:02,25493314,user1,princess,none,none,False,0.64,53
2025-12-29 23:00:04,25493314,admin,princess,none,none,False,0.65,53
2025-12-29 23:00:06,25493314,guest,princess,none,none,False,0.75,53
2025-12-29 23:00:08,25493314,test,princess,none,none,False,0.66,53
2025-12-29 23:00:10,25493314,hello,princess,none,none,False,0.64,53
2025-12-29 23:00:12,25493314,name,princess,none,none,False,0.35,53
2025-12-29 23:00:14,25493314,login,princess,none,none,False,0.54,53
2025-12-29 23:00:16,25493314,abc,princess,none,none,False,0.79,53
2025-12-29 23:00:18,25493314,demo,princess,none,none,False,0.74,53
2025-12-29 23:00:20,25493314,student,princess,none,none,False,0.59,53
2025-12-29 23:00:23,25493314,Student_user,princess,none,none,False,0.62,53
2025-12-29 23:00:25,25493314,user_test,princess,none,none,False,0.89,53
2025-12-29 23:00:27,25493314,bluecat,princess,none,none,False,0.75,53
2025-12-29 23:00:29,25493314,student1,princess,none,none,False,0.77,53
2025-12-29 23:00:31,25493314,login_user,princess,none,none,False,0.68,53
2025-12-29 23:00:33,25493314,pythonfan,princess,none,none,False,0.77,53
2025-12-29 23:00:35,25493314,techgirl,princess,none,none,False,0.76,53
2025-12-29 23:00:37,25493314,cloud_user,princess,none,none,False,0.75,53
2025-12-29 23:00:39,25493314,gamer22,princess,none,none,False,0.76,53
2025-12-29 23:00:41,25493314,webdev,princess,none,none,False,0.59,53
2025-12-29 23:00:44,25493314,sha.sec,princess,none,none,False,0.73,53
2025-12-29 23:00:46,25493314,secure_user,princess,none,none,False,0.68,53
2025-12-29 23:00:48,25493314,cyber.auth,princess,none,none,False,0.74,53
2025-12-29 23:00:50,25493314,dev.access,princess,none,none,False,0.79,53
2025-12-29 23:00:52,25493314,root.guard,princess,none,none,False,0.73,53
2025-12-29 23:00:54,25493314,net.lock,princess,none,none,False,0.74,53
2025-12-29 23:00:56,25493314,auth.master,princess,none,none,False,0.74,53
2025-12-29 23:00:58,25493314,vault_user,princess,none,none,False,0.8,53
2025-12-29 23:01:00,25493314,system.sec,princess,none,none,False,0.73,53
2025-12-29 23:01:03,25493314,secure.login,princess,none,none,False,0.75,53
2025-12-29 23:01:05,25493314,user1,Password1,none,none,False,0.78,54
2025-12-29 23:01:07,25493314,admin,Password1,none,none,False,0.74,54
2025-12-29 23:01:09,25493314,guest,Password1,none,none,False,0.74,54
2025-12-29 23:01:11,25493314,test,Password1,none,none,False,0.74,54
2025-12-29 23:01:13,25493314,hello,Password1,none,none,False,0.72,54
2025-12-29 23:01:15,25493314,name,Password1,none,none,False,0.72,54
2025-12-29 23:01:17,25493314,login,Password1,none,none,False,0.84,54
2025-12-29 23:01:19,25493314,abc,Password1,none,none,False,0.74,54
2025-12-29 23:01:21,25493314,demo,Password1,none,none,False,0.72,54
2025-12-29 23:01:24,25493314,student,Password1,none,none,False,0.71,54
2025-12-29 23:01:26,25493314,Student_user,Password1,none,none,False,0.74,54
2025-12-29 23:01:28,25493314,user_test,Password1,none,none,False,0.69,54
2025-12-29 23:01:30,25493314,bluecat,Password1,none,none,False,0.69,54
2025-12-29 23:01:32,25493314,student1,Password1,none,none,False,0.64,54
2025-12-29 23:01:34,25493314,login_user,Password1,none,none,False,0.8,54
2025-12-29 23:01:36,25493314,pythonfan,Password1,none,none,False,0.4,54
2025-12-29 23:01:38,25493314,techgirl,Password1,none,none,False,0.6,54
2025-12-29 23:01:40,25493314,cloud_user,Password1,none,none,False,0.34,54
2025-12-29 23:01:42,25493314,gamer22,Password1,none,none,False,0.61,54
2025-12-29 23:01:45,25493314,webdev,Password1,none,none,False,0.61,54
2025-12-29 23:01:47,25493314,sha.sec,Password1,none,none,False,0.42,54
2025-12-29 23:01:49,25493314,secure_user,Password1,none,none,False,0.71,54
2025-12-29 23:01:51,25493314,cyber.auth,Password1,none,none,False,0.55,54
2025-12-29 23:01:53,25493314,dev.access,Password1,none,none,False,0.69,54
2025-12-29 23:01:55,25493314,root.guard,Password1,none,none,False,0.42,54
2025-12-29 23:01:57,25493314,net.lock,Password1,none,none,False,0.41,54
2025-12-29 23:01:59,25493314,auth.master,Password1,none,none,False,0.38,54
2025-12-29 23:02:01,25493314,vault_user,Password1,none,none,False,0.63,54
2025-12-29 23:02:03,25493314,system.sec,Password1,none,none,False,0.48,54
2025-12-29 23:02:05,25493314,secure.login,Password1,none,none,False,0.58,54
2025-12-29 23:02:07,25493314,user1,Password123,none,none,False,0.56,55
2025-12-29 23:02:10,25493314,admin,Password123,none,none,False,0.64,55
2025-12-29 23:02:12,25493314,guest,Password123,none,none,False,0.65,55
2025-12-29 23:02:14,25493314,test,Password123,none,none,False,0.62,55
2025-12-29 23:02:16,25493314,hello,Password123,none,none,False,0.7,55
2025-12-29 23:02:18,25493314,name,Password123,none,none,False,0.63,55
2025-12-29 23:02:20,25493314,login,Password123,none,none,False,0.48,55
2025-12-29 23:02:22,25493314,abc,Password123,none,none,False,0.62,55
2025-12-29 23:02:24,25493314,demo,Password123,none,none,False,0.58,55
2025-12-29 23:02:26,25493314,student,Password123,none,none,False,0.69,55
2025-12-29 23:02:28,25493314,Student_user,Password123,none,none,False,0.39,55
2025-12-29 23:02:30,25493314,user_test,Password123,none,none,False,0.59,55
2025-12-29 23:02:32,25493314,bluecat,Password123,none,none,False,0.36,55
2025-12-29 23:02:34,25493314,student1,Password123,none,none,False,0.43,55
2025-12-29 23:02:36,25493314,login_user,Password123,none,none,False,0.58,55
2025-12-29 23:02:38,25493314,pythonfan,Password123,none,none,False,0.55,55
2025-12-29 23:02:41,25493314,techgirl,Password123,none,none,False,0.8,55
2025-12-29 23:02:43,25493314,cloud_user,Password123,none,none,False,0.76,55
2025-12-29 23:02:45,25493314,gamer22,Password123,none,none,False,0.76,55
2025-12-29 23:02:47,25493314,webdev,Password123,none,none,False,0.66,55
2025-12-29 23:02:49,25493314,sha.sec,Password123,none,none,False,0.78,55
2025-12-29 23:02:51,25493314,secure_user,Password123,none,none,False,0.45,55
2025-12-29 23:02:53,25493314,cyber.auth,Password123,none,none,False,0.72,55
2025-12-29 23:02:55,25493314,dev.access,Password123,none,none,False,0.55,55
2025-12-29 23:02:57,25493314,root.guard,Password123,none,none,False,0.61,55
2025-12-29 23:03:00,25493314,net.lock,Password123,none,none,False,0.94,55
2025-12-29 23:03:02,25493314,auth.master,Password123,none,none,False,0.56,55
2025-12-29 23:03:04,25493314,vault_user,Password123,none,none,False,0.61,55
2025-12-29 23:03:06,25493314,system.sec,Password123,none,none,False,0.75,55
2025-12-29 23:03:08,25493314,secure.login,Password123,none,none,False,0.68,55
2025-12-29 23:03:10,25493314,user1,Admin123,none,none,False,0.74,56
2025-12-29 23:03:12,25493314,admin,Admin123,none,none,False,0.66,56
2025-12-29 23:03:14,25493314,guest,Admin123,none,none,False,0.72,56
2025-12-29 23:03:16,25493314,test,Admin123,none,none,False,0.47,56
2025-12-29 23:03:19,25493314,hello,Admin123,none,none,False,0.68,56
2025-12-29 23:03:21,25493314,name,Admin123,none,none,False,0.74,56
2025-12-29 23:03:23,25493314,login,Admin123,none,none,False,0.65,56
2025-12-29 23:03:25,25493314,abc,Admin123,none,none,False,0.64,56
2025-12-29 23:03:27,25493314,demo,Admin123,none,none,False,0.59,56
2025-12-29 23:03:29,25493314,student,Admin123,none,none,False,0.75,56
2025-12-29 23:03:31,25493314,Student_user,Admin123,none,none,False,0.73,56
2025-12-29 23:03:33,25493314,user_test,Admin123,none,none,False,0.7,56
2025-12-29 23:03:36,25493314,bluecat,Admin123,none,none,False,0.77,56
2025-12-29 23:03:38,25493314,student1,Admin123,none,none,False,0.82,56
2025-12-29 23:03:40,25493314,login_user,Admin123,none,none,False,0.7,56
2025-12-29 23:03:42,25493314,pythonfan,Admin123,none,none,False,0.72,56
2025-12-29 23:03:44,25493314,techgirl,Admin123,none,none,False,0.32,56
2025-12-29 23:03:46,25493314,cloud_user,Admin123,none,none,False,0.71,56
2025-12-29 23:03:48,25493314,gamer22,Admin123,none,none,False,0.76,56
2025-12-29 23:03:50,25493314,webdev,Admin123,none,none,False,0.81,56
2025-12-29 23:03:53,25493314,sha.sec,Admin123,none,none,False,0.8,56
2025-12-29 23:03:55,25493314,secure_user,Admin123,none,none,False,0.69,56
2025-12-29 23:03:57,25493314,cyber.auth,Admin123,none,none,False,0.64,56
2025-12-29 23:03:59,25493314,dev.access,Admin123,none,none,False,0.68,56
2025-12-29 23:04:01,25493314,root.guard,Admin123,none,none,False,0.65,56
2025-12-29 23:04:03,25493314,net.lock,Admin123,none,none,False,0.71,56
2025-12-29 23:04:05,25493314,auth.master,Admin123,none,none,False,0.72,56
2025-12-29 23:04:07,25493314,vault_user,Admin123,none,none,False,0.72,56
2025-12-29 23:04:10,25493314,system.sec,Admin123,none,none,False,0.72,56
2025-12-29 23:04:12,25493314,secure.login,Admin123,none,none,False,0.67,56
2025-12-29 23:04:14,25493314,user1,Welcome1,none,none,False,0.71,57
2025-12-29 23:04:16,25493314,admin,Welcome1,none,none,False,0.71,57
2025-12-29 23:04:18,25493314,guest,Welcome1,none,none,False,0.77,57
2025-12-29 23:04:20,25493314,test,Welcome1,none,none,False,0.7,57
2025-12-29 23:04:22,25493314,hello,Welcome1,none,none,False,0.7,57
2025-12-29 23:04:24,25493314,name,Welcome1,none,none,False,0.69,57
2025-12-29 23:04:26,25493314,login,Welcome1,none,none,False,0.35,57
2025-12-29 23:04:29,25493314,abc,Welcome1,none,none,False,0.51,57
2025-12-29 23:04:31,25493314,demo,Welcome1,none,none,False,0.45,57
2025-12-29 23:04:33,25493314,student,Welcome1,none,none,False,0.57,57
2025-12-29 23:04:35,25493314,Student_user,Welcome1,none,none,False,0.34,57
2025-12-29 23:04:37,25493314,user_test,Welcome1,none,none,False,0.72,57
2025-12-29 23:04:39,25493314,bluecat,Welcome1,none,none,False,0.64,57
2025-12-29 23:04:41,25493314,student1,Welcome1,none,none,False,0.67,57
2025-12-29 23:04:43,25493314,login_user,Welcome1,none,none,False,0.53,57
2025-12-29 23:04:45,25493314,pythonfan,Welcome1,none,none,False,0.29,57
2025-12-29 23:04:47,25493314,techgirl,Welcome1,none,none,False,0.59,57
2025-12-29 23:04:50,25493314,cloud_user,Welcome1,none,none,False,0.37,57
2025-12-29 23:04:52,25493314,gamer22,Welcome1,none,none,False,0.3,57
2025-12-29 23:04:54,25493314,webdev,Welcome1,none,none,False,0.9,57
2025-12-29 23:04:56,25493314,sha.sec,Welcome1,none,none,False,0.83,57
2025-12-29 23:04:58,25493314,secure_user,Welcome1,none,none,False,0.47,57
2025-12-29 23:05:00,25493314,cyber.auth,Welcome1,none,none,False,0.41,57
2025-12-29 23:05:02,25493314,dev.access,Welcome1,none,none,False,0.41,57
2025-12-29 23:05:04,25493314,root.guard,Welcome1,none,none,False,0.49,57
2025-12-29 23:05:06,25493314,net.lock,Welcome1,none,none,False,0.5,57
2025-12-29 23:05:08,25493314,auth.master,Welcome1,none,none,False,0.53,57
2025-12-29 23:05:11,25493314,vault_user,Welcome1,none,none,False,0.36,57
2025-12-29 23:05:13,25493314,system.sec,Welcome1,none,none,False,0.66,57
2025-12-29 23:05:15,25493314,secure.login,Welcome1,none,none,False,0.47,57
2025-12-29 23:05:17,25493314,user1,Student123,none,none,False,0.57,58
2025-12-29 23:05:19,25493314,admin,Student123,none,none,False,0.63,58
2025-12-29 23:05:21,25493314,guest,Student123,none,none,False,0.3,58
2025-12-29 23:05:23,25493314,test,Student123,none,none,False,0.66,58
2025-12-29 23:05:25,25493314,hello,Student123,none,none,False,0.98,58
2025-12-29 23:05:28,25493314,name,Student123,none,none,False,0.56,58
2025-12-29 23:05:30,25493314,login,Student123,none,none,False,0.5,58
2025-12-29 23:05:32,25493314,abc,Student123,none,none,False,0.44,58
2025-12-29 23:05:34,25493314,demo,Student123,none,none,False,0.34,58
2025-12-29 23:05:36,25493314,student,Student123,none,none,False,0.92,58
2025-12-29 23:05:38,25493314,Student_user,Student123,none,none,True,0.61,58
2025-12-29 23:05:40,25493314,user_test,Student123,none,none,False,0.62,58
2025-12-29 23:05:42,25493314,bluecat,Student123,none,none,False,0.64,58
2025-12-29 23:05:44,25493314,student1,Student123,none,none,False,0.58,58
2025-12-29 23:05:46,25493314,login_user,Student123,none,none,False,0.62,58
2025-12-29 23:05:48,25493314,pythonfan,Student123,none,none,False,0.35,58
2025-12-29 23:05:50,25493314,techgirl,Student123,none,none,False,0.63,58
2025-12-29 23:05:53,25493314,cloud_user,Student123,none,none,False,0.41,58
2025-12-29 23:05:55,25493314,gamer22,Student123,none,none,False,0.59,58
2025-12-29 23:05:57,25493314,webdev,Student123,none,none,False,0.61,58
2025-12-29 23:05:59,25493314,sha.sec,Student123,none,none,False,0.33,58
2025-12-29 23:06:01,25493314,secure_user,Student123,none,none,False,0.56,58
2025-12-29 23:06:03,25493314,cyber.auth,Student123,none,none,False,0.33,58
2025-12-29 23:06:05,25493314,dev.access,Student123,none,none,False,0.62,58
2025-12-29 23:06:07,25493314,root.guard,Student123,none,none,False,0.57,58
2025-12-29 23:06:09,25493314,net.lock,Student123,none,none,False,0.59,58
2025-12-29 23:06:11,25493314,auth.master,Student123,none,none,False,0.59,58
2025-12-29 23:06:13,25493314,vault_user,Student123,none,none,False,0.3,58
2025-12-29 23:06:15,25493314,system.sec,Student123,none,none,False,0.44,58
2025-12-29 23:06:17,25493314,secure.login,Student123,none,none,False,0.48,58
2025-12-29 23:06:20,25493314,user1,Student99,none,none,False,0.45,59
2025-12-29 23:06:22,25493314,admin,Student99,none,none,False,0.62,59
2025-12-29 23:06:24,25493314,guest,Student99,none,none,False,0.55,59
2025-12-29 23:06:26,25493314,test,Student99,none,none,False,0.63,59
2025-12-29 23:06:28,25493314,hello,Student99,none,none,False,0.57,59
2025-12-29 23:06:30,25493314,name,Student99,none,none,False,0.57,59
2025-12-29 23:06:32,25493314,login,Student99,none,none,False,0.66,59
2025-12-29 23:06:34,25493314,abc,Student99,none,none,False,0.59,59
2025-12-29 23:06:36,25493314,demo,Student99,none,none,False,0.62,59
2025-12-29 23:06:38,25493314,student,Student99,none,none,False,0.6,59
2025-12-29 23:06:40,25493314,Student_user,Student99,none,none,False,0.64,59
2025-12-29 23:06:42,25493314,user_test,Student99,none,none,False,0.57,59
2025-12-29 23:06:44,25493314,bluecat,Student99,none,none,False,0.68,59
2025-12-29 23:06:46,25493314,student1,Student99,none,none,True,0.58,59
2025-12-29 23:06:49,25493314,login_user,Student99,none,none,False,0.57,59
2025-12-29 23:06:51,25493314,pythonfan,Student99,none,none,False,0.6,59
2025-12-29 23:06:53,25493314,techgirl,Student99,none,none,False,0.59,59
2025-12-29 23:06:55,25493314,cloud_user,Student99,none,none,False,0.59,59
2025-12-29 23:06:57,25493314,gamer22,Student99,none,none,False,0.43,59
2025-12-29 23:06:59,25493314,webdev,Student99,none,none,False,0.58,59
2025-12-29 23:07:01,25493314,sha.sec,Student99,none,none,False,0.38,59
2025-12-29 23:07:03,25493314,secure_user,Student99,none,none,False,0.59,59
2025-12-29 23:07:05,25493314,cyber.auth,Student99,none,none,False,0.62,59
2025-12-29 23:07:07,25493314,dev.access,Student99,none,none,False,0.61,59
2025-12-29 23:07:09,25493314,root.guard,Student99,none,none,False,0.56,59
2025-12-29 23:07:11,25493314,net.lock,Student99,none,none,False,0.62,59
2025-12-29 23:07:13,25493314,auth.master,Student99,none,none,False,0.6,59
2025-12-29 23:07:16,25493314,vault_user,Student99,none,none,False,0.62,59
2025-12-29 23:07:18,25493314,system.sec,Student99,none,none,False,0.62,59
2025-12-29 23:07:20,25493314,secure.login,Student99,none,none,False,0.58,59
2025-12-29 23:07:22,25493314,user1,Test2024,none,none,False,0.59,60
2025-12-29 23:07:24,25493314,admin,Test2024,none,none,False,0.59,60
2025-12-29 23:07:26,25493314,guest,Test2024,none,none,False,0.59,60
2025-12-29 23:07:28,25493314,test,Test2024,none,none,False,0.63,60
2025-12-29 23:07:30,25493314,hello,Test2024,none,none,False,0.61,60
2025-12-29 23:07:32,25493314,name,Test2024,none,none,False,0.61,60
2025-12-29 23:07:34,25493314,login,Test2024,none,none,False,0.57,60
2025-12-29 23:07:36,25493314,abc,Test2024,none,none,False,0.62,60
2025-12-29 23:07:38,25493314,demo,Test2024,none,none,False,0.63,60
2025-12-29 23:07:40,25493314,student,Test2024,none,none,False,0.65,60
2025-12-29 23:07:42,25493314,Student_user,Test2024,none,none,False,0.6,60
2025-12-29 23:07:45,25493314,user_test,Test2024,none,none,True,0.58,60
2025-12-29 23:07:47,25493314,bluecat,Test2024,none,none,False,0.57,60
2025-12-29 23:07:49,25493314,student1,Test2024,none,none,False,0.58,60
2025-12-29 23:07:51,25493314,login_user,Test2024,none,none,False,0.42,60
2025-12-29 23:07:53,25493314,pythonfan,Test2024,none,none,False,0.39,60
2025-12-29 23:07:55,25493314,techgirl,Test2024,none,none,False,0.63,60
2025-12-29 23:07:57,25493314,cloud_user,Test2024,none,none,False,0.63,60
2025-12-29 23:07:59,25493314,gamer22,Test2024,none,none,False,0.64,60
2025-12-29 23:08:01,25493314,webdev,Test2024,none,none,False,0.63,60
2025-12-29 23:08:03,25493314,sha.sec,Test2024,none,none,False,0.61,60
2025-12-29 23:08:05,25493314,secure_user,Test2024,none,none,False,0.78,60
2025-12-29 23:08:08,25493314,cyber.auth,Test2024,none,none,False,0.66,60
2025-12-29 23:08:10,25493314,dev.access,Test2024,none,none,False,0.6,60
2025-12-29 23:08:12,25493314,root.guard,Test2024,none,none,False,0.71,60
2025-12-29 23:08:14,25493314,net.lock,Test2024,none,none,False,0.64,60
2025-12-29 23:08:16,25493314,auth.master,Test2024,none,none,False,0.62,60
2025-12-29 23:08:18,25493314,vault_user,Test2024,none,none,False,0.61,60
2025-12-29 23:08:20,25493314,system.sec,Test2024,none,none,False,0.57,60
2025-12-29 23:08:22,25493314,secure.login,Test2024,none,none,False,0.58,60
2025-12-29 23:08:24,25493314,user1,Login456,none,none,False,0.35,61
2025-12-29 23:08:26,25493314,admin,Login456,none,none,False,0.57,61
2025-12-29 23:08:28,25493314,guest,Login456,none,none,False,0.73,61
2025-12-29 23:08:30,25493314,test,Login456,none,none,False,0.44,61
2025-12-29 23:08:32,25493314,hello,Login456,none,none,False,0.59,61
2025-12-29 23:08:34,25493314,name,Login456,none,none,False,0.64,61
2025-12-29 23:08:37,25493314,login,Login456,none,none,False,0.63,61
2025-12-29 23:08:39,25493314,abc,Login456,none,none,False,0.64,61
2025-12-29 23:08:41,25493314,demo,Login456,none,none,False,0.58,61
2025-12-29 23:08:43,25493314,student,Login456,none,none,False,0.6,61
2025-12-29 23:08:45,25493314,Student_user,Login456,none,none,False,0.61,61
2025-12-29 23:08:47,25493314,user_test,Login456,none,none,False,0.63,61
2025-12-29 23:08:49,25493314,bluecat,Login456,none,none,False,0.69,61
2025-12-29 23:08:51,25493314,student1,Login456,none,none,False,0.64,61
2025-12-29 23:08:53,25493314,login_user,Login456,none,none,True,0.63,61
2025-12-29 23:08:55,25493314,pythonfan,Login456,none,none,False,0.61,61
2025-12-29 23:08:57,25493314,techgirl,Login456,none,none,False,0.61,61
2025-12-29 23:08:59,25493314,cloud_user,Login456,none,none,False,0.59,61
2025-12-29 23:09:01,25493314,gamer22,Login456,none,none,False,0.61,61
2025-12-29 23:09:03,25493314,webdev,Login456,none,none,False,0.68,61
2025-12-29 23:09:05,25493314,sha.sec,Login456,none,none,False,0.48,61
2025-12-29 23:09:08,25493314,secure_user,Login456,none,none,False,0.59,61
2025-12-29 23:09:10,25493314,cyber.auth,Login456,none,none,False,0.54,61
2025-12-29 23:09:12,25493314,dev.access,Login456,none,none,False,0.82,61
2025-12-29 23:09:14,25493314,root.guard,Login456,none,none,False,0.83,61
2025-12-29 23:09:16,25493314,net.lock,Login456,none,none,False,0.6,61
2025-12-29 23:09:18,25493314,auth.master,Login456,none,none,False,0.61,61
2025-12-29 23:09:20,25493314,vault_user,Login456,none,none,False,0.62,61
2025-12-29 23:09:22,25493314,system.sec,Login456,none,none,False,0.69,61
2025-12-29 23:09:24,25493314,secure.login,Login456,none,none,False,0.79,61
2025-12-29 23:09:26,25493314,user1,Python101,none,none,False,0.59,62
2025-12-29 23:09:28,25493314,admin,Python101,none,none,False,0.85,62
2025-12-29 23:09:30,25493314,guest,Python101,none,none,False,0.61,62
2025-12-29 23:09:32,25493314,test,Python101,none,none,False,0.61,62
2025-12-29 23:09:35,25493314,hello,Python101,none,none,False,0.61,62
2025-12-29 23:09:37,25493314,name,Python101,none,none,False,0.57,62
2025-12-29 23:09:39,25493314,login,Python101,none,none,False,0.53,62
2025-12-29 23:09:41,25493314,abc,Python101,none,none,False,0.6,62
2025-12-29 23:09:43,25493314,demo,Python101,none,none,False,0.62,62
2025-12-29 23:09:45,25493314,student,Python101,none,none,False,0.57,62
2025-12-29 23:09:47,25493314,Student_user,Python101,none,none,False,0.8,62
2025-12-29 23:09:49,25493314,user_test,Python101,none,none,False,0.58,62
2025-12-29 23:09:51,25493314,bluecat,Python101,none,none,False,0.47,62
2025-12-29 23:09:53,25493314,student1,Python101,none,none,False,0.6,62
2025-12-29 23:09:55,25493314,login_user,Python101,none,none,False,0.6,62
2025-12-29 23:09:57,25493314,pythonfan,Python101,none,none,True,0.57,62
2025-12-29 23:09:59,25493314,techgirl,Python101,none,none,False,0.65,62
2025-12-29 23:10:02,25493314,cloud_user,Python101,none,none,False,0.32,62
2025-12-29 23:10:04,25493314,gamer22,Python101,none,none,False,0.64,62
2025-12-29 23:10:06,25493314,webdev,Python101,none,none,False,0.35,62
2025-12-29 23:10:08,25493314,sha.sec,Python101,none,none,False,0.53,62
2025-12-29 23:10:10,25493314,secure_user,Python101,none,none,False,0.6,62
2025-12-29 23:10:12,25493314,cyber.auth,Python101,none,none,False,0.84,62
2025-12-29 23:10:14,25493314,dev.access,Python101,none,none,False,0.56,62
2025-12-29 23:10:16,25493314,root.guard,Python101,none,none,False,0.59,62
2025-12-29 23:10:18,25493314,net.lock,Python101,none,none,False,0.55,62
2025-12-29 23:10:20,25493314,auth.master,Python101,none,none,False,0.37,62
2025-12-29 23:10:22,25493314,vault_user,Python101,none,none,False,0.55,62
2025-12-29 23:10:24,25493314,system.sec,Python101,none,none,False,0.42,62
2025-12-29 23:10:27,25493314,secure.login,Python101,none,none,False,0.74,62
2025-12-29 23:10:29,25493314,user1,demo,none,none,False,0.73,63
2025-12-29 23:10:31,25493314,admin,demo,none,none,False,0.65,63
2025-12-29 23:10:33,25493314,guest,demo,none,none,False,0.71,63
2025-12-29 23:10:35,25493314,test,demo,none,none,False,0.74,63
2025-12-29 23:10:37,25493314,hello,demo,none,none,False,0.74,63
2025-12-29 23:10:39,25493314,name,demo,none,none,False,0.67,63
2025-12-29 23:10:41,25493314,login,demo,none,none,False,0.89,63
2025-12-29 23:10:43,25493314,abc,demo,none,none,False,0.78,63
2025-12-29 23:10:45,25493314,demo,demo,none,none,True,0.72,63
2025-12-29 23:10:47,25493314,student,demo,none,none,False,0.7,63
2025-12-29 23:10:50,25493314,Student_user,demo,none,none,False,0.55,63
2025-12-29 23:10:52,25493314,user_test,demo,none,none,False,0.91,63
2025-12-29 23:10:54,25493314,bluecat,demo,none,none,False,0.64,63
2025-12-29 23:10:56,25493314,student1,demo,none,none,False,0.72,63
2025-12-29 23:10:58,25493314,login_user,demo,none,none,False,0.65,63
2025-12-29 23:11:00,25493314,pythonfan,demo,none,none,False,0.74,63
2025-12-29 23:11:02,25493314,techgirl,demo,none,none,False,0.72,63
2025-12-29 23:11:04,25493314,cloud_user,demo,none,none,False,0.71,63
2025-12-29 23:11:06,25493314,gamer22,demo,none,none,False,0.76,63
2025-12-29 23:11:08,25493314,webdev,demo,none,none,False,0.74,63
2025-12-29 23:11:10,25493314,sha.sec,demo,none,none,False,0.82,63
2025-12-29 23:11:13,25493314,secure_user,demo,none,none,False,0.74,63
2025-12-29 23:11:15,25493314,cyber.auth,demo,none,none,False,0.61,63
2025-12-29 23:11:17,25493314,dev.access,demo,none,none,False,0.68,63
2025-12-29 23:11:19,25493314,root.guard,demo,none,none,False,0.76,63
2025-12-29 23:11:21,25493314,net.lock,demo,none,none,False,0.68,63
2025-12-29 23:11:23,25493314,auth.master,demo,none,none,False,0.73,63
2025-12-29 23:11:25,25493314,vault_user,demo,none,none,False,0.78,63
2025-12-29 23:11:27,25493314,system.sec,demo,none,none,False,0.65,63
2025-12-29 23:11:29,25493314,secure.login,demo,none,none,False,0.8,63
2025-12-29 23:11:31,25493314,user1,student,none,none,False,0.71,64
2025-12-29 23:11:34,25493314,admin,student,none,none,False,0.87,64
2025-12-29 23:11:36,25493314,guest,student,none,none,False,0.74,64
2025-12-29 23:11:38,25493314,test,student,none,none,False,0.82,64
2025-12-29 23:11:40,25493314,hello,student,none,none,False,0.89,64
2025-12-29 23:11:42,25493314,name,student,none,none,False,0.89,64
2025-12-29 23:11:44,25493314,login,student,none,none,False,0.74,64
2025-12-29 23:11:46,25493314,abc,student,none,none,False,0.81,64
2025-12-29 23:11:48,25493314,demo,student,none,none,False,0.74,64
2025-12-29 23:11:50,25493314,student,student,none,none,True,0.74,64
2025-12-29 23:11:52,25493314,Student_user,student,none,none,False,0.77,64
2025-12-29 23:11:55,25493314,user_test,student,none,none,False,0.71,64
2025-12-29 23:11:57,25493314,bluecat,student,none,none,False,0.72,64
2025-12-29 23:11:59,25493314,student1,student,none,none,False,0.59,64
2025-12-29 23:12:01,25493314,login_user,student,none,none,False,0.46,64
2025-12-29 23:12:03,25493314,pythonfan,student,none,none,False,0.71,64
2025-12-29 23:12:05,25493314,techgirl,student,none,none,False,0.32,64
2025-12-29 23:12:07,25493314,cloud_user,student,none,none,False,0.57,64
2025-12-29 23:12:09,25493314,gamer22,student,none,none,False,0.65,64
2025-12-29 23:12:11,25493314,webdev,student,none,none,False,0.44,64
2025-12-29 23:12:13,25493314,sha.sec,student,none,none,False,0.6,64
2025-12-29 23:12:16,25493314,secure_user,student,none,none,False,0.72,64
2025-12-29 23:12:18,25493314,cyber.auth,student,none,none,False,0.74,64
2025-12-29 23:12:20,25493314,dev.access,student,none,none,False,0.68,64
2025-12-29 23:12:22,25493314,root.guard,student,none,none,False,0.74,64
2025-12-29 23:12:24,25493314,net.lock,student,none,none,False,0.76,64
2025-12-29 23:12:26,25493314,auth.master,student,none,none,False,0.75,64
2025-12-29 23:12:28,25493314,vault_user,student,none,none,False,0.81,64
2025-12-29 23:12:30,25493314,system.sec,student,none,none,False,0.76,64
2025-12-29 23:12:32,25493314,secure.login,student,none,none,False,0.65,64
2025-12-29 23:12:34,25493314,user1,name,none,none,False,0.82,65
2025-12-29 23:12:37,25493314,admin,name,none,none,False,0.86,65
2025-12-29 23:12:39,25493314,guest,name,none,none,False,0.66,65
2025-12-29 23:12:41,25493314,test,name,none,none,False,0.73,65
2025-12-29 23:12:43,25493314,hello,name,none,none,False,0.69,65
2025-12-29 23:12:45,25493314,name,name,none,none,False,0.67,65
2025-12-29 23:12:47,25493314,login,name,none,none,False,0.71,65
2025-12-29 23:12:49,25493314,abc,name,none,none,False,0.69,65
2025-12-29 23:12:51,25493314,demo,name,none,none,False,0.74,65
2025-12-29 23:12:53,25493314,student,name,none,none,False,0.68,65
2025-12-29 23:12:55,25493314,Student_user,name,none,none,False,0.61,65
2025-12-29 23:12:58,25493314,user_test,name,none,none,False,0.75,65
2025-12-29 23:13:00,25493314,bluecat,name,none,none,False,0.55,65
2025-12-29 23:13:02,25493314,student1,name,none,none,False,0.74,65
2025-12-29 23:13:04,25493314,login_user,name,none,none,False,0.65,65
2025-12-29 23:13:06,25493314,pythonfan,name,none,none,False,0.75,65
2025-12-29 23:13:08,25493314,techgirl,name,none,none,False,0.45,65
2025-12-29 23:13:10,25493314,cloud_user,name,none,none,False,0.63,65
2025-12-29 23:13:12,25493314,gamer22,name,none,none,False,0.72,65
2025-12-29 23:13:14,25493314,webdev,name,none,none,False,0.61,65
2025-12-29 23:13:16,25493314,sha.sec,name,none,none,False,0.91,65
2025-12-29 23:13:18,25493314,secure_user,name,none,none,False,0.73,65
2025-12-29 23:13:21,25493314,cyber.auth,name,none,none,False,0.59,65
2025-12-29 23:13:23,25493314,dev.access,name,none,none,False,0.71,65
2025-12-29 23:13:25,25493314,root.guard,name,none,none,False,0.72,65
2025-12-29 23:13:27,25493314,net.lock,name,none,none,False,0.48,65
2025-12-29 23:13:29,25493314,auth.master,name,none,none,False,0.66,65
2025-12-29 23:13:31,25493314,vault_user,name,none,none,False,0.68,65
2025-12-29 23:13:33,25493314,system.sec,name,none,none,False,0.8,65
2025-12-29 23:13:35,25493314,secure.login,name,none,none,False,0.72,65
2025-12-29 23:13:37,25493314,user1,1111,none,none,False,0.76,66
2025-12-29 23:13:39,25493314,admin,1111,none,none,False,0.69,66
2025-12-29 23:13:41,25493314,guest,1111,none,none,False,0.69,66
2025-12-29 23:13:44,25493314,test,1111,none,none,False,0.75,66
2025-12-29 23:13:46,25493314,hello,1111,none,none,False,0.78,66
2025-12-29 23:13:48,25493314,name,1111,none,none,True,0.72,66
2025-12-29 23:13:50,25493314,login,1111,none,none,False,0.76,66
2025-12-29 23:13:52,25493314,abc,1111,none,none,False,0.72,66
2025-12-29 23:13:54,25493314,demo,1111,none,none,False,0.69,66
2025-12-29 23:13:56,25493314,student,1111,none,none,False,0.71,66
2025-12-29 23:13:58,25493314,Student_user,1111,none,none,False,0.69,66
2025-12-29 23:14:00,25493314,user_test,1111,none,none,False,0.71,66
2025-12-29 23:14:02,25493314,bluecat,1111,none,none,False,0.82,66
2025-12-29 23:14:05,25493314,student1,1111,none,none,False,0.8,66
2025-12-29 23:14:07,25493314,login_user,1111,none,none,False,0.48,66
2025-12-29 23:14:09,25493314,pythonfan,1111,none,none,False,0.83,66
2025-12-29 23:14:11,25493314,techgirl,1111,none,none,False,0.47,66
2025-12-29 23:14:13,25493314,cloud_user,1111,none,none,False,0.82,66
2025-12-29 23:14:15,25493314,gamer22,1111,none,none,False,0.78,66
2025-12-29 23:14:17,25493314,webdev,1111,none,none,False,0.72,66
2025-12-29 23:14:19,25493314,sha.sec,1111,none,none,False,0.75,66
2025-12-29 23:14:21,25493314,secure_user,1111,none,none,False,0.83,66
2025-12-29 23:14:23,25493314,cyber.auth,1111,none,none,False,0.75,66
2025-12-29 23:14:26,25493314,dev.access,1111,none,none,False,0.76,66
2025-12-29 23:14:28,25493314,root.guard,1111,none,none,False,0.7,66
2025-12-29 23:14:30,25493314,net.lock,1111,none,none,False,0.9,66
2025-12-29 23:14:32,25493314,auth.master,1111,none,none,False,0.72,66
2025-12-29 23:14:34,25493314,vault_user,1111,none,none,False,0.73,66
2025-12-29 23:14:36,25493314,system.sec,1111,none,none,False,0.83,66
2025-12-29 23:14:38,25493314,secure.login,1111,none,none,False,0.72,66
2025-12-29 23:14:40,25493314,user1,BlueCat12,none,none,False,0.75,67
2025-12-29 23:14:42,25493314,admin,BlueCat12,none,none,False,0.96,67
2025-12-29 23:14:44,25493314,guest,BlueCat12,none,none,False,0.76,67
2025-12-29 23:14:47,25493314,test,BlueCat12,none,none,False,0.72,67
2025-12-29 23:14:49,25493314,hello,BlueCat12,none,none,False,0.76,67
2025-12-29 23:14:51,25493314,name,BlueCat12,none,none,False,0.74,67
2025-12-29 23:14:53,25493314,login,BlueCat12,none,none,False,0.81,67
2025-12-29 23:14:55,25493314,abc,BlueCat12,none,none,False,0.75,67
2025-12-29 23:14:57,25493314,demo,BlueCat12,none,none,False,0.77,67
2025-12-29 23:14:59,25493314,student,BlueCat12,none,none,False,0.74,67
2025-12-29 23:15:01,25493314,Student_user,BlueCat12,none,none,False,0.81,67
2025-12-29 23:15:03,25493314,user_test,BlueCat12,none,none,False,0.76,67
2025-12-29 23:15:05,25493314,bluecat,BlueCat12,none,none,True,0.78,67
2025-12-29 23:15:08,25493314,student1,BlueCat12,none,none,False,0.76,67
2025-12-29 23:15:10,25493314,login_user,BlueCat12,none,none,False,0.75,67
2025-12-29 23:15:12,25493314,pythonfan,BlueCat12,none,none,False,0.83,67
2025-12-29 23:15:14,25493314,techgirl,BlueCat12,none,none,False,0.83,67
2025-12-29 23:15:16,25493314,cloud_user,BlueCat12,none,none,False,0.7,67
2025-12-29 23:15:18,25493314,gamer22,BlueCat12,none,none,False,0.37,67
2025-12-29 23:15:20,25493314,webdev,BlueCat12,none,none,False,0.68,67
2025-12-29 23:15:22,25493314,sha.sec,BlueCat12,none,none,False,0.73,67
2025-12-29 23:15:24,25493314,secure_user,BlueCat12,none,none,False,0.73,67
2025-12-29 23:15:26,25493314,cyber.auth,BlueCat12,none,none,False,0.67,67
2025-12-29 23:15:29,25493314,dev.access,BlueCat12,none,none,False,0.75,67
2025-12-29 23:15:31,25493314,root.guard,BlueCat12,none,none,False,0.66,67
2025-12-29 23:15:33,25493314,net.lock,BlueCat12,none,none,False,0.64,67
2025-12-29 23:15:35,25493314,auth.master,BlueCat12,none,none,False,0.82,67
2025-12-29 23:15:37,25493314,vault_user,BlueCat12,none,none,False,0.69,67
2025-12-29 23:15:39,25493314,system.sec,BlueCat12,none,none,False,0.72,67
2025-12-29 23:15:41,25493314,secure.login,BlueCat12,none,none,False,0.75,67
2025-12-29 23:15:43,25493314,user1,TechGirl7,none,none,False,0.64,68
2025-12-29 23:15:45,25493314,admin,TechGirl7,none,none,False,0.94,68
2025-12-29 23:15:47,25493314,guest,TechGirl7,none,none,False,0.63,68
2025-12-29 23:15:49,25493314,test,TechGirl7,none,none,False,0.61,68
2025-12-29 23:15:52,25493314,hello,TechGirl7,none,none,False,0.72,68
2025-12-29 23:15:54,25493314,name,TechGirl7,none,none,False,0.73,68
2025-12-29 23:15:56,25493314,login,TechGirl7,none,none,False,0.71,68
2025-12-29 23:15:58,25493314,abc,TechGirl7,none,none,False,0.7,68
2025-12-29 23:16:00,25493314,demo,TechGirl7,none,none,False,1.06,68
2025-12-29 23:16:02,25493314,student,TechGirl7,none,none,False,0.75,68
2025-12-29 23:16:04,25493314,Student_user,TechGirl7,none,none,False,0.75,68
2025-12-29 23:16:06,25493314,user_test,TechGirl7,none,none,False,0.61,68
2025-12-29 23:16:08,25493314,bluecat,TechGirl7,none,none,False,0.52,68
2025-12-29 23:16:10,25493314,student1,TechGirl7,none,none,False,0.72,68
2025-12-29 23:16:12,25493314,login_user,TechGirl7,none,none,False,0.81,68
2025-12-29 23:16:15,25493314,pythonfan,TechGirl7,none,none,False,0.81,68
2025-12-29 23:16:17,25493314,techgirl,TechGirl7,none,none,True,0.52,68
2025-12-29 23:16:19,25493314,cloud_user,TechGirl7,none,none,False,0.51,68
2025-12-29 23:16:21,25493314,gamer22,TechGirl7,none,none,False,0.64,68
2025-12-29 23:16:23,25493314,webdev,TechGirl7,none,none,False,0.78,68
2025-12-29 23:16:25,25493314,sha.sec,TechGirl7,none,none,False,0.35,68
2025-12-29 23:16:27,25493314,secure_user,TechGirl7,none,none,False,0.75,68
2025-12-29 23:16:29,25493314,cyber.auth,TechGirl7,none,none,False,0.71,68
2025-12-29 23:16:32,25493314,dev.access,TechGirl7,none,none,False,0.73,68
2025-12-29 23:16:34,25493314,root.guard,TechGirl7,none,none,False,0.73,68
2025-12-29 23:16:36,25493314,net.lock,TechGirl7,none,none,False,0.7,68
2025-12-29 23:16:38,25493314,auth.master,TechGirl7,none,none,False,0.63,68
2025-12-29 23:16:40,25493314,vault_user,TechGirl7,none,none,False,0.61,68
2025-12-30 03:04:29,25493314,system.sec,TechGirl7,none,none,False,16.2,68

====================,SUMMARY STATISTICS,====================

Metric,Value
Total Attempts,2039
Successful Attempts,17
Failed Attempts,2022
Success Rate (%),0.83

Unique Usernames Tested,30
Unique Passwords Tested,68

Latency Statistics (ms)
Sum (Total Latency),1343.34
Average Latency,0.66
Median Latency (P50),0.64
Min Latency,0.24
Max Latency,16.20

Percentiles (ms)
10th Percentile (P10),0.48
25th Percentile (P25),0.59
75th Percentile (P75),0.73
90th Percentile (P90),0.78
95th Percentile (P95),0.83
99th Percentile (P99),0.94

Time Range
First Attempt,2025-12-29 21:59:12
Last Attempt,2025-12-30 03:04:29

Report Generated,2025-12-31 20:45:20
