timestamp,group_seed,username,password,hash_mode,protection_flags,result,latency_ms,attempt_number
2025-12-30 14:15:25,25493314,user1,123456,none,pepper,False,0.05,1
2025-12-30 14:15:25,25493314,user1,password,none,pepper,False,0.01,2
2025-12-30 14:15:25,25493314,user1,12345678,none,pepper,False,0.01,3
2025-12-30 14:15:25,25493314,user1,qwerty,none,pepper,False,0.01,4
2025-12-30 14:15:25,25493314,user1,123456789,none,pepper,False,0.01,5
2025-12-30 14:15:25,25493314,user1,12345,none,pepper,False,0.01,6
2025-12-30 14:15:25,25493314,user1,1234,none,pepper,False,0.01,7
2025-12-30 14:15:25,25493314,user1,111111,none,pepper,False,0.01,8
2025-12-30 14:15:25,25493314,user1,1234567,none,pepper,False,0.0,9
2025-12-30 14:15:25,25493314,user1,dragon,none,pepper,False,0.01,10
2025-12-30 14:15:25,25493314,user1,123123,none,pepper,False,0.01,11
2025-12-30 14:15:25,25493314,user1,baseball,none,pepper,False,0.01,12
2025-12-30 14:15:25,25493314,user1,abc123,none,pepper,False,0.01,13
2025-12-30 14:15:25,25493314,user1,football,none,pepper,False,0.01,14
2025-12-30 14:15:25,25493314,user1,monkey,none,pepper,False,0.01,15
2025-12-30 14:15:25,25493314,user1,letmein,none,pepper,False,0.01,16
2025-12-30 14:15:25,25493314,user1,shadow,none,pepper,False,0.01,17
2025-12-30 14:15:25,25493314,user1,master,none,pepper,False,0.01,18
2025-12-30 14:15:25,25493314,user1,666666,none,pepper,False,0.01,19
2025-12-30 14:15:25,25493314,user1,qwertyuiop,none,pepper,False,0.01,20
2025-12-30 14:15:25,25493314,user1,123321,none,pepper,False,0.01,21
2025-12-30 14:15:25,25493314,user1,mustang,none,pepper,False,0.01,22
2025-12-30 14:15:25,25493314,user1,121212,none,pepper,False,0.01,23
2025-12-30 14:15:25,25493314,user1,000000,none,pepper,False,0.01,24
2025-12-30 14:15:25,25493314,user1,password1,none,pepper,False,0.01,25
2025-12-30 14:15:25,25493314,user1,admin,none,pepper,False,0.01,26
2025-12-30 14:15:25,25493314,user1,admin123,none,pepper,False,0.01,27
2025-12-30 14:15:25,25493314,user1,root,none,pepper,False,0.01,28
2025-12-30 14:15:25,25493314,user1,toor,none,pepper,False,0.01,29
2025-12-30 14:15:25,25493314,user1,pass,none,pepper,False,0.01,30
2025-12-30 14:15:25,25493314,user1,test,none,pepper,False,0.01,31
2025-12-30 14:15:25,25493314,user1,test123,none,pepper,False,0.01,32
2025-12-30 14:15:25,25493314,user1,guest,none,pepper,False,0.01,33
2025-12-30 14:15:25,25493314,user1,guest123,none,pepper,False,0.01,34
2025-12-30 14:15:25,25493314,user1,user,none,pepper,False,0.01,35
2025-12-30 14:15:25,25493314,user1,user123,none,pepper,False,0.01,36
2025-12-30 14:15:25,25493314,user1,login,none,pepper,False,0.01,37
2025-12-30 14:15:25,25493314,user1,login123,none,pepper,False,0.01,38
2025-12-30 14:15:25,25493314,user1,welcome,none,pepper,False,0.01,39
2025-12-30 14:15:25,25493314,user1,welcome1,none,pepper,False,0.01,40
2025-12-30 14:15:25,25493314,user1,password123,none,pepper,False,0.0,41
2025-12-30 14:15:25,25493314,user1,admin1,none,pepper,False,0.01,42
2025-12-30 14:15:25,25493314,user1,root123,none,pepper,False,0.01,43
2025-12-30 14:15:25,25493314,user1,pass123,none,pepper,False,0.01,44
2025-12-30 14:15:25,25493314,user1,1q2w3e4r,none,pepper,False,0.01,45
2025-12-30 14:15:25,25493314,user1,qwerty123,none,pepper,False,0.01,46
2025-12-30 14:15:25,25493314,user1,1234567890,none,pepper,False,0.01,47
2025-12-30 14:15:25,25493314,user1,987654321,none,pepper,False,0.0,48
2025-12-30 14:15:25,25493314,user1,hello,none,pepper,False,0.01,49
2025-12-30 14:15:25,25493314,user1,hello123,none,pepper,False,0.01,50
2025-12-30 14:15:25,25493314,user1,iloveyou,none,pepper,False,0.01,51
2025-12-30 14:15:25,25493314,user1,sunshine,none,pepper,False,0.01,52
2025-12-30 14:15:25,25493314,user1,princess,none,pepper,False,0.01,53
2025-12-30 14:15:25,25493314,user1,Password1,none,pepper,False,0.01,54
2025-12-30 14:15:25,25493314,user1,Password123,none,pepper,False,0.01,55
2025-12-30 14:15:25,25493314,user1,Admin123,none,pepper,False,0.01,56
2025-12-30 14:15:25,25493314,user1,Welcome1,none,pepper,False,0.01,57
2025-12-30 14:15:25,25493314,user1,Student123,none,pepper,False,0.01,58
2025-12-30 14:15:25,25493314,user1,Student99,none,pepper,False,0.0,59
2025-12-30 14:15:25,25493314,user1,Test2024,none,pepper,False,0.01,60
2025-12-30 14:15:25,25493314,user1,Login456,none,pepper,False,0.01,61
2025-12-30 14:15:25,25493314,user1,Python101,none,pepper,False,0.01,62
2025-12-30 14:15:25,25493314,user1,demo,none,pepper,False,0.01,63
2025-12-30 14:15:25,25493314,user1,student,none,pepper,False,0.01,64
2025-12-30 14:15:25,25493314,user1,name,none,pepper,False,0.01,65
2025-12-30 14:15:25,25493314,user1,1111,none,pepper,False,0.01,66
2025-12-30 14:15:25,25493314,user1,BlueCat12,none,pepper,False,0.01,67
2025-12-30 14:15:25,25493314,user1,TechGirl7,none,pepper,False,0.01,68
2025-12-30 14:15:25,25493314,user1,Cloud123,none,pepper,False,0.01,69
2025-12-30 14:15:25,25493314,user1,GameOn22,none,pepper,False,0.01,70
2025-12-30 14:15:25,25493314,user1,WebDev88,none,pepper,False,0.01,71
2025-12-30 14:15:25,25493314,admin,123456,none,pepper,False,0.01,1
2025-12-30 14:15:25,25493314,admin,password,none,pepper,False,0.01,2
2025-12-30 14:15:25,25493314,admin,12345678,none,pepper,False,0.0,3
2025-12-30 14:15:25,25493314,admin,qwerty,none,pepper,False,0.01,4
2025-12-30 14:15:25,25493314,admin,123456789,none,pepper,False,0.01,5
2025-12-30 14:15:25,25493314,admin,12345,none,pepper,False,0.01,6
2025-12-30 14:15:25,25493314,admin,1234,none,pepper,False,0.01,7
2025-12-30 14:15:25,25493314,admin,111111,none,pepper,False,0.01,8
2025-12-30 14:15:25,25493314,admin,1234567,none,pepper,False,0.01,9
2025-12-30 14:15:25,25493314,admin,dragon,none,pepper,False,0.0,10
2025-12-30 14:15:25,25493314,admin,123123,none,pepper,False,0.01,11
2025-12-30 14:15:25,25493314,admin,baseball,none,pepper,False,0.01,12
2025-12-30 14:15:25,25493314,admin,abc123,none,pepper,False,0.01,13
2025-12-30 14:15:25,25493314,admin,football,none,pepper,False,0.01,14
2025-12-30 14:15:25,25493314,admin,monkey,none,pepper,False,0.01,15
2025-12-30 14:15:25,25493314,admin,letmein,none,pepper,False,0.01,16
2025-12-30 14:15:25,25493314,admin,shadow,none,pepper,False,0.01,17
2025-12-30 14:15:25,25493314,admin,master,none,pepper,False,0.03,18
2025-12-30 14:15:25,25493314,admin,666666,none,pepper,False,0.02,19
2025-12-30 14:15:25,25493314,admin,qwertyuiop,none,pepper,False,0.05,20
2025-12-30 14:15:25,25493314,admin,123321,none,pepper,False,0.01,21
2025-12-30 14:15:25,25493314,admin,mustang,none,pepper,False,0.01,22
2025-12-30 14:15:25,25493314,admin,121212,none,pepper,False,0.01,23
2025-12-30 14:15:25,25493314,admin,000000,none,pepper,False,0.01,24
2025-12-30 14:15:25,25493314,admin,password1,none,pepper,False,0.01,25
2025-12-30 14:15:25,25493314,admin,admin,none,pepper,False,0.01,26
2025-12-30 14:15:25,25493314,admin,admin123,none,pepper,False,0.01,27
2025-12-30 14:15:25,25493314,admin,root,none,pepper,False,0.01,28
2025-12-30 14:15:25,25493314,admin,toor,none,pepper,False,0.01,29
2025-12-30 14:15:25,25493314,admin,pass,none,pepper,False,0.01,30
2025-12-30 14:15:25,25493314,admin,test,none,pepper,False,0.01,31
2025-12-30 14:15:25,25493314,admin,test123,none,pepper,False,0.01,32
2025-12-30 14:15:25,25493314,admin,guest,none,pepper,False,0.01,33
2025-12-30 14:15:25,25493314,admin,guest123,none,pepper,False,0.01,34
2025-12-30 14:15:25,25493314,admin,user,none,pepper,False,0.01,35
2025-12-30 14:15:25,25493314,admin,user123,none,pepper,False,0.01,36
2025-12-30 14:15:25,25493314,admin,login,none,pepper,False,0.01,37
2025-12-30 14:15:25,25493314,admin,login123,none,pepper,False,0.01,38
2025-12-30 14:15:25,25493314,admin,welcome,none,pepper,False,0.01,39
2025-12-30 14:15:25,25493314,admin,welcome1,none,pepper,False,0.01,40
2025-12-30 14:15:25,25493314,admin,password123,none,pepper,False,0.01,41
2025-12-30 14:15:25,25493314,admin,admin1,none,pepper,False,0.01,42
2025-12-30 14:15:25,25493314,admin,root123,none,pepper,False,0.01,43
2025-12-30 14:15:25,25493314,admin,pass123,none,pepper,False,0.01,44
2025-12-30 14:15:25,25493314,admin,1q2w3e4r,none,pepper,False,0.01,45
2025-12-30 14:15:25,25493314,admin,qwerty123,none,pepper,False,0.01,46
2025-12-30 14:15:25,25493314,admin,1234567890,none,pepper,False,0.01,47
2025-12-30 14:15:25,25493314,admin,987654321,none,pepper,False,0.01,48
2025-12-30 14:15:25,25493314,admin,hello,none,pepper,False,0.01,49
2025-12-30 14:15:25,25493314,admin,hello123,none,pepper,False,0.01,50
2025-12-30 14:15:25,25493314,admin,iloveyou,none,pepper,False,0.01,51
2025-12-30 14:15:25,25493314,admin,sunshine,none,pepper,False,0.01,52
2025-12-30 14:15:25,25493314,admin,princess,none,pepper,False,0.01,53
2025-12-30 14:15:25,25493314,admin,Password1,none,pepper,False,0.01,54
2025-12-30 14:15:25,25493314,admin,Password123,none,pepper,False,0.01,55
2025-12-30 14:15:25,25493314,admin,Admin123,none,pepper,False,0.01,56
2025-12-30 14:15:25,25493314,admin,Welcome1,none,pepper,False,0.01,57
2025-12-30 14:15:25,25493314,admin,Student123,none,pepper,False,0.01,58
2025-12-30 14:15:25,25493314,admin,Student99,none,pepper,False,0.01,59
2025-12-30 14:15:25,25493314,admin,Test2024,none,pepper,False,0.01,60
2025-12-30 14:15:25,25493314,admin,Login456,none,pepper,False,0.01,61
2025-12-30 14:15:26,25493314,admin,Python101,none,pepper,False,0.01,62
2025-12-30 14:15:26,25493314,admin,demo,none,pepper,False,0.01,63
2025-12-30 14:15:26,25493314,admin,student,none,pepper,False,0.01,64
2025-12-30 14:15:26,25493314,admin,name,none,pepper,False,0.01,65
2025-12-30 14:15:26,25493314,admin,1111,none,pepper,False,0.01,66
2025-12-30 14:15:26,25493314,admin,BlueCat12,none,pepper,False,0.01,67
2025-12-30 14:15:26,25493314,admin,TechGirl7,none,pepper,False,0.01,68
2025-12-30 14:15:26,25493314,admin,Cloud123,none,pepper,False,0.01,69
2025-12-30 14:15:26,25493314,admin,GameOn22,none,pepper,False,0.01,70
2025-12-30 14:15:26,25493314,admin,WebDev88,none,pepper,False,0.01,71
2025-12-30 14:15:26,25493314,guest,123456,none,pepper,False,0.01,1
2025-12-30 14:15:26,25493314,guest,password,none,pepper,False,0.01,2
2025-12-30 14:15:26,25493314,guest,12345678,none,pepper,False,0.01,3
2025-12-30 14:15:26,25493314,guest,qwerty,none,pepper,False,0.01,4
2025-12-30 14:15:26,25493314,guest,123456789,none,pepper,False,0.01,5
2025-12-30 14:15:26,25493314,guest,12345,none,pepper,False,0.01,6
2025-12-30 14:15:26,25493314,guest,1234,none,pepper,False,0.01,7
2025-12-30 14:15:26,25493314,guest,111111,none,pepper,False,0.01,8
2025-12-30 14:15:26,25493314,guest,1234567,none,pepper,False,0.01,9
2025-12-30 14:15:26,25493314,guest,dragon,none,pepper,False,0.01,10
2025-12-30 14:15:26,25493314,guest,123123,none,pepper,False,0.01,11
2025-12-30 14:15:26,25493314,guest,baseball,none,pepper,False,0.01,12
2025-12-30 14:15:26,25493314,guest,abc123,none,pepper,False,0.01,13
2025-12-30 14:15:26,25493314,guest,football,none,pepper,False,0.01,14
2025-12-30 14:15:26,25493314,guest,monkey,none,pepper,False,0.01,15
2025-12-30 14:15:26,25493314,guest,letmein,none,pepper,False,0.01,16
2025-12-30 14:15:26,25493314,guest,shadow,none,pepper,False,0.01,17
2025-12-30 14:15:26,25493314,guest,master,none,pepper,False,0.01,18
2025-12-30 14:15:26,25493314,guest,666666,none,pepper,False,0.01,19
2025-12-30 14:15:26,25493314,guest,qwertyuiop,none,pepper,False,0.01,20
2025-12-30 14:15:26,25493314,guest,123321,none,pepper,False,0.01,21
2025-12-30 14:15:26,25493314,guest,mustang,none,pepper,False,0.01,22
2025-12-30 14:15:26,25493314,guest,121212,none,pepper,False,0.01,23
2025-12-30 14:15:26,25493314,guest,000000,none,pepper,False,0.01,24
2025-12-30 14:15:26,25493314,guest,password1,none,pepper,False,0.01,25
2025-12-30 14:15:26,25493314,guest,admin,none,pepper,False,0.01,26
2025-12-30 14:15:26,25493314,guest,admin123,none,pepper,False,0.01,27
2025-12-30 14:15:26,25493314,guest,root,none,pepper,False,0.01,28
2025-12-30 14:15:26,25493314,guest,toor,none,pepper,False,0.01,29
2025-12-30 14:15:26,25493314,guest,pass,none,pepper,False,0.01,30
2025-12-30 14:15:26,25493314,guest,test,none,pepper,False,0.01,31
2025-12-30 14:15:26,25493314,guest,test123,none,pepper,False,0.01,32
2025-12-30 14:15:26,25493314,guest,guest,none,pepper,False,0.01,33
2025-12-30 14:15:26,25493314,guest,guest123,none,pepper,False,0.01,34
2025-12-30 14:15:26,25493314,guest,user,none,pepper,False,0.01,35
2025-12-30 14:15:26,25493314,guest,user123,none,pepper,False,0.0,36
2025-12-30 14:15:26,25493314,guest,login,none,pepper,False,0.01,37
2025-12-30 14:15:26,25493314,guest,login123,none,pepper,False,0.01,38
2025-12-30 14:15:26,25493314,guest,welcome,none,pepper,False,0.01,39
2025-12-30 14:15:26,25493314,guest,welcome1,none,pepper,False,0.01,40
2025-12-30 14:15:26,25493314,guest,password123,none,pepper,False,0.01,41
2025-12-30 14:15:26,25493314,guest,admin1,none,pepper,False,0.01,42
2025-12-30 14:15:26,25493314,guest,root123,none,pepper,False,0.01,43
2025-12-30 14:15:26,25493314,guest,pass123,none,pepper,False,0.01,44
2025-12-30 14:15:26,25493314,guest,1q2w3e4r,none,pepper,False,0.01,45
2025-12-30 14:15:26,25493314,guest,qwerty123,none,pepper,False,0.01,46
2025-12-30 14:15:26,25493314,guest,1234567890,none,pepper,False,0.01,47
2025-12-30 14:15:26,25493314,guest,987654321,none,pepper,False,0.01,48
2025-12-30 14:15:26,25493314,guest,hello,none,pepper,False,0.01,49
2025-12-30 14:15:26,25493314,guest,hello123,none,pepper,False,0.01,50
2025-12-30 14:15:26,25493314,guest,iloveyou,none,pepper,False,0.01,51
2025-12-30 14:15:26,25493314,guest,sunshine,none,pepper,False,0.01,52
2025-12-30 14:15:26,25493314,guest,princess,none,pepper,False,0.01,53
2025-12-30 14:15:26,25493314,guest,Password1,none,pepper,False,0.01,54
2025-12-30 14:15:26,25493314,guest,Password123,none,pepper,False,0.01,55
2025-12-30 14:15:26,25493314,guest,Admin123,none,pepper,False,0.01,56
2025-12-30 14:15:26,25493314,guest,Welcome1,none,pepper,False,0.01,57
2025-12-30 14:15:26,25493314,guest,Student123,none,pepper,False,0.01,58
2025-12-30 14:15:26,25493314,guest,Student99,none,pepper,False,0.01,59
2025-12-30 14:15:26,25493314,guest,Test2024,none,pepper,False,0.01,60
2025-12-30 14:15:26,25493314,guest,Login456,none,pepper,False,0.01,61
2025-12-30 14:15:26,25493314,guest,Python101,none,pepper,False,0.01,62
2025-12-30 14:15:26,25493314,guest,demo,none,pepper,False,0.01,63
2025-12-30 14:15:26,25493314,guest,student,none,pepper,False,0.01,64
2025-12-30 14:15:26,25493314,guest,name,none,pepper,False,0.01,65
2025-12-30 14:15:26,25493314,guest,1111,none,pepper,False,0.01,66
2025-12-30 14:15:26,25493314,guest,BlueCat12,none,pepper,False,0.01,67
2025-12-30 14:15:26,25493314,guest,TechGirl7,none,pepper,False,0.01,68
2025-12-30 14:15:26,25493314,guest,Cloud123,none,pepper,False,0.01,69
2025-12-30 14:15:26,25493314,guest,GameOn22,none,pepper,False,0.01,70
2025-12-30 14:15:26,25493314,guest,WebDev88,none,pepper,False,0.01,71
2025-12-30 14:15:26,25493314,test,123456,none,pepper,False,0.01,1
2025-12-30 14:15:26,25493314,test,password,none,pepper,False,0.01,2
2025-12-30 14:15:26,25493314,test,12345678,none,pepper,False,0.01,3
2025-12-30 14:15:26,25493314,test,qwerty,none,pepper,False,0.01,4
2025-12-30 14:15:26,25493314,test,123456789,none,pepper,False,0.01,5
2025-12-30 14:15:26,25493314,test,12345,none,pepper,False,0.01,6
2025-12-30 14:15:26,25493314,test,1234,none,pepper,False,0.01,7
2025-12-30 14:15:26,25493314,test,111111,none,pepper,False,0.01,8
2025-12-30 14:15:26,25493314,test,1234567,none,pepper,False,0.01,9
2025-12-30 14:15:26,25493314,test,dragon,none,pepper,False,0.01,10
2025-12-30 14:15:26,25493314,test,123123,none,pepper,False,0.01,11
2025-12-30 14:15:26,25493314,test,baseball,none,pepper,False,0.01,12
2025-12-30 14:15:26,25493314,test,abc123,none,pepper,False,0.01,13
2025-12-30 14:15:26,25493314,test,football,none,pepper,False,0.01,14
2025-12-30 14:15:26,25493314,test,monkey,none,pepper,False,0.01,15
2025-12-30 14:15:26,25493314,test,letmein,none,pepper,False,0.01,16
2025-12-30 14:15:26,25493314,test,shadow,none,pepper,False,0.01,17
2025-12-30 14:15:26,25493314,test,master,none,pepper,False,0.01,18
2025-12-30 14:15:26,25493314,test,666666,none,pepper,False,0.01,19
2025-12-30 14:15:26,25493314,test,qwertyuiop,none,pepper,False,0.01,20
2025-12-30 14:15:26,25493314,test,123321,none,pepper,False,0.01,21
2025-12-30 14:15:26,25493314,test,mustang,none,pepper,False,0.01,22
2025-12-30 14:15:26,25493314,test,121212,none,pepper,False,0.01,23
2025-12-30 14:15:26,25493314,test,000000,none,pepper,False,0.01,24
2025-12-30 14:15:26,25493314,test,password1,none,pepper,False,0.01,25
2025-12-30 14:15:26,25493314,test,admin,none,pepper,False,0.01,26
2025-12-30 14:15:26,25493314,test,admin123,none,pepper,False,0.01,27
2025-12-30 14:15:26,25493314,test,root,none,pepper,False,0.01,28
2025-12-30 14:15:26,25493314,test,toor,none,pepper,False,0.01,29
2025-12-30 14:15:26,25493314,test,pass,none,pepper,False,0.01,30
2025-12-30 14:15:26,25493314,test,test,none,pepper,False,0.01,31
2025-12-30 14:15:26,25493314,test,test123,none,pepper,False,0.01,32
2025-12-30 14:15:26,25493314,test,guest,none,pepper,False,0.01,33
2025-12-30 14:15:26,25493314,test,guest123,none,pepper,False,0.01,34
2025-12-30 14:15:27,25493314,test,user,none,pepper,False,0.01,35
2025-12-30 14:15:27,25493314,test,user123,none,pepper,False,0.01,36
2025-12-30 14:15:27,25493314,test,login,none,pepper,False,0.01,37
2025-12-30 14:15:27,25493314,test,login123,none,pepper,False,0.01,38
2025-12-30 14:15:27,25493314,test,welcome,none,pepper,False,0.01,39
2025-12-30 14:15:27,25493314,test,welcome1,none,pepper,False,0.01,40
2025-12-30 14:15:27,25493314,test,password123,none,pepper,False,0.01,41
2025-12-30 14:15:27,25493314,test,admin1,none,pepper,False,0.01,42
2025-12-30 14:15:27,25493314,test,root123,none,pepper,False,0.01,43
2025-12-30 14:15:27,25493314,test,pass123,none,pepper,False,0.01,44
2025-12-30 14:15:27,25493314,test,1q2w3e4r,none,pepper,False,0.01,45
2025-12-30 14:15:27,25493314,test,qwerty123,none,pepper,False,0.01,46
2025-12-30 14:15:27,25493314,test,1234567890,none,pepper,False,0.01,47
2025-12-30 14:15:27,25493314,test,987654321,none,pepper,False,0.01,48
2025-12-30 14:15:27,25493314,test,hello,none,pepper,False,0.01,49
2025-12-30 14:15:27,25493314,test,hello123,none,pepper,False,0.01,50
2025-12-30 14:15:27,25493314,test,iloveyou,none,pepper,False,0.01,51
2025-12-30 14:15:27,25493314,test,sunshine,none,pepper,False,0.01,52
2025-12-30 14:15:27,25493314,test,princess,none,pepper,False,0.01,53
2025-12-30 14:15:27,25493314,test,Password1,none,pepper,False,0.01,54
2025-12-30 14:15:27,25493314,test,Password123,none,pepper,False,0.01,55
2025-12-30 14:15:27,25493314,test,Admin123,none,pepper,False,0.01,56
2025-12-30 14:15:27,25493314,test,Welcome1,none,pepper,False,0.01,57
2025-12-30 14:15:27,25493314,test,Student123,none,pepper,False,0.01,58
2025-12-30 14:15:27,25493314,test,Student99,none,pepper,False,0.01,59
2025-12-30 14:15:27,25493314,test,Test2024,none,pepper,False,0.01,60
2025-12-30 14:15:27,25493314,test,Login456,none,pepper,False,0.01,61
2025-12-30 14:15:27,25493314,test,Python101,none,pepper,False,0.01,62
2025-12-30 14:15:27,25493314,test,demo,none,pepper,False,0.01,63
2025-12-30 14:15:27,25493314,test,student,none,pepper,False,0.01,64
2025-12-30 14:15:27,25493314,test,name,none,pepper,False,0.01,65
2025-12-30 14:15:27,25493314,test,1111,none,pepper,False,0.01,66
2025-12-30 14:15:27,25493314,test,BlueCat12,none,pepper,False,0.01,67
2025-12-30 14:15:27,25493314,test,TechGirl7,none,pepper,False,0.01,68
2025-12-30 14:15:27,25493314,test,Cloud123,none,pepper,False,0.01,69
2025-12-30 14:15:27,25493314,test,GameOn22,none,pepper,False,0.01,70
2025-12-30 14:15:27,25493314,test,WebDev88,none,pepper,False,0.01,71
2025-12-30 14:15:27,25493314,hello,123456,none,pepper,False,0.01,1
2025-12-30 14:15:27,25493314,hello,password,none,pepper,False,0.01,2
2025-12-30 14:15:27,25493314,hello,12345678,none,pepper,False,0.02,3
2025-12-30 14:15:27,25493314,hello,qwerty,none,pepper,False,0.01,4
2025-12-30 14:15:27,25493314,hello,123456789,none,pepper,False,0.01,5
2025-12-30 14:15:27,25493314,hello,12345,none,pepper,False,0.01,6
2025-12-30 14:15:27,25493314,hello,1234,none,pepper,False,0.01,7
2025-12-30 14:15:27,25493314,hello,111111,none,pepper,False,0.01,8
2025-12-30 14:15:27,25493314,hello,1234567,none,pepper,False,0.01,9
2025-12-30 14:15:27,25493314,hello,dragon,none,pepper,False,0.01,10
2025-12-30 14:15:27,25493314,hello,123123,none,pepper,False,0.01,11
2025-12-30 14:15:27,25493314,hello,baseball,none,pepper,False,0.01,12
2025-12-30 14:15:27,25493314,hello,abc123,none,pepper,False,0.01,13
2025-12-30 14:15:27,25493314,hello,football,none,pepper,False,0.01,14
2025-12-30 14:15:27,25493314,hello,monkey,none,pepper,False,0.01,15
2025-12-30 14:15:27,25493314,hello,letmein,none,pepper,False,0.01,16
2025-12-30 14:15:27,25493314,hello,shadow,none,pepper,False,0.01,17
2025-12-30 14:15:27,25493314,hello,master,none,pepper,False,0.01,18
2025-12-30 14:15:27,25493314,hello,666666,none,pepper,False,0.01,19
2025-12-30 14:15:27,25493314,hello,qwertyuiop,none,pepper,False,0.01,20
2025-12-30 14:15:27,25493314,hello,123321,none,pepper,False,0.01,21
2025-12-30 14:15:27,25493314,hello,mustang,none,pepper,False,0.01,22
2025-12-30 14:15:27,25493314,hello,121212,none,pepper,False,0.01,23
2025-12-30 14:15:27,25493314,hello,000000,none,pepper,False,0.01,24
2025-12-30 14:15:27,25493314,hello,password1,none,pepper,False,0.01,25
2025-12-30 14:15:27,25493314,hello,admin,none,pepper,False,0.01,26
2025-12-30 14:15:27,25493314,hello,admin123,none,pepper,False,0.01,27
2025-12-30 14:15:27,25493314,hello,root,none,pepper,False,0.01,28
2025-12-30 14:15:27,25493314,hello,toor,none,pepper,False,0.02,29
2025-12-30 14:15:27,25493314,hello,pass,none,pepper,False,0.02,30
2025-12-30 14:15:27,25493314,hello,test,none,pepper,False,0.04,31
2025-12-30 14:15:27,25493314,hello,test123,none,pepper,False,0.02,32
2025-12-30 14:15:27,25493314,hello,guest,none,pepper,False,0.01,33
2025-12-30 14:15:27,25493314,hello,guest123,none,pepper,False,0.01,34
2025-12-30 14:15:27,25493314,hello,user,none,pepper,False,0.01,35
2025-12-30 14:15:27,25493314,hello,user123,none,pepper,False,0.01,36
2025-12-30 14:15:27,25493314,hello,login,none,pepper,False,0.01,37
2025-12-30 14:15:27,25493314,hello,login123,none,pepper,False,0.01,38
2025-12-30 14:15:27,25493314,hello,welcome,none,pepper,False,0.01,39
2025-12-30 14:15:27,25493314,hello,welcome1,none,pepper,False,0.01,40
2025-12-30 14:15:27,25493314,hello,password123,none,pepper,False,0.01,41
2025-12-30 14:15:27,25493314,hello,admin1,none,pepper,False,0.01,42
2025-12-30 14:15:27,25493314,hello,root123,none,pepper,False,0.01,43
2025-12-30 14:15:27,25493314,hello,pass123,none,pepper,False,0.01,44
2025-12-30 14:15:27,25493314,hello,1q2w3e4r,none,pepper,False,0.01,45
2025-12-30 14:15:27,25493314,hello,qwerty123,none,pepper,False,0.01,46
2025-12-30 14:15:27,25493314,hello,1234567890,none,pepper,False,0.01,47
2025-12-30 14:15:27,25493314,hello,987654321,none,pepper,False,0.01,48
2025-12-30 14:15:27,25493314,hello,hello,none,pepper,False,0.01,49
2025-12-30 14:15:27,25493314,hello,hello123,none,pepper,False,0.01,50
2025-12-30 14:15:27,25493314,hello,iloveyou,none,pepper,False,0.01,51
2025-12-30 14:15:27,25493314,hello,sunshine,none,pepper,False,0.01,52
2025-12-30 14:15:27,25493314,hello,princess,none,pepper,False,0.01,53
2025-12-30 14:15:27,25493314,hello,Password1,none,pepper,False,0.01,54
2025-12-30 14:15:27,25493314,hello,Password123,none,pepper,False,0.01,55
2025-12-30 14:15:27,25493314,hello,Admin123,none,pepper,False,0.01,56
2025-12-30 14:15:27,25493314,hello,Welcome1,none,pepper,False,0.01,57
2025-12-30 14:15:27,25493314,hello,Student123,none,pepper,False,0.01,58
2025-12-30 14:15:28,25493314,hello,Student99,none,pepper,False,0.01,59
2025-12-30 14:15:28,25493314,hello,Test2024,none,pepper,False,0.01,60
2025-12-30 14:15:28,25493314,hello,Login456,none,pepper,False,0.01,61
2025-12-30 14:15:28,25493314,hello,Python101,none,pepper,False,0.01,62
2025-12-30 14:15:28,25493314,hello,demo,none,pepper,False,0.01,63
2025-12-30 14:15:28,25493314,hello,student,none,pepper,False,0.01,64
2025-12-30 14:15:28,25493314,hello,name,none,pepper,False,0.01,65
2025-12-30 14:15:28,25493314,hello,1111,none,pepper,False,0.01,66
2025-12-30 14:15:28,25493314,hello,BlueCat12,none,pepper,False,0.01,67
2025-12-30 14:15:28,25493314,hello,TechGirl7,none,pepper,False,0.01,68
2025-12-30 14:15:28,25493314,hello,Cloud123,none,pepper,False,0.01,69
2025-12-30 14:15:28,25493314,hello,GameOn22,none,pepper,False,0.01,70
2025-12-30 14:15:28,25493314,hello,WebDev88,none,pepper,False,0.01,71
2025-12-30 14:15:28,25493314,name,123456,none,pepper,False,0.02,1
2025-12-30 14:15:28,25493314,name,password,none,pepper,False,0.02,2
2025-12-30 14:15:28,25493314,name,12345678,none,pepper,False,0.01,3
2025-12-30 14:15:28,25493314,name,qwerty,none,pepper,False,0.02,4
2025-12-30 14:15:28,25493314,name,123456789,none,pepper,False,0.01,5
2025-12-30 14:15:28,25493314,name,12345,none,pepper,False,0.01,6
2025-12-30 14:15:28,25493314,name,1234,none,pepper,False,0.01,7
2025-12-30 14:15:28,25493314,name,111111,none,pepper,False,0.01,8
2025-12-30 14:15:28,25493314,name,1234567,none,pepper,False,0.01,9
2025-12-30 14:15:28,25493314,name,dragon,none,pepper,False,0.01,10
2025-12-30 14:15:28,25493314,name,123123,none,pepper,False,0.01,11
2025-12-30 14:15:28,25493314,name,baseball,none,pepper,False,0.01,12
2025-12-30 14:15:28,25493314,name,abc123,none,pepper,False,0.01,13
2025-12-30 14:15:28,25493314,name,football,none,pepper,False,0.01,14
2025-12-30 14:15:28,25493314,name,monkey,none,pepper,False,0.01,15
2025-12-30 14:15:28,25493314,name,letmein,none,pepper,False,0.01,16
2025-12-30 14:15:28,25493314,name,shadow,none,pepper,False,0.02,17
2025-12-30 14:15:28,25493314,name,master,none,pepper,False,0.01,18
2025-12-30 14:15:28,25493314,name,666666,none,pepper,False,0.01,19
2025-12-30 14:15:28,25493314,name,qwertyuiop,none,pepper,False,0.01,20
2025-12-30 14:15:28,25493314,name,123321,none,pepper,False,0.01,21
2025-12-30 14:15:28,25493314,name,mustang,none,pepper,False,0.01,22
2025-12-30 14:15:28,25493314,name,121212,none,pepper,False,0.01,23
2025-12-30 14:15:28,25493314,name,000000,none,pepper,False,0.01,24
2025-12-30 14:15:28,25493314,name,password1,none,pepper,False,0.01,25
2025-12-30 14:15:28,25493314,name,admin,none,pepper,False,0.01,26
2025-12-30 14:15:28,25493314,name,admin123,none,pepper,False,0.01,27
2025-12-30 14:15:28,25493314,name,root,none,pepper,False,0.01,28
2025-12-30 14:15:28,25493314,name,toor,none,pepper,False,0.01,29
2025-12-30 14:15:28,25493314,name,pass,none,pepper,False,0.01,30
2025-12-30 14:15:28,25493314,name,test,none,pepper,False,0.01,31
2025-12-30 14:15:28,25493314,name,test123,none,pepper,False,0.01,32
2025-12-30 14:15:28,25493314,name,guest,none,pepper,False,0.01,33
2025-12-30 14:15:28,25493314,name,guest123,none,pepper,False,0.01,34
2025-12-30 14:15:28,25493314,name,user,none,pepper,False,0.01,35
2025-12-30 14:15:28,25493314,name,user123,none,pepper,False,0.01,36
2025-12-30 14:15:28,25493314,name,login,none,pepper,False,0.01,37
2025-12-30 14:15:28,25493314,name,login123,none,pepper,False,0.01,38
2025-12-30 14:15:28,25493314,name,welcome,none,pepper,False,0.01,39
2025-12-30 14:15:28,25493314,name,welcome1,none,pepper,False,0.01,40
2025-12-30 14:15:28,25493314,name,password123,none,pepper,False,0.01,41
2025-12-30 14:15:28,25493314,name,admin1,none,pepper,False,0.01,42
2025-12-30 14:15:28,25493314,name,root123,none,pepper,False,0.01,43
2025-12-30 14:15:28,25493314,name,pass123,none,pepper,False,0.01,44
2025-12-30 14:15:28,25493314,name,1q2w3e4r,none,pepper,False,0.01,45
2025-12-30 14:15:28,25493314,name,qwerty123,none,pepper,False,0.01,46
2025-12-30 14:15:28,25493314,name,1234567890,none,pepper,False,0.01,47
2025-12-30 14:15:28,25493314,name,987654321,none,pepper,False,0.01,48
2025-12-30 14:15:28,25493314,name,hello,none,pepper,False,0.01,49
2025-12-30 14:15:28,25493314,name,hello123,none,pepper,False,0.01,50
2025-12-30 14:15:28,25493314,name,iloveyou,none,pepper,False,0.01,51
2025-12-30 14:15:28,25493314,name,sunshine,none,pepper,False,0.01,52
2025-12-30 14:15:28,25493314,name,princess,none,pepper,False,0.01,53
2025-12-30 14:15:28,25493314,name,Password1,none,pepper,False,0.01,54
2025-12-30 14:15:28,25493314,name,Password123,none,pepper,False,0.01,55
2025-12-30 14:15:28,25493314,name,Admin123,none,pepper,False,0.01,56
2025-12-30 14:15:28,25493314,name,Welcome1,none,pepper,False,0.01,57
2025-12-30 14:15:28,25493314,name,Student123,none,pepper,False,0.03,58
2025-12-30 14:15:28,25493314,name,Student99,none,pepper,False,0.02,59
2025-12-30 14:15:28,25493314,name,Test2024,none,pepper,False,0.01,60
2025-12-30 14:15:28,25493314,name,Login456,none,pepper,False,0.01,61
2025-12-30 14:15:28,25493314,name,Python101,none,pepper,False,0.01,62
2025-12-30 14:15:28,25493314,name,demo,none,pepper,False,0.01,63
2025-12-30 14:15:28,25493314,name,student,none,pepper,False,0.01,64
2025-12-30 14:15:28,25493314,name,name,none,pepper,False,0.01,65
2025-12-30 14:15:28,25493314,name,1111,none,pepper,False,0.01,66
2025-12-30 14:15:28,25493314,name,BlueCat12,none,pepper,False,0.01,67
2025-12-30 14:15:28,25493314,name,TechGirl7,none,pepper,False,0.01,68
2025-12-30 14:15:28,25493314,name,Cloud123,none,pepper,False,0.01,69
2025-12-30 14:15:28,25493314,name,GameOn22,none,pepper,False,0.01,70
2025-12-30 14:15:28,25493314,name,WebDev88,none,pepper,False,0.01,71
2025-12-30 14:15:29,25493314,login,123456,none,pepper,False,0.01,1
2025-12-30 14:15:29,25493314,login,password,none,pepper,False,0.01,2
2025-12-30 14:15:29,25493314,login,12345678,none,pepper,False,0.01,3
2025-12-30 14:15:29,25493314,login,qwerty,none,pepper,False,0.02,4
2025-12-30 14:15:29,25493314,login,123456789,none,pepper,False,0.01,5
2025-12-30 14:15:29,25493314,login,12345,none,pepper,False,0.01,6
2025-12-30 14:15:29,25493314,login,1234,none,pepper,False,0.01,7
2025-12-30 14:15:29,25493314,login,111111,none,pepper,False,0.01,8
2025-12-30 14:15:29,25493314,login,1234567,none,pepper,False,0.01,9
2025-12-30 14:15:29,25493314,login,dragon,none,pepper,False,0.01,10
2025-12-30 14:15:29,25493314,login,123123,none,pepper,False,0.01,11
2025-12-30 14:15:29,25493314,login,baseball,none,pepper,False,0.01,12
2025-12-30 14:15:29,25493314,login,abc123,none,pepper,False,0.01,13
2025-12-30 14:15:29,25493314,login,football,none,pepper,False,0.01,14
2025-12-30 14:15:29,25493314,login,monkey,none,pepper,False,0.01,15
2025-12-30 14:15:29,25493314,login,letmein,none,pepper,False,0.01,16
2025-12-30 14:15:29,25493314,login,shadow,none,pepper,False,0.01,17
2025-12-30 14:15:29,25493314,login,master,none,pepper,False,0.01,18
2025-12-30 14:15:29,25493314,login,666666,none,pepper,False,0.01,19
2025-12-30 14:15:29,25493314,login,qwertyuiop,none,pepper,False,0.01,20
2025-12-30 14:15:29,25493314,login,123321,none,pepper,False,0.01,21
2025-12-30 14:15:29,25493314,login,mustang,none,pepper,False,0.01,22
2025-12-30 14:15:29,25493314,login,121212,none,pepper,False,0.01,23
2025-12-30 14:15:29,25493314,login,000000,none,pepper,False,0.01,24
2025-12-30 14:15:29,25493314,login,password1,none,pepper,False,0.01,25
2025-12-30 14:15:29,25493314,login,admin,none,pepper,False,0.01,26
2025-12-30 14:15:29,25493314,login,admin123,none,pepper,False,0.01,27
2025-12-30 14:15:29,25493314,login,root,none,pepper,False,0.01,28
2025-12-30 14:15:29,25493314,login,toor,none,pepper,False,0.01,29
2025-12-30 14:15:29,25493314,login,pass,none,pepper,False,0.02,30
2025-12-30 14:15:29,25493314,login,test,none,pepper,False,0.01,31
2025-12-30 14:15:29,25493314,login,test123,none,pepper,False,0.01,32
2025-12-30 14:15:29,25493314,login,guest,none,pepper,False,0.01,33
2025-12-30 14:15:29,25493314,login,guest123,none,pepper,False,0.01,34
2025-12-30 14:15:29,25493314,login,user,none,pepper,False,0.01,35
2025-12-30 14:15:29,25493314,login,user123,none,pepper,False,0.01,36
2025-12-30 14:15:29,25493314,login,login,none,pepper,False,0.01,37
2025-12-30 14:15:29,25493314,login,login123,none,pepper,False,0.01,38
2025-12-30 14:15:29,25493314,login,welcome,none,pepper,False,0.01,39
2025-12-30 14:15:29,25493314,login,welcome1,none,pepper,False,0.01,40
2025-12-30 14:15:29,25493314,login,password123,none,pepper,False,0.01,41
2025-12-30 14:15:29,25493314,login,admin1,none,pepper,False,0.01,42
2025-12-30 14:15:29,25493314,login,root123,none,pepper,False,0.01,43
2025-12-30 14:15:29,25493314,login,pass123,none,pepper,False,0.01,44
2025-12-30 14:15:29,25493314,login,1q2w3e4r,none,pepper,False,0.01,45
2025-12-30 14:15:29,25493314,login,qwerty123,none,pepper,False,0.01,46
2025-12-30 14:15:29,25493314,login,1234567890,none,pepper,False,0.01,47
2025-12-30 14:15:29,25493314,login,987654321,none,pepper,False,0.01,48
2025-12-30 14:15:29,25493314,login,hello,none,pepper,False,0.01,49
2025-12-30 14:15:29,25493314,login,hello123,none,pepper,False,0.02,50
2025-12-30 14:15:29,25493314,login,iloveyou,none,pepper,False,0.01,51
2025-12-30 14:15:29,25493314,login,sunshine,none,pepper,False,0.01,52
2025-12-30 14:15:29,25493314,login,princess,none,pepper,False,0.01,53
2025-12-30 14:15:29,25493314,login,Password1,none,pepper,False,0.01,54
2025-12-30 14:15:29,25493314,login,Password123,none,pepper,False,0.01,55
2025-12-30 14:15:29,25493314,login,Admin123,none,pepper,False,0.01,56
2025-12-30 14:15:29,25493314,login,Welcome1,none,pepper,False,0.01,57
2025-12-30 14:15:29,25493314,login,Student123,none,pepper,False,0.01,58
2025-12-30 14:15:29,25493314,login,Student99,none,pepper,False,0.01,59
2025-12-30 14:15:29,25493314,login,Test2024,none,pepper,False,0.01,60
2025-12-30 14:15:29,25493314,login,Login456,none,pepper,False,0.02,61
2025-12-30 14:15:29,25493314,login,Python101,none,pepper,False,0.01,62
2025-12-30 14:15:29,25493314,login,demo,none,pepper,False,0.01,63
2025-12-30 14:15:29,25493314,login,student,none,pepper,False,0.01,64
2025-12-30 14:15:29,25493314,login,name,none,pepper,False,0.01,65
2025-12-30 14:15:29,25493314,login,1111,none,pepper,False,0.01,66
2025-12-30 14:15:29,25493314,login,BlueCat12,none,pepper,False,0.01,67
2025-12-30 14:15:29,25493314,login,TechGirl7,none,pepper,False,0.01,68
2025-12-30 14:15:29,25493314,login,Cloud123,none,pepper,False,0.01,69
2025-12-30 14:15:29,25493314,login,GameOn22,none,pepper,False,0.01,70
2025-12-30 14:15:29,25493314,login,WebDev88,none,pepper,False,0.02,71
2025-12-30 14:15:29,25493314,abc,123456,none,pepper,False,0.02,1
2025-12-30 14:15:29,25493314,abc,password,none,pepper,False,0.01,2
2025-12-30 14:15:29,25493314,abc,12345678,none,pepper,False,0.01,3
2025-12-30 14:15:29,25493314,abc,qwerty,none,pepper,False,0.01,4
2025-12-30 14:15:29,25493314,abc,123456789,none,pepper,False,0.02,5
2025-12-30 14:15:29,25493314,abc,12345,none,pepper,False,0.01,6
2025-12-30 14:15:29,25493314,abc,1234,none,pepper,False,0.02,7
2025-12-30 14:15:30,25493314,abc,111111,none,pepper,False,0.01,8
2025-12-30 14:15:30,25493314,abc,1234567,none,pepper,False,0.01,9
2025-12-30 14:15:30,25493314,abc,dragon,none,pepper,False,0.01,10
2025-12-30 14:15:30,25493314,abc,123123,none,pepper,False,0.01,11
2025-12-30 14:15:30,25493314,abc,baseball,none,pepper,False,0.01,12
2025-12-30 14:15:30,25493314,abc,abc123,none,pepper,False,0.01,13
2025-12-30 14:15:30,25493314,abc,football,none,pepper,False,0.02,14
2025-12-30 14:15:30,25493314,abc,monkey,none,pepper,False,0.01,15
2025-12-30 14:15:30,25493314,abc,letmein,none,pepper,False,0.01,16
2025-12-30 14:15:30,25493314,abc,shadow,none,pepper,False,0.01,17
2025-12-30 14:15:30,25493314,abc,master,none,pepper,False,0.01,18
2025-12-30 14:15:30,25493314,abc,666666,none,pepper,False,0.01,19
2025-12-30 14:15:30,25493314,abc,qwertyuiop,none,pepper,False,0.01,20
2025-12-30 14:15:30,25493314,abc,123321,none,pepper,False,0.01,21
2025-12-30 14:15:30,25493314,abc,mustang,none,pepper,False,0.01,22
2025-12-30 14:15:30,25493314,abc,121212,none,pepper,False,0.01,23
2025-12-30 14:15:30,25493314,abc,000000,none,pepper,False,0.01,24
2025-12-30 14:15:30,25493314,abc,password1,none,pepper,False,0.01,25
2025-12-30 14:15:30,25493314,abc,admin,none,pepper,False,0.01,26
2025-12-30 14:15:30,25493314,abc,admin123,none,pepper,False,0.01,27
2025-12-30 14:15:30,25493314,abc,root,none,pepper,False,0.01,28
2025-12-30 14:15:30,25493314,abc,toor,none,pepper,False,0.01,29
2025-12-30 14:15:30,25493314,abc,pass,none,pepper,False,0.01,30
2025-12-30 14:15:30,25493314,abc,test,none,pepper,False,0.01,31
2025-12-30 14:15:30,25493314,abc,test123,none,pepper,False,0.01,32
2025-12-30 14:15:30,25493314,abc,guest,none,pepper,False,0.01,33
2025-12-30 14:15:30,25493314,abc,guest123,none,pepper,False,0.01,34
2025-12-30 14:15:30,25493314,abc,user,none,pepper,False,0.01,35
2025-12-30 14:15:30,25493314,abc,user123,none,pepper,False,0.01,36
2025-12-30 14:15:30,25493314,abc,login,none,pepper,False,0.01,37
2025-12-30 14:15:30,25493314,abc,login123,none,pepper,False,0.01,38
2025-12-30 14:15:30,25493314,abc,welcome,none,pepper,False,0.01,39
2025-12-30 14:15:30,25493314,abc,welcome1,none,pepper,False,0.01,40
2025-12-30 14:15:30,25493314,abc,password123,none,pepper,False,0.01,41
2025-12-30 14:15:30,25493314,abc,admin1,none,pepper,False,0.01,42
2025-12-30 14:15:30,25493314,abc,root123,none,pepper,False,0.01,43
2025-12-30 14:15:30,25493314,abc,pass123,none,pepper,False,0.01,44
2025-12-30 14:15:30,25493314,abc,1q2w3e4r,none,pepper,False,0.01,45
2025-12-30 14:15:30,25493314,abc,qwerty123,none,pepper,False,0.01,46
2025-12-30 14:15:30,25493314,abc,1234567890,none,pepper,False,0.01,47
2025-12-30 14:15:30,25493314,abc,987654321,none,pepper,False,0.01,48
2025-12-30 14:15:30,25493314,abc,hello,none,pepper,False,0.01,49
2025-12-30 14:15:30,25493314,abc,hello123,none,pepper,False,0.01,50
2025-12-30 14:15:30,25493314,abc,iloveyou,none,pepper,False,0.01,51
2025-12-30 14:15:30,25493314,abc,sunshine,none,pepper,False,0.01,52
2025-12-30 14:15:30,25493314,abc,princess,none,pepper,False,0.01,53
2025-12-30 14:15:30,25493314,abc,Password1,none,pepper,False,0.01,54
2025-12-30 14:15:30,25493314,abc,Password123,none,pepper,False,0.01,55
2025-12-30 14:15:30,25493314,abc,Admin123,none,pepper,False,0.01,56
2025-12-30 14:15:30,25493314,abc,Welcome1,none,pepper,False,0.01,57
2025-12-30 14:15:30,25493314,abc,Student123,none,pepper,False,0.01,58
2025-12-30 14:15:30,25493314,abc,Student99,none,pepper,False,0.01,59
2025-12-30 14:15:30,25493314,abc,Test2024,none,pepper,False,0.01,60
2025-12-30 14:15:30,25493314,abc,Login456,none,pepper,False,0.01,61
2025-12-30 14:15:30,25493314,abc,Python101,none,pepper,False,0.01,62
2025-12-30 14:15:30,25493314,abc,demo,none,pepper,False,0.01,63
2025-12-30 14:15:30,25493314,abc,student,none,pepper,False,0.01,64
2025-12-30 14:15:30,25493314,abc,name,none,pepper,False,0.01,65
2025-12-30 14:15:30,25493314,abc,1111,none,pepper,False,0.01,66
2025-12-30 14:15:30,25493314,abc,BlueCat12,none,pepper,False,0.01,67
2025-12-30 14:15:30,25493314,abc,TechGirl7,none,pepper,False,0.01,68
2025-12-30 14:15:30,25493314,abc,Cloud123,none,pepper,False,0.01,69
2025-12-30 14:15:30,25493314,abc,GameOn22,none,pepper,False,0.02,70
2025-12-30 14:15:30,25493314,abc,WebDev88,none,pepper,False,0.01,71
2025-12-30 14:15:30,25493314,demo,123456,none,pepper,False,0.01,1
2025-12-30 14:15:30,25493314,demo,password,none,pepper,False,0.01,2
2025-12-30 14:15:30,25493314,demo,12345678,none,pepper,False,0.01,3
2025-12-30 14:15:30,25493314,demo,qwerty,none,pepper,False,0.01,4
2025-12-30 14:15:30,25493314,demo,123456789,none,pepper,False,0.01,5
2025-12-30 14:15:30,25493314,demo,12345,none,pepper,False,0.01,6
2025-12-30 14:15:30,25493314,demo,1234,none,pepper,False,0.01,7
2025-12-30 14:15:30,25493314,demo,111111,none,pepper,False,0.02,8
2025-12-30 14:15:30,25493314,demo,1234567,none,pepper,False,0.01,9
2025-12-30 14:15:31,25493314,demo,dragon,none,pepper,False,0.01,10
2025-12-30 14:15:31,25493314,demo,123123,none,pepper,False,0.01,11
2025-12-30 14:15:31,25493314,demo,baseball,none,pepper,False,0.01,12
2025-12-30 14:15:31,25493314,demo,abc123,none,pepper,False,0.01,13
2025-12-30 14:15:31,25493314,demo,football,none,pepper,False,0.01,14
2025-12-30 14:15:31,25493314,demo,monkey,none,pepper,False,0.01,15
2025-12-30 14:15:31,25493314,demo,letmein,none,pepper,False,0.01,16
2025-12-30 14:15:31,25493314,demo,shadow,none,pepper,False,0.01,17
2025-12-30 14:15:31,25493314,demo,master,none,pepper,False,0.01,18
2025-12-30 14:15:31,25493314,demo,666666,none,pepper,False,0.01,19
2025-12-30 14:15:31,25493314,demo,qwertyuiop,none,pepper,False,0.01,20
2025-12-30 14:15:31,25493314,demo,123321,none,pepper,False,0.01,21
2025-12-30 14:15:31,25493314,demo,mustang,none,pepper,False,0.01,22
2025-12-30 14:15:31,25493314,demo,121212,none,pepper,False,0.01,23
2025-12-30 14:15:31,25493314,demo,000000,none,pepper,False,0.01,24
2025-12-30 14:15:31,25493314,demo,password1,none,pepper,False,0.01,25
2025-12-30 14:15:31,25493314,demo,admin,none,pepper,False,0.01,26
2025-12-30 14:15:31,25493314,demo,admin123,none,pepper,False,0.01,27
2025-12-30 14:15:31,25493314,demo,root,none,pepper,False,0.01,28
2025-12-30 14:15:31,25493314,demo,toor,none,pepper,False,0.01,29
2025-12-30 14:15:31,25493314,demo,pass,none,pepper,False,0.01,30
2025-12-30 14:15:31,25493314,demo,test,none,pepper,False,0.01,31
2025-12-30 14:15:31,25493314,demo,test123,none,pepper,False,0.01,32
2025-12-30 14:15:31,25493314,demo,guest,none,pepper,False,0.01,33
2025-12-30 14:15:31,25493314,demo,guest123,none,pepper,False,0.01,34
2025-12-30 14:15:31,25493314,demo,user,none,pepper,False,0.01,35
2025-12-30 14:15:31,25493314,demo,user123,none,pepper,False,0.01,36
2025-12-30 14:15:31,25493314,demo,login,none,pepper,False,0.01,37
2025-12-30 14:15:31,25493314,demo,login123,none,pepper,False,0.01,38
2025-12-30 14:15:31,25493314,demo,welcome,none,pepper,False,0.01,39
2025-12-30 14:15:31,25493314,demo,welcome1,none,pepper,False,0.01,40
2025-12-30 14:15:31,25493314,demo,password123,none,pepper,False,0.01,41
2025-12-30 14:15:31,25493314,demo,admin1,none,pepper,False,0.01,42
2025-12-30 14:15:31,25493314,demo,root123,none,pepper,False,0.01,43
2025-12-30 14:15:31,25493314,demo,pass123,none,pepper,False,0.01,44
2025-12-30 14:15:31,25493314,demo,1q2w3e4r,none,pepper,False,0.02,45
2025-12-30 14:15:31,25493314,demo,qwerty123,none,pepper,False,0.01,46
2025-12-30 14:15:31,25493314,demo,1234567890,none,pepper,False,0.01,47
2025-12-30 14:15:31,25493314,demo,987654321,none,pepper,False,0.01,48
2025-12-30 14:15:31,25493314,demo,hello,none,pepper,False,0.01,49
2025-12-30 14:15:31,25493314,demo,hello123,none,pepper,False,0.01,50
2025-12-30 14:15:31,25493314,demo,iloveyou,none,pepper,False,0.02,51
2025-12-30 14:15:31,25493314,demo,sunshine,none,pepper,False,0.01,52
2025-12-30 14:15:31,25493314,demo,princess,none,pepper,False,0.01,53
2025-12-30 14:15:31,25493314,demo,Password1,none,pepper,False,0.01,54
2025-12-30 14:15:31,25493314,demo,Password123,none,pepper,False,0.01,55
2025-12-30 14:15:31,25493314,demo,Admin123,none,pepper,False,0.01,56
2025-12-30 14:15:31,25493314,demo,Welcome1,none,pepper,False,0.01,57
2025-12-30 14:15:31,25493314,demo,Student123,none,pepper,False,0.01,58
2025-12-30 14:15:31,25493314,demo,Student99,none,pepper,False,0.01,59
2025-12-30 14:15:31,25493314,demo,Test2024,none,pepper,False,0.01,60
2025-12-30 14:15:31,25493314,demo,Login456,none,pepper,False,0.01,61
2025-12-30 14:15:31,25493314,demo,Python101,none,pepper,False,0.01,62
2025-12-30 14:15:31,25493314,demo,demo,none,pepper,False,0.01,63
2025-12-30 14:15:31,25493314,demo,student,none,pepper,False,0.01,64
2025-12-30 14:15:31,25493314,demo,name,none,pepper,False,0.01,65
2025-12-30 14:15:31,25493314,demo,1111,none,pepper,False,0.01,66
2025-12-30 14:15:31,25493314,demo,BlueCat12,none,pepper,False,0.01,67
2025-12-30 14:15:31,25493314,demo,TechGirl7,none,pepper,False,0.01,68
2025-12-30 14:15:31,25493314,demo,Cloud123,none,pepper,False,0.01,69
2025-12-30 14:15:31,25493314,demo,GameOn22,none,pepper,False,0.01,70
2025-12-30 14:15:31,25493314,demo,WebDev88,none,pepper,False,0.01,71
2025-12-30 14:15:31,25493314,student,123456,none,pepper,False,0.02,1
2025-12-30 14:15:31,25493314,student,password,none,pepper,False,0.01,2
2025-12-30 14:15:31,25493314,student,12345678,none,pepper,False,0.01,3
2025-12-30 14:15:31,25493314,student,qwerty,none,pepper,False,0.01,4
2025-12-30 14:15:31,25493314,student,123456789,none,pepper,False,0.01,5
2025-12-30 14:15:31,25493314,student,12345,none,pepper,False,0.01,6
2025-12-30 14:15:31,25493314,student,1234,none,pepper,False,0.01,7
2025-12-30 14:15:31,25493314,student,111111,none,pepper,False,0.02,8
2025-12-30 14:15:31,25493314,student,1234567,none,pepper,False,0.01,9
2025-12-30 14:15:31,25493314,student,dragon,none,pepper,False,0.01,10
2025-12-30 14:15:31,25493314,student,123123,none,pepper,False,0.01,11
2025-12-30 14:15:32,25493314,student,baseball,none,pepper,False,0.01,12
2025-12-30 14:15:32,25493314,student,abc123,none,pepper,False,0.01,13
2025-12-30 14:15:32,25493314,student,football,none,pepper,False,0.01,14
2025-12-30 14:15:32,25493314,student,monkey,none,pepper,False,0.01,15
2025-12-30 14:15:32,25493314,student,letmein,none,pepper,False,0.01,16
2025-12-30 14:15:32,25493314,student,shadow,none,pepper,False,0.01,17
2025-12-30 14:15:32,25493314,student,master,none,pepper,False,0.01,18
2025-12-30 14:15:32,25493314,student,666666,none,pepper,False,0.01,19
2025-12-30 14:15:32,25493314,student,qwertyuiop,none,pepper,False,0.01,20
2025-12-30 14:15:32,25493314,student,123321,none,pepper,False,0.01,21
2025-12-30 14:15:32,25493314,student,mustang,none,pepper,False,0.01,22
2025-12-30 14:15:32,25493314,student,121212,none,pepper,False,0.01,23
2025-12-30 14:15:32,25493314,student,000000,none,pepper,False,0.01,24
2025-12-30 14:15:32,25493314,student,password1,none,pepper,False,0.01,25
2025-12-30 14:15:32,25493314,student,admin,none,pepper,False,0.01,26
2025-12-30 14:15:32,25493314,student,admin123,none,pepper,False,0.01,27
2025-12-30 14:15:32,25493314,student,root,none,pepper,False,0.01,28
2025-12-30 14:15:32,25493314,student,toor,none,pepper,False,0.01,29
2025-12-30 14:15:32,25493314,student,pass,none,pepper,False,0.01,30
2025-12-30 14:15:32,25493314,student,test,none,pepper,False,0.01,31
2025-12-30 14:15:32,25493314,student,test123,none,pepper,False,0.01,32
2025-12-30 14:15:32,25493314,student,guest,none,pepper,False,0.01,33
2025-12-30 14:15:32,25493314,student,guest123,none,pepper,False,0.01,34
2025-12-30 14:15:32,25493314,student,user,none,pepper,False,0.01,35
2025-12-30 14:15:32,25493314,student,user123,none,pepper,False,0.01,36
2025-12-30 14:15:32,25493314,student,login,none,pepper,False,0.01,37
2025-12-30 14:15:32,25493314,student,login123,none,pepper,False,0.01,38
2025-12-30 14:15:32,25493314,student,welcome,none,pepper,False,0.01,39
2025-12-30 14:15:32,25493314,student,welcome1,none,pepper,False,0.02,40
2025-12-30 14:15:32,25493314,student,password123,none,pepper,False,0.01,41
2025-12-30 14:15:32,25493314,student,admin1,none,pepper,False,0.01,42
2025-12-30 14:15:32,25493314,student,root123,none,pepper,False,0.01,43
2025-12-30 14:15:32,25493314,student,pass123,none,pepper,False,0.02,44
2025-12-30 14:15:32,25493314,student,1q2w3e4r,none,pepper,False,0.01,45
2025-12-30 14:15:32,25493314,student,qwerty123,none,pepper,False,0.01,46
2025-12-30 14:15:32,25493314,student,1234567890,none,pepper,False,0.02,47
2025-12-30 14:15:32,25493314,student,987654321,none,pepper,False,0.01,48
2025-12-30 14:15:32,25493314,student,hello,none,pepper,False,0.01,49
2025-12-30 14:15:32,25493314,student,hello123,none,pepper,False,0.01,50
2025-12-30 14:15:32,25493314,student,iloveyou,none,pepper,False,0.01,51
2025-12-30 14:15:32,25493314,student,sunshine,none,pepper,False,0.01,52
2025-12-30 14:15:32,25493314,student,princess,none,pepper,False,0.01,53
2025-12-30 14:15:32,25493314,student,Password1,none,pepper,False,0.01,54
2025-12-30 14:15:32,25493314,student,Password123,none,pepper,False,0.01,55
2025-12-30 14:15:32,25493314,student,Admin123,none,pepper,False,0.01,56
2025-12-30 14:15:32,25493314,student,Welcome1,none,pepper,False,0.01,57
2025-12-30 14:15:32,25493314,student,Student123,none,pepper,False,0.02,58
2025-12-30 14:15:32,25493314,student,Student99,none,pepper,False,0.01,59
2025-12-30 14:15:32,25493314,student,Test2024,none,pepper,False,0.01,60
2025-12-30 14:15:32,25493314,student,Login456,none,pepper,False,0.01,61
2025-12-30 14:15:32,25493314,student,Python101,none,pepper,False,0.02,62
2025-12-30 14:15:32,25493314,student,demo,none,pepper,False,0.01,63
2025-12-30 14:15:32,25493314,student,student,none,pepper,False,0.02,64
2025-12-30 14:15:32,25493314,student,name,none,pepper,False,0.01,65
2025-12-30 14:15:32,25493314,student,1111,none,pepper,False,0.01,66
2025-12-30 14:15:32,25493314,student,BlueCat12,none,pepper,False,0.01,67
2025-12-30 14:15:32,25493314,student,TechGirl7,none,pepper,False,0.01,68
2025-12-30 14:15:32,25493314,student,Cloud123,none,pepper,False,0.01,69
2025-12-30 14:15:32,25493314,student,GameOn22,none,pepper,False,0.01,70
2025-12-30 14:15:32,25493314,student,WebDev88,none,pepper,False,0.01,71
2025-12-30 14:15:32,25493314,Student_user,123456,none,pepper,False,0.01,1
2025-12-30 14:15:32,25493314,Student_user,password,none,pepper,False,0.01,2
2025-12-30 14:15:33,25493314,Student_user,12345678,none,pepper,False,0.01,3
2025-12-30 14:15:33,25493314,Student_user,qwerty,none,pepper,False,0.01,4
2025-12-30 14:15:33,25493314,Student_user,123456789,none,pepper,False,0.01,5
2025-12-30 14:15:33,25493314,Student_user,12345,none,pepper,False,0.01,6
2025-12-30 14:15:33,25493314,Student_user,1234,none,pepper,False,0.01,7
2025-12-30 14:15:33,25493314,Student_user,111111,none,pepper,False,0.01,8
2025-12-30 14:15:33,25493314,Student_user,1234567,none,pepper,False,0.01,9
2025-12-30 14:15:33,25493314,Student_user,dragon,none,pepper,False,0.01,10
2025-12-30 14:15:33,25493314,Student_user,123123,none,pepper,False,0.01,11
2025-12-30 14:15:33,25493314,Student_user,baseball,none,pepper,False,0.01,12
2025-12-30 14:15:33,25493314,Student_user,abc123,none,pepper,False,0.01,13
2025-12-30 14:15:33,25493314,Student_user,football,none,pepper,False,0.01,14
2025-12-30 14:15:33,25493314,Student_user,monkey,none,pepper,False,0.01,15
2025-12-30 14:15:33,25493314,Student_user,letmein,none,pepper,False,0.01,16
2025-12-30 14:15:33,25493314,Student_user,shadow,none,pepper,False,0.01,17
2025-12-30 14:15:33,25493314,Student_user,master,none,pepper,False,0.01,18
2025-12-30 14:15:33,25493314,Student_user,666666,none,pepper,False,0.01,19
2025-12-30 14:15:33,25493314,Student_user,qwertyuiop,none,pepper,False,0.01,20
2025-12-30 14:15:33,25493314,Student_user,123321,none,pepper,False,0.01,21
2025-12-30 14:15:33,25493314,Student_user,mustang,none,pepper,False,0.01,22
2025-12-30 14:15:33,25493314,Student_user,121212,none,pepper,False,0.02,23
2025-12-30 14:15:33,25493314,Student_user,000000,none,pepper,False,0.01,24
2025-12-30 14:15:33,25493314,Student_user,password1,none,pepper,False,0.01,25
2025-12-30 14:15:33,25493314,Student_user,admin,none,pepper,False,0.01,26
2025-12-30 14:15:33,25493314,Student_user,admin123,none,pepper,False,0.01,27
2025-12-30 14:15:33,25493314,Student_user,root,none,pepper,False,0.01,28
2025-12-30 14:15:33,25493314,Student_user,toor,none,pepper,False,0.01,29
2025-12-30 14:15:33,25493314,Student_user,pass,none,pepper,False,0.01,30
2025-12-30 14:15:33,25493314,Student_user,test,none,pepper,False,0.01,31
2025-12-30 14:15:33,25493314,Student_user,test123,none,pepper,False,0.01,32
2025-12-30 14:15:33,25493314,Student_user,guest,none,pepper,False,0.01,33
2025-12-30 14:15:33,25493314,Student_user,guest123,none,pepper,False,0.01,34
2025-12-30 14:15:33,25493314,Student_user,user,none,pepper,False,0.01,35
2025-12-30 14:15:33,25493314,Student_user,user123,none,pepper,False,0.01,36
2025-12-30 14:15:33,25493314,Student_user,login,none,pepper,False,0.01,37
2025-12-30 14:15:33,25493314,Student_user,login123,none,pepper,False,0.01,38
2025-12-30 14:15:33,25493314,Student_user,welcome,none,pepper,False,0.01,39
2025-12-30 14:15:33,25493314,Student_user,welcome1,none,pepper,False,0.01,40
2025-12-30 14:15:33,25493314,Student_user,password123,none,pepper,False,0.01,41
2025-12-30 14:15:33,25493314,Student_user,admin1,none,pepper,False,0.01,42
2025-12-30 14:15:33,25493314,Student_user,root123,none,pepper,False,0.01,43
2025-12-30 14:15:33,25493314,Student_user,pass123,none,pepper,False,0.01,44
2025-12-30 14:15:33,25493314,Student_user,1q2w3e4r,none,pepper,False,0.01,45
2025-12-30 14:15:33,25493314,Student_user,qwerty123,none,pepper,False,0.01,46
2025-12-30 14:15:33,25493314,Student_user,1234567890,none,pepper,False,0.01,47
2025-12-30 14:15:33,25493314,Student_user,987654321,none,pepper,False,0.01,48
2025-12-30 14:15:33,25493314,Student_user,hello,none,pepper,False,0.01,49
2025-12-30 14:15:33,25493314,Student_user,hello123,none,pepper,False,0.01,50
2025-12-30 14:15:33,25493314,Student_user,iloveyou,none,pepper,False,0.01,51
2025-12-30 14:15:33,25493314,Student_user,sunshine,none,pepper,False,0.01,52
2025-12-30 14:15:33,25493314,Student_user,princess,none,pepper,False,0.01,53
2025-12-30 14:15:33,25493314,Student_user,Password1,none,pepper,False,0.01,54
2025-12-30 14:15:33,25493314,Student_user,Password123,none,pepper,False,0.01,55
2025-12-30 14:15:33,25493314,Student_user,Admin123,none,pepper,False,0.01,56
2025-12-30 14:15:33,25493314,Student_user,Welcome1,none,pepper,False,0.01,57
2025-12-30 14:15:33,25493314,Student_user,Student123,none,pepper,False,0.01,58
2025-12-30 14:15:33,25493314,Student_user,Student99,none,pepper,False,0.01,59
2025-12-30 14:15:33,25493314,Student_user,Test2024,none,pepper,False,0.01,60
2025-12-30 14:15:33,25493314,Student_user,Login456,none,pepper,False,0.01,61
2025-12-30 14:15:33,25493314,Student_user,Python101,none,pepper,False,0.01,62
2025-12-30 14:15:33,25493314,Student_user,demo,none,pepper,False,0.01,63
2025-12-30 14:15:33,25493314,Student_user,student,none,pepper,False,0.01,64
2025-12-30 14:15:34,25493314,Student_user,name,none,pepper,False,0.01,65
2025-12-30 14:15:34,25493314,Student_user,1111,none,pepper,False,0.01,66
2025-12-30 14:15:34,25493314,Student_user,BlueCat12,none,pepper,False,0.02,67
2025-12-30 14:15:34,25493314,Student_user,TechGirl7,none,pepper,False,0.01,68
2025-12-30 14:15:34,25493314,Student_user,Cloud123,none,pepper,False,0.01,69
2025-12-30 14:15:34,25493314,Student_user,GameOn22,none,pepper,False,0.01,70
2025-12-30 14:15:34,25493314,Student_user,WebDev88,none,pepper,False,0.01,71
2025-12-30 14:15:34,25493314,user_test,123456,none,pepper,False,0.01,1
2025-12-30 14:15:34,25493314,user_test,password,none,pepper,False,0.01,2
2025-12-30 14:15:34,25493314,user_test,12345678,none,pepper,False,0.02,3
2025-12-30 14:15:34,25493314,user_test,qwerty,none,pepper,False,0.02,4
2025-12-30 14:15:34,25493314,user_test,123456789,none,pepper,False,0.01,5
2025-12-30 14:15:34,25493314,user_test,12345,none,pepper,False,0.01,6
2025-12-30 14:15:34,25493314,user_test,1234,none,pepper,False,0.01,7
2025-12-30 14:15:34,25493314,user_test,111111,none,pepper,False,0.01,8
2025-12-30 14:15:34,25493314,user_test,1234567,none,pepper,False,0.01,9
2025-12-30 14:15:34,25493314,user_test,dragon,none,pepper,False,0.01,10
2025-12-30 14:15:34,25493314,user_test,123123,none,pepper,False,0.01,11
2025-12-30 14:15:34,25493314,user_test,baseball,none,pepper,False,0.01,12
2025-12-30 14:15:34,25493314,user_test,abc123,none,pepper,False,0.01,13
2025-12-30 14:15:34,25493314,user_test,football,none,pepper,False,0.01,14
2025-12-30 14:15:34,25493314,user_test,monkey,none,pepper,False,0.01,15
2025-12-30 14:15:34,25493314,user_test,letmein,none,pepper,False,0.01,16
2025-12-30 14:15:34,25493314,user_test,shadow,none,pepper,False,0.01,17
2025-12-30 14:15:34,25493314,user_test,master,none,pepper,False,0.01,18
2025-12-30 14:15:34,25493314,user_test,666666,none,pepper,False,0.01,19
2025-12-30 14:15:34,25493314,user_test,qwertyuiop,none,pepper,False,0.01,20
2025-12-30 14:15:34,25493314,user_test,123321,none,pepper,False,0.01,21
2025-12-30 14:15:34,25493314,user_test,mustang,none,pepper,False,0.01,22
2025-12-30 14:15:34,25493314,user_test,121212,none,pepper,False,0.01,23
2025-12-30 14:15:34,25493314,user_test,000000,none,pepper,False,0.01,24
2025-12-30 14:15:34,25493314,user_test,password1,none,pepper,False,0.01,25
2025-12-30 14:15:34,25493314,user_test,admin,none,pepper,False,0.01,26
2025-12-30 14:15:34,25493314,user_test,admin123,none,pepper,False,0.01,27
2025-12-30 14:15:34,25493314,user_test,root,none,pepper,False,0.01,28
2025-12-30 14:15:34,25493314,user_test,toor,none,pepper,False,0.01,29
2025-12-30 14:15:34,25493314,user_test,pass,none,pepper,False,0.01,30
2025-12-30 14:15:34,25493314,user_test,test,none,pepper,False,0.01,31
2025-12-30 14:15:34,25493314,user_test,test123,none,pepper,False,0.01,32
2025-12-30 14:15:34,25493314,user_test,guest,none,pepper,False,0.01,33
2025-12-30 14:15:34,25493314,user_test,guest123,none,pepper,False,0.01,34
2025-12-30 14:15:34,25493314,user_test,user,none,pepper,False,0.01,35
2025-12-30 14:15:34,25493314,user_test,user123,none,pepper,False,0.01,36
2025-12-30 14:15:34,25493314,user_test,login,none,pepper,False,0.01,37
2025-12-30 14:15:34,25493314,user_test,login123,none,pepper,False,0.01,38
2025-12-30 14:15:34,25493314,user_test,welcome,none,pepper,False,0.02,39
2025-12-30 14:15:34,25493314,user_test,welcome1,none,pepper,False,0.01,40
2025-12-30 14:15:34,25493314,user_test,password123,none,pepper,False,0.01,41
2025-12-30 14:15:34,25493314,user_test,admin1,none,pepper,False,0.01,42
2025-12-30 14:15:34,25493314,user_test,root123,none,pepper,False,0.01,43
2025-12-30 14:15:34,25493314,user_test,pass123,none,pepper,False,0.01,44
2025-12-30 14:15:35,25493314,user_test,1q2w3e4r,none,pepper,False,0.01,45
2025-12-30 14:15:35,25493314,user_test,qwerty123,none,pepper,False,0.01,46
2025-12-30 14:15:35,25493314,user_test,1234567890,none,pepper,False,0.01,47
2025-12-30 14:15:35,25493314,user_test,987654321,none,pepper,False,0.01,48
2025-12-30 14:15:35,25493314,user_test,hello,none,pepper,False,0.01,49
2025-12-30 14:15:35,25493314,user_test,hello123,none,pepper,False,0.01,50
2025-12-30 14:15:35,25493314,user_test,iloveyou,none,pepper,False,0.01,51
2025-12-30 14:15:35,25493314,user_test,sunshine,none,pepper,False,0.01,52
2025-12-30 14:15:35,25493314,user_test,princess,none,pepper,False,0.01,53
2025-12-30 14:15:35,25493314,user_test,Password1,none,pepper,False,0.01,54
2025-12-30 14:15:35,25493314,user_test,Password123,none,pepper,False,0.01,55
2025-12-30 14:15:35,25493314,user_test,Admin123,none,pepper,False,0.01,56
2025-12-30 14:15:35,25493314,user_test,Welcome1,none,pepper,False,0.01,57
2025-12-30 14:15:35,25493314,user_test,Student123,none,pepper,False,0.01,58
2025-12-30 14:15:35,25493314,user_test,Student99,none,pepper,False,0.01,59
2025-12-30 14:15:35,25493314,user_test,Test2024,none,pepper,False,0.01,60
2025-12-30 14:15:35,25493314,user_test,Login456,none,pepper,False,0.01,61
2025-12-30 14:15:35,25493314,user_test,Python101,none,pepper,False,0.01,62
2025-12-30 14:15:35,25493314,user_test,demo,none,pepper,False,0.01,63
2025-12-30 14:15:35,25493314,user_test,student,none,pepper,False,0.01,64
2025-12-30 14:15:35,25493314,user_test,name,none,pepper,False,0.01,65
2025-12-30 14:15:35,25493314,user_test,1111,none,pepper,False,0.01,66
2025-12-30 14:15:35,25493314,user_test,BlueCat12,none,pepper,False,0.01,67
2025-12-30 14:15:35,25493314,user_test,TechGirl7,none,pepper,False,0.01,68
2025-12-30 14:15:35,25493314,user_test,Cloud123,none,pepper,False,0.01,69
2025-12-30 14:15:35,25493314,user_test,GameOn22,none,pepper,False,0.01,70
2025-12-30 14:15:35,25493314,user_test,WebDev88,none,pepper,False,0.01,71
2025-12-30 14:15:35,25493314,bluecat,123456,none,pepper,False,0.02,1
2025-12-30 14:15:35,25493314,bluecat,password,none,pepper,False,0.01,2
2025-12-30 14:15:35,25493314,bluecat,12345678,none,pepper,False,0.02,3
2025-12-30 14:15:35,25493314,bluecat,qwerty,none,pepper,False,0.01,4
2025-12-30 14:15:35,25493314,bluecat,123456789,none,pepper,False,0.01,5
2025-12-30 14:15:35,25493314,bluecat,12345,none,pepper,False,0.01,6
2025-12-30 14:15:35,25493314,bluecat,1234,none,pepper,False,0.01,7
2025-12-30 14:15:35,25493314,bluecat,111111,none,pepper,False,0.01,8
2025-12-30 14:15:35,25493314,bluecat,1234567,none,pepper,False,0.01,9
2025-12-30 14:15:35,25493314,bluecat,dragon,none,pepper,False,0.01,10
2025-12-30 14:15:35,25493314,bluecat,123123,none,pepper,False,0.01,11
2025-12-30 14:15:35,25493314,bluecat,baseball,none,pepper,False,0.01,12
2025-12-30 14:15:35,25493314,bluecat,abc123,none,pepper,False,0.01,13
2025-12-30 14:15:35,25493314,bluecat,football,none,pepper,False,0.01,14
2025-12-30 14:15:35,25493314,bluecat,monkey,none,pepper,False,0.02,15
2025-12-30 14:15:35,25493314,bluecat,letmein,none,pepper,False,0.01,16
2025-12-30 14:15:35,25493314,bluecat,shadow,none,pepper,False,0.01,17
2025-12-30 14:15:35,25493314,bluecat,master,none,pepper,False,0.01,18
2025-12-30 14:15:35,25493314,bluecat,666666,none,pepper,False,0.01,19
2025-12-30 14:15:35,25493314,bluecat,qwertyuiop,none,pepper,False,0.04,20
2025-12-30 14:15:35,25493314,bluecat,123321,none,pepper,False,0.02,21
2025-12-30 14:15:35,25493314,bluecat,mustang,none,pepper,False,0.01,22
2025-12-30 14:15:35,25493314,bluecat,121212,none,pepper,False,0.01,23
2025-12-30 14:15:36,25493314,bluecat,000000,none,pepper,False,0.01,24
2025-12-30 14:15:36,25493314,bluecat,password1,none,pepper,False,0.01,25
2025-12-30 14:15:36,25493314,bluecat,admin,none,pepper,False,0.01,26
2025-12-30 14:15:36,25493314,bluecat,admin123,none,pepper,False,0.01,27
2025-12-30 14:15:36,25493314,bluecat,root,none,pepper,False,0.01,28
2025-12-30 14:15:36,25493314,bluecat,toor,none,pepper,False,0.01,29
2025-12-30 14:15:36,25493314,bluecat,pass,none,pepper,False,0.01,30
2025-12-30 14:15:36,25493314,bluecat,test,none,pepper,False,0.01,31
2025-12-30 14:15:36,25493314,bluecat,test123,none,pepper,False,0.01,32
2025-12-30 14:15:36,25493314,bluecat,guest,none,pepper,False,0.01,33
2025-12-30 14:15:36,25493314,bluecat,guest123,none,pepper,False,0.01,34
2025-12-30 14:15:36,25493314,bluecat,user,none,pepper,False,0.01,35
2025-12-30 14:15:36,25493314,bluecat,user123,none,pepper,False,0.01,36
2025-12-30 14:15:36,25493314,bluecat,login,none,pepper,False,0.01,37
2025-12-30 14:15:36,25493314,bluecat,login123,none,pepper,False,0.01,38
2025-12-30 14:15:36,25493314,bluecat,welcome,none,pepper,False,0.01,39
2025-12-30 14:15:36,25493314,bluecat,welcome1,none,pepper,False,0.01,40
2025-12-30 14:15:36,25493314,bluecat,password123,none,pepper,False,0.01,41
2025-12-30 14:15:36,25493314,bluecat,admin1,none,pepper,False,0.01,42
2025-12-30 14:15:36,25493314,bluecat,root123,none,pepper,False,0.01,43
2025-12-30 14:15:36,25493314,bluecat,pass123,none,pepper,False,0.01,44
2025-12-30 14:15:36,25493314,bluecat,1q2w3e4r,none,pepper,False,0.02,45
2025-12-30 14:15:36,25493314,bluecat,qwerty123,none,pepper,False,0.01,46
2025-12-30 14:15:36,25493314,bluecat,1234567890,none,pepper,False,0.01,47
2025-12-30 14:15:36,25493314,bluecat,987654321,none,pepper,False,0.01,48
2025-12-30 14:15:36,25493314,bluecat,hello,none,pepper,False,0.01,49
2025-12-30 14:15:36,25493314,bluecat,hello123,none,pepper,False,0.01,50
2025-12-30 14:15:36,25493314,bluecat,iloveyou,none,pepper,False,0.01,51
2025-12-30 14:15:36,25493314,bluecat,sunshine,none,pepper,False,0.01,52
2025-12-30 14:15:36,25493314,bluecat,princess,none,pepper,False,0.01,53
2025-12-30 14:15:36,25493314,bluecat,Password1,none,pepper,False,0.01,54
2025-12-30 14:15:36,25493314,bluecat,Password123,none,pepper,False,0.01,55
2025-12-30 14:15:36,25493314,bluecat,Admin123,none,pepper,False,0.01,56
2025-12-30 14:15:36,25493314,bluecat,Welcome1,none,pepper,False,0.06,57
2025-12-30 14:15:36,25493314,bluecat,Student123,none,pepper,False,0.01,58
2025-12-30 14:15:36,25493314,bluecat,Student99,none,pepper,False,0.02,59
2025-12-30 14:15:36,25493314,bluecat,Test2024,none,pepper,False,0.01,60
2025-12-30 14:15:36,25493314,bluecat,Login456,none,pepper,False,0.01,61
2025-12-30 14:15:36,25493314,bluecat,Python101,none,pepper,False,0.01,62
2025-12-30 14:15:36,25493314,bluecat,demo,none,pepper,False,0.01,63
2025-12-30 14:15:36,25493314,bluecat,student,none,pepper,False,0.01,64
2025-12-30 14:15:36,25493314,bluecat,name,none,pepper,False,0.01,65
2025-12-30 14:15:36,25493314,bluecat,1111,none,pepper,False,0.01,66
2025-12-30 14:15:36,25493314,bluecat,BlueCat12,none,pepper,False,0.01,67
2025-12-30 14:15:36,25493314,bluecat,TechGirl7,none,pepper,False,0.02,68
2025-12-30 14:15:36,25493314,bluecat,Cloud123,none,pepper,False,0.01,69
2025-12-30 14:15:36,25493314,bluecat,GameOn22,none,pepper,False,0.01,70
2025-12-30 14:15:36,25493314,bluecat,WebDev88,none,pepper,False,0.01,71
2025-12-30 14:15:37,25493314,student1,123456,none,pepper,False,0.01,1
2025-12-30 14:15:37,25493314,student1,password,none,pepper,False,0.01,2
2025-12-30 14:15:37,25493314,student1,12345678,none,pepper,False,0.01,3
2025-12-30 14:15:37,25493314,student1,qwerty,none,pepper,False,0.01,4
2025-12-30 14:15:37,25493314,student1,123456789,none,pepper,False,0.01,5
2025-12-30 14:15:37,25493314,student1,12345,none,pepper,False,0.01,6
2025-12-30 14:15:37,25493314,student1,1234,none,pepper,False,0.01,7
2025-12-30 14:15:37,25493314,student1,111111,none,pepper,False,0.01,8
2025-12-30 14:15:37,25493314,student1,1234567,none,pepper,False,0.01,9
2025-12-30 14:15:37,25493314,student1,dragon,none,pepper,False,0.01,10
2025-12-30 14:15:37,25493314,student1,123123,none,pepper,False,0.01,11
2025-12-30 14:15:37,25493314,student1,baseball,none,pepper,False,0.01,12
2025-12-30 14:15:37,25493314,student1,abc123,none,pepper,False,0.01,13
2025-12-30 14:15:37,25493314,student1,football,none,pepper,False,0.01,14
2025-12-30 14:15:37,25493314,student1,monkey,none,pepper,False,0.01,15
2025-12-30 14:15:37,25493314,student1,letmein,none,pepper,False,0.01,16
2025-12-30 14:15:37,25493314,student1,shadow,none,pepper,False,0.01,17
2025-12-30 14:15:37,25493314,student1,master,none,pepper,False,0.01,18
2025-12-30 14:15:37,25493314,student1,666666,none,pepper,False,0.01,19
2025-12-30 14:15:37,25493314,student1,qwertyuiop,none,pepper,False,0.01,20
2025-12-30 14:15:37,25493314,student1,123321,none,pepper,False,0.01,21
2025-12-30 14:15:37,25493314,student1,mustang,none,pepper,False,0.01,22
2025-12-30 14:15:37,25493314,student1,121212,none,pepper,False,0.01,23
2025-12-30 14:15:37,25493314,student1,000000,none,pepper,False,0.01,24
2025-12-30 14:15:37,25493314,student1,password1,none,pepper,False,0.01,25
2025-12-30 14:15:37,25493314,student1,admin,none,pepper,False,0.01,26
2025-12-30 14:15:37,25493314,student1,admin123,none,pepper,False,0.02,27
2025-12-30 14:15:37,25493314,student1,root,none,pepper,False,0.01,28
2025-12-30 14:15:37,25493314,student1,toor,none,pepper,False,0.01,29
2025-12-30 14:15:37,25493314,student1,pass,none,pepper,False,0.01,30
2025-12-30 14:15:37,25493314,student1,test,none,pepper,False,0.01,31
2025-12-30 14:15:37,25493314,student1,test123,none,pepper,False,0.01,32
2025-12-30 14:15:37,25493314,student1,guest,none,pepper,False,0.01,33
2025-12-30 14:15:37,25493314,student1,guest123,none,pepper,False,0.01,34
2025-12-30 14:15:37,25493314,student1,user,none,pepper,False,0.01,35
2025-12-30 14:15:37,25493314,student1,user123,none,pepper,False,0.01,36
2025-12-30 14:15:37,25493314,student1,login,none,pepper,False,0.01,37
2025-12-30 14:15:37,25493314,student1,login123,none,pepper,False,0.01,38
2025-12-30 14:15:37,25493314,student1,welcome,none,pepper,False,0.01,39
2025-12-30 14:15:37,25493314,student1,welcome1,none,pepper,False,0.01,40
2025-12-30 14:15:37,25493314,student1,password123,none,pepper,False,0.02,41
2025-12-30 14:15:37,25493314,student1,admin1,none,pepper,False,0.01,42
2025-12-30 14:15:37,25493314,student1,root123,none,pepper,False,0.01,43
2025-12-30 14:15:37,25493314,student1,pass123,none,pepper,False,0.01,44
2025-12-30 14:15:37,25493314,student1,1q2w3e4r,none,pepper,False,0.01,45
2025-12-30 14:15:37,25493314,student1,qwerty123,none,pepper,False,0.01,46
2025-12-30 14:15:37,25493314,student1,1234567890,none,pepper,False,0.01,47
2025-12-30 14:15:37,25493314,student1,987654321,none,pepper,False,0.01,48
2025-12-30 14:15:37,25493314,student1,hello,none,pepper,False,0.01,49
2025-12-30 14:15:37,25493314,student1,hello123,none,pepper,False,0.01,50
2025-12-30 14:15:37,25493314,student1,iloveyou,none,pepper,False,0.01,51
2025-12-30 14:15:37,25493314,student1,sunshine,none,pepper,False,0.01,52
2025-12-30 14:15:37,25493314,student1,princess,none,pepper,False,0.01,53
2025-12-30 14:15:37,25493314,student1,Password1,none,pepper,False,0.01,54
2025-12-30 14:15:37,25493314,student1,Password123,none,pepper,False,0.01,55
2025-12-30 14:15:37,25493314,student1,Admin123,none,pepper,False,0.01,56
2025-12-30 14:15:38,25493314,student1,Welcome1,none,pepper,False,0.01,57
2025-12-30 14:15:38,25493314,student1,Student123,none,pepper,False,0.01,58
2025-12-30 14:15:38,25493314,student1,Student99,none,pepper,False,0.01,59
2025-12-30 14:15:38,25493314,student1,Test2024,none,pepper,False,0.01,60
2025-12-30 14:15:38,25493314,student1,Login456,none,pepper,False,0.01,61
2025-12-30 14:15:38,25493314,student1,Python101,none,pepper,False,0.01,62
2025-12-30 14:15:38,25493314,student1,demo,none,pepper,False,0.02,63
2025-12-30 14:15:38,25493314,student1,student,none,pepper,False,0.01,64
2025-12-30 14:15:38,25493314,student1,name,none,pepper,False,0.01,65
2025-12-30 14:15:38,25493314,student1,1111,none,pepper,False,0.01,66
2025-12-30 14:15:38,25493314,student1,BlueCat12,none,pepper,False,0.01,67
2025-12-30 14:15:38,25493314,student1,TechGirl7,none,pepper,False,0.01,68
2025-12-30 14:15:38,25493314,student1,Cloud123,none,pepper,False,0.01,69
2025-12-30 14:15:38,25493314,student1,GameOn22,none,pepper,False,0.03,70
2025-12-30 14:15:38,25493314,student1,WebDev88,none,pepper,False,0.02,71
2025-12-30 14:15:38,25493314,login_user,123456,none,pepper,False,0.03,1
2025-12-30 14:15:38,25493314,login_user,password,none,pepper,False,0.01,2
2025-12-30 14:15:38,25493314,login_user,12345678,none,pepper,False,0.01,3
2025-12-30 14:15:38,25493314,login_user,qwerty,none,pepper,False,0.01,4
2025-12-30 14:15:38,25493314,login_user,123456789,none,pepper,False,0.01,5
2025-12-30 14:15:38,25493314,login_user,12345,none,pepper,False,0.01,6
2025-12-30 14:15:38,25493314,login_user,1234,none,pepper,False,0.01,7
2025-12-30 14:15:38,25493314,login_user,111111,none,pepper,False,0.01,8
2025-12-30 14:15:38,25493314,login_user,1234567,none,pepper,False,0.02,9
2025-12-30 14:15:38,25493314,login_user,dragon,none,pepper,False,0.01,10
2025-12-30 14:15:38,25493314,login_user,123123,none,pepper,False,0.01,11
2025-12-30 14:15:38,25493314,login_user,baseball,none,pepper,False,0.01,12
2025-12-30 14:15:38,25493314,login_user,abc123,none,pepper,False,0.01,13
2025-12-30 14:15:38,25493314,login_user,football,none,pepper,False,0.01,14
2025-12-30 14:15:38,25493314,login_user,monkey,none,pepper,False,0.01,15
2025-12-30 14:15:38,25493314,login_user,letmein,none,pepper,False,0.01,16
2025-12-30 14:15:38,25493314,login_user,shadow,none,pepper,False,0.01,17
2025-12-30 14:15:38,25493314,login_user,master,none,pepper,False,0.01,18
2025-12-30 14:15:38,25493314,login_user,666666,none,pepper,False,0.01,19
2025-12-30 14:15:38,25493314,login_user,qwertyuiop,none,pepper,False,0.01,20
2025-12-30 14:15:38,25493314,login_user,123321,none,pepper,False,0.01,21
2025-12-30 14:15:38,25493314,login_user,mustang,none,pepper,False,0.01,22
2025-12-30 14:15:38,25493314,login_user,121212,none,pepper,False,0.01,23
2025-12-30 14:15:38,25493314,login_user,000000,none,pepper,False,0.01,24
2025-12-30 14:15:38,25493314,login_user,password1,none,pepper,False,0.01,25
2025-12-30 14:15:38,25493314,login_user,admin,none,pepper,False,0.01,26
2025-12-30 14:15:38,25493314,login_user,admin123,none,pepper,False,0.01,27
2025-12-30 14:15:38,25493314,login_user,root,none,pepper,False,0.01,28
2025-12-30 14:15:38,25493314,login_user,toor,none,pepper,False,0.01,29
2025-12-30 14:15:38,25493314,login_user,pass,none,pepper,False,0.01,30
2025-12-30 14:15:38,25493314,login_user,test,none,pepper,False,0.01,31
2025-12-30 14:15:38,25493314,login_user,test123,none,pepper,False,0.01,32
2025-12-30 14:15:39,25493314,login_user,guest,none,pepper,False,0.01,33
2025-12-30 14:15:39,25493314,login_user,guest123,none,pepper,False,0.01,34
2025-12-30 14:15:39,25493314,login_user,user,none,pepper,False,0.01,35
2025-12-30 14:15:39,25493314,login_user,user123,none,pepper,False,0.01,36
2025-12-30 14:15:39,25493314,login_user,login,none,pepper,False,0.01,37
2025-12-30 14:15:39,25493314,login_user,login123,none,pepper,False,0.01,38
2025-12-30 14:15:39,25493314,login_user,welcome,none,pepper,False,0.02,39
2025-12-30 14:15:39,25493314,login_user,welcome1,none,pepper,False,0.02,40
2025-12-30 14:15:39,25493314,login_user,password123,none,pepper,False,0.01,41
2025-12-30 14:15:39,25493314,login_user,admin1,none,pepper,False,0.01,42
2025-12-30 14:15:39,25493314,login_user,root123,none,pepper,False,0.01,43
2025-12-30 14:15:39,25493314,login_user,pass123,none,pepper,False,0.01,44
2025-12-30 14:15:39,25493314,login_user,1q2w3e4r,none,pepper,False,0.01,45
2025-12-30 14:15:39,25493314,login_user,qwerty123,none,pepper,False,0.01,46
2025-12-30 14:15:39,25493314,login_user,1234567890,none,pepper,False,0.02,47
2025-12-30 14:15:39,25493314,login_user,987654321,none,pepper,False,0.01,48
2025-12-30 14:15:39,25493314,login_user,hello,none,pepper,False,0.01,49
2025-12-30 14:15:39,25493314,login_user,hello123,none,pepper,False,0.01,50
2025-12-30 14:15:39,25493314,login_user,iloveyou,none,pepper,False,0.01,51
2025-12-30 14:15:39,25493314,login_user,sunshine,none,pepper,False,0.01,52
2025-12-30 14:15:39,25493314,login_user,princess,none,pepper,False,0.02,53
2025-12-30 14:15:39,25493314,login_user,Password1,none,pepper,False,0.01,54
2025-12-30 14:15:39,25493314,login_user,Password123,none,pepper,False,0.01,55
2025-12-30 14:15:39,25493314,login_user,Admin123,none,pepper,False,0.01,56
2025-12-30 14:15:39,25493314,login_user,Welcome1,none,pepper,False,0.01,57
2025-12-30 14:15:39,25493314,login_user,Student123,none,pepper,False,0.01,58
2025-12-30 14:15:39,25493314,login_user,Student99,none,pepper,False,0.01,59
2025-12-30 14:15:39,25493314,login_user,Test2024,none,pepper,False,0.01,60
2025-12-30 14:15:39,25493314,login_user,Login456,none,pepper,False,0.01,61
2025-12-30 14:15:39,25493314,login_user,Python101,none,pepper,False,0.01,62
2025-12-30 14:15:39,25493314,login_user,demo,none,pepper,False,0.01,63
2025-12-30 14:15:39,25493314,login_user,student,none,pepper,False,0.01,64
2025-12-30 14:15:39,25493314,login_user,name,none,pepper,False,0.02,65
2025-12-30 14:15:39,25493314,login_user,1111,none,pepper,False,0.01,66
2025-12-30 14:15:39,25493314,login_user,BlueCat12,none,pepper,False,0.01,67
2025-12-30 14:15:39,25493314,login_user,TechGirl7,none,pepper,False,0.01,68
2025-12-30 14:15:39,25493314,login_user,Cloud123,none,pepper,False,0.01,69
2025-12-30 14:15:39,25493314,login_user,GameOn22,none,pepper,False,0.01,70
2025-12-30 14:15:39,25493314,login_user,WebDev88,none,pepper,False,0.01,71
2025-12-30 14:15:39,25493314,pythonfan,123456,none,pepper,False,0.01,1
2025-12-30 14:15:39,25493314,pythonfan,password,none,pepper,False,0.01,2
2025-12-30 14:15:39,25493314,pythonfan,12345678,none,pepper,False,0.01,3
2025-12-30 14:15:39,25493314,pythonfan,qwerty,none,pepper,False,0.01,4
2025-12-30 14:15:39,25493314,pythonfan,123456789,none,pepper,False,0.01,5
2025-12-30 14:15:40,25493314,pythonfan,12345,none,pepper,False,0.01,6
2025-12-30 14:15:40,25493314,pythonfan,1234,none,pepper,False,0.01,7
2025-12-30 14:15:40,25493314,pythonfan,111111,none,pepper,False,0.01,8
2025-12-30 14:15:40,25493314,pythonfan,1234567,none,pepper,False,0.01,9
2025-12-30 14:15:40,25493314,pythonfan,dragon,none,pepper,False,0.01,10
2025-12-30 14:15:40,25493314,pythonfan,123123,none,pepper,False,0.01,11
2025-12-30 14:15:40,25493314,pythonfan,baseball,none,pepper,False,0.01,12
2025-12-30 14:15:40,25493314,pythonfan,abc123,none,pepper,False,0.01,13
2025-12-30 14:15:40,25493314,pythonfan,football,none,pepper,False,0.01,14
2025-12-30 14:15:40,25493314,pythonfan,monkey,none,pepper,False,0.01,15
2025-12-30 14:15:40,25493314,pythonfan,letmein,none,pepper,False,0.01,16
2025-12-30 14:15:40,25493314,pythonfan,shadow,none,pepper,False,0.02,17
2025-12-30 14:15:40,25493314,pythonfan,master,none,pepper,False,0.01,18
2025-12-30 14:15:40,25493314,pythonfan,666666,none,pepper,False,0.01,19
2025-12-30 14:15:40,25493314,pythonfan,qwertyuiop,none,pepper,False,0.01,20
2025-12-30 14:15:40,25493314,pythonfan,123321,none,pepper,False,0.01,21
2025-12-30 14:15:40,25493314,pythonfan,mustang,none,pepper,False,0.01,22
2025-12-30 14:15:40,25493314,pythonfan,121212,none,pepper,False,0.01,23
2025-12-30 14:15:40,25493314,pythonfan,000000,none,pepper,False,0.01,24
2025-12-30 14:15:40,25493314,pythonfan,password1,none,pepper,False,0.01,25
2025-12-30 14:15:40,25493314,pythonfan,admin,none,pepper,False,0.01,26
2025-12-30 14:15:40,25493314,pythonfan,admin123,none,pepper,False,0.01,27
2025-12-30 14:15:40,25493314,pythonfan,root,none,pepper,False,0.01,28
2025-12-30 14:15:40,25493314,pythonfan,toor,none,pepper,False,0.01,29
2025-12-30 14:15:40,25493314,pythonfan,pass,none,pepper,False,0.01,30
2025-12-30 14:15:40,25493314,pythonfan,test,none,pepper,False,0.01,31
2025-12-30 14:15:40,25493314,pythonfan,test123,none,pepper,False,0.01,32
2025-12-30 14:15:40,25493314,pythonfan,guest,none,pepper,False,0.01,33
2025-12-30 14:15:40,25493314,pythonfan,guest123,none,pepper,False,0.01,34
2025-12-30 14:15:40,25493314,pythonfan,user,none,pepper,False,0.01,35
2025-12-30 14:15:40,25493314,pythonfan,user123,none,pepper,False,0.01,36
2025-12-30 14:15:40,25493314,pythonfan,login,none,pepper,False,0.01,37
2025-12-30 14:15:40,25493314,pythonfan,login123,none,pepper,False,0.01,38
2025-12-30 14:15:40,25493314,pythonfan,welcome,none,pepper,False,0.02,39
2025-12-30 14:15:40,25493314,pythonfan,welcome1,none,pepper,False,0.01,40
2025-12-30 14:15:40,25493314,pythonfan,password123,none,pepper,False,0.01,41
2025-12-30 14:15:40,25493314,pythonfan,admin1,none,pepper,False,0.01,42
2025-12-30 14:15:40,25493314,pythonfan,root123,none,pepper,False,0.01,43
2025-12-30 14:15:40,25493314,pythonfan,pass123,none,pepper,False,0.01,44
2025-12-30 14:15:40,25493314,pythonfan,1q2w3e4r,none,pepper,False,0.01,45
2025-12-30 14:15:40,25493314,pythonfan,qwerty123,none,pepper,False,0.01,46
2025-12-30 14:15:40,25493314,pythonfan,1234567890,none,pepper,False,0.01,47
2025-12-30 14:15:40,25493314,pythonfan,987654321,none,pepper,False,0.01,48
2025-12-30 14:15:40,25493314,pythonfan,hello,none,pepper,False,0.01,49
2025-12-30 14:15:40,25493314,pythonfan,hello123,none,pepper,False,0.02,50
2025-12-30 14:15:40,25493314,pythonfan,iloveyou,none,pepper,False,0.01,51
2025-12-30 14:15:41,25493314,pythonfan,sunshine,none,pepper,False,0.01,52
2025-12-30 14:15:41,25493314,pythonfan,princess,none,pepper,False,0.01,53
2025-12-30 14:15:41,25493314,pythonfan,Password1,none,pepper,False,0.01,54
2025-12-30 14:15:41,25493314,pythonfan,Password123,none,pepper,False,0.01,55
2025-12-30 14:15:41,25493314,pythonfan,Admin123,none,pepper,False,0.01,56
2025-12-30 14:15:41,25493314,pythonfan,Welcome1,none,pepper,False,0.01,57
2025-12-30 14:15:41,25493314,pythonfan,Student123,none,pepper,False,0.01,58
2025-12-30 14:15:41,25493314,pythonfan,Student99,none,pepper,False,0.02,59
2025-12-30 14:15:41,25493314,pythonfan,Test2024,none,pepper,False,0.01,60
2025-12-30 14:15:41,25493314,pythonfan,Login456,none,pepper,False,0.01,61
2025-12-30 14:15:41,25493314,pythonfan,Python101,none,pepper,False,0.01,62
2025-12-30 14:15:41,25493314,pythonfan,demo,none,pepper,False,0.01,63
2025-12-30 14:15:41,25493314,pythonfan,student,none,pepper,False,0.01,64
2025-12-30 14:15:41,25493314,pythonfan,name,none,pepper,False,0.01,65
2025-12-30 14:15:41,25493314,pythonfan,1111,none,pepper,False,0.01,66
2025-12-30 14:15:41,25493314,pythonfan,BlueCat12,none,pepper,False,0.01,67
2025-12-30 14:15:41,25493314,pythonfan,TechGirl7,none,pepper,False,0.01,68
2025-12-30 14:15:41,25493314,pythonfan,Cloud123,none,pepper,False,0.01,69
2025-12-30 14:15:41,25493314,pythonfan,GameOn22,none,pepper,False,0.01,70
2025-12-30 14:15:41,25493314,pythonfan,WebDev88,none,pepper,False,0.01,71
2025-12-30 14:15:41,25493314,techgirl,123456,none,pepper,False,0.01,1
2025-12-30 14:15:41,25493314,techgirl,password,none,pepper,False,0.01,2
2025-12-30 14:15:41,25493314,techgirl,12345678,none,pepper,False,0.01,3
2025-12-30 14:15:41,25493314,techgirl,qwerty,none,pepper,False,0.01,4
2025-12-30 14:15:41,25493314,techgirl,123456789,none,pepper,False,0.01,5
2025-12-30 14:15:41,25493314,techgirl,12345,none,pepper,False,0.01,6
2025-12-30 14:15:41,25493314,techgirl,1234,none,pepper,False,0.01,7
2025-12-30 14:15:41,25493314,techgirl,111111,none,pepper,False,0.01,8
2025-12-30 14:15:41,25493314,techgirl,1234567,none,pepper,False,0.01,9
2025-12-30 14:15:41,25493314,techgirl,dragon,none,pepper,False,0.01,10
2025-12-30 14:15:41,25493314,techgirl,123123,none,pepper,False,0.01,11
2025-12-30 14:15:41,25493314,techgirl,baseball,none,pepper,False,0.01,12
2025-12-30 14:15:41,25493314,techgirl,abc123,none,pepper,False,0.01,13
2025-12-30 14:15:41,25493314,techgirl,football,none,pepper,False,0.01,14
2025-12-30 14:15:41,25493314,techgirl,monkey,none,pepper,False,0.01,15
2025-12-30 14:15:41,25493314,techgirl,letmein,none,pepper,False,0.02,16
2025-12-30 14:15:41,25493314,techgirl,shadow,none,pepper,False,0.01,17
2025-12-30 14:15:41,25493314,techgirl,master,none,pepper,False,0.01,18
2025-12-30 14:15:41,25493314,techgirl,666666,none,pepper,False,0.01,19
2025-12-30 14:15:42,25493314,techgirl,qwertyuiop,none,pepper,False,0.01,20
2025-12-30 14:15:42,25493314,techgirl,123321,none,pepper,False,0.01,21
2025-12-30 14:15:42,25493314,techgirl,mustang,none,pepper,False,0.01,22
2025-12-30 14:15:42,25493314,techgirl,121212,none,pepper,False,0.01,23
2025-12-30 14:15:42,25493314,techgirl,000000,none,pepper,False,0.02,24
2025-12-30 14:15:42,25493314,techgirl,password1,none,pepper,False,0.01,25
2025-12-30 14:15:42,25493314,techgirl,admin,none,pepper,False,0.01,26
2025-12-30 14:15:42,25493314,techgirl,admin123,none,pepper,False,0.01,27
2025-12-30 14:15:42,25493314,techgirl,root,none,pepper,False,0.01,28
2025-12-30 14:15:42,25493314,techgirl,toor,none,pepper,False,0.01,29
2025-12-30 14:15:42,25493314,techgirl,pass,none,pepper,False,0.01,30
2025-12-30 14:15:42,25493314,techgirl,test,none,pepper,False,0.01,31
2025-12-30 14:15:42,25493314,techgirl,test123,none,pepper,False,0.01,32
2025-12-30 14:15:42,25493314,techgirl,guest,none,pepper,False,0.01,33
2025-12-30 14:15:42,25493314,techgirl,guest123,none,pepper,False,0.01,34
2025-12-30 14:15:42,25493314,techgirl,user,none,pepper,False,0.01,35
2025-12-30 14:15:42,25493314,techgirl,user123,none,pepper,False,0.01,36
2025-12-30 14:15:42,25493314,techgirl,login,none,pepper,False,0.01,37
2025-12-30 14:15:42,25493314,techgirl,login123,none,pepper,False,0.02,38
2025-12-30 14:15:42,25493314,techgirl,welcome,none,pepper,False,0.01,39
2025-12-30 14:15:42,25493314,techgirl,welcome1,none,pepper,False,0.01,40
2025-12-30 14:15:42,25493314,techgirl,password123,none,pepper,False,0.01,41
2025-12-30 14:15:42,25493314,techgirl,admin1,none,pepper,False,0.01,42
2025-12-30 14:15:42,25493314,techgirl,root123,none,pepper,False,0.01,43
2025-12-30 14:15:42,25493314,techgirl,pass123,none,pepper,False,0.01,44
2025-12-30 14:15:42,25493314,techgirl,1q2w3e4r,none,pepper,False,0.01,45
2025-12-30 14:15:42,25493314,techgirl,qwerty123,none,pepper,False,0.01,46
2025-12-30 14:15:42,25493314,techgirl,1234567890,none,pepper,False,0.01,47
2025-12-30 14:15:42,25493314,techgirl,987654321,none,pepper,False,0.26,48
2025-12-30 14:15:42,25493314,techgirl,hello,none,pepper,False,0.01,49
2025-12-30 14:15:42,25493314,techgirl,hello123,none,pepper,False,0.01,50
2025-12-30 14:15:42,25493314,techgirl,iloveyou,none,pepper,False,0.01,51
2025-12-30 14:15:42,25493314,techgirl,sunshine,none,pepper,False,0.01,52
2025-12-30 14:15:42,25493314,techgirl,princess,none,pepper,False,0.02,53
2025-12-30 14:15:42,25493314,techgirl,Password1,none,pepper,False,0.01,54
2025-12-30 14:15:42,25493314,techgirl,Password123,none,pepper,False,0.01,55
2025-12-30 14:15:42,25493314,techgirl,Admin123,none,pepper,False,0.01,56
2025-12-30 14:15:42,25493314,techgirl,Welcome1,none,pepper,False,0.01,57
2025-12-30 14:15:42,25493314,techgirl,Student123,none,pepper,False,0.01,58
2025-12-30 14:15:42,25493314,techgirl,Student99,none,pepper,False,0.01,59
2025-12-30 14:15:42,25493314,techgirl,Test2024,none,pepper,False,0.01,60
2025-12-30 14:15:42,25493314,techgirl,Login456,none,pepper,False,0.01,61
2025-12-30 14:15:43,25493314,techgirl,Python101,none,pepper,False,0.01,62
2025-12-30 14:15:43,25493314,techgirl,demo,none,pepper,False,0.01,63
2025-12-30 14:15:43,25493314,techgirl,student,none,pepper,False,0.01,64
2025-12-30 14:15:43,25493314,techgirl,name,none,pepper,False,0.01,65
2025-12-30 14:15:43,25493314,techgirl,1111,none,pepper,False,0.01,66
2025-12-30 14:15:43,25493314,techgirl,BlueCat12,none,pepper,False,0.01,67
2025-12-30 14:15:43,25493314,techgirl,TechGirl7,none,pepper,False,0.01,68
2025-12-30 14:15:43,25493314,techgirl,Cloud123,none,pepper,False,0.01,69
2025-12-30 14:15:43,25493314,techgirl,GameOn22,none,pepper,False,0.01,70
2025-12-30 14:15:43,25493314,techgirl,WebDev88,none,pepper,False,0.01,71
2025-12-30 14:15:43,25493314,cloud_user,123456,none,pepper,False,0.01,1
2025-12-30 14:15:43,25493314,cloud_user,password,none,pepper,False,0.01,2
2025-12-30 14:15:43,25493314,cloud_user,12345678,none,pepper,False,0.01,3
2025-12-30 14:15:43,25493314,cloud_user,qwerty,none,pepper,False,0.01,4
2025-12-30 14:15:43,25493314,cloud_user,123456789,none,pepper,False,0.01,5
2025-12-30 14:15:43,25493314,cloud_user,12345,none,pepper,False,0.01,6
2025-12-30 14:15:43,25493314,cloud_user,1234,none,pepper,False,0.02,7
2025-12-30 14:15:43,25493314,cloud_user,111111,none,pepper,False,0.01,8
2025-12-30 14:15:43,25493314,cloud_user,1234567,none,pepper,False,0.01,9
2025-12-30 14:15:43,25493314,cloud_user,dragon,none,pepper,False,0.01,10
2025-12-30 14:15:43,25493314,cloud_user,123123,none,pepper,False,0.01,11
2025-12-30 14:15:43,25493314,cloud_user,baseball,none,pepper,False,0.01,12
2025-12-30 14:15:43,25493314,cloud_user,abc123,none,pepper,False,0.01,13
2025-12-30 14:15:43,25493314,cloud_user,football,none,pepper,False,0.02,14
2025-12-30 14:15:43,25493314,cloud_user,monkey,none,pepper,False,0.01,15
2025-12-30 14:15:43,25493314,cloud_user,letmein,none,pepper,False,0.01,16
2025-12-30 14:15:43,25493314,cloud_user,shadow,none,pepper,False,0.01,17
2025-12-30 14:15:43,25493314,cloud_user,master,none,pepper,False,0.01,18
2025-12-30 14:15:43,25493314,cloud_user,666666,none,pepper,False,0.01,19
2025-12-30 14:15:43,25493314,cloud_user,qwertyuiop,none,pepper,False,0.01,20
2025-12-30 14:15:43,25493314,cloud_user,123321,none,pepper,False,0.01,21
2025-12-30 14:15:43,25493314,cloud_user,mustang,none,pepper,False,0.01,22
2025-12-30 14:15:43,25493314,cloud_user,121212,none,pepper,False,0.01,23
2025-12-30 14:15:43,25493314,cloud_user,000000,none,pepper,False,0.01,24
2025-12-30 14:15:43,25493314,cloud_user,password1,none,pepper,False,0.01,25
2025-12-30 14:15:43,25493314,cloud_user,admin,none,pepper,False,0.01,26
2025-12-30 14:15:43,25493314,cloud_user,admin123,none,pepper,False,0.01,27
2025-12-30 14:15:43,25493314,cloud_user,root,none,pepper,False,0.01,28
2025-12-30 14:15:44,25493314,cloud_user,toor,none,pepper,False,0.01,29
2025-12-30 14:15:44,25493314,cloud_user,pass,none,pepper,False,0.02,30
2025-12-30 14:15:44,25493314,cloud_user,test,none,pepper,False,0.01,31
2025-12-30 14:15:44,25493314,cloud_user,test123,none,pepper,False,0.01,32
2025-12-30 14:15:44,25493314,cloud_user,guest,none,pepper,False,0.01,33
2025-12-30 14:15:44,25493314,cloud_user,guest123,none,pepper,False,0.02,34
2025-12-30 14:15:44,25493314,cloud_user,user,none,pepper,False,0.01,35
2025-12-30 14:15:44,25493314,cloud_user,user123,none,pepper,False,0.01,36
2025-12-30 14:15:44,25493314,cloud_user,login,none,pepper,False,0.01,37
2025-12-30 14:15:44,25493314,cloud_user,login123,none,pepper,False,0.01,38
2025-12-30 14:15:44,25493314,cloud_user,welcome,none,pepper,False,0.01,39
2025-12-30 14:15:44,25493314,cloud_user,welcome1,none,pepper,False,0.01,40
2025-12-30 14:15:44,25493314,cloud_user,password123,none,pepper,False,0.01,41
2025-12-30 14:15:44,25493314,cloud_user,admin1,none,pepper,False,0.01,42
2025-12-30 14:15:44,25493314,cloud_user,root123,none,pepper,False,0.01,43
2025-12-30 14:15:44,25493314,cloud_user,pass123,none,pepper,False,0.01,44
2025-12-30 14:15:44,25493314,cloud_user,1q2w3e4r,none,pepper,False,0.01,45
2025-12-30 14:15:44,25493314,cloud_user,qwerty123,none,pepper,False,0.01,46
2025-12-30 14:15:44,25493314,cloud_user,1234567890,none,pepper,False,0.01,47
2025-12-30 14:15:44,25493314,cloud_user,987654321,none,pepper,False,0.01,48
2025-12-30 14:15:44,25493314,cloud_user,hello,none,pepper,False,0.01,49
2025-12-30 14:15:44,25493314,cloud_user,hello123,none,pepper,False,0.01,50
2025-12-30 14:15:44,25493314,cloud_user,iloveyou,none,pepper,False,0.01,51
2025-12-30 14:15:44,25493314,cloud_user,sunshine,none,pepper,False,0.01,52
2025-12-30 14:15:44,25493314,cloud_user,princess,none,pepper,False,0.01,53
2025-12-30 14:15:44,25493314,cloud_user,Password1,none,pepper,False,0.01,54
2025-12-30 14:15:44,25493314,cloud_user,Password123,none,pepper,False,0.01,55
2025-12-30 14:15:44,25493314,cloud_user,Admin123,none,pepper,False,0.01,56
2025-12-30 14:15:44,25493314,cloud_user,Welcome1,none,pepper,False,0.01,57
2025-12-30 14:15:44,25493314,cloud_user,Student123,none,pepper,False,0.01,58
2025-12-30 14:15:44,25493314,cloud_user,Student99,none,pepper,False,0.02,59
2025-12-30 14:15:44,25493314,cloud_user,Test2024,none,pepper,False,0.01,60
2025-12-30 14:15:44,25493314,cloud_user,Login456,none,pepper,False,0.01,61
2025-12-30 14:15:44,25493314,cloud_user,Python101,none,pepper,False,0.01,62
2025-12-30 14:15:44,25493314,cloud_user,demo,none,pepper,False,0.01,63
2025-12-30 14:15:44,25493314,cloud_user,student,none,pepper,False,0.01,64
2025-12-30 14:15:44,25493314,cloud_user,name,none,pepper,False,0.01,65
2025-12-30 14:15:44,25493314,cloud_user,1111,none,pepper,False,0.02,66
2025-12-30 14:15:44,25493314,cloud_user,BlueCat12,none,pepper,False,0.01,67
2025-12-30 14:15:44,25493314,cloud_user,TechGirl7,none,pepper,False,0.01,68
2025-12-30 14:15:45,25493314,cloud_user,Cloud123,none,pepper,False,0.01,69
2025-12-30 14:15:45,25493314,cloud_user,GameOn22,none,pepper,False,0.01,70
2025-12-30 14:15:45,25493314,cloud_user,WebDev88,none,pepper,False,0.01,71
2025-12-30 14:15:45,25493314,gamer22,123456,none,pepper,False,0.01,1
2025-12-30 14:15:45,25493314,gamer22,password,none,pepper,False,0.01,2
2025-12-30 14:15:45,25493314,gamer22,12345678,none,pepper,False,0.01,3
2025-12-30 14:15:45,25493314,gamer22,qwerty,none,pepper,False,0.01,4
2025-12-30 14:15:45,25493314,gamer22,123456789,none,pepper,False,0.01,5
2025-12-30 14:15:45,25493314,gamer22,12345,none,pepper,False,0.01,6
2025-12-30 14:15:45,25493314,gamer22,1234,none,pepper,False,0.01,7
2025-12-30 14:15:45,25493314,gamer22,111111,none,pepper,False,0.01,8
2025-12-30 14:15:45,25493314,gamer22,1234567,none,pepper,False,0.01,9
2025-12-30 14:15:45,25493314,gamer22,dragon,none,pepper,False,0.02,10
2025-12-30 14:15:45,25493314,gamer22,123123,none,pepper,False,0.01,11
2025-12-30 14:15:45,25493314,gamer22,baseball,none,pepper,False,0.01,12
2025-12-30 14:15:45,25493314,gamer22,abc123,none,pepper,False,0.01,13
2025-12-30 14:15:45,25493314,gamer22,football,none,pepper,False,0.01,14
2025-12-30 14:15:45,25493314,gamer22,monkey,none,pepper,False,0.01,15
2025-12-30 14:15:45,25493314,gamer22,letmein,none,pepper,False,0.01,16
2025-12-30 14:15:45,25493314,gamer22,shadow,none,pepper,False,0.01,17
2025-12-30 14:15:45,25493314,gamer22,master,none,pepper,False,0.01,18
2025-12-30 14:15:45,25493314,gamer22,666666,none,pepper,False,0.01,19
2025-12-30 14:15:45,25493314,gamer22,qwertyuiop,none,pepper,False,0.01,20
2025-12-30 14:15:45,25493314,gamer22,123321,none,pepper,False,0.01,21
2025-12-30 14:15:45,25493314,gamer22,mustang,none,pepper,False,0.01,22
2025-12-30 14:15:45,25493314,gamer22,121212,none,pepper,False,0.01,23
2025-12-30 14:15:45,25493314,gamer22,000000,none,pepper,False,0.01,24
2025-12-30 14:15:45,25493314,gamer22,password1,none,pepper,False,0.01,25
2025-12-30 14:15:45,25493314,gamer22,admin,none,pepper,False,0.01,26
2025-12-30 14:15:45,25493314,gamer22,admin123,none,pepper,False,0.01,27
2025-12-30 14:15:45,25493314,gamer22,root,none,pepper,False,0.01,28
2025-12-30 14:15:45,25493314,gamer22,toor,none,pepper,False,0.01,29
2025-12-30 14:15:45,25493314,gamer22,pass,none,pepper,False,0.01,30
2025-12-30 14:15:45,25493314,gamer22,test,none,pepper,False,0.01,31
2025-12-30 14:15:45,25493314,gamer22,test123,none,pepper,False,0.01,32
2025-12-30 14:15:46,25493314,gamer22,guest,none,pepper,False,0.01,33
2025-12-30 14:15:46,25493314,gamer22,guest123,none,pepper,False,0.01,34
2025-12-30 14:15:46,25493314,gamer22,user,none,pepper,False,0.01,35
2025-12-30 14:15:46,25493314,gamer22,user123,none,pepper,False,0.01,36
2025-12-30 14:15:46,25493314,gamer22,login,none,pepper,False,0.01,37
2025-12-30 14:15:46,25493314,gamer22,login123,none,pepper,False,0.01,38
2025-12-30 14:15:46,25493314,gamer22,welcome,none,pepper,False,0.01,39
2025-12-30 14:15:46,25493314,gamer22,welcome1,none,pepper,False,0.01,40
2025-12-30 14:15:46,25493314,gamer22,password123,none,pepper,False,0.01,41
2025-12-30 14:15:46,25493314,gamer22,admin1,none,pepper,False,0.01,42
2025-12-30 14:15:46,25493314,gamer22,root123,none,pepper,False,0.03,43
2025-12-30 14:15:46,25493314,gamer22,pass123,none,pepper,False,0.01,44
2025-12-30 14:15:46,25493314,gamer22,1q2w3e4r,none,pepper,False,0.01,45
2025-12-30 14:15:46,25493314,gamer22,qwerty123,none,pepper,False,0.01,46
2025-12-30 14:15:46,25493314,gamer22,1234567890,none,pepper,False,0.01,47
2025-12-30 14:15:46,25493314,gamer22,987654321,none,pepper,False,0.01,48
2025-12-30 14:15:46,25493314,gamer22,hello,none,pepper,False,0.01,49
2025-12-30 14:15:46,25493314,gamer22,hello123,none,pepper,False,0.01,50
2025-12-30 14:15:46,25493314,gamer22,iloveyou,none,pepper,False,0.01,51
2025-12-30 14:15:46,25493314,gamer22,sunshine,none,pepper,False,0.01,52
2025-12-30 14:15:46,25493314,gamer22,princess,none,pepper,False,0.01,53
2025-12-30 14:15:46,25493314,gamer22,Password1,none,pepper,False,0.01,54
2025-12-30 14:15:46,25493314,gamer22,Password123,none,pepper,False,0.01,55
2025-12-30 14:15:46,25493314,gamer22,Admin123,none,pepper,False,0.01,56
2025-12-30 14:15:46,25493314,gamer22,Welcome1,none,pepper,False,0.01,57
2025-12-30 14:15:46,25493314,gamer22,Student123,none,pepper,False,0.01,58
2025-12-30 14:15:46,25493314,gamer22,Student99,none,pepper,False,0.01,59
2025-12-30 14:15:46,25493314,gamer22,Test2024,none,pepper,False,0.01,60
2025-12-30 14:15:46,25493314,gamer22,Login456,none,pepper,False,0.01,61
2025-12-30 14:15:46,25493314,gamer22,Python101,none,pepper,False,0.01,62
2025-12-30 14:15:46,25493314,gamer22,demo,none,pepper,False,0.01,63
2025-12-30 14:15:46,25493314,gamer22,student,none,pepper,False,0.01,64
2025-12-30 14:15:46,25493314,gamer22,name,none,pepper,False,0.01,65
2025-12-30 14:15:46,25493314,gamer22,1111,none,pepper,False,0.01,66
2025-12-30 14:15:46,25493314,gamer22,BlueCat12,none,pepper,False,0.01,67
2025-12-30 14:15:46,25493314,gamer22,TechGirl7,none,pepper,False,0.01,68
2025-12-30 14:15:46,25493314,gamer22,Cloud123,none,pepper,False,0.01,69
2025-12-30 14:15:46,25493314,gamer22,GameOn22,none,pepper,False,0.01,70
2025-12-30 14:15:47,25493314,gamer22,WebDev88,none,pepper,False,0.01,71
2025-12-30 14:15:47,25493314,webdev,123456,none,pepper,False,0.01,1
2025-12-30 14:15:47,25493314,webdev,password,none,pepper,False,0.01,2
2025-12-30 14:15:47,25493314,webdev,12345678,none,pepper,False,0.01,3
2025-12-30 14:15:47,25493314,webdev,qwerty,none,pepper,False,0.01,4
2025-12-30 14:15:47,25493314,webdev,123456789,none,pepper,False,0.01,5
2025-12-30 14:15:47,25493314,webdev,12345,none,pepper,False,0.01,6
2025-12-30 14:15:47,25493314,webdev,1234,none,pepper,False,0.01,7
2025-12-30 14:15:47,25493314,webdev,111111,none,pepper,False,0.01,8
2025-12-30 14:15:47,25493314,webdev,1234567,none,pepper,False,0.01,9
2025-12-30 14:15:47,25493314,webdev,dragon,none,pepper,False,0.01,10
2025-12-30 14:15:47,25493314,webdev,123123,none,pepper,False,0.01,11
2025-12-30 14:15:47,25493314,webdev,baseball,none,pepper,False,0.01,12
2025-12-30 14:15:47,25493314,webdev,abc123,none,pepper,False,0.01,13
2025-12-30 14:15:47,25493314,webdev,football,none,pepper,False,0.01,14
2025-12-30 14:15:47,25493314,webdev,monkey,none,pepper,False,0.01,15
2025-12-30 14:15:47,25493314,webdev,letmein,none,pepper,False,0.01,16
2025-12-30 14:15:47,25493314,webdev,shadow,none,pepper,False,0.01,17
2025-12-30 14:15:47,25493314,webdev,master,none,pepper,False,0.01,18
2025-12-30 14:15:47,25493314,webdev,666666,none,pepper,False,0.01,19
2025-12-30 14:15:47,25493314,webdev,qwertyuiop,none,pepper,False,0.01,20
2025-12-30 14:15:47,25493314,webdev,123321,none,pepper,False,0.01,21
2025-12-30 14:15:47,25493314,webdev,mustang,none,pepper,False,0.01,22
2025-12-30 14:15:47,25493314,webdev,121212,none,pepper,False,0.03,23
2025-12-30 14:15:47,25493314,webdev,000000,none,pepper,False,0.01,24
2025-12-30 14:15:47,25493314,webdev,password1,none,pepper,False,0.01,25
2025-12-30 14:15:47,25493314,webdev,admin,none,pepper,False,0.01,26
2025-12-30 14:15:47,25493314,webdev,admin123,none,pepper,False,0.01,27
2025-12-30 14:15:47,25493314,webdev,root,none,pepper,False,0.04,28
2025-12-30 14:15:47,25493314,webdev,toor,none,pepper,False,0.01,29
2025-12-30 14:15:47,25493314,webdev,pass,none,pepper,False,0.01,30
2025-12-30 14:15:47,25493314,webdev,test,none,pepper,False,0.01,31
2025-12-30 14:15:47,25493314,webdev,test123,none,pepper,False,0.01,32
2025-12-30 14:15:47,25493314,webdev,guest,none,pepper,False,0.01,33
2025-12-30 14:15:48,25493314,webdev,guest123,none,pepper,False,0.01,34
2025-12-30 14:15:48,25493314,webdev,user,none,pepper,False,0.01,35
2025-12-30 14:15:48,25493314,webdev,user123,none,pepper,False,0.01,36
2025-12-30 14:15:48,25493314,webdev,login,none,pepper,False,0.01,37
2025-12-30 14:15:48,25493314,webdev,login123,none,pepper,False,0.01,38
2025-12-30 14:15:48,25493314,webdev,welcome,none,pepper,False,0.01,39
2025-12-30 14:15:48,25493314,webdev,welcome1,none,pepper,False,0.01,40
2025-12-30 14:15:48,25493314,webdev,password123,none,pepper,False,0.01,41
2025-12-30 14:15:48,25493314,webdev,admin1,none,pepper,False,0.01,42
2025-12-30 14:15:48,25493314,webdev,root123,none,pepper,False,0.01,43
2025-12-30 14:15:48,25493314,webdev,pass123,none,pepper,False,0.01,44
2025-12-30 14:15:48,25493314,webdev,1q2w3e4r,none,pepper,False,0.01,45
2025-12-30 14:15:48,25493314,webdev,qwerty123,none,pepper,False,0.01,46
2025-12-30 14:15:48,25493314,webdev,1234567890,none,pepper,False,0.01,47
2025-12-30 14:15:48,25493314,webdev,987654321,none,pepper,False,0.01,48
2025-12-30 14:15:48,25493314,webdev,hello,none,pepper,False,0.01,49
2025-12-30 14:15:48,25493314,webdev,hello123,none,pepper,False,0.01,50
2025-12-30 14:15:48,25493314,webdev,iloveyou,none,pepper,False,0.01,51
2025-12-30 14:15:48,25493314,webdev,sunshine,none,pepper,False,0.01,52
2025-12-30 14:15:48,25493314,webdev,princess,none,pepper,False,0.01,53
2025-12-30 14:15:48,25493314,webdev,Password1,none,pepper,False,0.01,54
2025-12-30 14:15:48,25493314,webdev,Password123,none,pepper,False,0.01,55
2025-12-30 14:15:48,25493314,webdev,Admin123,none,pepper,False,0.01,56
2025-12-30 14:15:48,25493314,webdev,Welcome1,none,pepper,False,0.01,57
2025-12-30 14:15:48,25493314,webdev,Student123,none,pepper,False,0.01,58
2025-12-30 14:15:48,25493314,webdev,Student99,none,pepper,False,0.01,59
2025-12-30 14:15:48,25493314,webdev,Test2024,none,pepper,False,0.01,60
2025-12-30 14:15:48,25493314,webdev,Login456,none,pepper,False,0.01,61
2025-12-30 14:15:48,25493314,webdev,Python101,none,pepper,False,0.01,62
2025-12-30 14:15:48,25493314,webdev,demo,none,pepper,False,0.01,63
2025-12-30 14:15:48,25493314,webdev,student,none,pepper,False,0.01,64
2025-12-30 14:15:48,25493314,webdev,name,none,pepper,False,0.01,65
2025-12-30 14:15:48,25493314,webdev,1111,none,pepper,False,0.01,66
2025-12-30 14:15:48,25493314,webdev,BlueCat12,none,pepper,False,0.01,67
2025-12-30 14:15:48,25493314,webdev,TechGirl7,none,pepper,False,0.01,68
2025-12-30 14:15:48,25493314,webdev,Cloud123,none,pepper,False,0.01,69
2025-12-30 14:15:48,25493314,webdev,GameOn22,none,pepper,False,0.01,70
2025-12-30 14:15:48,25493314,webdev,WebDev88,none,pepper,False,0.01,71
2025-12-30 14:15:49,25493314,sha.sec,123456,none,pepper,False,0.01,1
2025-12-30 14:15:49,25493314,sha.sec,password,none,pepper,False,0.01,2
2025-12-30 14:15:49,25493314,sha.sec,12345678,none,pepper,False,0.01,3
2025-12-30 14:15:49,25493314,sha.sec,qwerty,none,pepper,False,0.01,4
2025-12-30 14:15:49,25493314,sha.sec,123456789,none,pepper,False,0.01,5
2025-12-30 14:15:49,25493314,sha.sec,12345,none,pepper,False,0.01,6
2025-12-30 14:15:49,25493314,sha.sec,1234,none,pepper,False,0.01,7
2025-12-30 14:15:49,25493314,sha.sec,111111,none,pepper,False,0.01,8
2025-12-30 14:15:49,25493314,sha.sec,1234567,none,pepper,False,0.01,9
2025-12-30 14:15:49,25493314,sha.sec,dragon,none,pepper,False,0.01,10
2025-12-30 14:15:49,25493314,sha.sec,123123,none,pepper,False,0.01,11
2025-12-30 14:15:49,25493314,sha.sec,baseball,none,pepper,False,0.01,12
2025-12-30 14:15:49,25493314,sha.sec,abc123,none,pepper,False,0.01,13
2025-12-30 14:15:49,25493314,sha.sec,football,none,pepper,False,0.01,14
2025-12-30 14:15:49,25493314,sha.sec,monkey,none,pepper,False,0.01,15
2025-12-30 14:15:49,25493314,sha.sec,letmein,none,pepper,False,0.01,16
2025-12-30 14:15:49,25493314,sha.sec,shadow,none,pepper,False,0.01,17
2025-12-30 14:15:49,25493314,sha.sec,master,none,pepper,False,0.01,18
2025-12-30 14:15:49,25493314,sha.sec,666666,none,pepper,False,0.01,19
2025-12-30 14:15:49,25493314,sha.sec,qwertyuiop,none,pepper,False,0.01,20
2025-12-30 14:15:49,25493314,sha.sec,123321,none,pepper,False,0.05,21
2025-12-30 14:15:49,25493314,sha.sec,mustang,none,pepper,False,0.01,22
2025-12-30 14:15:49,25493314,sha.sec,121212,none,pepper,False,0.01,23
2025-12-30 14:15:49,25493314,sha.sec,000000,none,pepper,False,0.01,24
2025-12-30 14:15:49,25493314,sha.sec,password1,none,pepper,False,0.01,25
2025-12-30 14:15:49,25493314,sha.sec,admin,none,pepper,False,0.01,26
2025-12-30 14:15:49,25493314,sha.sec,admin123,none,pepper,False,0.01,27
2025-12-30 14:15:49,25493314,sha.sec,root,none,pepper,False,0.01,28
2025-12-30 14:15:49,25493314,sha.sec,toor,none,pepper,False,0.01,29
2025-12-30 14:15:49,25493314,sha.sec,pass,none,pepper,False,0.01,30
2025-12-30 14:15:49,25493314,sha.sec,test,none,pepper,False,0.01,31
2025-12-30 14:15:49,25493314,sha.sec,test123,none,pepper,False,0.01,32
2025-12-30 14:15:50,25493314,sha.sec,guest,none,pepper,False,0.01,33
2025-12-30 14:15:50,25493314,sha.sec,guest123,none,pepper,False,0.01,34
2025-12-30 14:15:50,25493314,sha.sec,user,none,pepper,False,0.01,35
2025-12-30 14:15:50,25493314,sha.sec,user123,none,pepper,False,0.01,36
2025-12-30 14:15:50,25493314,sha.sec,login,none,pepper,False,0.01,37
2025-12-30 14:15:50,25493314,sha.sec,login123,none,pepper,False,0.01,38
2025-12-30 14:15:50,25493314,sha.sec,welcome,none,pepper,False,0.01,39
2025-12-30 14:15:50,25493314,sha.sec,welcome1,none,pepper,False,0.01,40
2025-12-30 14:15:50,25493314,sha.sec,password123,none,pepper,False,0.01,41
2025-12-30 14:15:50,25493314,sha.sec,admin1,none,pepper,False,0.01,42
2025-12-30 14:15:50,25493314,sha.sec,root123,none,pepper,False,0.01,43
2025-12-30 14:15:50,25493314,sha.sec,pass123,none,pepper,False,0.01,44
2025-12-30 14:15:50,25493314,sha.sec,1q2w3e4r,none,pepper,False,0.01,45
2025-12-30 14:15:50,25493314,sha.sec,qwerty123,none,pepper,False,0.01,46
2025-12-30 14:15:50,25493314,sha.sec,1234567890,none,pepper,False,0.01,47
2025-12-30 14:15:50,25493314,sha.sec,987654321,none,pepper,False,0.01,48
2025-12-30 14:15:50,25493314,sha.sec,hello,none,pepper,False,0.01,49
2025-12-30 14:15:50,25493314,sha.sec,hello123,none,pepper,False,0.01,50
2025-12-30 14:15:50,25493314,sha.sec,iloveyou,none,pepper,False,0.01,51
2025-12-30 14:15:50,25493314,sha.sec,sunshine,none,pepper,False,0.01,52
2025-12-30 14:15:50,25493314,sha.sec,princess,none,pepper,False,0.01,53
2025-12-30 14:15:50,25493314,sha.sec,Password1,none,pepper,False,0.01,54
2025-12-30 14:15:50,25493314,sha.sec,Password123,none,pepper,False,0.01,55
2025-12-30 14:15:50,25493314,sha.sec,Admin123,none,pepper,False,0.01,56
2025-12-30 14:15:50,25493314,sha.sec,Welcome1,none,pepper,False,0.01,57
2025-12-30 14:15:50,25493314,sha.sec,Student123,none,pepper,False,0.01,58
2025-12-30 14:15:50,25493314,sha.sec,Student99,none,pepper,False,0.01,59
2025-12-30 14:15:50,25493314,sha.sec,Test2024,none,pepper,False,0.01,60
2025-12-30 14:15:50,25493314,sha.sec,Login456,none,pepper,False,0.01,61
2025-12-30 14:15:50,25493314,sha.sec,Python101,none,pepper,False,0.01,62
2025-12-30 14:15:50,25493314,sha.sec,demo,none,pepper,False,0.01,63
2025-12-30 14:15:50,25493314,sha.sec,student,none,pepper,False,0.01,64
2025-12-30 14:15:50,25493314,sha.sec,name,none,pepper,False,0.01,65
2025-12-30 14:15:50,25493314,sha.sec,1111,none,pepper,False,0.01,66
2025-12-30 14:15:50,25493314,sha.sec,BlueCat12,none,pepper,False,0.01,67
2025-12-30 14:15:50,25493314,sha.sec,TechGirl7,none,pepper,False,0.01,68
2025-12-30 14:15:50,25493314,sha.sec,Cloud123,none,pepper,False,0.01,69
2025-12-30 14:15:51,25493314,sha.sec,GameOn22,none,pepper,False,0.01,70
2025-12-30 14:15:51,25493314,sha.sec,WebDev88,none,pepper,False,0.01,71
2025-12-30 14:15:51,25493314,secure_user,123456,none,pepper,False,0.01,1
2025-12-30 14:15:51,25493314,secure_user,password,none,pepper,False,0.01,2
2025-12-30 14:15:51,25493314,secure_user,12345678,none,pepper,False,0.01,3
2025-12-30 14:15:51,25493314,secure_user,qwerty,none,pepper,False,0.01,4
2025-12-30 14:15:51,25493314,secure_user,123456789,none,pepper,False,0.01,5
2025-12-30 14:15:51,25493314,secure_user,12345,none,pepper,False,0.02,6
2025-12-30 14:15:51,25493314,secure_user,1234,none,pepper,False,0.01,7
2025-12-30 14:15:51,25493314,secure_user,111111,none,pepper,False,0.01,8
2025-12-30 14:15:51,25493314,secure_user,1234567,none,pepper,False,0.01,9
2025-12-30 14:15:51,25493314,secure_user,dragon,none,pepper,False,0.01,10
2025-12-30 14:15:51,25493314,secure_user,123123,none,pepper,False,0.01,11
2025-12-30 14:15:51,25493314,secure_user,baseball,none,pepper,False,0.01,12
2025-12-30 14:15:51,25493314,secure_user,abc123,none,pepper,False,0.01,13
2025-12-30 14:15:51,25493314,secure_user,football,none,pepper,False,0.01,14
2025-12-30 14:15:51,25493314,secure_user,monkey,none,pepper,False,0.01,15
2025-12-30 14:15:51,25493314,secure_user,letmein,none,pepper,False,0.01,16
2025-12-30 14:15:51,25493314,secure_user,shadow,none,pepper,False,0.01,17
2025-12-30 14:15:51,25493314,secure_user,master,none,pepper,False,0.01,18
2025-12-30 14:15:51,25493314,secure_user,666666,none,pepper,False,0.01,19
2025-12-30 14:15:51,25493314,secure_user,qwertyuiop,none,pepper,False,0.01,20
2025-12-30 14:15:51,25493314,secure_user,123321,none,pepper,False,0.01,21
2025-12-30 14:15:51,25493314,secure_user,mustang,none,pepper,False,0.01,22
2025-12-30 14:15:51,25493314,secure_user,121212,none,pepper,False,0.01,23
2025-12-30 14:15:51,25493314,secure_user,000000,none,pepper,False,0.01,24
2025-12-30 14:15:51,25493314,secure_user,password1,none,pepper,False,0.01,25
2025-12-30 14:15:51,25493314,secure_user,admin,none,pepper,False,0.01,26
2025-12-30 14:15:51,25493314,secure_user,admin123,none,pepper,False,0.01,27
2025-12-30 14:15:51,25493314,secure_user,root,none,pepper,False,0.01,28
2025-12-30 14:15:51,25493314,secure_user,toor,none,pepper,False,0.01,29
2025-12-30 14:15:51,25493314,secure_user,pass,none,pepper,False,0.01,30
2025-12-30 14:15:52,25493314,secure_user,test,none,pepper,False,0.01,31
2025-12-30 14:15:52,25493314,secure_user,test123,none,pepper,False,0.01,32
2025-12-30 14:15:52,25493314,secure_user,guest,none,pepper,False,0.01,33
2025-12-30 14:15:52,25493314,secure_user,guest123,none,pepper,False,0.01,34
2025-12-30 14:15:52,25493314,secure_user,user,none,pepper,False,0.01,35
2025-12-30 14:15:52,25493314,secure_user,user123,none,pepper,False,0.01,36
2025-12-30 14:15:52,25493314,secure_user,login,none,pepper,False,0.01,37
2025-12-30 14:15:52,25493314,secure_user,login123,none,pepper,False,0.01,38
2025-12-30 14:15:52,25493314,secure_user,welcome,none,pepper,False,0.01,39
2025-12-30 14:15:52,25493314,secure_user,welcome1,none,pepper,False,0.01,40
2025-12-30 14:15:52,25493314,secure_user,password123,none,pepper,False,0.01,41
2025-12-30 14:15:52,25493314,secure_user,admin1,none,pepper,False,0.01,42
2025-12-30 14:15:52,25493314,secure_user,root123,none,pepper,False,0.01,43
2025-12-30 14:15:52,25493314,secure_user,pass123,none,pepper,False,0.01,44
2025-12-30 14:15:52,25493314,secure_user,1q2w3e4r,none,pepper,False,0.01,45
2025-12-30 14:15:52,25493314,secure_user,qwerty123,none,pepper,False,0.01,46
2025-12-30 14:15:52,25493314,secure_user,1234567890,none,pepper,False,0.01,47
2025-12-30 14:15:52,25493314,secure_user,987654321,none,pepper,False,0.01,48
2025-12-30 14:15:52,25493314,secure_user,hello,none,pepper,False,0.01,49
2025-12-30 14:15:52,25493314,secure_user,hello123,none,pepper,False,0.01,50
2025-12-30 14:15:52,25493314,secure_user,iloveyou,none,pepper,False,0.01,51
2025-12-30 14:15:52,25493314,secure_user,sunshine,none,pepper,False,0.01,52
2025-12-30 14:15:52,25493314,secure_user,princess,none,pepper,False,0.01,53
2025-12-30 14:15:52,25493314,secure_user,Password1,none,pepper,False,0.01,54
2025-12-30 14:15:52,25493314,secure_user,Password123,none,pepper,False,0.01,55
2025-12-30 14:15:52,25493314,secure_user,Admin123,none,pepper,False,0.01,56
2025-12-30 14:15:52,25493314,secure_user,Welcome1,none,pepper,False,0.01,57
2025-12-30 14:15:52,25493314,secure_user,Student123,none,pepper,False,0.01,58
2025-12-30 14:15:52,25493314,secure_user,Student99,none,pepper,False,0.01,59
2025-12-30 14:15:52,25493314,secure_user,Test2024,none,pepper,False,0.01,60
2025-12-30 14:15:52,25493314,secure_user,Login456,none,pepper,False,0.01,61
2025-12-30 14:15:52,25493314,secure_user,Python101,none,pepper,False,0.01,62
2025-12-30 14:15:52,25493314,secure_user,demo,none,pepper,False,0.01,63
2025-12-30 14:15:52,25493314,secure_user,student,none,pepper,False,0.01,64
2025-12-30 14:15:52,25493314,secure_user,name,none,pepper,False,0.01,65
2025-12-30 14:15:53,25493314,secure_user,1111,none,pepper,False,0.01,66
2025-12-30 14:15:53,25493314,secure_user,BlueCat12,none,pepper,False,0.01,67
2025-12-30 14:15:53,25493314,secure_user,TechGirl7,none,pepper,False,0.01,68
2025-12-30 14:15:53,25493314,secure_user,Cloud123,none,pepper,False,0.01,69
2025-12-30 14:15:53,25493314,secure_user,GameOn22,none,pepper,False,0.01,70
2025-12-30 14:15:53,25493314,secure_user,WebDev88,none,pepper,False,0.01,71
2025-12-30 14:15:53,25493314,cyber.auth,123456,none,pepper,False,0.01,1
2025-12-30 14:15:53,25493314,cyber.auth,password,none,pepper,False,0.01,2
2025-12-30 14:15:53,25493314,cyber.auth,12345678,none,pepper,False,0.01,3
2025-12-30 14:15:53,25493314,cyber.auth,qwerty,none,pepper,False,0.01,4
2025-12-30 14:15:53,25493314,cyber.auth,123456789,none,pepper,False,0.01,5
2025-12-30 14:15:53,25493314,cyber.auth,12345,none,pepper,False,0.01,6
2025-12-30 14:15:53,25493314,cyber.auth,1234,none,pepper,False,0.01,7
2025-12-30 14:15:53,25493314,cyber.auth,111111,none,pepper,False,0.01,8
2025-12-30 14:15:53,25493314,cyber.auth,1234567,none,pepper,False,0.01,9
2025-12-30 14:15:53,25493314,cyber.auth,dragon,none,pepper,False,0.01,10
2025-12-30 14:15:53,25493314,cyber.auth,123123,none,pepper,False,0.01,11
2025-12-30 14:15:53,25493314,cyber.auth,baseball,none,pepper,False,0.01,12
2025-12-30 14:15:53,25493314,cyber.auth,abc123,none,pepper,False,0.01,13
2025-12-30 14:15:53,25493314,cyber.auth,football,none,pepper,False,0.01,14
2025-12-30 14:15:53,25493314,cyber.auth,monkey,none,pepper,False,0.01,15
2025-12-30 14:15:53,25493314,cyber.auth,letmein,none,pepper,False,0.01,16
2025-12-30 14:15:53,25493314,cyber.auth,shadow,none,pepper,False,0.01,17
2025-12-30 14:15:53,25493314,cyber.auth,master,none,pepper,False,0.01,18
2025-12-30 14:15:53,25493314,cyber.auth,666666,none,pepper,False,0.01,19
2025-12-30 14:15:53,25493314,cyber.auth,qwertyuiop,none,pepper,False,0.01,20
2025-12-30 14:15:53,25493314,cyber.auth,123321,none,pepper,False,0.01,21
2025-12-30 14:15:53,25493314,cyber.auth,mustang,none,pepper,False,0.01,22
2025-12-30 14:15:53,25493314,cyber.auth,121212,none,pepper,False,0.01,23
2025-12-30 14:15:53,25493314,cyber.auth,000000,none,pepper,False,0.01,24
2025-12-30 14:15:54,25493314,cyber.auth,password1,none,pepper,False,0.01,25
2025-12-30 14:15:54,25493314,cyber.auth,admin,none,pepper,False,0.01,26
2025-12-30 14:15:54,25493314,cyber.auth,admin123,none,pepper,False,0.01,27
2025-12-30 14:15:54,25493314,cyber.auth,root,none,pepper,False,0.01,28
2025-12-30 14:15:54,25493314,cyber.auth,toor,none,pepper,False,0.01,29
2025-12-30 14:15:54,25493314,cyber.auth,pass,none,pepper,False,0.01,30
2025-12-30 14:15:54,25493314,cyber.auth,test,none,pepper,False,0.01,31
2025-12-30 14:15:54,25493314,cyber.auth,test123,none,pepper,False,0.01,32
2025-12-30 14:15:54,25493314,cyber.auth,guest,none,pepper,False,0.01,33
2025-12-30 14:15:54,25493314,cyber.auth,guest123,none,pepper,False,0.01,34
2025-12-30 14:15:54,25493314,cyber.auth,user,none,pepper,False,0.01,35
2025-12-30 14:15:54,25493314,cyber.auth,user123,none,pepper,False,0.01,36
2025-12-30 14:15:54,25493314,cyber.auth,login,none,pepper,False,0.02,37
2025-12-30 14:15:54,25493314,cyber.auth,login123,none,pepper,False,0.02,38
2025-12-30 14:15:54,25493314,cyber.auth,welcome,none,pepper,False,0.01,39
2025-12-30 14:15:54,25493314,cyber.auth,welcome1,none,pepper,False,0.01,40
2025-12-30 14:15:54,25493314,cyber.auth,password123,none,pepper,False,0.01,41
2025-12-30 14:15:54,25493314,cyber.auth,admin1,none,pepper,False,0.01,42
2025-12-30 14:15:54,25493314,cyber.auth,root123,none,pepper,False,0.01,43
2025-12-30 14:15:54,25493314,cyber.auth,pass123,none,pepper,False,0.01,44
2025-12-30 14:15:54,25493314,cyber.auth,1q2w3e4r,none,pepper,False,0.01,45
2025-12-30 14:15:54,25493314,cyber.auth,qwerty123,none,pepper,False,0.01,46
2025-12-30 14:15:54,25493314,cyber.auth,1234567890,none,pepper,False,0.01,47
2025-12-30 14:15:54,25493314,cyber.auth,987654321,none,pepper,False,0.01,48
2025-12-30 14:15:54,25493314,cyber.auth,hello,none,pepper,False,0.01,49
2025-12-30 14:15:54,25493314,cyber.auth,hello123,none,pepper,False,0.01,50
2025-12-30 14:15:54,25493314,cyber.auth,iloveyou,none,pepper,False,0.01,51
2025-12-30 14:15:54,25493314,cyber.auth,sunshine,none,pepper,False,0.01,52
2025-12-30 14:15:54,25493314,cyber.auth,princess,none,pepper,False,0.01,53
2025-12-30 14:15:54,25493314,cyber.auth,Password1,none,pepper,False,0.01,54
2025-12-30 14:15:54,25493314,cyber.auth,Password123,none,pepper,False,0.01,55
2025-12-30 14:15:54,25493314,cyber.auth,Admin123,none,pepper,False,0.01,56
2025-12-30 14:15:54,25493314,cyber.auth,Welcome1,none,pepper,False,0.01,57
2025-12-30 14:15:54,25493314,cyber.auth,Student123,none,pepper,False,0.01,58
2025-12-30 14:15:55,25493314,cyber.auth,Student99,none,pepper,False,0.01,59
2025-12-30 14:15:55,25493314,cyber.auth,Test2024,none,pepper,False,0.01,60
2025-12-30 14:15:55,25493314,cyber.auth,Login456,none,pepper,False,0.01,61
2025-12-30 14:15:55,25493314,cyber.auth,Python101,none,pepper,False,0.01,62
2025-12-30 14:15:55,25493314,cyber.auth,demo,none,pepper,False,0.01,63
2025-12-30 14:15:55,25493314,cyber.auth,student,none,pepper,False,0.01,64
2025-12-30 14:15:55,25493314,cyber.auth,name,none,pepper,False,0.01,65
2025-12-30 14:15:55,25493314,cyber.auth,1111,none,pepper,False,0.01,66
2025-12-30 14:15:55,25493314,cyber.auth,BlueCat12,none,pepper,False,0.01,67
2025-12-30 14:15:55,25493314,cyber.auth,TechGirl7,none,pepper,False,0.01,68
2025-12-30 14:15:55,25493314,cyber.auth,Cloud123,none,pepper,False,0.01,69
2025-12-30 14:15:55,25493314,cyber.auth,GameOn22,none,pepper,False,0.01,70
2025-12-30 14:15:55,25493314,cyber.auth,WebDev88,none,pepper,False,0.01,71
2025-12-30 14:15:55,25493314,dev.access,123456,none,pepper,False,0.01,1
2025-12-30 14:15:55,25493314,dev.access,password,none,pepper,False,0.01,2
2025-12-30 14:15:55,25493314,dev.access,12345678,none,pepper,False,0.01,3
2025-12-30 14:15:55,25493314,dev.access,qwerty,none,pepper,False,0.01,4
2025-12-30 14:15:55,25493314,dev.access,123456789,none,pepper,False,0.01,5
2025-12-30 14:15:55,25493314,dev.access,12345,none,pepper,False,0.01,6
2025-12-30 14:15:55,25493314,dev.access,1234,none,pepper,False,0.01,7
2025-12-30 14:15:55,25493314,dev.access,111111,none,pepper,False,0.01,8
2025-12-30 14:15:55,25493314,dev.access,1234567,none,pepper,False,0.01,9
2025-12-30 14:15:55,25493314,dev.access,dragon,none,pepper,False,0.01,10
2025-12-30 14:15:55,25493314,dev.access,123123,none,pepper,False,0.01,11
2025-12-30 14:15:55,25493314,dev.access,baseball,none,pepper,False,0.01,12
2025-12-30 14:15:55,25493314,dev.access,abc123,none,pepper,False,0.01,13
2025-12-30 14:15:55,25493314,dev.access,football,none,pepper,False,0.01,14
2025-12-30 14:15:55,25493314,dev.access,monkey,none,pepper,False,0.01,15
2025-12-30 14:15:56,25493314,dev.access,letmein,none,pepper,False,0.01,16
2025-12-30 14:15:56,25493314,dev.access,shadow,none,pepper,False,0.01,17
2025-12-30 14:15:56,25493314,dev.access,master,none,pepper,False,0.01,18
2025-12-30 14:15:56,25493314,dev.access,666666,none,pepper,False,0.01,19
2025-12-30 14:15:56,25493314,dev.access,qwertyuiop,none,pepper,False,0.01,20
2025-12-30 14:15:56,25493314,dev.access,123321,none,pepper,False,0.01,21
2025-12-30 14:15:56,25493314,dev.access,mustang,none,pepper,False,0.01,22
2025-12-30 14:15:56,25493314,dev.access,121212,none,pepper,False,0.01,23
2025-12-30 14:15:56,25493314,dev.access,000000,none,pepper,False,0.01,24
2025-12-30 14:15:56,25493314,dev.access,password1,none,pepper,False,0.01,25
2025-12-30 14:15:56,25493314,dev.access,admin,none,pepper,False,0.01,26
2025-12-30 14:15:56,25493314,dev.access,admin123,none,pepper,False,0.01,27
2025-12-30 14:15:56,25493314,dev.access,root,none,pepper,False,0.01,28
2025-12-30 14:15:56,25493314,dev.access,toor,none,pepper,False,0.01,29
2025-12-30 14:15:56,25493314,dev.access,pass,none,pepper,False,0.01,30
2025-12-30 14:15:56,25493314,dev.access,test,none,pepper,False,0.01,31
2025-12-30 14:15:56,25493314,dev.access,test123,none,pepper,False,0.01,32
2025-12-30 14:15:56,25493314,dev.access,guest,none,pepper,False,0.01,33
2025-12-30 14:15:56,25493314,dev.access,guest123,none,pepper,False,0.01,34
2025-12-30 14:15:56,25493314,dev.access,user,none,pepper,False,0.01,35
2025-12-30 14:15:56,25493314,dev.access,user123,none,pepper,False,0.01,36
2025-12-30 14:15:56,25493314,dev.access,login,none,pepper,False,0.01,37
2025-12-30 14:15:56,25493314,dev.access,login123,none,pepper,False,0.01,38
2025-12-30 14:15:56,25493314,dev.access,welcome,none,pepper,False,0.01,39
2025-12-30 14:15:56,25493314,dev.access,welcome1,none,pepper,False,0.01,40
2025-12-30 14:15:56,25493314,dev.access,password123,none,pepper,False,0.01,41
2025-12-30 14:15:56,25493314,dev.access,admin1,none,pepper,False,0.01,42
2025-12-30 14:15:56,25493314,dev.access,root123,none,pepper,False,0.01,43
2025-12-30 14:15:56,25493314,dev.access,pass123,none,pepper,False,0.01,44
2025-12-30 14:15:56,25493314,dev.access,1q2w3e4r,none,pepper,False,0.01,45
2025-12-30 14:15:56,25493314,dev.access,qwerty123,none,pepper,False,0.01,46
2025-12-30 14:15:56,25493314,dev.access,1234567890,none,pepper,False,0.01,47
2025-12-30 14:15:56,25493314,dev.access,987654321,none,pepper,False,0.01,48
2025-12-30 14:15:56,25493314,dev.access,hello,none,pepper,False,0.01,49
2025-12-30 14:15:57,25493314,dev.access,hello123,none,pepper,False,0.01,50
2025-12-30 14:15:57,25493314,dev.access,iloveyou,none,pepper,False,0.01,51
2025-12-30 14:15:57,25493314,dev.access,sunshine,none,pepper,False,0.01,52
2025-12-30 14:15:57,25493314,dev.access,princess,none,pepper,False,0.02,53
2025-12-30 14:15:57,25493314,dev.access,Password1,none,pepper,False,0.01,54
2025-12-30 14:15:57,25493314,dev.access,Password123,none,pepper,False,0.01,55
2025-12-30 14:15:57,25493314,dev.access,Admin123,none,pepper,False,0.01,56
2025-12-30 14:15:57,25493314,dev.access,Welcome1,none,pepper,False,0.01,57
2025-12-30 14:15:57,25493314,dev.access,Student123,none,pepper,False,0.01,58
2025-12-30 14:15:57,25493314,dev.access,Student99,none,pepper,False,0.01,59
2025-12-30 14:15:57,25493314,dev.access,Test2024,none,pepper,False,0.01,60
2025-12-30 14:15:57,25493314,dev.access,Login456,none,pepper,False,0.01,61
2025-12-30 14:15:57,25493314,dev.access,Python101,none,pepper,False,0.01,62
2025-12-30 14:15:57,25493314,dev.access,demo,none,pepper,False,0.01,63
2025-12-30 14:15:57,25493314,dev.access,student,none,pepper,False,0.01,64
2025-12-30 14:15:57,25493314,dev.access,name,none,pepper,False,0.01,65
2025-12-30 14:15:57,25493314,dev.access,1111,none,pepper,False,0.01,66
2025-12-30 14:15:57,25493314,dev.access,BlueCat12,none,pepper,False,0.01,67
2025-12-30 14:15:57,25493314,dev.access,TechGirl7,none,pepper,False,0.01,68
2025-12-30 14:15:57,25493314,dev.access,Cloud123,none,pepper,False,0.01,69
2025-12-30 14:15:57,25493314,dev.access,GameOn22,none,pepper,False,0.01,70
2025-12-30 14:15:57,25493314,dev.access,WebDev88,none,pepper,False,0.01,71
2025-12-30 14:15:57,25493314,root.guard,123456,none,pepper,False,0.01,1
2025-12-30 14:15:57,25493314,root.guard,password,none,pepper,False,0.01,2
2025-12-30 14:15:57,25493314,root.guard,12345678,none,pepper,False,0.01,3
2025-12-30 14:15:57,25493314,root.guard,qwerty,none,pepper,False,0.01,4
2025-12-30 14:15:57,25493314,root.guard,123456789,none,pepper,False,0.01,5
2025-12-30 14:15:57,25493314,root.guard,12345,none,pepper,False,0.01,6
2025-12-30 14:15:58,25493314,root.guard,1234,none,pepper,False,0.01,7
2025-12-30 14:15:58,25493314,root.guard,111111,none,pepper,False,0.01,8
2025-12-30 14:15:58,25493314,root.guard,1234567,none,pepper,False,0.01,9
2025-12-30 14:15:58,25493314,root.guard,dragon,none,pepper,False,0.01,10
2025-12-30 14:15:58,25493314,root.guard,123123,none,pepper,False,0.01,11
2025-12-30 14:15:58,25493314,root.guard,baseball,none,pepper,False,0.01,12
2025-12-30 14:15:58,25493314,root.guard,abc123,none,pepper,False,0.01,13
2025-12-30 14:15:58,25493314,root.guard,football,none,pepper,False,0.01,14
2025-12-30 14:15:58,25493314,root.guard,monkey,none,pepper,False,0.01,15
2025-12-30 14:15:58,25493314,root.guard,letmein,none,pepper,False,0.01,16
2025-12-30 14:15:58,25493314,root.guard,shadow,none,pepper,False,0.01,17
2025-12-30 14:15:58,25493314,root.guard,master,none,pepper,False,0.01,18
2025-12-30 14:15:58,25493314,root.guard,666666,none,pepper,False,0.01,19
2025-12-30 14:15:58,25493314,root.guard,qwertyuiop,none,pepper,False,0.01,20
2025-12-30 14:15:58,25493314,root.guard,123321,none,pepper,False,0.01,21
2025-12-30 14:15:58,25493314,root.guard,mustang,none,pepper,False,0.01,22
2025-12-30 14:15:58,25493314,root.guard,121212,none,pepper,False,0.01,23
2025-12-30 14:15:58,25493314,root.guard,000000,none,pepper,False,0.01,24
2025-12-30 14:15:58,25493314,root.guard,password1,none,pepper,False,0.01,25
2025-12-30 14:15:58,25493314,root.guard,admin,none,pepper,False,0.01,26
2025-12-30 14:15:58,25493314,root.guard,admin123,none,pepper,False,0.01,27
2025-12-30 14:15:58,25493314,root.guard,root,none,pepper,False,0.01,28
2025-12-30 14:15:58,25493314,root.guard,toor,none,pepper,False,0.01,29
2025-12-30 14:15:58,25493314,root.guard,pass,none,pepper,False,0.01,30
2025-12-30 14:15:58,25493314,root.guard,test,none,pepper,False,0.01,31
2025-12-30 14:15:58,25493314,root.guard,test123,none,pepper,False,0.01,32
2025-12-30 14:15:58,25493314,root.guard,guest,none,pepper,False,0.01,33
2025-12-30 14:15:58,25493314,root.guard,guest123,none,pepper,False,0.01,34
2025-12-30 14:15:58,25493314,root.guard,user,none,pepper,False,0.01,35
2025-12-30 14:15:58,25493314,root.guard,user123,none,pepper,False,0.01,36
2025-12-30 14:15:58,25493314,root.guard,login,none,pepper,False,0.01,37
2025-12-30 14:15:58,25493314,root.guard,login123,none,pepper,False,0.02,38
2025-12-30 14:15:58,25493314,root.guard,welcome,none,pepper,False,0.01,39
2025-12-30 14:15:59,25493314,root.guard,welcome1,none,pepper,False,0.01,40
2025-12-30 14:15:59,25493314,root.guard,password123,none,pepper,False,0.01,41
2025-12-30 14:15:59,25493314,root.guard,admin1,none,pepper,False,0.01,42
2025-12-30 14:15:59,25493314,root.guard,root123,none,pepper,False,0.01,43
2025-12-30 14:15:59,25493314,root.guard,pass123,none,pepper,False,0.01,44
2025-12-30 14:15:59,25493314,root.guard,1q2w3e4r,none,pepper,False,0.01,45
2025-12-30 14:15:59,25493314,root.guard,qwerty123,none,pepper,False,0.01,46
2025-12-30 14:15:59,25493314,root.guard,1234567890,none,pepper,False,0.01,47
2025-12-30 14:15:59,25493314,root.guard,987654321,none,pepper,False,0.01,48
2025-12-30 14:15:59,25493314,root.guard,hello,none,pepper,False,0.01,49
2025-12-30 14:15:59,25493314,root.guard,hello123,none,pepper,False,0.01,50
2025-12-30 14:15:59,25493314,root.guard,iloveyou,none,pepper,False,0.02,51
2025-12-30 14:15:59,25493314,root.guard,sunshine,none,pepper,False,0.01,52
2025-12-30 14:15:59,25493314,root.guard,princess,none,pepper,False,0.01,53
2025-12-30 14:15:59,25493314,root.guard,Password1,none,pepper,False,0.01,54
2025-12-30 14:15:59,25493314,root.guard,Password123,none,pepper,False,0.01,55
2025-12-30 14:15:59,25493314,root.guard,Admin123,none,pepper,False,0.01,56
2025-12-30 14:15:59,25493314,root.guard,Welcome1,none,pepper,False,0.01,57
2025-12-30 14:15:59,25493314,root.guard,Student123,none,pepper,False,0.01,58
2025-12-30 14:15:59,25493314,root.guard,Student99,none,pepper,False,0.01,59
2025-12-30 14:15:59,25493314,root.guard,Test2024,none,pepper,False,0.01,60
2025-12-30 14:15:59,25493314,root.guard,Login456,none,pepper,False,0.01,61
2025-12-30 14:15:59,25493314,root.guard,Python101,none,pepper,False,0.01,62
2025-12-30 14:15:59,25493314,root.guard,demo,none,pepper,False,0.01,63
2025-12-30 14:15:59,25493314,root.guard,student,none,pepper,False,0.01,64
2025-12-30 14:15:59,25493314,root.guard,name,none,pepper,False,0.01,65
2025-12-30 14:15:59,25493314,root.guard,1111,none,pepper,False,0.01,66
2025-12-30 14:15:59,25493314,root.guard,BlueCat12,none,pepper,False,0.01,67
2025-12-30 14:15:59,25493314,root.guard,TechGirl7,none,pepper,False,0.01,68
2025-12-30 14:15:59,25493314,root.guard,Cloud123,none,pepper,False,0.01,69
2025-12-30 14:16:00,25493314,root.guard,GameOn22,none,pepper,False,0.01,70
2025-12-30 14:16:00,25493314,root.guard,WebDev88,none,pepper,False,0.01,71
2025-12-30 14:16:00,25493314,net.lock,123456,none,pepper,False,0.01,1
2025-12-30 14:16:00,25493314,net.lock,password,none,pepper,False,0.01,2
2025-12-30 14:16:00,25493314,net.lock,12345678,none,pepper,False,0.01,3
2025-12-30 14:16:00,25493314,net.lock,qwerty,none,pepper,False,0.01,4
2025-12-30 14:16:00,25493314,net.lock,123456789,none,pepper,False,0.01,5
2025-12-30 14:16:00,25493314,net.lock,12345,none,pepper,False,0.01,6
2025-12-30 14:16:00,25493314,net.lock,1234,none,pepper,False,0.01,7
2025-12-30 14:16:00,25493314,net.lock,111111,none,pepper,False,0.01,8
2025-12-30 14:16:00,25493314,net.lock,1234567,none,pepper,False,0.01,9
2025-12-30 14:16:00,25493314,net.lock,dragon,none,pepper,False,0.01,10
2025-12-30 14:16:00,25493314,net.lock,123123,none,pepper,False,0.01,11
2025-12-30 14:16:00,25493314,net.lock,baseball,none,pepper,False,0.01,12
2025-12-30 14:16:00,25493314,net.lock,abc123,none,pepper,False,0.01,13
2025-12-30 14:16:00,25493314,net.lock,football,none,pepper,False,0.01,14
2025-12-30 14:16:00,25493314,net.lock,monkey,none,pepper,False,0.01,15
2025-12-30 14:16:00,25493314,net.lock,letmein,none,pepper,False,0.01,16
2025-12-30 14:16:00,25493314,net.lock,shadow,none,pepper,False,0.01,17
2025-12-30 14:16:00,25493314,net.lock,master,none,pepper,False,0.01,18
2025-12-30 14:16:00,25493314,net.lock,666666,none,pepper,False,0.02,19
2025-12-30 14:16:00,25493314,net.lock,qwertyuiop,none,pepper,False,0.01,20
2025-12-30 14:16:00,25493314,net.lock,123321,none,pepper,False,0.02,21
2025-12-30 14:16:00,25493314,net.lock,mustang,none,pepper,False,0.01,22
2025-12-30 14:16:00,25493314,net.lock,121212,none,pepper,False,0.01,23
2025-12-30 14:16:00,25493314,net.lock,000000,none,pepper,False,0.01,24
2025-12-30 14:16:00,25493314,net.lock,password1,none,pepper,False,0.01,25
2025-12-30 14:16:01,25493314,net.lock,admin,none,pepper,False,0.01,26
2025-12-30 14:16:01,25493314,net.lock,admin123,none,pepper,False,0.01,27
2025-12-30 14:16:01,25493314,net.lock,root,none,pepper,False,0.01,28
2025-12-30 14:16:01,25493314,net.lock,toor,none,pepper,False,0.01,29
2025-12-30 14:16:01,25493314,net.lock,pass,none,pepper,False,0.01,30
2025-12-30 14:16:01,25493314,net.lock,test,none,pepper,False,0.01,31
2025-12-30 14:16:01,25493314,net.lock,test123,none,pepper,False,0.01,32
2025-12-30 14:16:01,25493314,net.lock,guest,none,pepper,False,0.01,33
2025-12-30 14:16:01,25493314,net.lock,guest123,none,pepper,False,0.01,34
2025-12-30 14:16:01,25493314,net.lock,user,none,pepper,False,0.01,35
2025-12-30 14:16:01,25493314,net.lock,user123,none,pepper,False,0.01,36
2025-12-30 14:16:01,25493314,net.lock,login,none,pepper,False,0.01,37
2025-12-30 14:16:01,25493314,net.lock,login123,none,pepper,False,0.01,38
2025-12-30 14:16:01,25493314,net.lock,welcome,none,pepper,False,0.01,39
2025-12-30 14:16:01,25493314,net.lock,welcome1,none,pepper,False,0.01,40
2025-12-30 14:16:01,25493314,net.lock,password123,none,pepper,False,0.01,41
2025-12-30 14:16:01,25493314,net.lock,admin1,none,pepper,False,0.01,42
2025-12-30 14:16:01,25493314,net.lock,root123,none,pepper,False,0.01,43
2025-12-30 14:16:01,25493314,net.lock,pass123,none,pepper,False,0.01,44
2025-12-30 14:16:01,25493314,net.lock,1q2w3e4r,none,pepper,False,0.01,45
2025-12-30 14:16:01,25493314,net.lock,qwerty123,none,pepper,False,0.01,46
2025-12-30 14:16:01,25493314,net.lock,1234567890,none,pepper,False,0.01,47
2025-12-30 14:16:01,25493314,net.lock,987654321,none,pepper,False,0.01,48
2025-12-30 14:16:01,25493314,net.lock,hello,none,pepper,False,0.01,49
2025-12-30 14:16:01,25493314,net.lock,hello123,none,pepper,False,0.01,50
2025-12-30 14:16:01,25493314,net.lock,iloveyou,none,pepper,False,0.01,51
2025-12-30 14:16:01,25493314,net.lock,sunshine,none,pepper,False,0.01,52
2025-12-30 14:16:01,25493314,net.lock,princess,none,pepper,False,0.01,53
2025-12-30 14:16:01,25493314,net.lock,Password1,none,pepper,False,0.01,54
2025-12-30 14:16:01,25493314,net.lock,Password123,none,pepper,False,0.01,55
2025-12-30 14:16:01,25493314,net.lock,Admin123,none,pepper,False,0.01,56
2025-12-30 14:16:02,25493314,net.lock,Welcome1,none,pepper,False,0.01,57
2025-12-30 14:16:02,25493314,net.lock,Student123,none,pepper,False,0.01,58
2025-12-30 14:16:02,25493314,net.lock,Student99,none,pepper,False,0.01,59
2025-12-30 14:16:02,25493314,net.lock,Test2024,none,pepper,False,0.01,60
2025-12-30 14:16:02,25493314,net.lock,Login456,none,pepper,False,0.01,61
2025-12-30 14:16:02,25493314,net.lock,Python101,none,pepper,False,0.01,62
2025-12-30 14:16:02,25493314,net.lock,demo,none,pepper,False,0.01,63
2025-12-30 14:16:02,25493314,net.lock,student,none,pepper,False,0.01,64
2025-12-30 14:16:02,25493314,net.lock,name,none,pepper,False,0.02,65
2025-12-30 14:16:02,25493314,net.lock,1111,none,pepper,False,0.01,66
2025-12-30 14:16:02,25493314,net.lock,BlueCat12,none,pepper,False,0.01,67
2025-12-30 14:16:02,25493314,net.lock,TechGirl7,none,pepper,False,0.01,68
2025-12-30 14:16:02,25493314,net.lock,Cloud123,none,pepper,False,0.01,69
2025-12-30 14:16:02,25493314,net.lock,GameOn22,none,pepper,False,0.01,70
2025-12-30 14:16:02,25493314,net.lock,WebDev88,none,pepper,False,0.01,71
2025-12-30 14:16:02,25493314,auth.master,123456,none,pepper,False,0.01,1
2025-12-30 14:16:02,25493314,auth.master,password,none,pepper,False,0.02,2
2025-12-30 14:16:02,25493314,auth.master,12345678,none,pepper,False,0.01,3
2025-12-30 14:16:02,25493314,auth.master,qwerty,none,pepper,False,0.01,4
2025-12-30 14:16:02,25493314,auth.master,123456789,none,pepper,False,0.01,5
2025-12-30 14:16:02,25493314,auth.master,12345,none,pepper,False,0.01,6
2025-12-30 14:16:02,25493314,auth.master,1234,none,pepper,False,0.01,7
2025-12-30 14:16:02,25493314,auth.master,111111,none,pepper,False,0.01,8
2025-12-30 14:16:02,25493314,auth.master,1234567,none,pepper,False,0.01,9
2025-12-30 14:16:02,25493314,auth.master,dragon,none,pepper,False,0.01,10
2025-12-30 14:16:02,25493314,auth.master,123123,none,pepper,False,0.01,11
2025-12-30 14:16:03,25493314,auth.master,baseball,none,pepper,False,0.01,12
2025-12-30 14:16:03,25493314,auth.master,abc123,none,pepper,False,0.01,13
2025-12-30 14:16:03,25493314,auth.master,football,none,pepper,False,0.01,14
2025-12-30 14:16:03,25493314,auth.master,monkey,none,pepper,False,0.01,15
2025-12-30 14:16:03,25493314,auth.master,letmein,none,pepper,False,0.01,16
2025-12-30 14:16:03,25493314,auth.master,shadow,none,pepper,False,0.01,17
2025-12-30 14:16:03,25493314,auth.master,master,none,pepper,False,0.01,18
2025-12-30 14:16:03,25493314,auth.master,666666,none,pepper,False,0.01,19
2025-12-30 14:16:03,25493314,auth.master,qwertyuiop,none,pepper,False,0.01,20
2025-12-30 14:16:03,25493314,auth.master,123321,none,pepper,False,0.01,21
2025-12-30 14:16:03,25493314,auth.master,mustang,none,pepper,False,0.01,22
2025-12-30 14:16:03,25493314,auth.master,121212,none,pepper,False,0.01,23
2025-12-30 14:16:03,25493314,auth.master,000000,none,pepper,False,0.01,24
2025-12-30 14:16:03,25493314,auth.master,password1,none,pepper,False,0.01,25
2025-12-30 14:16:03,25493314,auth.master,admin,none,pepper,False,0.01,26
2025-12-30 14:16:03,25493314,auth.master,admin123,none,pepper,False,0.01,27
2025-12-30 14:16:03,25493314,auth.master,root,none,pepper,False,0.01,28
2025-12-30 14:16:03,25493314,auth.master,toor,none,pepper,False,0.01,29
2025-12-30 14:16:03,25493314,auth.master,pass,none,pepper,False,0.01,30
2025-12-30 14:16:03,25493314,auth.master,test,none,pepper,False,0.01,31
2025-12-30 14:16:03,25493314,auth.master,test123,none,pepper,False,0.01,32
2025-12-30 14:16:03,25493314,auth.master,guest,none,pepper,False,0.01,33
2025-12-30 14:16:03,25493314,auth.master,guest123,none,pepper,False,0.01,34
2025-12-30 14:16:03,25493314,auth.master,user,none,pepper,False,0.01,35
2025-12-30 14:16:03,25493314,auth.master,user123,none,pepper,False,0.01,36
2025-12-30 14:16:03,25493314,auth.master,login,none,pepper,False,0.01,37
2025-12-30 14:16:03,25493314,auth.master,login123,none,pepper,False,0.01,38
2025-12-30 14:16:03,25493314,auth.master,welcome,none,pepper,False,0.01,39
2025-12-30 14:16:03,25493314,auth.master,welcome1,none,pepper,False,0.01,40
2025-12-30 14:16:03,25493314,auth.master,password123,none,pepper,False,0.01,41
2025-12-30 14:16:04,25493314,auth.master,admin1,none,pepper,False,0.01,42
2025-12-30 14:16:04,25493314,auth.master,root123,none,pepper,False,0.01,43
2025-12-30 14:16:04,25493314,auth.master,pass123,none,pepper,False,0.01,44
2025-12-30 14:16:04,25493314,auth.master,1q2w3e4r,none,pepper,False,0.01,45
2025-12-30 14:16:04,25493314,auth.master,qwerty123,none,pepper,False,0.01,46
2025-12-30 14:16:04,25493314,auth.master,1234567890,none,pepper,False,0.01,47
2025-12-30 14:16:04,25493314,auth.master,987654321,none,pepper,False,0.02,48
2025-12-30 14:16:04,25493314,auth.master,hello,none,pepper,False,0.01,49
2025-12-30 14:16:04,25493314,auth.master,hello123,none,pepper,False,0.01,50
2025-12-30 14:16:04,25493314,auth.master,iloveyou,none,pepper,False,0.01,51
2025-12-30 14:16:04,25493314,auth.master,sunshine,none,pepper,False,0.01,52
2025-12-30 14:16:04,25493314,auth.master,princess,none,pepper,False,0.01,53
2025-12-30 14:16:04,25493314,auth.master,Password1,none,pepper,False,0.01,54
2025-12-30 14:16:04,25493314,auth.master,Password123,none,pepper,False,0.01,55
2025-12-30 14:16:04,25493314,auth.master,Admin123,none,pepper,False,0.01,56
2025-12-30 14:16:04,25493314,auth.master,Welcome1,none,pepper,False,0.01,57
2025-12-30 14:16:04,25493314,auth.master,Student123,none,pepper,False,0.01,58
2025-12-30 14:16:04,25493314,auth.master,Student99,none,pepper,False,0.01,59
2025-12-30 14:16:04,25493314,auth.master,Test2024,none,pepper,False,0.01,60
2025-12-30 14:16:04,25493314,auth.master,Login456,none,pepper,False,0.01,61
2025-12-30 14:16:04,25493314,auth.master,Python101,none,pepper,False,0.01,62
2025-12-30 14:16:04,25493314,auth.master,demo,none,pepper,False,0.02,63
2025-12-30 14:16:04,25493314,auth.master,student,none,pepper,False,0.01,64
2025-12-30 14:16:04,25493314,auth.master,name,none,pepper,False,0.01,65
2025-12-30 14:16:04,25493314,auth.master,1111,none,pepper,False,0.01,66
2025-12-30 14:16:04,25493314,auth.master,BlueCat12,none,pepper,False,0.01,67
2025-12-30 14:16:04,25493314,auth.master,TechGirl7,none,pepper,False,0.01,68
2025-12-30 14:16:04,25493314,auth.master,Cloud123,none,pepper,False,0.01,69
2025-12-30 14:16:04,25493314,auth.master,GameOn22,none,pepper,False,0.01,70
2025-12-30 14:16:04,25493314,auth.master,WebDev88,none,pepper,False,0.01,71
2025-12-30 14:16:05,25493314,vault_user,123456,none,pepper,False,0.01,1
2025-12-30 14:16:05,25493314,vault_user,password,none,pepper,False,0.01,2
2025-12-30 14:16:05,25493314,vault_user,12345678,none,pepper,False,0.01,3
2025-12-30 14:16:05,25493314,vault_user,qwerty,none,pepper,False,0.01,4
2025-12-30 14:16:05,25493314,vault_user,123456789,none,pepper,False,0.01,5
2025-12-30 14:16:05,25493314,vault_user,12345,none,pepper,False,0.01,6
2025-12-30 14:16:05,25493314,vault_user,1234,none,pepper,False,0.01,7
2025-12-30 14:16:05,25493314,vault_user,111111,none,pepper,False,0.01,8
2025-12-30 14:16:05,25493314,vault_user,1234567,none,pepper,False,0.01,9
2025-12-30 14:16:05,25493314,vault_user,dragon,none,pepper,False,0.01,10
2025-12-30 14:16:05,25493314,vault_user,123123,none,pepper,False,0.01,11
2025-12-30 14:16:05,25493314,vault_user,baseball,none,pepper,False,0.01,12
2025-12-30 14:16:05,25493314,vault_user,abc123,none,pepper,False,0.01,13
2025-12-30 14:16:05,25493314,vault_user,football,none,pepper,False,0.01,14
2025-12-30 14:16:05,25493314,vault_user,monkey,none,pepper,False,0.01,15
2025-12-30 14:16:05,25493314,vault_user,letmein,none,pepper,False,0.01,16
2025-12-30 14:16:05,25493314,vault_user,shadow,none,pepper,False,0.01,17
2025-12-30 14:16:05,25493314,vault_user,master,none,pepper,False,0.01,18
2025-12-30 14:16:05,25493314,vault_user,666666,none,pepper,False,0.01,19
2025-12-30 14:16:05,25493314,vault_user,qwertyuiop,none,pepper,False,0.01,20
2025-12-30 14:16:05,25493314,vault_user,123321,none,pepper,False,0.01,21
2025-12-30 14:16:05,25493314,vault_user,mustang,none,pepper,False,0.01,22
2025-12-30 14:16:05,25493314,vault_user,121212,none,pepper,False,0.01,23
2025-12-30 14:16:05,25493314,vault_user,000000,none,pepper,False,0.01,24
2025-12-30 14:16:05,25493314,vault_user,password1,none,pepper,False,0.01,25
2025-12-30 14:16:05,25493314,vault_user,admin,none,pepper,False,0.01,26
2025-12-30 14:16:05,25493314,vault_user,admin123,none,pepper,False,0.01,27
2025-12-30 14:16:06,25493314,vault_user,root,none,pepper,False,0.01,28
2025-12-30 14:16:06,25493314,vault_user,toor,none,pepper,False,0.01,29
2025-12-30 14:16:06,25493314,vault_user,pass,none,pepper,False,0.01,30
2025-12-30 14:16:06,25493314,vault_user,test,none,pepper,False,0.01,31
2025-12-30 14:16:06,25493314,vault_user,test123,none,pepper,False,0.01,32
2025-12-30 14:16:06,25493314,vault_user,guest,none,pepper,False,0.01,33
2025-12-30 14:16:06,25493314,vault_user,guest123,none,pepper,False,0.01,34
2025-12-30 14:16:06,25493314,vault_user,user,none,pepper,False,0.01,35
2025-12-30 14:16:06,25493314,vault_user,user123,none,pepper,False,0.01,36
2025-12-30 14:16:06,25493314,vault_user,login,none,pepper,False,0.01,37
2025-12-30 14:16:06,25493314,vault_user,login123,none,pepper,False,0.01,38
2025-12-30 14:16:06,25493314,vault_user,welcome,none,pepper,False,0.01,39
2025-12-30 14:16:06,25493314,vault_user,welcome1,none,pepper,False,0.01,40
2025-12-30 14:16:06,25493314,vault_user,password123,none,pepper,False,0.01,41
2025-12-30 14:16:06,25493314,vault_user,admin1,none,pepper,False,0.01,42
2025-12-30 14:16:06,25493314,vault_user,root123,none,pepper,False,0.01,43
2025-12-30 14:16:06,25493314,vault_user,pass123,none,pepper,False,0.01,44
2025-12-30 14:16:06,25493314,vault_user,1q2w3e4r,none,pepper,False,0.01,45
2025-12-30 14:16:06,25493314,vault_user,qwerty123,none,pepper,False,0.01,46
2025-12-30 14:16:06,25493314,vault_user,1234567890,none,pepper,False,0.01,47
2025-12-30 14:16:06,25493314,vault_user,987654321,none,pepper,False,0.01,48
2025-12-30 14:16:06,25493314,vault_user,hello,none,pepper,False,0.01,49
2025-12-30 14:16:06,25493314,vault_user,hello123,none,pepper,False,0.01,50
2025-12-30 14:16:06,25493314,vault_user,iloveyou,none,pepper,False,0.01,51
2025-12-30 14:16:06,25493314,vault_user,sunshine,none,pepper,False,0.01,52
2025-12-30 14:16:06,25493314,vault_user,princess,none,pepper,False,0.01,53
2025-12-30 14:16:06,25493314,vault_user,Password1,none,pepper,False,0.01,54
2025-12-30 14:16:06,25493314,vault_user,Password123,none,pepper,False,0.01,55
2025-12-30 14:16:06,25493314,vault_user,Admin123,none,pepper,False,0.01,56
2025-12-30 14:16:07,25493314,vault_user,Welcome1,none,pepper,False,0.01,57
2025-12-30 14:16:07,25493314,vault_user,Student123,none,pepper,False,0.01,58
2025-12-30 14:16:07,25493314,vault_user,Student99,none,pepper,False,0.01,59
2025-12-30 14:16:07,25493314,vault_user,Test2024,none,pepper,False,0.01,60
2025-12-30 14:16:07,25493314,vault_user,Login456,none,pepper,False,0.01,61
2025-12-30 14:16:07,25493314,vault_user,Python101,none,pepper,False,0.01,62
2025-12-30 14:16:07,25493314,vault_user,demo,none,pepper,False,0.01,63
2025-12-30 14:16:07,25493314,vault_user,student,none,pepper,False,0.01,64
2025-12-30 14:16:07,25493314,vault_user,name,none,pepper,False,0.01,65
2025-12-30 14:16:07,25493314,vault_user,1111,none,pepper,False,0.01,66
2025-12-30 14:16:07,25493314,vault_user,BlueCat12,none,pepper,False,0.01,67
2025-12-30 14:16:07,25493314,vault_user,TechGirl7,none,pepper,False,0.01,68
2025-12-30 14:16:07,25493314,vault_user,Cloud123,none,pepper,False,0.01,69
2025-12-30 14:16:07,25493314,vault_user,GameOn22,none,pepper,False,0.01,70
2025-12-30 14:16:07,25493314,vault_user,WebDev88,none,pepper,False,0.01,71
2025-12-30 14:16:07,25493314,system.sec,123456,none,pepper,False,0.01,1
2025-12-30 14:16:07,25493314,system.sec,password,none,pepper,False,0.02,2
2025-12-30 14:16:07,25493314,system.sec,12345678,none,pepper,False,0.01,3
2025-12-30 14:16:07,25493314,system.sec,qwerty,none,pepper,False,0.01,4
2025-12-30 14:16:07,25493314,system.sec,123456789,none,pepper,False,0.01,5
2025-12-30 14:16:07,25493314,system.sec,12345,none,pepper,False,0.01,6
2025-12-30 14:16:07,25493314,system.sec,1234,none,pepper,False,0.01,7
2025-12-30 14:16:07,25493314,system.sec,111111,none,pepper,False,0.01,8
2025-12-30 14:16:07,25493314,system.sec,1234567,none,pepper,False,0.01,9
2025-12-30 14:16:07,25493314,system.sec,dragon,none,pepper,False,0.01,10
2025-12-30 14:16:07,25493314,system.sec,123123,none,pepper,False,0.01,11
2025-12-30 14:16:08,25493314,system.sec,baseball,none,pepper,False,0.01,12
2025-12-30 14:16:08,25493314,system.sec,abc123,none,pepper,False,0.01,13
2025-12-30 14:16:08,25493314,system.sec,football,none,pepper,False,0.01,14
2025-12-30 14:16:08,25493314,system.sec,monkey,none,pepper,False,0.01,15
2025-12-30 14:16:08,25493314,system.sec,letmein,none,pepper,False,0.01,16
2025-12-30 14:16:08,25493314,system.sec,shadow,none,pepper,False,0.01,17
2025-12-30 14:16:08,25493314,system.sec,master,none,pepper,False,0.01,18
2025-12-30 14:16:08,25493314,system.sec,666666,none,pepper,False,0.01,19
2025-12-30 14:16:08,25493314,system.sec,qwertyuiop,none,pepper,False,0.01,20
2025-12-30 14:16:08,25493314,system.sec,123321,none,pepper,False,0.01,21
2025-12-30 14:16:08,25493314,system.sec,mustang,none,pepper,False,0.01,22
2025-12-30 14:16:08,25493314,system.sec,121212,none,pepper,False,0.01,23
2025-12-30 14:16:08,25493314,system.sec,000000,none,pepper,False,0.01,24
2025-12-30 14:16:08,25493314,system.sec,password1,none,pepper,False,0.01,25
2025-12-30 14:16:08,25493314,system.sec,admin,none,pepper,False,0.01,26
2025-12-30 14:16:08,25493314,system.sec,admin123,none,pepper,False,0.01,27
2025-12-30 14:16:08,25493314,system.sec,root,none,pepper,False,0.01,28
2025-12-30 14:16:08,25493314,system.sec,toor,none,pepper,False,0.01,29
2025-12-30 14:16:08,25493314,system.sec,pass,none,pepper,False,0.01,30
2025-12-30 14:16:08,25493314,system.sec,test,none,pepper,False,0.01,31
2025-12-30 14:16:08,25493314,system.sec,test123,none,pepper,False,0.01,32
2025-12-30 14:16:08,25493314,system.sec,guest,none,pepper,False,0.01,33
2025-12-30 14:16:08,25493314,system.sec,guest123,none,pepper,False,0.01,34
2025-12-30 14:16:08,25493314,system.sec,user,none,pepper,False,0.01,35
2025-12-30 14:16:08,25493314,system.sec,user123,none,pepper,False,0.01,36
2025-12-30 14:16:08,25493314,system.sec,login,none,pepper,False,0.01,37
2025-12-30 14:16:08,25493314,system.sec,login123,none,pepper,False,0.01,38
2025-12-30 14:16:08,25493314,system.sec,welcome,none,pepper,False,0.01,39
2025-12-30 14:16:08,25493314,system.sec,welcome1,none,pepper,False,0.01,40
2025-12-30 14:16:08,25493314,system.sec,password123,none,pepper,False,0.01,41
2025-12-30 14:16:09,25493314,system.sec,admin1,none,pepper,False,0.01,42
2025-12-30 14:16:09,25493314,system.sec,root123,none,pepper,False,0.01,43
2025-12-30 14:16:09,25493314,system.sec,pass123,none,pepper,False,0.01,44
2025-12-30 14:16:09,25493314,system.sec,1q2w3e4r,none,pepper,False,0.01,45
2025-12-30 14:16:09,25493314,system.sec,qwerty123,none,pepper,False,0.01,46
2025-12-30 14:16:09,25493314,system.sec,1234567890,none,pepper,False,0.01,47
2025-12-30 14:16:09,25493314,system.sec,987654321,none,pepper,False,0.01,48
2025-12-30 14:16:09,25493314,system.sec,hello,none,pepper,False,0.01,49
2025-12-30 14:16:09,25493314,system.sec,hello123,none,pepper,False,0.01,50
2025-12-30 14:16:09,25493314,system.sec,iloveyou,none,pepper,False,0.01,51
2025-12-30 14:16:09,25493314,system.sec,sunshine,none,pepper,False,0.01,52
2025-12-30 14:16:09,25493314,system.sec,princess,none,pepper,False,0.01,53
2025-12-30 14:16:09,25493314,system.sec,Password1,none,pepper,False,0.01,54
2025-12-30 14:16:09,25493314,system.sec,Password123,none,pepper,False,0.01,55
2025-12-30 14:16:09,25493314,system.sec,Admin123,none,pepper,False,0.01,56
2025-12-30 14:16:09,25493314,system.sec,Welcome1,none,pepper,False,0.01,57
2025-12-30 14:16:09,25493314,system.sec,Student123,none,pepper,False,0.01,58
2025-12-30 14:16:09,25493314,system.sec,Student99,none,pepper,False,0.01,59
2025-12-30 14:16:09,25493314,system.sec,Test2024,none,pepper,False,0.01,60
2025-12-30 14:16:09,25493314,system.sec,Login456,none,pepper,False,0.01,61
2025-12-30 14:16:09,25493314,system.sec,Python101,none,pepper,False,0.01,62
2025-12-30 14:16:09,25493314,system.sec,demo,none,pepper,False,0.01,63
2025-12-30 14:16:09,25493314,system.sec,student,none,pepper,False,0.01,64
2025-12-30 14:16:09,25493314,system.sec,name,none,pepper,False,0.01,65
2025-12-30 14:16:09,25493314,system.sec,1111,none,pepper,False,0.02,66
2025-12-30 14:16:09,25493314,system.sec,BlueCat12,none,pepper,False,0.01,67
2025-12-30 14:16:09,25493314,system.sec,TechGirl7,none,pepper,False,0.01,68
2025-12-30 14:16:09,25493314,system.sec,Cloud123,none,pepper,False,0.01,69
2025-12-30 14:16:10,25493314,system.sec,GameOn22,none,pepper,False,0.01,70
2025-12-30 14:16:10,25493314,system.sec,WebDev88,none,pepper,False,0.01,71
2025-12-30 14:16:10,25493314,secure.login,123456,none,pepper,False,0.01,1
2025-12-30 14:16:10,25493314,secure.login,password,none,pepper,False,0.01,2
2025-12-30 14:16:10,25493314,secure.login,12345678,none,pepper,False,0.01,3
2025-12-30 14:16:10,25493314,secure.login,qwerty,none,pepper,False,0.01,4
2025-12-30 14:16:10,25493314,secure.login,123456789,none,pepper,False,0.01,5
2025-12-30 14:16:10,25493314,secure.login,12345,none,pepper,False,0.01,6
2025-12-30 14:16:10,25493314,secure.login,1234,none,pepper,False,0.01,7
2025-12-30 14:16:10,25493314,secure.login,111111,none,pepper,False,0.01,8
2025-12-30 14:16:10,25493314,secure.login,1234567,none,pepper,False,0.01,9
2025-12-30 14:16:10,25493314,secure.login,dragon,none,pepper,False,0.01,10
2025-12-30 14:16:10,25493314,secure.login,123123,none,pepper,False,0.01,11
2025-12-30 14:16:10,25493314,secure.login,baseball,none,pepper,False,0.01,12
2025-12-30 14:16:10,25493314,secure.login,abc123,none,pepper,False,0.01,13
2025-12-30 14:16:10,25493314,secure.login,football,none,pepper,False,0.01,14
2025-12-30 14:16:10,25493314,secure.login,monkey,none,pepper,False,0.01,15
2025-12-30 14:16:10,25493314,secure.login,letmein,none,pepper,False,0.01,16
2025-12-30 14:16:10,25493314,secure.login,shadow,none,pepper,False,0.01,17
2025-12-30 14:16:10,25493314,secure.login,master,none,pepper,False,0.01,18
2025-12-30 14:16:10,25493314,secure.login,666666,none,pepper,False,0.01,19
2025-12-30 14:16:10,25493314,secure.login,qwertyuiop,none,pepper,False,0.01,20
2025-12-30 14:16:10,25493314,secure.login,123321,none,pepper,False,0.01,21
2025-12-30 14:16:10,25493314,secure.login,mustang,none,pepper,False,0.01,22
2025-12-30 14:16:10,25493314,secure.login,121212,none,pepper,False,0.01,23
2025-12-30 14:16:11,25493314,secure.login,000000,none,pepper,False,0.01,24
2025-12-30 14:16:11,25493314,secure.login,password1,none,pepper,False,0.01,25
2025-12-30 14:16:11,25493314,secure.login,admin,none,pepper,False,0.01,26
2025-12-30 14:16:11,25493314,secure.login,admin123,none,pepper,False,0.01,27
2025-12-30 14:16:11,25493314,secure.login,root,none,pepper,False,0.01,28
2025-12-30 14:16:11,25493314,secure.login,toor,none,pepper,False,0.01,29
2025-12-30 14:16:11,25493314,secure.login,pass,none,pepper,False,0.01,30
2025-12-30 14:16:11,25493314,secure.login,test,none,pepper,False,0.01,31
2025-12-30 14:16:11,25493314,secure.login,test123,none,pepper,False,0.01,32
2025-12-30 14:16:11,25493314,secure.login,guest,none,pepper,False,0.01,33
2025-12-30 14:16:11,25493314,secure.login,guest123,none,pepper,False,0.01,34
2025-12-30 14:16:11,25493314,secure.login,user,none,pepper,False,0.01,35
2025-12-30 14:16:11,25493314,secure.login,user123,none,pepper,False,0.01,36
2025-12-30 14:16:11,25493314,secure.login,login,none,pepper,False,0.01,37
2025-12-30 14:16:11,25493314,secure.login,login123,none,pepper,False,0.01,38
2025-12-30 14:16:11,25493314,secure.login,welcome,none,pepper,False,0.01,39
2025-12-30 14:16:11,25493314,secure.login,welcome1,none,pepper,False,0.01,40
2025-12-30 14:16:11,25493314,secure.login,password123,none,pepper,False,0.01,41
2025-12-30 14:16:11,25493314,secure.login,admin1,none,pepper,False,0.01,42
2025-12-30 14:16:11,25493314,secure.login,root123,none,pepper,False,0.01,43
2025-12-30 14:16:11,25493314,secure.login,pass123,none,pepper,False,0.01,44
2025-12-30 14:16:11,25493314,secure.login,1q2w3e4r,none,pepper,False,0.01,45
2025-12-30 14:16:11,25493314,secure.login,qwerty123,none,pepper,False,0.01,46
2025-12-30 14:16:11,25493314,secure.login,1234567890,none,pepper,False,0.01,47
2025-12-30 14:16:11,25493314,secure.login,987654321,none,pepper,False,0.01,48
2025-12-30 14:16:11,25493314,secure.login,hello,none,pepper,False,0.01,49
2025-12-30 14:16:11,25493314,secure.login,hello123,none,pepper,False,0.01,50
2025-12-30 14:16:11,25493314,secure.login,iloveyou,none,pepper,False,0.01,51
2025-12-30 14:16:12,25493314,secure.login,sunshine,none,pepper,False,0.01,52
2025-12-30 14:16:12,25493314,secure.login,princess,none,pepper,False,0.01,53
2025-12-30 14:16:12,25493314,secure.login,Password1,none,pepper,False,0.01,54
2025-12-30 14:16:12,25493314,secure.login,Password123,none,pepper,False,0.01,55
2025-12-30 14:16:12,25493314,secure.login,Admin123,none,pepper,False,0.01,56
2025-12-30 14:16:12,25493314,secure.login,Welcome1,none,pepper,False,0.01,57
2025-12-30 14:16:12,25493314,secure.login,Student123,none,pepper,False,0.01,58
2025-12-30 14:16:12,25493314,secure.login,Student99,none,pepper,False,0.01,59
2025-12-30 14:16:12,25493314,secure.login,Test2024,none,pepper,False,0.01,60
2025-12-30 14:16:12,25493314,secure.login,Login456,none,pepper,False,0.01,61
2025-12-30 14:16:12,25493314,secure.login,Python101,none,pepper,False,0.01,62
2025-12-30 14:16:12,25493314,secure.login,demo,none,pepper,False,0.01,63
2025-12-30 14:16:12,25493314,secure.login,student,none,pepper,False,0.01,64
2025-12-30 14:16:12,25493314,secure.login,name,none,pepper,False,0.01,65
2025-12-30 14:16:12,25493314,secure.login,1111,none,pepper,False,0.01,66
2025-12-30 14:16:12,25493314,secure.login,BlueCat12,none,pepper,False,0.01,67
2025-12-30 14:16:12,25493314,secure.login,TechGirl7,none,pepper,False,0.01,68
2025-12-30 14:16:12,25493314,secure.login,Cloud123,none,pepper,False,0.01,69
2025-12-30 14:16:12,25493314,secure.login,GameOn22,none,pepper,False,0.01,70
2025-12-30 14:16:12,25493314,secure.login,WebDev88,none,pepper,False,0.01,71

====================,SUMMARY STATISTICS,====================

Metric,Value
Total Attempts,2130
Successful Attempts,0
Failed Attempts,2130
Success Rate (%),0.00

Unique Usernames Tested,30
Unique Passwords Tested,71

Latency Statistics (ms)
Sum (Total Latency),22.68
Average Latency,0.01
Median Latency (P50),0.01
Min Latency,0.00
Max Latency,0.26

Percentiles (ms)
10th Percentile (P10),0.01
25th Percentile (P25),0.01
75th Percentile (P75),0.01
90th Percentile (P90),0.01
95th Percentile (P95),0.01
99th Percentile (P99),0.02

Time Range
First Attempt,2025-12-30 14:15:25
Last Attempt,2025-12-30 14:16:12

Report Generated,2025-12-30 20:52:20
