timestamp,group_seed,username,password,hash_mode,protection_flags,result,latency_ms,attempt_number
2025-12-30 14:24:40,25493314,user1,123456,none,rate_limit(5/60s),False,0.08,72
2025-12-30 14:24:40,25493314,user1,password,none,rate_limit(5/60s),False,0.01,73
2025-12-30 14:24:40,25493314,user1,12345678,none,rate_limit(5/60s),False,0.01,74
2025-12-30 14:24:40,25493314,user1,qwerty,none,rate_limit(5/60s),False,0.01,75
2025-12-30 14:24:40,25493314,user1,123456789,none,rate_limit(5/60s),False,0.01,76
2025-12-30 14:24:40,25493314,user1,12345,none,rate_limit(5/60s),False,0.0,77
2025-12-30 14:25:39,25493314,user1,1234,none,rate_limit(5/60s),False,0.04,78
2025-12-30 14:25:39,25493314,user1,111111,none,rate_limit(5/60s),False,0.01,79
2025-12-30 14:25:39,25493314,user1,1234567,none,rate_limit(5/60s),False,0.0,80
2025-12-30 14:25:39,25493314,user1,dragon,none,rate_limit(5/60s),False,0.0,81
2025-12-30 14:25:39,25493314,user1,123123,none,rate_limit(5/60s),False,0.0,82
2025-12-30 14:25:39,25493314,user1,baseball,none,rate_limit(5/60s),False,0.0,83
2025-12-30 14:25:39,25493314,user1,abc123,none,rate_limit(5/60s),False,0.0,84
2025-12-30 14:25:39,25493314,user1,football,none,rate_limit(5/60s),False,0.0,85
2025-12-30 14:25:39,25493314,user1,monkey,none,rate_limit(5/60s),False,0.0,86
2025-12-30 14:25:39,25493314,user1,letmein,none,rate_limit(5/60s),False,0.0,87
2025-12-30 14:25:39,25493314,user1,shadow,none,rate_limit(5/60s),False,0.0,88
2025-12-30 14:25:39,25493314,user1,master,none,rate_limit(5/60s),False,0.0,89
2025-12-30 14:25:39,25493314,user1,666666,none,rate_limit(5/60s),False,0.0,90
2025-12-30 14:25:39,25493314,user1,qwertyuiop,none,rate_limit(5/60s),False,0.0,91
2025-12-30 14:25:39,25493314,user1,123321,none,rate_limit(5/60s),False,0.0,92
2025-12-30 14:25:39,25493314,user1,mustang,none,rate_limit(5/60s),False,0.0,93
2025-12-30 14:25:39,25493314,user1,121212,none,rate_limit(5/60s),False,0.0,94
2025-12-30 14:25:40,25493314,user1,000000,none,rate_limit(5/60s),False,0.0,95
2025-12-30 14:25:40,25493314,user1,password1,none,rate_limit(5/60s),False,0.0,96
2025-12-30 14:25:40,25493314,user1,admin,none,rate_limit(5/60s),False,0.0,97
2025-12-30 14:25:40,25493314,user1,admin123,none,rate_limit(5/60s),False,0.0,98
2025-12-30 14:25:40,25493314,user1,root,none,rate_limit(5/60s),False,0.0,99
2025-12-30 14:25:40,25493314,user1,toor,none,rate_limit(5/60s),False,0.0,100
2025-12-30 14:25:40,25493314,user1,pass,none,rate_limit(5/60s),False,0.01,101
2025-12-30 14:25:40,25493314,user1,test,none,rate_limit(5/60s),False,0.01,102
2025-12-30 14:25:40,25493314,user1,test123,none,rate_limit(5/60s),False,0.01,103
2025-12-30 14:25:40,25493314,user1,guest,none,rate_limit(5/60s),False,0.01,104
2025-12-30 14:25:40,25493314,user1,guest123,none,rate_limit(5/60s),False,0.01,105
2025-12-30 14:25:40,25493314,user1,user,none,rate_limit(5/60s),False,0.0,106
2025-12-30 14:26:39,25493314,user1,user123,none,rate_limit(5/60s),False,0.03,107
2025-12-30 14:26:39,25493314,user1,login,none,rate_limit(5/60s),False,0.01,108
2025-12-30 14:26:39,25493314,user1,login123,none,rate_limit(5/60s),False,0.01,109
2025-12-30 14:26:39,25493314,user1,welcome,none,rate_limit(5/60s),False,0.0,110
2025-12-30 14:26:39,25493314,user1,welcome1,none,rate_limit(5/60s),False,0.0,111
2025-12-30 14:26:39,25493314,user1,password123,none,rate_limit(5/60s),False,0.0,112
2025-12-30 14:26:39,25493314,user1,admin1,none,rate_limit(5/60s),False,0.0,113
2025-12-30 14:26:39,25493314,user1,root123,none,rate_limit(5/60s),False,0.01,114
2025-12-30 14:26:39,25493314,user1,pass123,none,rate_limit(5/60s),False,0.0,115
2025-12-30 14:26:39,25493314,user1,1q2w3e4r,none,rate_limit(5/60s),False,0.0,116
2025-12-30 14:26:39,25493314,user1,qwerty123,none,rate_limit(5/60s),False,0.01,117
2025-12-30 14:26:39,25493314,user1,1234567890,none,rate_limit(5/60s),False,0.0,118
2025-12-30 14:26:39,25493314,user1,987654321,none,rate_limit(5/60s),False,0.0,119
2025-12-30 14:26:39,25493314,user1,hello,none,rate_limit(5/60s),False,0.0,120
2025-12-30 14:26:39,25493314,user1,hello123,none,rate_limit(5/60s),False,0.0,121
2025-12-30 14:26:39,25493314,user1,iloveyou,none,rate_limit(5/60s),False,0.0,122
2025-12-30 14:26:40,25493314,user1,sunshine,none,rate_limit(5/60s),False,0.0,123
2025-12-30 14:26:40,25493314,user1,princess,none,rate_limit(5/60s),False,0.0,124
2025-12-30 14:26:40,25493314,user1,Password1,none,rate_limit(5/60s),False,0.0,125
2025-12-30 14:26:40,25493314,user1,Password123,none,rate_limit(5/60s),False,0.0,126
2025-12-30 14:26:40,25493314,user1,Admin123,none,rate_limit(5/60s),False,0.0,127
2025-12-30 14:26:40,25493314,user1,Welcome1,none,rate_limit(5/60s),False,0.0,128
2025-12-30 14:26:40,25493314,user1,Student123,none,rate_limit(5/60s),False,0.02,129
2025-12-30 14:26:40,25493314,user1,Student99,none,rate_limit(5/60s),False,0.01,130
2025-12-30 14:26:40,25493314,user1,Test2024,none,rate_limit(5/60s),False,0.01,131
2025-12-30 14:26:40,25493314,user1,Login456,none,rate_limit(5/60s),False,0.01,132
2025-12-30 14:26:40,25493314,user1,Python101,none,rate_limit(5/60s),False,0.01,133
2025-12-30 14:26:40,25493314,user1,demo,none,rate_limit(5/60s),False,0.0,134
2025-12-30 14:27:39,25493314,user1,student,none,rate_limit(5/60s),False,0.04,135
2025-12-30 14:27:39,25493314,user1,name,none,rate_limit(5/60s),False,0.01,136
2025-12-30 14:27:39,25493314,user1,1111,none,rate_limit(5/60s),False,0.0,137
2025-12-30 14:27:39,25493314,user1,BlueCat12,none,rate_limit(5/60s),False,0.0,138
2025-12-30 14:27:39,25493314,user1,TechGirl7,none,rate_limit(5/60s),False,0.0,139
2025-12-30 14:27:39,25493314,user1,Cloud123,none,rate_limit(5/60s),False,0.0,140
2025-12-30 14:27:39,25493314,user1,GameOn22,none,rate_limit(5/60s),False,0.0,141
2025-12-30 14:27:39,25493314,user1,WebDev88,none,rate_limit(5/60s),False,0.0,142
2025-12-30 14:27:39,25493314,admin,123456,none,rate_limit(5/60s),False,0.0,72
2025-12-30 14:27:39,25493314,admin,password,none,rate_limit(5/60s),False,0.0,73
2025-12-30 14:27:39,25493314,admin,12345678,none,rate_limit(5/60s),False,0.0,74
2025-12-30 14:27:39,25493314,admin,qwerty,none,rate_limit(5/60s),False,0.0,75
2025-12-30 14:27:40,25493314,admin,123456789,none,rate_limit(5/60s),False,0.0,76
2025-12-30 14:27:40,25493314,admin,12345,none,rate_limit(5/60s),False,0.0,77
2025-12-30 14:27:40,25493314,admin,1234,none,rate_limit(5/60s),False,0.0,78
2025-12-30 14:27:40,25493314,admin,111111,none,rate_limit(5/60s),False,0.0,79
2025-12-30 14:27:40,25493314,admin,1234567,none,rate_limit(5/60s),False,0.0,80
2025-12-30 14:27:40,25493314,admin,dragon,none,rate_limit(5/60s),False,0.0,81
2025-12-30 14:27:40,25493314,admin,123123,none,rate_limit(5/60s),False,0.02,82
2025-12-30 14:27:40,25493314,admin,baseball,none,rate_limit(5/60s),False,0.01,83
2025-12-30 14:27:40,25493314,admin,abc123,none,rate_limit(5/60s),False,0.01,84
2025-12-30 14:27:40,25493314,admin,football,none,rate_limit(5/60s),False,0.01,85
2025-12-30 14:27:40,25493314,admin,monkey,none,rate_limit(5/60s),False,0.01,86
2025-12-30 14:27:40,25493314,admin,letmein,none,rate_limit(5/60s),False,0.0,87
2025-12-30 14:28:39,25493314,admin,shadow,none,rate_limit(5/60s),False,0.08,88
2025-12-30 14:28:39,25493314,admin,master,none,rate_limit(5/60s),False,0.01,89
2025-12-30 14:28:39,25493314,admin,666666,none,rate_limit(5/60s),False,0.0,90
2025-12-30 14:28:39,25493314,admin,qwertyuiop,none,rate_limit(5/60s),False,0.0,91
2025-12-30 14:28:39,25493314,admin,123321,none,rate_limit(5/60s),False,0.0,92
2025-12-30 14:28:39,25493314,admin,mustang,none,rate_limit(5/60s),False,0.01,93
2025-12-30 14:28:39,25493314,admin,121212,none,rate_limit(5/60s),False,0.0,94
2025-12-30 14:28:39,25493314,admin,000000,none,rate_limit(5/60s),False,0.0,95
2025-12-30 14:28:39,25493314,admin,password1,none,rate_limit(5/60s),False,0.0,96
2025-12-30 14:28:39,25493314,admin,admin,none,rate_limit(5/60s),False,0.01,97
2025-12-30 14:28:39,25493314,admin,admin123,none,rate_limit(5/60s),False,0.0,98
2025-12-30 14:28:39,25493314,admin,root,none,rate_limit(5/60s),False,0.0,99
2025-12-30 14:28:39,25493314,admin,toor,none,rate_limit(5/60s),False,0.0,100
2025-12-30 14:28:39,25493314,admin,pass,none,rate_limit(5/60s),False,0.0,101
2025-12-30 14:28:39,25493314,admin,test,none,rate_limit(5/60s),False,0.0,102
2025-12-30 14:28:39,25493314,admin,test123,none,rate_limit(5/60s),False,0.0,103
2025-12-30 14:28:39,25493314,admin,guest,none,rate_limit(5/60s),False,0.0,104
2025-12-30 14:28:40,25493314,admin,guest123,none,rate_limit(5/60s),False,0.0,105
2025-12-30 14:28:40,25493314,admin,user,none,rate_limit(5/60s),False,0.0,106
2025-12-30 14:28:40,25493314,admin,user123,none,rate_limit(5/60s),False,0.0,107
2025-12-30 14:28:40,25493314,admin,login,none,rate_limit(5/60s),False,0.0,108
2025-12-30 14:28:40,25493314,admin,login123,none,rate_limit(5/60s),False,0.01,109
2025-12-30 14:28:40,25493314,admin,welcome,none,rate_limit(5/60s),False,0.0,110
2025-12-30 14:28:40,25493314,admin,welcome1,none,rate_limit(5/60s),False,0.01,111
2025-12-30 14:28:40,25493314,admin,password123,none,rate_limit(5/60s),False,0.01,112
2025-12-30 14:28:40,25493314,admin,admin1,none,rate_limit(5/60s),False,0.01,113
2025-12-30 14:28:40,25493314,admin,root123,none,rate_limit(5/60s),False,0.01,114
2025-12-30 14:28:40,25493314,admin,pass123,none,rate_limit(5/60s),False,0.02,115
2025-12-30 14:28:40,25493314,admin,1q2w3e4r,none,rate_limit(5/60s),False,0.02,116
2025-12-30 14:28:40,25493314,admin,qwerty123,none,rate_limit(5/60s),False,0.0,117
2025-12-30 14:29:39,25493314,admin,1234567890,none,rate_limit(5/60s),False,0.1,118
2025-12-30 14:29:39,25493314,admin,987654321,none,rate_limit(5/60s),False,0.01,119
2025-12-30 14:29:39,25493314,admin,hello,none,rate_limit(5/60s),False,0.0,120
2025-12-30 14:29:39,25493314,admin,hello123,none,rate_limit(5/60s),False,0.01,121
2025-12-30 14:29:39,25493314,admin,iloveyou,none,rate_limit(5/60s),False,0.0,122
2025-12-30 14:29:39,25493314,admin,sunshine,none,rate_limit(5/60s),False,0.0,123
2025-12-30 14:29:39,25493314,admin,princess,none,rate_limit(5/60s),False,0.0,124
2025-12-30 14:29:39,25493314,admin,Password1,none,rate_limit(5/60s),False,0.0,125
2025-12-30 14:29:39,25493314,admin,Password123,none,rate_limit(5/60s),False,0.0,126
2025-12-30 14:29:39,25493314,admin,Admin123,none,rate_limit(5/60s),False,0.0,127
2025-12-30 14:29:39,25493314,admin,Welcome1,none,rate_limit(5/60s),False,0.0,128
2025-12-30 14:29:39,25493314,admin,Student123,none,rate_limit(5/60s),False,0.0,129
2025-12-30 14:29:39,25493314,admin,Student99,none,rate_limit(5/60s),False,0.0,130
2025-12-30 14:29:39,25493314,admin,Test2024,none,rate_limit(5/60s),False,0.01,131
2025-12-30 14:29:40,25493314,admin,Login456,none,rate_limit(5/60s),False,0.01,132
2025-12-30 14:29:40,25493314,admin,Python101,none,rate_limit(5/60s),False,0.0,133
2025-12-30 14:29:40,25493314,admin,demo,none,rate_limit(5/60s),False,0.0,134
2025-12-30 14:29:40,25493314,admin,student,none,rate_limit(5/60s),False,0.0,135
2025-12-30 14:29:40,25493314,admin,name,none,rate_limit(5/60s),False,0.0,136
2025-12-30 14:29:40,25493314,admin,1111,none,rate_limit(5/60s),False,0.0,137
2025-12-30 14:29:40,25493314,admin,BlueCat12,none,rate_limit(5/60s),False,0.0,138
2025-12-30 14:29:40,25493314,admin,TechGirl7,none,rate_limit(5/60s),False,0.03,139
2025-12-30 14:29:40,25493314,admin,Cloud123,none,rate_limit(5/60s),False,0.01,140
2025-12-30 14:29:40,25493314,admin,GameOn22,none,rate_limit(5/60s),False,0.01,141
2025-12-30 14:29:40,25493314,admin,WebDev88,none,rate_limit(5/60s),False,0.01,142
2025-12-30 14:29:40,25493314,guest,123456,none,rate_limit(5/60s),False,0.02,72
2025-12-30 14:29:40,25493314,guest,password,none,rate_limit(5/60s),False,0.0,73
2025-12-30 14:30:39,25493314,guest,12345678,none,rate_limit(5/60s),False,0.09,74
2025-12-30 14:30:39,25493314,guest,qwerty,none,rate_limit(5/60s),False,0.0,75
2025-12-30 14:30:39,25493314,guest,123456789,none,rate_limit(5/60s),False,0.01,76
2025-12-30 14:30:39,25493314,guest,12345,none,rate_limit(5/60s),False,0.0,77
2025-12-30 14:30:39,25493314,guest,1234,none,rate_limit(5/60s),False,0.0,78
2025-12-30 14:30:39,25493314,guest,111111,none,rate_limit(5/60s),False,0.0,79
2025-12-30 14:30:39,25493314,guest,1234567,none,rate_limit(5/60s),False,0.0,80
2025-12-30 14:30:39,25493314,guest,dragon,none,rate_limit(5/60s),False,0.0,81
2025-12-30 14:30:40,25493314,guest,123123,none,rate_limit(5/60s),False,0.0,82
2025-12-30 14:30:40,25493314,guest,baseball,none,rate_limit(5/60s),False,0.0,83
2025-12-30 14:30:40,25493314,guest,abc123,none,rate_limit(5/60s),False,0.0,84
2025-12-30 14:30:40,25493314,guest,football,none,rate_limit(5/60s),False,0.0,85
2025-12-30 14:30:40,25493314,guest,monkey,none,rate_limit(5/60s),False,0.0,86
2025-12-30 14:30:40,25493314,guest,letmein,none,rate_limit(5/60s),False,0.0,87
2025-12-30 14:30:40,25493314,guest,shadow,none,rate_limit(5/60s),False,0.0,88
2025-12-30 14:30:40,25493314,guest,master,none,rate_limit(5/60s),False,0.0,89
2025-12-30 14:30:40,25493314,guest,666666,none,rate_limit(5/60s),False,0.04,90
2025-12-30 14:30:40,25493314,guest,qwertyuiop,none,rate_limit(5/60s),False,0.01,91
2025-12-30 14:30:40,25493314,guest,123321,none,rate_limit(5/60s),False,0.0,92
2025-12-30 14:30:40,25493314,guest,mustang,none,rate_limit(5/60s),False,0.01,93
2025-12-30 14:30:40,25493314,guest,121212,none,rate_limit(5/60s),False,0.01,94
2025-12-30 14:30:40,25493314,guest,000000,none,rate_limit(5/60s),False,0.0,95
2025-12-30 14:30:40,25493314,guest,password1,none,rate_limit(5/60s),False,0.0,96
2025-12-30 14:30:40,25493314,guest,admin,none,rate_limit(5/60s),False,0.0,97
2025-12-30 14:30:40,25493314,guest,admin123,none,rate_limit(5/60s),False,0.0,98
2025-12-30 14:30:40,25493314,guest,root,none,rate_limit(5/60s),False,0.0,99
2025-12-30 14:30:40,25493314,guest,toor,none,rate_limit(5/60s),False,0.01,100
2025-12-30 14:30:40,25493314,guest,pass,none,rate_limit(5/60s),False,0.0,101
2025-12-30 14:31:39,25493314,guest,test,none,rate_limit(5/60s),False,0.02,102
2025-12-30 14:31:39,25493314,guest,test123,none,rate_limit(5/60s),False,0.01,103
2025-12-30 14:31:39,25493314,guest,guest,none,rate_limit(5/60s),False,0.0,104
2025-12-30 14:31:39,25493314,guest,guest123,none,rate_limit(5/60s),False,0.0,105
2025-12-30 14:31:39,25493314,guest,user,none,rate_limit(5/60s),False,0.0,106
2025-12-30 14:31:39,25493314,guest,user123,none,rate_limit(5/60s),False,0.0,107
2025-12-30 14:31:39,25493314,guest,login,none,rate_limit(5/60s),False,0.01,108
2025-12-30 14:31:39,25493314,guest,login123,none,rate_limit(5/60s),False,0.0,109
2025-12-30 14:31:39,25493314,guest,welcome,none,rate_limit(5/60s),False,0.0,110
2025-12-30 14:31:40,25493314,guest,welcome1,none,rate_limit(5/60s),False,0.0,111
2025-12-30 14:31:40,25493314,guest,password123,none,rate_limit(5/60s),False,0.0,112
2025-12-30 14:31:40,25493314,guest,admin1,none,rate_limit(5/60s),False,0.0,113
2025-12-30 14:31:40,25493314,guest,root123,none,rate_limit(5/60s),False,0.0,114
2025-12-30 14:31:40,25493314,guest,pass123,none,rate_limit(5/60s),False,0.0,115
2025-12-30 14:31:40,25493314,guest,1q2w3e4r,none,rate_limit(5/60s),False,0.0,116
2025-12-30 14:31:40,25493314,guest,qwerty123,none,rate_limit(5/60s),False,0.0,117
2025-12-30 14:31:40,25493314,guest,1234567890,none,rate_limit(5/60s),False,0.0,118
2025-12-30 14:31:40,25493314,guest,987654321,none,rate_limit(5/60s),False,0.01,119
2025-12-30 14:31:40,25493314,guest,hello,none,rate_limit(5/60s),False,0.01,120
2025-12-30 14:31:40,25493314,guest,hello123,none,rate_limit(5/60s),False,0.0,121
2025-12-30 14:31:40,25493314,guest,iloveyou,none,rate_limit(5/60s),False,0.01,122
2025-12-30 14:31:40,25493314,guest,sunshine,none,rate_limit(5/60s),False,0.01,123
2025-12-30 14:31:40,25493314,guest,princess,none,rate_limit(5/60s),False,0.0,124
2025-12-30 14:31:40,25493314,guest,Password1,none,rate_limit(5/60s),False,0.0,125
2025-12-30 14:31:40,25493314,guest,Password123,none,rate_limit(5/60s),False,0.0,126
2025-12-30 14:31:40,25493314,guest,Admin123,none,rate_limit(5/60s),False,0.0,127
2025-12-30 14:31:40,25493314,guest,Welcome1,none,rate_limit(5/60s),False,0.0,128
2025-12-30 14:31:40,25493314,guest,Student123,none,rate_limit(5/60s),False,0.01,129
2025-12-30 14:31:40,25493314,guest,Student99,none,rate_limit(5/60s),False,0.0,130
2025-12-30 14:32:39,25493314,guest,Test2024,none,rate_limit(5/60s),False,0.08,131
2025-12-30 14:32:39,25493314,guest,Login456,none,rate_limit(5/60s),False,0.01,132
2025-12-30 14:32:39,25493314,guest,Python101,none,rate_limit(5/60s),False,0.0,133
2025-12-30 14:32:39,25493314,guest,demo,none,rate_limit(5/60s),False,0.0,134
2025-12-30 14:32:39,25493314,guest,student,none,rate_limit(5/60s),False,0.0,135
2025-12-30 14:32:39,25493314,guest,name,none,rate_limit(5/60s),False,0.0,136
2025-12-30 14:32:39,25493314,guest,1111,none,rate_limit(5/60s),False,0.0,137
2025-12-30 14:32:39,25493314,guest,BlueCat12,none,rate_limit(5/60s),False,0.0,138
2025-12-30 14:32:40,25493314,guest,TechGirl7,none,rate_limit(5/60s),False,0.0,139
2025-12-30 14:32:40,25493314,guest,Cloud123,none,rate_limit(5/60s),False,0.0,140
2025-12-30 14:32:40,25493314,guest,GameOn22,none,rate_limit(5/60s),False,0.0,141
2025-12-30 14:32:40,25493314,guest,WebDev88,none,rate_limit(5/60s),False,0.0,142
2025-12-30 14:32:40,25493314,test,123456,none,rate_limit(5/60s),False,0.02,72
2025-12-30 14:32:40,25493314,test,password,none,rate_limit(5/60s),False,0.01,73
2025-12-30 14:32:40,25493314,test,12345678,none,rate_limit(5/60s),False,0.01,74
2025-12-30 14:32:40,25493314,test,qwerty,none,rate_limit(5/60s),False,0.01,75
2025-12-30 14:32:40,25493314,test,123456789,none,rate_limit(5/60s),False,0.0,76
2025-12-30 14:32:40,25493314,test,12345,none,rate_limit(5/60s),False,0.0,77
2025-12-30 14:32:40,25493314,test,1234,none,rate_limit(5/60s),False,0.0,78
2025-12-30 14:32:40,25493314,test,111111,none,rate_limit(5/60s),False,0.0,79
2025-12-30 14:32:40,25493314,test,1234567,none,rate_limit(5/60s),False,0.0,80
2025-12-30 14:32:40,25493314,test,dragon,none,rate_limit(5/60s),False,0.01,81
2025-12-30 14:32:40,25493314,test,123123,none,rate_limit(5/60s),False,0.0,82
2025-12-30 14:33:39,25493314,test,baseball,none,rate_limit(5/60s),False,0.1,83
2025-12-30 14:33:39,25493314,test,abc123,none,rate_limit(5/60s),False,0.01,84
2025-12-30 14:33:39,25493314,test,football,none,rate_limit(5/60s),False,0.01,85
2025-12-30 14:33:39,25493314,test,monkey,none,rate_limit(5/60s),False,0.0,86
2025-12-30 14:33:39,25493314,test,letmein,none,rate_limit(5/60s),False,0.0,87
2025-12-30 14:33:39,25493314,test,shadow,none,rate_limit(5/60s),False,0.0,88
2025-12-30 14:33:39,25493314,test,master,none,rate_limit(5/60s),False,0.0,89
2025-12-30 14:33:40,25493314,test,666666,none,rate_limit(5/60s),False,0.0,90
2025-12-30 14:33:40,25493314,test,qwertyuiop,none,rate_limit(5/60s),False,0.0,91
2025-12-30 14:33:40,25493314,test,123321,none,rate_limit(5/60s),False,0.0,92
2025-12-30 14:33:40,25493314,test,mustang,none,rate_limit(5/60s),False,0.0,93
2025-12-30 14:33:40,25493314,test,121212,none,rate_limit(5/60s),False,0.0,94
2025-12-30 14:33:40,25493314,test,000000,none,rate_limit(5/60s),False,0.0,95
2025-12-30 14:33:40,25493314,test,password1,none,rate_limit(5/60s),False,0.0,96
2025-12-30 14:33:40,25493314,test,admin,none,rate_limit(5/60s),False,0.0,97
2025-12-30 14:33:40,25493314,test,admin123,none,rate_limit(5/60s),False,0.0,98
2025-12-30 14:33:40,25493314,test,root,none,rate_limit(5/60s),False,0.01,99
2025-12-30 14:33:40,25493314,test,toor,none,rate_limit(5/60s),False,0.0,100
2025-12-30 14:33:40,25493314,test,pass,none,rate_limit(5/60s),False,0.01,101
2025-12-30 14:33:40,25493314,test,test,none,rate_limit(5/60s),False,0.01,102
2025-12-30 14:33:40,25493314,test,test123,none,rate_limit(5/60s),False,0.01,103
2025-12-30 14:33:40,25493314,test,guest,none,rate_limit(5/60s),False,0.0,104
2025-12-30 14:33:40,25493314,test,guest123,none,rate_limit(5/60s),False,0.0,105
2025-12-30 14:33:40,25493314,test,user,none,rate_limit(5/60s),False,0.0,106
2025-12-30 14:33:40,25493314,test,user123,none,rate_limit(5/60s),False,0.0,107
2025-12-30 14:33:40,25493314,test,login,none,rate_limit(5/60s),False,0.0,108
2025-12-30 14:33:40,25493314,test,login123,none,rate_limit(5/60s),False,0.01,109
2025-12-30 14:33:40,25493314,test,welcome,none,rate_limit(5/60s),False,0.0,110
2025-12-30 14:34:39,25493314,test,welcome1,none,rate_limit(5/60s),False,0.03,111
2025-12-30 14:34:39,25493314,test,password123,none,rate_limit(5/60s),False,0.01,112
2025-12-30 14:34:39,25493314,test,admin1,none,rate_limit(5/60s),False,0.01,113
2025-12-30 14:34:39,25493314,test,root123,none,rate_limit(5/60s),False,0.0,114
2025-12-30 14:34:39,25493314,test,pass123,none,rate_limit(5/60s),False,0.0,115
2025-12-30 14:34:39,25493314,test,1q2w3e4r,none,rate_limit(5/60s),False,0.0,116
2025-12-30 14:34:39,25493314,test,qwerty123,none,rate_limit(5/60s),False,0.0,117
2025-12-30 14:34:40,25493314,test,1234567890,none,rate_limit(5/60s),False,0.0,118
2025-12-30 14:34:40,25493314,test,987654321,none,rate_limit(5/60s),False,0.0,119
2025-12-30 14:34:40,25493314,test,hello,none,rate_limit(5/60s),False,0.0,120
2025-12-30 14:34:40,25493314,test,hello123,none,rate_limit(5/60s),False,0.0,121
2025-12-30 14:34:40,25493314,test,iloveyou,none,rate_limit(5/60s),False,0.0,122
2025-12-30 14:34:40,25493314,test,sunshine,none,rate_limit(5/60s),False,0.0,123
2025-12-30 14:34:40,25493314,test,princess,none,rate_limit(5/60s),False,0.0,124
2025-12-30 14:34:40,25493314,test,Password1,none,rate_limit(5/60s),False,0.0,125
2025-12-30 14:34:40,25493314,test,Password123,none,rate_limit(5/60s),False,0.0,126
2025-12-30 14:34:40,25493314,test,Admin123,none,rate_limit(5/60s),False,0.0,127
2025-12-30 14:34:40,25493314,test,Welcome1,none,rate_limit(5/60s),False,0.01,128
2025-12-30 14:34:40,25493314,test,Student123,none,rate_limit(5/60s),False,0.02,129
2025-12-30 14:34:40,25493314,test,Student99,none,rate_limit(5/60s),False,0.01,130
2025-12-30 14:34:40,25493314,test,Test2024,none,rate_limit(5/60s),False,0.01,131
2025-12-30 14:34:40,25493314,test,Login456,none,rate_limit(5/60s),False,0.0,132
2025-12-30 14:34:40,25493314,test,Python101,none,rate_limit(5/60s),False,0.0,133
2025-12-30 14:34:40,25493314,test,demo,none,rate_limit(5/60s),False,0.0,134
2025-12-30 14:34:40,25493314,test,student,none,rate_limit(5/60s),False,0.0,135
2025-12-30 14:34:40,25493314,test,name,none,rate_limit(5/60s),False,0.02,136
2025-12-30 14:34:40,25493314,test,1111,none,rate_limit(5/60s),False,0.01,137
2025-12-30 14:35:39,25493314,test,BlueCat12,none,rate_limit(5/60s),False,0.02,138
2025-12-30 14:35:39,25493314,test,TechGirl7,none,rate_limit(5/60s),False,0.01,139
2025-12-30 14:35:39,25493314,test,Cloud123,none,rate_limit(5/60s),False,0.0,140
2025-12-30 14:35:39,25493314,test,GameOn22,none,rate_limit(5/60s),False,0.0,141
2025-12-30 14:35:39,25493314,test,WebDev88,none,rate_limit(5/60s),False,0.0,142
2025-12-30 14:35:40,25493314,hello,123456,none,rate_limit(5/60s),False,0.01,72
2025-12-30 14:35:40,25493314,hello,password,none,rate_limit(5/60s),False,0.0,73
2025-12-30 14:35:40,25493314,hello,12345678,none,rate_limit(5/60s),False,0.0,74
2025-12-30 14:35:40,25493314,hello,qwerty,none,rate_limit(5/60s),False,0.0,75
2025-12-30 14:35:40,25493314,hello,123456789,none,rate_limit(5/60s),False,0.0,76
2025-12-30 14:35:40,25493314,hello,12345,none,rate_limit(5/60s),False,0.0,77
2025-12-30 14:35:40,25493314,hello,1234,none,rate_limit(5/60s),False,0.0,78
2025-12-30 14:35:40,25493314,hello,111111,none,rate_limit(5/60s),False,0.0,79
2025-12-30 14:35:40,25493314,hello,1234567,none,rate_limit(5/60s),False,0.01,80
2025-12-30 14:35:40,25493314,hello,dragon,none,rate_limit(5/60s),False,0.01,81
2025-12-30 14:35:40,25493314,hello,123123,none,rate_limit(5/60s),False,0.01,82
2025-12-30 14:35:40,25493314,hello,baseball,none,rate_limit(5/60s),False,0.01,83
2025-12-30 14:35:40,25493314,hello,abc123,none,rate_limit(5/60s),False,0.0,84
2025-12-30 14:35:40,25493314,hello,football,none,rate_limit(5/60s),False,0.0,85
2025-12-30 14:35:40,25493314,hello,monkey,none,rate_limit(5/60s),False,0.0,86
2025-12-30 14:35:40,25493314,hello,letmein,none,rate_limit(5/60s),False,0.0,87
2025-12-30 14:35:40,25493314,hello,shadow,none,rate_limit(5/60s),False,0.01,88
2025-12-30 14:35:40,25493314,hello,master,none,rate_limit(5/60s),False,0.0,89
2025-12-30 14:36:39,25493314,hello,666666,none,rate_limit(5/60s),False,0.02,90
2025-12-30 14:36:39,25493314,hello,qwertyuiop,none,rate_limit(5/60s),False,0.01,91
2025-12-30 14:36:39,25493314,hello,123321,none,rate_limit(5/60s),False,0.0,92
2025-12-30 14:36:39,25493314,hello,mustang,none,rate_limit(5/60s),False,0.0,93
2025-12-30 14:36:39,25493314,hello,121212,none,rate_limit(5/60s),False,0.0,94
2025-12-30 14:36:39,25493314,hello,000000,none,rate_limit(5/60s),False,0.0,95
2025-12-30 14:36:40,25493314,hello,password1,none,rate_limit(5/60s),False,0.0,96
2025-12-30 14:36:40,25493314,hello,admin,none,rate_limit(5/60s),False,0.0,97
2025-12-30 14:36:40,25493314,hello,admin123,none,rate_limit(5/60s),False,0.0,98
2025-12-30 14:36:40,25493314,hello,root,none,rate_limit(5/60s),False,0.0,99
2025-12-30 14:36:40,25493314,hello,toor,none,rate_limit(5/60s),False,0.0,100
2025-12-30 14:36:40,25493314,hello,pass,none,rate_limit(5/60s),False,0.0,101
2025-12-30 14:36:40,25493314,hello,test,none,rate_limit(5/60s),False,0.0,102
2025-12-30 14:36:40,25493314,hello,test123,none,rate_limit(5/60s),False,0.01,103
2025-12-30 14:36:40,25493314,hello,guest,none,rate_limit(5/60s),False,0.0,104
2025-12-30 14:36:40,25493314,hello,guest123,none,rate_limit(5/60s),False,0.0,105
2025-12-30 14:36:40,25493314,hello,user,none,rate_limit(5/60s),False,0.0,106
2025-12-30 14:36:40,25493314,hello,user123,none,rate_limit(5/60s),False,0.01,107
2025-12-30 14:36:40,25493314,hello,login,none,rate_limit(5/60s),False,0.01,108
2025-12-30 14:36:40,25493314,hello,login123,none,rate_limit(5/60s),False,0.01,109
2025-12-30 14:36:40,25493314,hello,welcome,none,rate_limit(5/60s),False,0.01,110
2025-12-30 14:36:40,25493314,hello,welcome1,none,rate_limit(5/60s),False,0.0,111
2025-12-30 14:36:40,25493314,hello,password123,none,rate_limit(5/60s),False,0.0,112
2025-12-30 14:36:40,25493314,hello,admin1,none,rate_limit(5/60s),False,0.0,113
2025-12-30 14:36:40,25493314,hello,root123,none,rate_limit(5/60s),False,0.0,114
2025-12-30 14:36:40,25493314,hello,pass123,none,rate_limit(5/60s),False,0.01,115
2025-12-30 14:36:40,25493314,hello,1q2w3e4r,none,rate_limit(5/60s),False,0.0,116
2025-12-30 14:37:39,25493314,hello,qwerty123,none,rate_limit(5/60s),False,0.06,117
2025-12-30 14:37:39,25493314,hello,1234567890,none,rate_limit(5/60s),False,0.01,118
2025-12-30 14:37:39,25493314,hello,987654321,none,rate_limit(5/60s),False,0.0,119
2025-12-30 14:37:39,25493314,hello,hello,none,rate_limit(5/60s),False,0.0,120
2025-12-30 14:37:39,25493314,hello,hello123,none,rate_limit(5/60s),False,0.0,121
2025-12-30 14:37:39,25493314,hello,iloveyou,none,rate_limit(5/60s),False,0.0,122
2025-12-30 14:37:40,25493314,hello,sunshine,none,rate_limit(5/60s),False,0.0,123
2025-12-30 14:37:40,25493314,hello,princess,none,rate_limit(5/60s),False,0.0,124
2025-12-30 14:37:40,25493314,hello,Password1,none,rate_limit(5/60s),False,0.0,125
2025-12-30 14:37:40,25493314,hello,Password123,none,rate_limit(5/60s),False,0.0,126
2025-12-30 14:37:40,25493314,hello,Admin123,none,rate_limit(5/60s),False,0.0,127
2025-12-30 14:37:40,25493314,hello,Welcome1,none,rate_limit(5/60s),False,0.0,128
2025-12-30 14:37:40,25493314,hello,Student123,none,rate_limit(5/60s),False,0.0,129
2025-12-30 14:37:40,25493314,hello,Student99,none,rate_limit(5/60s),False,0.0,130
2025-12-30 14:37:40,25493314,hello,Test2024,none,rate_limit(5/60s),False,0.01,131
2025-12-30 14:37:40,25493314,hello,Login456,none,rate_limit(5/60s),False,0.0,132
2025-12-30 14:37:40,25493314,hello,Python101,none,rate_limit(5/60s),False,0.0,133
2025-12-30 14:37:40,25493314,hello,demo,none,rate_limit(5/60s),False,0.0,134
2025-12-30 14:37:40,25493314,hello,student,none,rate_limit(5/60s),False,0.01,135
2025-12-30 14:37:40,25493314,hello,name,none,rate_limit(5/60s),False,0.01,136
2025-12-30 14:37:40,25493314,hello,1111,none,rate_limit(5/60s),False,0.01,137
2025-12-30 14:37:40,25493314,hello,BlueCat12,none,rate_limit(5/60s),False,0.01,138
2025-12-30 14:37:40,25493314,hello,TechGirl7,none,rate_limit(5/60s),False,0.0,139
2025-12-30 14:37:40,25493314,hello,Cloud123,none,rate_limit(5/60s),False,0.0,140
2025-12-30 14:37:40,25493314,hello,GameOn22,none,rate_limit(5/60s),False,0.0,141
2025-12-30 14:37:40,25493314,hello,WebDev88,none,rate_limit(5/60s),False,0.01,142
2025-12-30 14:37:40,25493314,name,123456,none,rate_limit(5/60s),False,0.0,72
2025-12-30 14:38:39,25493314,name,password,none,rate_limit(5/60s),False,0.02,73
2025-12-30 14:38:40,25493314,name,12345678,none,rate_limit(5/60s),False,0.01,74
2025-12-30 14:38:40,25493314,name,qwerty,none,rate_limit(5/60s),False,0.01,75
2025-12-30 14:38:40,25493314,name,123456789,none,rate_limit(5/60s),False,0.0,76
2025-12-30 14:38:40,25493314,name,12345,none,rate_limit(5/60s),False,0.0,77
2025-12-30 14:38:40,25493314,name,1234,none,rate_limit(5/60s),False,0.0,78
2025-12-30 14:38:40,25493314,name,111111,none,rate_limit(5/60s),False,0.0,79
2025-12-30 14:38:40,25493314,name,1234567,none,rate_limit(5/60s),False,0.01,80
2025-12-30 14:38:40,25493314,name,dragon,none,rate_limit(5/60s),False,0.0,81
2025-12-30 14:38:40,25493314,name,123123,none,rate_limit(5/60s),False,0.0,82
2025-12-30 14:38:40,25493314,name,baseball,none,rate_limit(5/60s),False,0.0,83
2025-12-30 14:38:40,25493314,name,abc123,none,rate_limit(5/60s),False,0.0,84
2025-12-30 14:38:40,25493314,name,football,none,rate_limit(5/60s),False,0.0,85
2025-12-30 14:38:40,25493314,name,monkey,none,rate_limit(5/60s),False,0.01,86
2025-12-30 14:38:40,25493314,name,letmein,none,rate_limit(5/60s),False,0.01,87
2025-12-30 14:38:40,25493314,name,shadow,none,rate_limit(5/60s),False,0.01,88
2025-12-30 14:38:40,25493314,name,master,none,rate_limit(5/60s),False,0.01,89
2025-12-30 14:38:40,25493314,name,666666,none,rate_limit(5/60s),False,0.02,90
2025-12-30 14:38:40,25493314,name,qwertyuiop,none,rate_limit(5/60s),False,0.0,91
2025-12-30 14:38:40,25493314,name,123321,none,rate_limit(5/60s),False,0.01,92
2025-12-30 14:38:40,25493314,name,mustang,none,rate_limit(5/60s),False,0.0,93
2025-12-30 14:39:39,25493314,name,121212,none,rate_limit(5/60s),False,0.07,94
2025-12-30 14:39:39,25493314,name,000000,none,rate_limit(5/60s),False,0.01,95
2025-12-30 14:39:39,25493314,name,password1,none,rate_limit(5/60s),False,0.01,96
2025-12-30 14:39:39,25493314,name,admin,none,rate_limit(5/60s),False,0.0,97
2025-12-30 14:39:39,25493314,name,admin123,none,rate_limit(5/60s),False,0.01,98
2025-12-30 14:39:40,25493314,name,root,none,rate_limit(5/60s),False,0.0,99
2025-12-30 14:39:40,25493314,name,toor,none,rate_limit(5/60s),False,0.0,100
2025-12-30 14:39:40,25493314,name,pass,none,rate_limit(5/60s),False,0.0,101
2025-12-30 14:39:40,25493314,name,test,none,rate_limit(5/60s),False,0.0,102
2025-12-30 14:39:40,25493314,name,test123,none,rate_limit(5/60s),False,0.0,103
2025-12-30 14:39:40,25493314,name,guest,none,rate_limit(5/60s),False,0.0,104
2025-12-30 14:39:40,25493314,name,guest123,none,rate_limit(5/60s),False,0.0,105
2025-12-30 14:39:40,25493314,name,user,none,rate_limit(5/60s),False,0.0,106
2025-12-30 14:39:40,25493314,name,user123,none,rate_limit(5/60s),False,0.0,107
2025-12-30 14:39:40,25493314,name,login,none,rate_limit(5/60s),False,0.0,108
2025-12-30 14:39:40,25493314,name,login123,none,rate_limit(5/60s),False,0.01,109
2025-12-30 14:39:40,25493314,name,welcome,none,rate_limit(5/60s),False,0.0,110
2025-12-30 14:39:40,25493314,name,welcome1,none,rate_limit(5/60s),False,0.03,111
2025-12-30 14:39:40,25493314,name,password123,none,rate_limit(5/60s),False,0.01,112
2025-12-30 14:39:40,25493314,name,admin1,none,rate_limit(5/60s),False,0.0,113
2025-12-30 14:39:40,25493314,name,root123,none,rate_limit(5/60s),False,0.02,114
2025-12-30 14:39:40,25493314,name,pass123,none,rate_limit(5/60s),False,0.01,115
2025-12-30 14:39:40,25493314,name,1q2w3e4r,none,rate_limit(5/60s),False,0.01,116
2025-12-30 14:39:40,25493314,name,qwerty123,none,rate_limit(5/60s),False,0.01,117
2025-12-30 14:39:40,25493314,name,1234567890,none,rate_limit(5/60s),False,0.0,118
2025-12-30 14:40:39,25493314,name,987654321,none,rate_limit(5/60s),False,0.08,119
2025-12-30 14:40:39,25493314,name,hello,none,rate_limit(5/60s),False,0.01,120
2025-12-30 14:40:39,25493314,name,hello123,none,rate_limit(5/60s),False,0.0,121
2025-12-30 14:40:39,25493314,name,iloveyou,none,rate_limit(5/60s),False,0.0,122
2025-12-30 14:40:40,25493314,name,sunshine,none,rate_limit(5/60s),False,0.01,123
2025-12-30 14:40:40,25493314,name,princess,none,rate_limit(5/60s),False,0.0,124
2025-12-30 14:40:40,25493314,name,Password1,none,rate_limit(5/60s),False,0.0,125
2025-12-30 14:40:40,25493314,name,Password123,none,rate_limit(5/60s),False,0.0,126
2025-12-30 14:40:40,25493314,name,Admin123,none,rate_limit(5/60s),False,0.0,127
2025-12-30 14:40:40,25493314,name,Welcome1,none,rate_limit(5/60s),False,0.0,128
2025-12-30 14:40:40,25493314,name,Student123,none,rate_limit(5/60s),False,0.0,129
2025-12-30 14:40:40,25493314,name,Student99,none,rate_limit(5/60s),False,0.0,130
2025-12-30 14:40:40,25493314,name,Test2024,none,rate_limit(5/60s),False,0.0,131
2025-12-30 14:40:40,25493314,name,Login456,none,rate_limit(5/60s),False,0.0,132
2025-12-30 14:40:40,25493314,name,Python101,none,rate_limit(5/60s),False,0.0,133
2025-12-30 14:40:40,25493314,name,demo,none,rate_limit(5/60s),False,0.0,134
2025-12-30 14:40:40,25493314,name,student,none,rate_limit(5/60s),False,0.02,135
2025-12-30 14:40:40,25493314,name,name,none,rate_limit(5/60s),False,0.01,136
2025-12-30 14:40:40,25493314,name,1111,none,rate_limit(5/60s),False,0.01,137
2025-12-30 14:40:40,25493314,name,BlueCat12,none,rate_limit(5/60s),False,0.0,138
2025-12-30 14:40:40,25493314,name,TechGirl7,none,rate_limit(5/60s),False,0.01,139
2025-12-30 14:40:40,25493314,name,Cloud123,none,rate_limit(5/60s),False,0.01,140
2025-12-30 14:40:40,25493314,name,GameOn22,none,rate_limit(5/60s),False,0.01,141
2025-12-30 14:40:40,25493314,name,WebDev88,none,rate_limit(5/60s),False,0.01,142
2025-12-30 14:40:41,25493314,login,123456,none,rate_limit(5/60s),False,0.01,72
2025-12-30 14:41:40,25493314,login,password,none,rate_limit(5/60s),False,0.08,73
2025-12-30 14:41:40,25493314,login,12345678,none,rate_limit(5/60s),False,0.01,74
2025-12-30 14:41:40,25493314,login,qwerty,none,rate_limit(5/60s),False,0.0,75
2025-12-30 14:41:40,25493314,login,123456789,none,rate_limit(5/60s),False,0.0,76
2025-12-30 14:41:40,25493314,login,12345,none,rate_limit(5/60s),False,0.01,77
2025-12-30 14:41:40,25493314,login,1234,none,rate_limit(5/60s),False,0.0,78
2025-12-30 14:41:40,25493314,login,111111,none,rate_limit(5/60s),False,0.0,79
2025-12-30 14:41:40,25493314,login,1234567,none,rate_limit(5/60s),False,0.0,80
2025-12-30 14:41:40,25493314,login,dragon,none,rate_limit(5/60s),False,0.0,81
2025-12-30 14:41:40,25493314,login,123123,none,rate_limit(5/60s),False,0.0,82
2025-12-30 14:41:40,25493314,login,baseball,none,rate_limit(5/60s),False,0.0,83
2025-12-30 14:41:40,25493314,login,abc123,none,rate_limit(5/60s),False,0.0,84
2025-12-30 14:41:40,25493314,login,football,none,rate_limit(5/60s),False,0.03,85
2025-12-30 14:41:40,25493314,login,monkey,none,rate_limit(5/60s),False,0.01,86
2025-12-30 14:41:40,25493314,login,letmein,none,rate_limit(5/60s),False,0.0,87
2025-12-30 14:41:40,25493314,login,shadow,none,rate_limit(5/60s),False,0.0,88
2025-12-30 14:41:40,25493314,login,master,none,rate_limit(5/60s),False,0.01,89
2025-12-30 14:41:40,25493314,login,666666,none,rate_limit(5/60s),False,0.05,90
2025-12-30 14:41:40,25493314,login,qwertyuiop,none,rate_limit(5/60s),False,0.01,91
2025-12-30 14:41:40,25493314,login,123321,none,rate_limit(5/60s),False,0.0,92
2025-12-30 14:42:39,25493314,login,mustang,none,rate_limit(5/60s),False,0.06,93
2025-12-30 14:42:40,25493314,login,121212,none,rate_limit(5/60s),False,0.0,94
2025-12-30 14:42:40,25493314,login,000000,none,rate_limit(5/60s),False,0.0,95
2025-12-30 14:42:40,25493314,login,password1,none,rate_limit(5/60s),False,0.01,96
2025-12-30 14:42:40,25493314,login,admin,none,rate_limit(5/60s),False,0.0,97
2025-12-30 14:42:40,25493314,login,admin123,none,rate_limit(5/60s),False,0.0,98
2025-12-30 14:42:40,25493314,login,root,none,rate_limit(5/60s),False,0.01,99
2025-12-30 14:42:40,25493314,login,toor,none,rate_limit(5/60s),False,0.01,100
2025-12-30 14:42:40,25493314,login,pass,none,rate_limit(5/60s),False,0.0,101
2025-12-30 14:42:40,25493314,login,test,none,rate_limit(5/60s),False,0.0,102
2025-12-30 14:42:40,25493314,login,test123,none,rate_limit(5/60s),False,0.0,103
2025-12-30 14:42:40,25493314,login,guest,none,rate_limit(5/60s),False,0.0,104
2025-12-30 14:42:40,25493314,login,guest123,none,rate_limit(5/60s),False,0.0,105
2025-12-30 14:42:40,25493314,login,user,none,rate_limit(5/60s),False,0.03,106
2025-12-30 14:42:40,25493314,login,user123,none,rate_limit(5/60s),False,0.01,107
2025-12-30 14:42:40,25493314,login,login,none,rate_limit(5/60s),False,0.0,108
2025-12-30 14:42:40,25493314,login,login123,none,rate_limit(5/60s),False,0.02,109
2025-12-30 14:42:40,25493314,login,welcome,none,rate_limit(5/60s),False,0.01,110
2025-12-30 14:42:40,25493314,login,welcome1,none,rate_limit(5/60s),False,0.03,111
2025-12-30 14:42:40,25493314,login,password123,none,rate_limit(5/60s),False,0.0,112
2025-12-30 14:43:39,25493314,login,admin1,none,rate_limit(5/60s),False,0.11,113
2025-12-30 14:43:39,25493314,login,root123,none,rate_limit(5/60s),False,0.01,114
2025-12-30 14:43:40,25493314,login,pass123,none,rate_limit(5/60s),False,0.0,115
2025-12-30 14:43:40,25493314,login,1q2w3e4r,none,rate_limit(5/60s),False,0.0,116
2025-12-30 14:43:40,25493314,login,qwerty123,none,rate_limit(5/60s),False,0.0,117
2025-12-30 14:43:40,25493314,login,1234567890,none,rate_limit(5/60s),False,0.0,118
2025-12-30 14:43:40,25493314,login,987654321,none,rate_limit(5/60s),False,0.0,119
2025-12-30 14:43:40,25493314,login,hello,none,rate_limit(5/60s),False,0.0,120
2025-12-30 14:43:40,25493314,login,hello123,none,rate_limit(5/60s),False,0.0,121
2025-12-30 14:43:40,25493314,login,iloveyou,none,rate_limit(5/60s),False,0.0,122
2025-12-30 14:43:40,25493314,login,sunshine,none,rate_limit(5/60s),False,0.0,123
2025-12-30 14:43:40,25493314,login,princess,none,rate_limit(5/60s),False,0.0,124
2025-12-30 14:43:40,25493314,login,Password1,none,rate_limit(5/60s),False,0.0,125
2025-12-30 14:43:40,25493314,login,Password123,none,rate_limit(5/60s),False,0.0,126
2025-12-30 14:43:40,25493314,login,Admin123,none,rate_limit(5/60s),False,0.0,127
2025-12-30 14:43:40,25493314,login,Welcome1,none,rate_limit(5/60s),False,0.01,128
2025-12-30 14:43:40,25493314,login,Student123,none,rate_limit(5/60s),False,0.0,129
2025-12-30 14:43:40,25493314,login,Student99,none,rate_limit(5/60s),False,0.01,130
2025-12-30 14:43:40,25493314,login,Test2024,none,rate_limit(5/60s),False,0.0,131
2025-12-30 14:43:40,25493314,login,Login456,none,rate_limit(5/60s),False,0.0,132
2025-12-30 14:43:40,25493314,login,Python101,none,rate_limit(5/60s),False,0.0,133
2025-12-30 14:43:40,25493314,login,demo,none,rate_limit(5/60s),False,0.0,134
2025-12-30 14:43:40,25493314,login,student,none,rate_limit(5/60s),False,0.01,135
2025-12-30 14:43:40,25493314,login,name,none,rate_limit(5/60s),False,0.01,136
2025-12-30 14:43:40,25493314,login,1111,none,rate_limit(5/60s),False,0.01,137
2025-12-30 14:43:40,25493314,login,BlueCat12,none,rate_limit(5/60s),False,0.0,138
2025-12-30 14:44:39,25493314,login,TechGirl7,none,rate_limit(5/60s),False,0.02,139
2025-12-30 14:44:40,25493314,login,Cloud123,none,rate_limit(5/60s),False,0.01,140
2025-12-30 14:44:40,25493314,login,GameOn22,none,rate_limit(5/60s),False,0.01,141
2025-12-30 14:44:40,25493314,login,WebDev88,none,rate_limit(5/60s),False,0.0,142
2025-12-30 14:44:40,25493314,abc,123456,none,rate_limit(5/60s),False,0.0,72
2025-12-30 14:44:40,25493314,abc,password,none,rate_limit(5/60s),False,0.0,73
2025-12-30 14:44:40,25493314,abc,12345678,none,rate_limit(5/60s),False,0.0,74
2025-12-30 14:44:40,25493314,abc,qwerty,none,rate_limit(5/60s),False,0.0,75
2025-12-30 14:44:40,25493314,abc,123456789,none,rate_limit(5/60s),False,0.0,76
2025-12-30 14:44:40,25493314,abc,12345,none,rate_limit(5/60s),False,0.0,77
2025-12-30 14:44:40,25493314,abc,1234,none,rate_limit(5/60s),False,0.02,78
2025-12-30 14:44:40,25493314,abc,111111,none,rate_limit(5/60s),False,0.01,79
2025-12-30 14:44:40,25493314,abc,1234567,none,rate_limit(5/60s),False,0.0,80
2025-12-30 14:44:40,25493314,abc,dragon,none,rate_limit(5/60s),False,0.01,81
2025-12-30 14:44:40,25493314,abc,123123,none,rate_limit(5/60s),False,0.0,82
2025-12-30 14:44:40,25493314,abc,baseball,none,rate_limit(5/60s),False,0.03,83
2025-12-30 14:44:40,25493314,abc,abc123,none,rate_limit(5/60s),False,0.0,84
2025-12-30 14:44:40,25493314,abc,football,none,rate_limit(5/60s),False,0.01,85
2025-12-30 14:44:40,25493314,abc,monkey,none,rate_limit(5/60s),False,0.01,86
2025-12-30 14:44:40,25493314,abc,letmein,none,rate_limit(5/60s),False,0.0,87
2025-12-30 14:45:39,25493314,abc,shadow,none,rate_limit(5/60s),False,0.07,88
2025-12-30 14:45:40,25493314,abc,master,none,rate_limit(5/60s),False,0.01,89
2025-12-30 14:45:40,25493314,abc,666666,none,rate_limit(5/60s),False,0.0,90
2025-12-30 14:45:40,25493314,abc,qwertyuiop,none,rate_limit(5/60s),False,0.0,91
2025-12-30 14:45:40,25493314,abc,123321,none,rate_limit(5/60s),False,0.01,92
2025-12-30 14:45:40,25493314,abc,mustang,none,rate_limit(5/60s),False,0.0,93
2025-12-30 14:45:40,25493314,abc,121212,none,rate_limit(5/60s),False,0.0,94
2025-12-30 14:45:40,25493314,abc,000000,none,rate_limit(5/60s),False,0.0,95
2025-12-30 14:45:40,25493314,abc,password1,none,rate_limit(5/60s),False,0.0,96
2025-12-30 14:45:40,25493314,abc,admin,none,rate_limit(5/60s),False,0.0,97
2025-12-30 14:45:40,25493314,abc,admin123,none,rate_limit(5/60s),False,0.01,98
2025-12-30 14:45:40,25493314,abc,root,none,rate_limit(5/60s),False,0.0,99
2025-12-30 14:45:40,25493314,abc,toor,none,rate_limit(5/60s),False,0.0,100
2025-12-30 14:45:40,25493314,abc,pass,none,rate_limit(5/60s),False,0.0,101
2025-12-30 14:45:40,25493314,abc,test,none,rate_limit(5/60s),False,0.04,102
2025-12-30 14:45:40,25493314,abc,test123,none,rate_limit(5/60s),False,0.01,103
2025-12-30 14:45:40,25493314,abc,guest,none,rate_limit(5/60s),False,0.01,104
2025-12-30 14:45:40,25493314,abc,guest123,none,rate_limit(5/60s),False,0.0,105
2025-12-30 14:45:40,25493314,abc,user,none,rate_limit(5/60s),False,0.0,106
2025-12-30 14:45:40,25493314,abc,user123,none,rate_limit(5/60s),False,0.01,107
2025-12-30 14:45:40,25493314,abc,login,none,rate_limit(5/60s),False,0.0,108
2025-12-30 14:45:40,25493314,abc,login123,none,rate_limit(5/60s),False,0.01,109
2025-12-30 14:45:40,25493314,abc,welcome,none,rate_limit(5/60s),False,0.01,110
2025-12-30 14:45:40,25493314,abc,welcome1,none,rate_limit(5/60s),False,0.0,111
2025-12-30 14:46:39,25493314,abc,password123,none,rate_limit(5/60s),False,0.03,112
2025-12-30 14:46:40,25493314,abc,admin1,none,rate_limit(5/60s),False,0.01,113
2025-12-30 14:46:40,25493314,abc,root123,none,rate_limit(5/60s),False,0.0,114
2025-12-30 14:46:40,25493314,abc,pass123,none,rate_limit(5/60s),False,0.0,115
2025-12-30 14:46:40,25493314,abc,1q2w3e4r,none,rate_limit(5/60s),False,0.0,116
2025-12-30 14:46:40,25493314,abc,qwerty123,none,rate_limit(5/60s),False,0.0,117
2025-12-30 14:46:40,25493314,abc,1234567890,none,rate_limit(5/60s),False,0.0,118
2025-12-30 14:46:40,25493314,abc,987654321,none,rate_limit(5/60s),False,0.0,119
2025-12-30 14:46:40,25493314,abc,hello,none,rate_limit(5/60s),False,0.0,120
2025-12-30 14:46:40,25493314,abc,hello123,none,rate_limit(5/60s),False,0.0,121
2025-12-30 14:46:40,25493314,abc,iloveyou,none,rate_limit(5/60s),False,0.0,122
2025-12-30 14:46:40,25493314,abc,sunshine,none,rate_limit(5/60s),False,0.0,123
2025-12-30 14:46:40,25493314,abc,princess,none,rate_limit(5/60s),False,0.0,124
2025-12-30 14:46:40,25493314,abc,Password1,none,rate_limit(5/60s),False,0.0,125
2025-12-30 14:46:40,25493314,abc,Password123,none,rate_limit(5/60s),False,0.01,126
2025-12-30 14:46:40,25493314,abc,Admin123,none,rate_limit(5/60s),False,0.01,127
2025-12-30 14:46:40,25493314,abc,Welcome1,none,rate_limit(5/60s),False,0.01,128
2025-12-30 14:46:40,25493314,abc,Student123,none,rate_limit(5/60s),False,0.0,129
2025-12-30 14:46:40,25493314,abc,Student99,none,rate_limit(5/60s),False,0.0,130
2025-12-30 14:46:40,25493314,abc,Test2024,none,rate_limit(5/60s),False,0.0,131
2025-12-30 14:46:40,25493314,abc,Login456,none,rate_limit(5/60s),False,0.01,132
2025-12-30 14:46:40,25493314,abc,Python101,none,rate_limit(5/60s),False,0.0,133
2025-12-30 14:46:40,25493314,abc,demo,none,rate_limit(5/60s),False,0.01,134
2025-12-30 14:46:40,25493314,abc,student,none,rate_limit(5/60s),False,0.01,135
2025-12-30 14:46:40,25493314,abc,name,none,rate_limit(5/60s),False,0.02,136
2025-12-30 14:46:40,25493314,abc,1111,none,rate_limit(5/60s),False,0.0,137
2025-12-30 14:47:40,25493314,abc,BlueCat12,none,rate_limit(5/60s),False,0.03,138
2025-12-30 14:47:40,25493314,abc,TechGirl7,none,rate_limit(5/60s),False,0.01,139
2025-12-30 14:47:40,25493314,abc,Cloud123,none,rate_limit(5/60s),False,0.0,140
2025-12-30 14:47:40,25493314,abc,GameOn22,none,rate_limit(5/60s),False,0.0,141
2025-12-30 14:47:40,25493314,abc,WebDev88,none,rate_limit(5/60s),False,0.01,142
2025-12-30 14:47:40,25493314,demo,123456,none,rate_limit(5/60s),False,0.0,72
2025-12-30 14:47:40,25493314,demo,password,none,rate_limit(5/60s),False,0.0,73
2025-12-30 14:47:40,25493314,demo,12345678,none,rate_limit(5/60s),False,0.0,74
2025-12-30 14:47:40,25493314,demo,qwerty,none,rate_limit(5/60s),False,0.0,75
2025-12-30 14:47:40,25493314,demo,123456789,none,rate_limit(5/60s),False,0.0,76
2025-12-30 14:47:40,25493314,demo,12345,none,rate_limit(5/60s),False,0.0,77
2025-12-30 14:47:40,25493314,demo,1234,none,rate_limit(5/60s),False,0.01,78
2025-12-30 14:47:40,25493314,demo,111111,none,rate_limit(5/60s),False,0.01,79
2025-12-30 14:47:40,25493314,demo,1234567,none,rate_limit(5/60s),False,0.01,80
2025-12-30 14:47:40,25493314,demo,dragon,none,rate_limit(5/60s),False,0.0,81
2025-12-30 14:47:40,25493314,demo,123123,none,rate_limit(5/60s),False,0.0,82
2025-12-30 14:47:40,25493314,demo,baseball,none,rate_limit(5/60s),False,0.02,83
2025-12-30 14:47:40,25493314,demo,abc123,none,rate_limit(5/60s),False,0.01,84
2025-12-30 14:47:40,25493314,demo,football,none,rate_limit(5/60s),False,0.01,85
2025-12-30 14:47:40,25493314,demo,monkey,none,rate_limit(5/60s),False,0.02,86
2025-12-30 14:47:41,25493314,demo,letmein,none,rate_limit(5/60s),False,0.0,87
2025-12-30 14:48:40,25493314,demo,shadow,none,rate_limit(5/60s),False,0.03,88
2025-12-30 14:48:40,25493314,demo,master,none,rate_limit(5/60s),False,0.01,89
2025-12-30 14:48:40,25493314,demo,666666,none,rate_limit(5/60s),False,0.0,90
2025-12-30 14:48:40,25493314,demo,qwertyuiop,none,rate_limit(5/60s),False,0.0,91
2025-12-30 14:48:40,25493314,demo,123321,none,rate_limit(5/60s),False,0.0,92
2025-12-30 14:48:40,25493314,demo,mustang,none,rate_limit(5/60s),False,0.0,93
2025-12-30 14:48:40,25493314,demo,121212,none,rate_limit(5/60s),False,0.0,94
2025-12-30 14:48:40,25493314,demo,000000,none,rate_limit(5/60s),False,0.0,95
2025-12-30 14:48:40,25493314,demo,password1,none,rate_limit(5/60s),False,0.0,96
2025-12-30 14:48:40,25493314,demo,admin,none,rate_limit(5/60s),False,0.01,97
2025-12-30 14:48:40,25493314,demo,admin123,none,rate_limit(5/60s),False,0.0,98
2025-12-30 14:48:40,25493314,demo,root,none,rate_limit(5/60s),False,0.0,99
2025-12-30 14:48:40,25493314,demo,toor,none,rate_limit(5/60s),False,0.0,100
2025-12-30 14:48:40,25493314,demo,pass,none,rate_limit(5/60s),False,0.0,101
2025-12-30 14:48:40,25493314,demo,test,none,rate_limit(5/60s),False,0.04,102
2025-12-30 14:48:40,25493314,demo,test123,none,rate_limit(5/60s),False,0.06,103
2025-12-30 14:48:40,25493314,demo,guest,none,rate_limit(5/60s),False,0.0,104
2025-12-30 14:48:40,25493314,demo,guest123,none,rate_limit(5/60s),False,0.01,105
2025-12-30 14:48:40,25493314,demo,user,none,rate_limit(5/60s),False,0.0,106
2025-12-30 14:48:40,25493314,demo,user123,none,rate_limit(5/60s),False,0.01,107
2025-12-30 14:48:40,25493314,demo,login,none,rate_limit(5/60s),False,0.0,108
2025-12-30 14:48:40,25493314,demo,login123,none,rate_limit(5/60s),False,0.0,109
2025-12-30 14:48:40,25493314,demo,welcome,none,rate_limit(5/60s),False,0.01,110
2025-12-30 14:48:41,25493314,demo,welcome1,none,rate_limit(5/60s),False,0.01,111
2025-12-30 14:48:41,25493314,demo,password123,none,rate_limit(5/60s),False,0.01,112
2025-12-30 14:49:40,25493314,demo,admin1,none,rate_limit(5/60s),False,0.01,113
2025-12-30 14:49:40,25493314,demo,root123,none,rate_limit(5/60s),False,0.01,114
2025-12-30 14:49:40,25493314,demo,pass123,none,rate_limit(5/60s),False,0.0,115
2025-12-30 14:49:40,25493314,demo,1q2w3e4r,none,rate_limit(5/60s),False,0.0,116
2025-12-30 14:49:40,25493314,demo,qwerty123,none,rate_limit(5/60s),False,0.01,117
2025-12-30 14:49:40,25493314,demo,1234567890,none,rate_limit(5/60s),False,0.0,118
2025-12-30 14:49:40,25493314,demo,987654321,none,rate_limit(5/60s),False,0.0,119
2025-12-30 14:49:40,25493314,demo,hello,none,rate_limit(5/60s),False,0.01,120
2025-12-30 14:49:40,25493314,demo,hello123,none,rate_limit(5/60s),False,0.0,121
2025-12-30 14:49:40,25493314,demo,iloveyou,none,rate_limit(5/60s),False,0.0,122
2025-12-30 14:49:40,25493314,demo,sunshine,none,rate_limit(5/60s),False,0.0,123
2025-12-30 14:49:40,25493314,demo,princess,none,rate_limit(5/60s),False,0.0,124
2025-12-30 14:49:40,25493314,demo,Password1,none,rate_limit(5/60s),False,0.0,125
2025-12-30 14:49:40,25493314,demo,Password123,none,rate_limit(5/60s),False,0.01,126
2025-12-30 14:49:40,25493314,demo,Admin123,none,rate_limit(5/60s),False,0.01,127
2025-12-30 14:49:40,25493314,demo,Welcome1,none,rate_limit(5/60s),False,0.02,128
2025-12-30 14:49:40,25493314,demo,Student123,none,rate_limit(5/60s),False,0.01,129
2025-12-30 14:49:40,25493314,demo,Student99,none,rate_limit(5/60s),False,0.01,130
2025-12-30 14:49:40,25493314,demo,Test2024,none,rate_limit(5/60s),False,0.0,131
2025-12-30 14:49:40,25493314,demo,Login456,none,rate_limit(5/60s),False,0.0,132
2025-12-30 14:49:40,25493314,demo,Python101,none,rate_limit(5/60s),False,0.01,133
2025-12-30 14:49:40,25493314,demo,demo,none,rate_limit(5/60s),False,0.0,134
2025-12-30 14:49:40,25493314,demo,student,none,rate_limit(5/60s),False,0.0,135
2025-12-30 14:49:40,25493314,demo,name,none,rate_limit(5/60s),False,0.01,136
2025-12-30 14:49:41,25493314,demo,1111,none,rate_limit(5/60s),False,0.01,137
2025-12-30 14:49:41,25493314,demo,BlueCat12,none,rate_limit(5/60s),False,0.0,138
2025-12-30 14:50:40,25493314,demo,TechGirl7,none,rate_limit(5/60s),False,0.05,139
2025-12-30 14:50:40,25493314,demo,Cloud123,none,rate_limit(5/60s),False,0.01,140
2025-12-30 14:50:40,25493314,demo,GameOn22,none,rate_limit(5/60s),False,0.01,141
2025-12-30 14:50:40,25493314,demo,WebDev88,none,rate_limit(5/60s),False,0.01,142
2025-12-30 14:50:40,25493314,student,123456,none,rate_limit(5/60s),False,0.0,72
2025-12-30 14:50:40,25493314,student,password,none,rate_limit(5/60s),False,0.0,73
2025-12-30 14:50:40,25493314,student,12345678,none,rate_limit(5/60s),False,0.0,74
2025-12-30 14:50:40,25493314,student,qwerty,none,rate_limit(5/60s),False,0.0,75
2025-12-30 14:50:40,25493314,student,123456789,none,rate_limit(5/60s),False,0.0,76
2025-12-30 14:50:40,25493314,student,12345,none,rate_limit(5/60s),False,0.03,77
2025-12-30 14:50:40,25493314,student,1234,none,rate_limit(5/60s),False,0.01,78
2025-12-30 14:50:40,25493314,student,111111,none,rate_limit(5/60s),False,0.01,79
2025-12-30 14:50:40,25493314,student,1234567,none,rate_limit(5/60s),False,0.0,80
2025-12-30 14:50:40,25493314,student,dragon,none,rate_limit(5/60s),False,0.01,81
2025-12-30 14:50:40,25493314,student,123123,none,rate_limit(5/60s),False,0.0,82
2025-12-30 14:50:40,25493314,student,baseball,none,rate_limit(5/60s),False,0.0,83
2025-12-30 14:50:41,25493314,student,abc123,none,rate_limit(5/60s),False,0.01,84
2025-12-30 14:50:41,25493314,student,football,none,rate_limit(5/60s),False,0.01,85
2025-12-30 14:50:41,25493314,student,monkey,none,rate_limit(5/60s),False,0.0,86
2025-12-30 14:51:40,25493314,student,letmein,none,rate_limit(5/60s),False,0.11,87
2025-12-30 14:51:40,25493314,student,shadow,none,rate_limit(5/60s),False,0.01,88
2025-12-30 14:51:40,25493314,student,master,none,rate_limit(5/60s),False,0.0,89
2025-12-30 14:51:40,25493314,student,666666,none,rate_limit(5/60s),False,0.0,90
2025-12-30 14:51:40,25493314,student,qwertyuiop,none,rate_limit(5/60s),False,0.01,91
2025-12-30 14:51:40,25493314,student,123321,none,rate_limit(5/60s),False,0.01,92
2025-12-30 14:51:40,25493314,student,mustang,none,rate_limit(5/60s),False,0.0,93
2025-12-30 14:51:40,25493314,student,121212,none,rate_limit(5/60s),False,0.01,94
2025-12-30 14:51:40,25493314,student,000000,none,rate_limit(5/60s),False,0.0,95
2025-12-30 14:51:40,25493314,student,password1,none,rate_limit(5/60s),False,0.0,96
2025-12-30 14:51:40,25493314,student,admin,none,rate_limit(5/60s),False,0.0,97
2025-12-30 14:51:40,25493314,student,admin123,none,rate_limit(5/60s),False,0.0,98
2025-12-30 14:51:40,25493314,student,root,none,rate_limit(5/60s),False,0.01,99
2025-12-30 14:51:40,25493314,student,toor,none,rate_limit(5/60s),False,0.01,100
2025-12-30 14:51:40,25493314,student,pass,none,rate_limit(5/60s),False,0.02,101
2025-12-30 14:51:40,25493314,student,test,none,rate_limit(5/60s),False,0.02,102
2025-12-30 14:51:41,25493314,student,test123,none,rate_limit(5/60s),False,0.02,103
2025-12-30 14:51:41,25493314,student,guest,none,rate_limit(5/60s),False,0.02,104
2025-12-30 14:51:41,25493314,student,guest123,none,rate_limit(5/60s),False,0.02,105
2025-12-30 14:51:41,25493314,student,user,none,rate_limit(5/60s),False,0.01,106
2025-12-30 14:52:40,25493314,student,user123,none,rate_limit(5/60s),False,0.08,107
2025-12-30 14:52:40,25493314,student,login,none,rate_limit(5/60s),False,0.01,108
2025-12-30 14:52:40,25493314,student,login123,none,rate_limit(5/60s),False,0.0,109
2025-12-30 14:52:40,25493314,student,welcome,none,rate_limit(5/60s),False,0.0,110
2025-12-30 14:52:40,25493314,student,welcome1,none,rate_limit(5/60s),False,0.0,111
2025-12-30 14:52:40,25493314,student,password123,none,rate_limit(5/60s),False,0.0,112
2025-12-30 14:52:40,25493314,student,admin1,none,rate_limit(5/60s),False,0.0,113
2025-12-30 14:52:40,25493314,student,root123,none,rate_limit(5/60s),False,0.0,114
2025-12-30 14:52:40,25493314,student,pass123,none,rate_limit(5/60s),False,0.0,115
2025-12-30 14:52:40,25493314,student,1q2w3e4r,none,rate_limit(5/60s),False,0.0,116
2025-12-30 14:52:40,25493314,student,qwerty123,none,rate_limit(5/60s),False,0.0,117
2025-12-30 14:52:40,25493314,student,1234567890,none,rate_limit(5/60s),False,0.0,118
2025-12-30 14:52:40,25493314,student,987654321,none,rate_limit(5/60s),False,0.0,119
2025-12-30 14:52:40,25493314,student,hello,none,rate_limit(5/60s),False,0.03,120
2025-12-30 14:52:40,25493314,student,hello123,none,rate_limit(5/60s),False,0.01,121
2025-12-30 14:52:40,25493314,student,iloveyou,none,rate_limit(5/60s),False,0.0,122
2025-12-30 14:52:40,25493314,student,sunshine,none,rate_limit(5/60s),False,0.01,123
2025-12-30 14:52:40,25493314,student,princess,none,rate_limit(5/60s),False,0.0,124
2025-12-30 14:52:41,25493314,student,Password1,none,rate_limit(5/60s),False,0.0,125
2025-12-30 14:52:41,25493314,student,Password123,none,rate_limit(5/60s),False,0.01,126
2025-12-30 14:52:41,25493314,student,Admin123,none,rate_limit(5/60s),False,0.01,127
2025-12-30 14:52:41,25493314,student,Welcome1,none,rate_limit(5/60s),False,0.0,128
2025-12-30 14:52:41,25493314,student,Student123,none,rate_limit(5/60s),False,0.01,129
2025-12-30 14:52:41,25493314,student,Student99,none,rate_limit(5/60s),False,0.01,130
2025-12-30 14:53:40,25493314,student,Test2024,none,rate_limit(5/60s),False,0.04,131
2025-12-30 14:53:40,25493314,student,Login456,none,rate_limit(5/60s),False,0.01,132
2025-12-30 14:53:40,25493314,student,Python101,none,rate_limit(5/60s),False,0.0,133
2025-12-30 14:53:40,25493314,student,demo,none,rate_limit(5/60s),False,0.0,134
2025-12-30 14:53:40,25493314,student,student,none,rate_limit(5/60s),False,0.0,135
2025-12-30 14:53:40,25493314,student,name,none,rate_limit(5/60s),False,0.0,136
2025-12-30 14:53:40,25493314,student,1111,none,rate_limit(5/60s),False,0.0,137
2025-12-30 14:53:40,25493314,student,BlueCat12,none,rate_limit(5/60s),False,0.0,138
2025-12-30 14:53:40,25493314,student,TechGirl7,none,rate_limit(5/60s),False,0.0,139
2025-12-30 14:53:40,25493314,student,Cloud123,none,rate_limit(5/60s),False,0.0,140
2025-12-30 14:53:40,25493314,student,GameOn22,none,rate_limit(5/60s),False,0.0,141
2025-12-30 14:53:40,25493314,student,WebDev88,none,rate_limit(5/60s),False,0.0,142
2025-12-30 14:53:40,25493314,Student_user,123456,none,rate_limit(5/60s),False,0.02,72
2025-12-30 14:53:40,25493314,Student_user,password,none,rate_limit(5/60s),False,0.01,73
2025-12-30 14:53:41,25493314,Student_user,12345678,none,rate_limit(5/60s),False,0.0,74
2025-12-30 14:53:41,25493314,Student_user,qwerty,none,rate_limit(5/60s),False,0.01,75
2025-12-30 14:53:41,25493314,Student_user,123456789,none,rate_limit(5/60s),False,0.01,76
2025-12-30 14:53:41,25493314,Student_user,12345,none,rate_limit(5/60s),False,0.0,77
2025-12-30 14:53:41,25493314,Student_user,1234,none,rate_limit(5/60s),False,0.01,78
2025-12-30 14:53:41,25493314,Student_user,111111,none,rate_limit(5/60s),False,0.0,79
2025-12-30 14:54:40,25493314,Student_user,1234567,none,rate_limit(5/60s),False,0.08,80
2025-12-30 14:54:40,25493314,Student_user,dragon,none,rate_limit(5/60s),False,0.01,81
2025-12-30 14:54:40,25493314,Student_user,123123,none,rate_limit(5/60s),False,0.0,82
2025-12-30 14:54:40,25493314,Student_user,baseball,none,rate_limit(5/60s),False,0.01,83
2025-12-30 14:54:40,25493314,Student_user,abc123,none,rate_limit(5/60s),False,0.0,84
2025-12-30 14:54:40,25493314,Student_user,football,none,rate_limit(5/60s),False,0.0,85
2025-12-30 14:54:40,25493314,Student_user,monkey,none,rate_limit(5/60s),False,0.0,86
2025-12-30 14:54:40,25493314,Student_user,letmein,none,rate_limit(5/60s),False,0.0,87
2025-12-30 14:54:40,25493314,Student_user,shadow,none,rate_limit(5/60s),False,0.0,88
2025-12-30 14:54:40,25493314,Student_user,master,none,rate_limit(5/60s),False,0.0,89
2025-12-30 14:54:40,25493314,Student_user,666666,none,rate_limit(5/60s),False,0.0,90
2025-12-30 14:54:40,25493314,Student_user,qwertyuiop,none,rate_limit(5/60s),False,0.0,91
2025-12-30 14:54:40,25493314,Student_user,123321,none,rate_limit(5/60s),False,0.0,92
2025-12-30 14:54:40,25493314,Student_user,mustang,none,rate_limit(5/60s),False,0.01,93
2025-12-30 14:54:40,25493314,Student_user,121212,none,rate_limit(5/60s),False,0.0,94
2025-12-30 14:54:40,25493314,Student_user,000000,none,rate_limit(5/60s),False,0.01,95
2025-12-30 14:54:40,25493314,Student_user,password1,none,rate_limit(5/60s),False,0.0,96
2025-12-30 14:54:40,25493314,Student_user,admin,none,rate_limit(5/60s),False,0.01,97
2025-12-30 14:54:41,25493314,Student_user,admin123,none,rate_limit(5/60s),False,0.01,98
2025-12-30 14:54:41,25493314,Student_user,root,none,rate_limit(5/60s),False,0.0,99
2025-12-30 14:54:41,25493314,Student_user,toor,none,rate_limit(5/60s),False,0.01,100
2025-12-30 14:54:41,25493314,Student_user,pass,none,rate_limit(5/60s),False,0.01,101
2025-12-30 14:54:41,25493314,Student_user,test,none,rate_limit(5/60s),False,0.0,102
2025-12-30 14:54:41,25493314,Student_user,test123,none,rate_limit(5/60s),False,0.01,103
2025-12-30 14:54:41,25493314,Student_user,guest,none,rate_limit(5/60s),False,0.01,104
2025-12-30 14:55:40,25493314,Student_user,guest123,none,rate_limit(5/60s),False,0.08,105
2025-12-30 14:55:40,25493314,Student_user,user,none,rate_limit(5/60s),False,0.01,106
2025-12-30 14:55:40,25493314,Student_user,user123,none,rate_limit(5/60s),False,0.0,107
2025-12-30 14:55:40,25493314,Student_user,login,none,rate_limit(5/60s),False,0.01,108
2025-12-30 14:55:40,25493314,Student_user,login123,none,rate_limit(5/60s),False,0.01,109
2025-12-30 14:55:40,25493314,Student_user,welcome,none,rate_limit(5/60s),False,0.0,110
2025-12-30 14:55:40,25493314,Student_user,welcome1,none,rate_limit(5/60s),False,0.0,111
2025-12-30 14:55:40,25493314,Student_user,password123,none,rate_limit(5/60s),False,0.01,112
2025-12-30 14:55:40,25493314,Student_user,admin1,none,rate_limit(5/60s),False,0.0,113
2025-12-30 14:55:40,25493314,Student_user,root123,none,rate_limit(5/60s),False,0.0,114
2025-12-30 14:55:40,25493314,Student_user,pass123,none,rate_limit(5/60s),False,0.0,115
2025-12-30 14:55:40,25493314,Student_user,1q2w3e4r,none,rate_limit(5/60s),False,0.0,116
2025-12-30 14:55:40,25493314,Student_user,qwerty123,none,rate_limit(5/60s),False,0.0,117
2025-12-30 14:55:40,25493314,Student_user,1234567890,none,rate_limit(5/60s),False,0.0,118
2025-12-30 14:55:40,25493314,Student_user,987654321,none,rate_limit(5/60s),False,0.0,119
2025-12-30 14:55:40,25493314,Student_user,hello,none,rate_limit(5/60s),False,0.0,120
2025-12-30 14:55:41,25493314,Student_user,hello123,none,rate_limit(5/60s),False,0.01,121
2025-12-30 14:55:41,25493314,Student_user,iloveyou,none,rate_limit(5/60s),False,0.01,122
2025-12-30 14:55:41,25493314,Student_user,sunshine,none,rate_limit(5/60s),False,0.01,123
2025-12-30 14:55:41,25493314,Student_user,princess,none,rate_limit(5/60s),False,0.02,124
2025-12-30 14:55:41,25493314,Student_user,Password1,none,rate_limit(5/60s),False,0.0,125
2025-12-30 14:55:41,25493314,Student_user,Password123,none,rate_limit(5/60s),False,0.02,126
2025-12-30 14:55:41,25493314,Student_user,Admin123,none,rate_limit(5/60s),False,0.0,127
2025-12-30 14:56:40,25493314,Student_user,Welcome1,none,rate_limit(5/60s),False,0.02,128
2025-12-30 14:56:40,25493314,Student_user,Student123,none,rate_limit(5/60s),False,0.01,129
2025-12-30 14:56:40,25493314,Student_user,Student99,none,rate_limit(5/60s),False,0.01,130
2025-12-30 14:56:40,25493314,Student_user,Test2024,none,rate_limit(5/60s),False,0.0,131
2025-12-30 14:56:40,25493314,Student_user,Login456,none,rate_limit(5/60s),False,0.0,132
2025-12-30 14:56:40,25493314,Student_user,Python101,none,rate_limit(5/60s),False,0.0,133
2025-12-30 14:56:40,25493314,Student_user,demo,none,rate_limit(5/60s),False,0.0,134
2025-12-30 14:56:40,25493314,Student_user,student,none,rate_limit(5/60s),False,0.01,135
2025-12-30 14:56:40,25493314,Student_user,name,none,rate_limit(5/60s),False,0.0,136
2025-12-30 14:56:40,25493314,Student_user,1111,none,rate_limit(5/60s),False,0.01,137
2025-12-30 14:56:40,25493314,Student_user,BlueCat12,none,rate_limit(5/60s),False,0.01,138
2025-12-30 14:56:40,25493314,Student_user,TechGirl7,none,rate_limit(5/60s),False,0.0,139
2025-12-30 14:56:40,25493314,Student_user,Cloud123,none,rate_limit(5/60s),False,0.0,140
2025-12-30 14:56:40,25493314,Student_user,GameOn22,none,rate_limit(5/60s),False,0.0,141
2025-12-30 14:56:40,25493314,Student_user,WebDev88,none,rate_limit(5/60s),False,0.0,142
2025-12-30 14:56:41,25493314,user_test,123456,none,rate_limit(5/60s),False,0.01,72
2025-12-30 14:56:41,25493314,user_test,password,none,rate_limit(5/60s),False,0.01,73
2025-12-30 14:56:41,25493314,user_test,12345678,none,rate_limit(5/60s),False,0.01,74
2025-12-30 14:56:41,25493314,user_test,qwerty,none,rate_limit(5/60s),False,0.01,75
2025-12-30 14:56:41,25493314,user_test,123456789,none,rate_limit(5/60s),False,0.01,76
2025-12-30 14:56:41,25493314,user_test,12345,none,rate_limit(5/60s),False,0.0,77
2025-12-30 14:57:40,25493314,user_test,1234,none,rate_limit(5/60s),False,0.07,78
2025-12-30 14:57:40,25493314,user_test,111111,none,rate_limit(5/60s),False,0.0,79
2025-12-30 14:57:40,25493314,user_test,1234567,none,rate_limit(5/60s),False,0.01,80
2025-12-30 14:57:40,25493314,user_test,dragon,none,rate_limit(5/60s),False,0.0,81
2025-12-30 14:57:40,25493314,user_test,123123,none,rate_limit(5/60s),False,0.0,82
2025-12-30 14:57:40,25493314,user_test,baseball,none,rate_limit(5/60s),False,0.0,83
2025-12-30 14:57:40,25493314,user_test,abc123,none,rate_limit(5/60s),False,0.0,84
2025-12-30 14:57:40,25493314,user_test,football,none,rate_limit(5/60s),False,0.0,85
2025-12-30 14:57:40,25493314,user_test,monkey,none,rate_limit(5/60s),False,0.0,86
2025-12-30 14:57:40,25493314,user_test,letmein,none,rate_limit(5/60s),False,0.0,87
2025-12-30 14:57:40,25493314,user_test,shadow,none,rate_limit(5/60s),False,0.0,88
2025-12-30 14:57:40,25493314,user_test,master,none,rate_limit(5/60s),False,0.0,89
2025-12-30 14:57:40,25493314,user_test,666666,none,rate_limit(5/60s),False,0.0,90
2025-12-30 14:57:41,25493314,user_test,qwertyuiop,none,rate_limit(5/60s),False,0.0,91
2025-12-30 14:57:41,25493314,user_test,123321,none,rate_limit(5/60s),False,0.0,92
2025-12-30 14:57:41,25493314,user_test,mustang,none,rate_limit(5/60s),False,0.0,93
2025-12-30 14:57:41,25493314,user_test,121212,none,rate_limit(5/60s),False,0.0,94
2025-12-30 14:57:41,25493314,user_test,000000,none,rate_limit(5/60s),False,0.03,95
2025-12-30 14:57:41,25493314,user_test,password1,none,rate_limit(5/60s),False,0.01,96
2025-12-30 14:57:41,25493314,user_test,admin,none,rate_limit(5/60s),False,0.01,97
2025-12-30 14:57:41,25493314,user_test,admin123,none,rate_limit(5/60s),False,0.01,98
2025-12-30 14:57:41,25493314,user_test,root,none,rate_limit(5/60s),False,0.01,99
2025-12-30 14:57:41,25493314,user_test,toor,none,rate_limit(5/60s),False,0.0,100
2025-12-30 14:58:40,25493314,user_test,pass,none,rate_limit(5/60s),False,0.03,101
2025-12-30 14:58:40,25493314,user_test,test,none,rate_limit(5/60s),False,0.01,102
2025-12-30 14:58:40,25493314,user_test,test123,none,rate_limit(5/60s),False,0.0,103
2025-12-30 14:58:40,25493314,user_test,guest,none,rate_limit(5/60s),False,0.01,104
2025-12-30 14:58:40,25493314,user_test,guest123,none,rate_limit(5/60s),False,0.0,105
2025-12-30 14:58:40,25493314,user_test,user,none,rate_limit(5/60s),False,0.0,106
2025-12-30 14:58:40,25493314,user_test,user123,none,rate_limit(5/60s),False,0.0,107
2025-12-30 14:58:40,25493314,user_test,login,none,rate_limit(5/60s),False,0.0,108
2025-12-30 14:58:40,25493314,user_test,login123,none,rate_limit(5/60s),False,0.0,109
2025-12-30 14:58:40,25493314,user_test,welcome,none,rate_limit(5/60s),False,0.01,110
2025-12-30 14:58:40,25493314,user_test,welcome1,none,rate_limit(5/60s),False,0.0,111
2025-12-30 14:58:40,25493314,user_test,password123,none,rate_limit(5/60s),False,0.0,112
2025-12-30 14:58:40,25493314,user_test,admin1,none,rate_limit(5/60s),False,0.0,113
2025-12-30 14:58:41,25493314,user_test,root123,none,rate_limit(5/60s),False,0.0,114
2025-12-30 14:58:41,25493314,user_test,pass123,none,rate_limit(5/60s),False,0.0,115
2025-12-30 14:58:41,25493314,user_test,1q2w3e4r,none,rate_limit(5/60s),False,0.01,116
2025-12-30 14:58:41,25493314,user_test,qwerty123,none,rate_limit(5/60s),False,0.01,117
2025-12-30 14:58:41,25493314,user_test,1234567890,none,rate_limit(5/60s),False,0.01,118
2025-12-30 14:58:41,25493314,user_test,987654321,none,rate_limit(5/60s),False,0.01,119
2025-12-30 14:58:41,25493314,user_test,hello,none,rate_limit(5/60s),False,0.01,120
2025-12-30 14:58:41,25493314,user_test,hello123,none,rate_limit(5/60s),False,0.01,121
2025-12-30 14:58:41,25493314,user_test,iloveyou,none,rate_limit(5/60s),False,0.01,122
2025-12-30 14:58:41,25493314,user_test,sunshine,none,rate_limit(5/60s),False,0.0,123
2025-12-30 14:59:40,25493314,user_test,princess,none,rate_limit(5/60s),False,0.29,124
2025-12-30 14:59:40,25493314,user_test,Password1,none,rate_limit(5/60s),False,0.01,125
2025-12-30 14:59:40,25493314,user_test,Password123,none,rate_limit(5/60s),False,0.0,126
2025-12-30 14:59:40,25493314,user_test,Admin123,none,rate_limit(5/60s),False,0.01,127
2025-12-30 14:59:40,25493314,user_test,Welcome1,none,rate_limit(5/60s),False,0.01,128
2025-12-30 14:59:40,25493314,user_test,Student123,none,rate_limit(5/60s),False,0.0,129
2025-12-30 14:59:40,25493314,user_test,Student99,none,rate_limit(5/60s),False,0.0,130
2025-12-30 14:59:40,25493314,user_test,Test2024,none,rate_limit(5/60s),False,0.0,131
2025-12-30 14:59:40,25493314,user_test,Login456,none,rate_limit(5/60s),False,0.0,132
2025-12-30 14:59:40,25493314,user_test,Python101,none,rate_limit(5/60s),False,0.0,133
2025-12-30 14:59:40,25493314,user_test,demo,none,rate_limit(5/60s),False,0.0,134
2025-12-30 14:59:41,25493314,user_test,student,none,rate_limit(5/60s),False,0.0,135
2025-12-30 14:59:41,25493314,user_test,name,none,rate_limit(5/60s),False,0.0,136
2025-12-30 14:59:41,25493314,user_test,1111,none,rate_limit(5/60s),False,0.0,137
2025-12-30 14:59:41,25493314,user_test,BlueCat12,none,rate_limit(5/60s),False,0.0,138
2025-12-30 14:59:41,25493314,user_test,TechGirl7,none,rate_limit(5/60s),False,0.01,139
2025-12-30 14:59:41,25493314,user_test,Cloud123,none,rate_limit(5/60s),False,0.01,140
2025-12-30 14:59:41,25493314,user_test,GameOn22,none,rate_limit(5/60s),False,0.01,141
2025-12-30 14:59:41,25493314,user_test,WebDev88,none,rate_limit(5/60s),False,0.01,142
2025-12-30 14:59:41,25493314,bluecat,123456,none,rate_limit(5/60s),False,0.01,72
2025-12-30 14:59:41,25493314,bluecat,password,none,rate_limit(5/60s),False,0.0,73
2025-12-30 15:00:40,25493314,bluecat,12345678,none,rate_limit(5/60s),False,0.09,74
2025-12-30 15:00:40,25493314,bluecat,qwerty,none,rate_limit(5/60s),False,0.0,75
2025-12-30 15:00:40,25493314,bluecat,123456789,none,rate_limit(5/60s),False,0.0,76
2025-12-30 15:00:40,25493314,bluecat,12345,none,rate_limit(5/60s),False,0.0,77
2025-12-30 15:00:40,25493314,bluecat,1234,none,rate_limit(5/60s),False,0.01,78
2025-12-30 15:00:40,25493314,bluecat,111111,none,rate_limit(5/60s),False,0.0,79
2025-12-30 15:00:40,25493314,bluecat,1234567,none,rate_limit(5/60s),False,0.0,80
2025-12-30 15:00:40,25493314,bluecat,dragon,none,rate_limit(5/60s),False,0.0,81
2025-12-30 15:00:41,25493314,bluecat,123123,none,rate_limit(5/60s),False,0.0,82
2025-12-30 15:00:41,25493314,bluecat,baseball,none,rate_limit(5/60s),False,0.0,83
2025-12-30 15:00:41,25493314,bluecat,abc123,none,rate_limit(5/60s),False,0.0,84
2025-12-30 15:00:41,25493314,bluecat,football,none,rate_limit(5/60s),False,0.0,85
2025-12-30 15:00:41,25493314,bluecat,monkey,none,rate_limit(5/60s),False,0.0,86
2025-12-30 15:00:41,25493314,bluecat,letmein,none,rate_limit(5/60s),False,0.01,87
2025-12-30 15:00:41,25493314,bluecat,shadow,none,rate_limit(5/60s),False,0.01,88
2025-12-30 15:00:41,25493314,bluecat,master,none,rate_limit(5/60s),False,0.0,89
2025-12-30 15:00:41,25493314,bluecat,666666,none,rate_limit(5/60s),False,0.01,90
2025-12-30 15:00:41,25493314,bluecat,qwertyuiop,none,rate_limit(5/60s),False,0.01,91
2025-12-30 15:00:41,25493314,bluecat,123321,none,rate_limit(5/60s),False,0.0,92
2025-12-30 15:00:41,25493314,bluecat,mustang,none,rate_limit(5/60s),False,0.0,93
2025-12-30 15:00:41,25493314,bluecat,121212,none,rate_limit(5/60s),False,0.01,94
2025-12-30 15:00:41,25493314,bluecat,000000,none,rate_limit(5/60s),False,0.0,95
2025-12-30 15:00:41,25493314,bluecat,password1,none,rate_limit(5/60s),False,0.01,96
2025-12-30 15:00:41,25493314,bluecat,admin,none,rate_limit(5/60s),False,0.0,97
2025-12-30 15:01:40,25493314,bluecat,admin123,none,rate_limit(5/60s),False,0.02,98
2025-12-30 15:01:40,25493314,bluecat,root,none,rate_limit(5/60s),False,0.01,99
2025-12-30 15:01:40,25493314,bluecat,toor,none,rate_limit(5/60s),False,0.0,100
2025-12-30 15:01:40,25493314,bluecat,pass,none,rate_limit(5/60s),False,0.0,101
2025-12-30 15:01:40,25493314,bluecat,test,none,rate_limit(5/60s),False,0.01,102
2025-12-30 15:01:40,25493314,bluecat,test123,none,rate_limit(5/60s),False,0.0,103
2025-12-30 15:01:40,25493314,bluecat,guest,none,rate_limit(5/60s),False,0.01,104
2025-12-30 15:01:41,25493314,bluecat,guest123,none,rate_limit(5/60s),False,0.0,105
2025-12-30 15:01:41,25493314,bluecat,user,none,rate_limit(5/60s),False,0.0,106
2025-12-30 15:01:41,25493314,bluecat,user123,none,rate_limit(5/60s),False,0.0,107
2025-12-30 15:01:41,25493314,bluecat,login,none,rate_limit(5/60s),False,0.0,108
2025-12-30 15:01:41,25493314,bluecat,login123,none,rate_limit(5/60s),False,0.0,109
2025-12-30 15:01:41,25493314,bluecat,welcome,none,rate_limit(5/60s),False,0.02,110
2025-12-30 15:01:41,25493314,bluecat,welcome1,none,rate_limit(5/60s),False,0.01,111
2025-12-30 15:01:41,25493314,bluecat,password123,none,rate_limit(5/60s),False,0.0,112
2025-12-30 15:01:41,25493314,bluecat,admin1,none,rate_limit(5/60s),False,0.01,113
2025-12-30 15:01:41,25493314,bluecat,root123,none,rate_limit(5/60s),False,0.01,114
2025-12-30 15:01:41,25493314,bluecat,pass123,none,rate_limit(5/60s),False,0.0,115
2025-12-30 15:01:41,25493314,bluecat,1q2w3e4r,none,rate_limit(5/60s),False,0.0,116
2025-12-30 15:01:41,25493314,bluecat,qwerty123,none,rate_limit(5/60s),False,0.0,117
2025-12-30 15:01:41,25493314,bluecat,1234567890,none,rate_limit(5/60s),False,0.01,118
2025-12-30 15:01:41,25493314,bluecat,987654321,none,rate_limit(5/60s),False,0.0,119
2025-12-30 15:02:40,25493314,bluecat,hello,none,rate_limit(5/60s),False,0.05,120
2025-12-30 15:02:40,25493314,bluecat,hello123,none,rate_limit(5/60s),False,0.01,121
2025-12-30 15:02:40,25493314,bluecat,iloveyou,none,rate_limit(5/60s),False,0.0,122
2025-12-30 15:02:40,25493314,bluecat,sunshine,none,rate_limit(5/60s),False,0.0,123
2025-12-30 15:02:40,25493314,bluecat,princess,none,rate_limit(5/60s),False,0.0,124
2025-12-30 15:02:40,25493314,bluecat,Password1,none,rate_limit(5/60s),False,0.0,125
2025-12-30 15:02:40,25493314,bluecat,Password123,none,rate_limit(5/60s),False,0.0,126
2025-12-30 15:02:41,25493314,bluecat,Admin123,none,rate_limit(5/60s),False,0.0,127
2025-12-30 15:02:41,25493314,bluecat,Welcome1,none,rate_limit(5/60s),False,0.0,128
2025-12-30 15:02:41,25493314,bluecat,Student123,none,rate_limit(5/60s),False,0.0,129
2025-12-30 15:02:41,25493314,bluecat,Student99,none,rate_limit(5/60s),False,0.0,130
2025-12-30 15:02:41,25493314,bluecat,Test2024,none,rate_limit(5/60s),False,0.0,131
2025-12-30 15:02:41,25493314,bluecat,Login456,none,rate_limit(5/60s),False,0.0,132
2025-12-30 15:02:41,25493314,bluecat,Python101,none,rate_limit(5/60s),False,0.01,133
2025-12-30 15:02:41,25493314,bluecat,demo,none,rate_limit(5/60s),False,0.01,134
2025-12-30 15:02:41,25493314,bluecat,student,none,rate_limit(5/60s),False,0.0,135
2025-12-30 15:02:41,25493314,bluecat,name,none,rate_limit(5/60s),False,0.01,136
2025-12-30 15:02:41,25493314,bluecat,1111,none,rate_limit(5/60s),False,0.01,137
2025-12-30 15:02:41,25493314,bluecat,BlueCat12,none,rate_limit(5/60s),False,0.0,138
2025-12-30 15:02:41,25493314,bluecat,TechGirl7,none,rate_limit(5/60s),False,0.0,139
2025-12-30 15:02:41,25493314,bluecat,Cloud123,none,rate_limit(5/60s),False,0.0,140
2025-12-30 15:02:41,25493314,bluecat,GameOn22,none,rate_limit(5/60s),False,0.01,141
2025-12-30 15:02:41,25493314,bluecat,WebDev88,none,rate_limit(5/60s),False,0.0,142
2025-12-30 15:03:40,25493314,student1,123456,none,rate_limit(5/60s),False,0.01,72
2025-12-30 15:03:40,25493314,student1,password,none,rate_limit(5/60s),False,0.0,73
2025-12-30 15:03:40,25493314,student1,12345678,none,rate_limit(5/60s),False,0.0,74
2025-12-30 15:03:41,25493314,student1,qwerty,none,rate_limit(5/60s),False,0.0,75
2025-12-30 15:03:41,25493314,student1,123456789,none,rate_limit(5/60s),False,0.01,76
2025-12-30 15:03:41,25493314,student1,12345,none,rate_limit(5/60s),False,0.01,77
2025-12-30 15:03:41,25493314,student1,1234,none,rate_limit(5/60s),False,0.0,78
2025-12-30 15:03:41,25493314,student1,111111,none,rate_limit(5/60s),False,0.0,79
2025-12-30 15:03:41,25493314,student1,1234567,none,rate_limit(5/60s),False,0.0,80
2025-12-30 15:03:41,25493314,student1,dragon,none,rate_limit(5/60s),False,0.0,81
2025-12-30 15:03:41,25493314,student1,123123,none,rate_limit(5/60s),False,0.01,82
2025-12-30 15:03:41,25493314,student1,baseball,none,rate_limit(5/60s),False,0.01,83
2025-12-30 15:03:41,25493314,student1,abc123,none,rate_limit(5/60s),False,0.01,84
2025-12-30 15:03:41,25493314,student1,football,none,rate_limit(5/60s),False,0.01,85
2025-12-30 15:03:41,25493314,student1,monkey,none,rate_limit(5/60s),False,0.01,86
2025-12-30 15:03:41,25493314,student1,letmein,none,rate_limit(5/60s),False,0.0,87
2025-12-30 15:03:41,25493314,student1,shadow,none,rate_limit(5/60s),False,0.0,88
2025-12-30 15:03:41,25493314,student1,master,none,rate_limit(5/60s),False,0.01,89
2025-12-30 15:03:41,25493314,student1,666666,none,rate_limit(5/60s),False,0.01,90
2025-12-30 15:03:41,25493314,student1,qwertyuiop,none,rate_limit(5/60s),False,0.0,91
2025-12-30 15:04:40,25493314,student1,123321,none,rate_limit(5/60s),False,0.25,92
2025-12-30 15:04:40,25493314,student1,mustang,none,rate_limit(5/60s),False,0.01,93
2025-12-30 15:04:40,25493314,student1,121212,none,rate_limit(5/60s),False,0.0,94
2025-12-30 15:04:40,25493314,student1,000000,none,rate_limit(5/60s),False,0.0,95
2025-12-30 15:04:40,25493314,student1,password1,none,rate_limit(5/60s),False,0.01,96
2025-12-30 15:04:40,25493314,student1,admin,none,rate_limit(5/60s),False,0.0,97
2025-12-30 15:04:41,25493314,student1,admin123,none,rate_limit(5/60s),False,0.0,98
2025-12-30 15:04:41,25493314,student1,root,none,rate_limit(5/60s),False,0.0,99
2025-12-30 15:04:41,25493314,student1,toor,none,rate_limit(5/60s),False,0.0,100
2025-12-30 15:04:41,25493314,student1,pass,none,rate_limit(5/60s),False,0.0,101
2025-12-30 15:04:41,25493314,student1,test,none,rate_limit(5/60s),False,0.0,102
2025-12-30 15:04:41,25493314,student1,test123,none,rate_limit(5/60s),False,0.01,103
2025-12-30 15:04:41,25493314,student1,guest,none,rate_limit(5/60s),False,0.0,104
2025-12-30 15:04:41,25493314,student1,guest123,none,rate_limit(5/60s),False,0.03,105
2025-12-30 15:04:41,25493314,student1,user,none,rate_limit(5/60s),False,0.01,106
2025-12-30 15:04:41,25493314,student1,user123,none,rate_limit(5/60s),False,0.01,107
2025-12-30 15:04:41,25493314,student1,login,none,rate_limit(5/60s),False,0.01,108
2025-12-30 15:04:41,25493314,student1,login123,none,rate_limit(5/60s),False,0.01,109
2025-12-30 15:04:41,25493314,student1,welcome,none,rate_limit(5/60s),False,0.0,110
2025-12-30 15:04:41,25493314,student1,welcome1,none,rate_limit(5/60s),False,0.0,111
2025-12-30 15:04:41,25493314,student1,password123,none,rate_limit(5/60s),False,0.0,112
2025-12-30 15:04:41,25493314,student1,admin1,none,rate_limit(5/60s),False,0.0,113
2025-12-30 15:04:41,25493314,student1,root123,none,rate_limit(5/60s),False,0.01,114
2025-12-30 15:04:41,25493314,student1,pass123,none,rate_limit(5/60s),False,0.0,115
2025-12-30 15:05:40,25493314,student1,1q2w3e4r,none,rate_limit(5/60s),False,0.09,116
2025-12-30 15:05:40,25493314,student1,qwerty123,none,rate_limit(5/60s),False,0.01,117
2025-12-30 15:05:40,25493314,student1,1234567890,none,rate_limit(5/60s),False,0.0,118
2025-12-30 15:05:40,25493314,student1,987654321,none,rate_limit(5/60s),False,0.0,119
2025-12-30 15:05:40,25493314,student1,hello,none,rate_limit(5/60s),False,0.0,120
2025-12-30 15:05:40,25493314,student1,hello123,none,rate_limit(5/60s),False,0.0,121
2025-12-30 15:05:41,25493314,student1,iloveyou,none,rate_limit(5/60s),False,0.0,122
2025-12-30 15:05:41,25493314,student1,sunshine,none,rate_limit(5/60s),False,0.01,123
2025-12-30 15:05:41,25493314,student1,princess,none,rate_limit(5/60s),False,0.0,124
2025-12-30 15:05:41,25493314,student1,Password1,none,rate_limit(5/60s),False,0.0,125
2025-12-30 15:05:41,25493314,student1,Password123,none,rate_limit(5/60s),False,0.0,126
2025-12-30 15:05:41,25493314,student1,Admin123,none,rate_limit(5/60s),False,0.01,127
2025-12-30 15:05:41,25493314,student1,Welcome1,none,rate_limit(5/60s),False,0.0,128
2025-12-30 15:05:41,25493314,student1,Student123,none,rate_limit(5/60s),False,0.0,129
2025-12-30 15:05:41,25493314,student1,Student99,none,rate_limit(5/60s),False,0.01,130
2025-12-30 15:05:41,25493314,student1,Test2024,none,rate_limit(5/60s),False,0.01,131
2025-12-30 15:05:41,25493314,student1,Login456,none,rate_limit(5/60s),False,0.02,132
2025-12-30 15:05:41,25493314,student1,Python101,none,rate_limit(5/60s),False,0.01,133
2025-12-30 15:05:41,25493314,student1,demo,none,rate_limit(5/60s),False,0.0,134
2025-12-30 15:05:41,25493314,student1,student,none,rate_limit(5/60s),False,0.0,135
2025-12-30 15:05:41,25493314,student1,name,none,rate_limit(5/60s),False,0.0,136
2025-12-30 15:05:41,25493314,student1,1111,none,rate_limit(5/60s),False,0.0,137
2025-12-30 15:05:41,25493314,student1,BlueCat12,none,rate_limit(5/60s),False,0.01,138
2025-12-30 15:05:41,25493314,student1,TechGirl7,none,rate_limit(5/60s),False,0.0,139
2025-12-30 15:06:40,25493314,student1,Cloud123,none,rate_limit(5/60s),False,0.03,140
2025-12-30 15:06:40,25493314,student1,GameOn22,none,rate_limit(5/60s),False,0.01,141
2025-12-30 15:06:40,25493314,student1,WebDev88,none,rate_limit(5/60s),False,0.0,142
2025-12-30 15:06:41,25493314,login_user,123456,none,rate_limit(5/60s),False,0.01,72
2025-12-30 15:06:41,25493314,login_user,password,none,rate_limit(5/60s),False,0.0,73
2025-12-30 15:06:41,25493314,login_user,12345678,none,rate_limit(5/60s),False,0.0,74
2025-12-30 15:06:41,25493314,login_user,qwerty,none,rate_limit(5/60s),False,0.0,75
2025-12-30 15:06:41,25493314,login_user,123456789,none,rate_limit(5/60s),False,0.0,76
2025-12-30 15:06:41,25493314,login_user,12345,none,rate_limit(5/60s),False,0.0,77
2025-12-30 15:06:41,25493314,login_user,1234,none,rate_limit(5/60s),False,0.01,78
2025-12-30 15:06:41,25493314,login_user,111111,none,rate_limit(5/60s),False,0.01,79
2025-12-30 15:06:41,25493314,login_user,1234567,none,rate_limit(5/60s),False,0.02,80
2025-12-30 15:06:41,25493314,login_user,dragon,none,rate_limit(5/60s),False,0.01,81
2025-12-30 15:06:41,25493314,login_user,123123,none,rate_limit(5/60s),False,0.0,82
2025-12-30 15:06:41,25493314,login_user,baseball,none,rate_limit(5/60s),False,0.0,83
2025-12-30 15:06:41,25493314,login_user,abc123,none,rate_limit(5/60s),False,0.0,84
2025-12-30 15:06:41,25493314,login_user,football,none,rate_limit(5/60s),False,0.0,85
2025-12-30 15:06:41,25493314,login_user,monkey,none,rate_limit(5/60s),False,0.0,86
2025-12-30 15:06:41,25493314,login_user,letmein,none,rate_limit(5/60s),False,0.01,87
2025-12-30 15:06:41,25493314,login_user,shadow,none,rate_limit(5/60s),False,0.0,88
2025-12-30 15:07:40,25493314,login_user,master,none,rate_limit(5/60s),False,0.07,89
2025-12-30 15:07:40,25493314,login_user,666666,none,rate_limit(5/60s),False,0.01,90
2025-12-30 15:07:40,25493314,login_user,qwertyuiop,none,rate_limit(5/60s),False,0.01,91
2025-12-30 15:07:40,25493314,login_user,123321,none,rate_limit(5/60s),False,0.0,92
2025-12-30 15:07:41,25493314,login_user,mustang,none,rate_limit(5/60s),False,0.01,93
2025-12-30 15:07:41,25493314,login_user,121212,none,rate_limit(5/60s),False,0.01,94
2025-12-30 15:07:41,25493314,login_user,000000,none,rate_limit(5/60s),False,0.0,95
2025-12-30 15:07:41,25493314,login_user,password1,none,rate_limit(5/60s),False,0.0,96
2025-12-30 15:07:41,25493314,login_user,admin,none,rate_limit(5/60s),False,0.0,97
2025-12-30 15:07:41,25493314,login_user,admin123,none,rate_limit(5/60s),False,0.0,98
2025-12-30 15:07:41,25493314,login_user,root,none,rate_limit(5/60s),False,0.0,99
2025-12-30 15:07:41,25493314,login_user,toor,none,rate_limit(5/60s),False,0.0,100
2025-12-30 15:07:41,25493314,login_user,pass,none,rate_limit(5/60s),False,0.03,101
2025-12-30 15:07:41,25493314,login_user,test,none,rate_limit(5/60s),False,0.01,102
2025-12-30 15:07:41,25493314,login_user,test123,none,rate_limit(5/60s),False,0.0,103
2025-12-30 15:07:41,25493314,login_user,guest,none,rate_limit(5/60s),False,0.01,104
2025-12-30 15:07:41,25493314,login_user,guest123,none,rate_limit(5/60s),False,0.01,105
2025-12-30 15:07:41,25493314,login_user,user,none,rate_limit(5/60s),False,0.0,106
2025-12-30 15:07:41,25493314,login_user,user123,none,rate_limit(5/60s),False,0.0,107
2025-12-30 15:07:41,25493314,login_user,login,none,rate_limit(5/60s),False,0.0,108
2025-12-30 15:07:41,25493314,login_user,login123,none,rate_limit(5/60s),False,0.0,109
2025-12-30 15:07:41,25493314,login_user,welcome,none,rate_limit(5/60s),False,0.01,110
2025-12-30 15:07:41,25493314,login_user,welcome1,none,rate_limit(5/60s),False,0.0,111
2025-12-30 15:08:40,25493314,login_user,password123,none,rate_limit(5/60s),False,0.01,112
2025-12-30 15:08:40,25493314,login_user,admin1,none,rate_limit(5/60s),False,0.0,113
2025-12-30 15:08:40,25493314,login_user,root123,none,rate_limit(5/60s),False,0.0,114
2025-12-30 15:08:40,25493314,login_user,pass123,none,rate_limit(5/60s),False,0.01,115
2025-12-30 15:08:41,25493314,login_user,1q2w3e4r,none,rate_limit(5/60s),False,0.01,116
2025-12-30 15:08:41,25493314,login_user,qwerty123,none,rate_limit(5/60s),False,0.0,117
2025-12-30 15:08:41,25493314,login_user,1234567890,none,rate_limit(5/60s),False,0.0,118
2025-12-30 15:08:41,25493314,login_user,987654321,none,rate_limit(5/60s),False,0.0,119
2025-12-30 15:08:41,25493314,login_user,hello,none,rate_limit(5/60s),False,0.0,120
2025-12-30 15:08:41,25493314,login_user,hello123,none,rate_limit(5/60s),False,0.0,121
2025-12-30 15:08:41,25493314,login_user,iloveyou,none,rate_limit(5/60s),False,0.0,122
2025-12-30 15:08:41,25493314,login_user,sunshine,none,rate_limit(5/60s),False,0.0,123
2025-12-30 15:08:41,25493314,login_user,princess,none,rate_limit(5/60s),False,0.01,124
2025-12-30 15:08:41,25493314,login_user,Password1,none,rate_limit(5/60s),False,0.01,125
2025-12-30 15:08:41,25493314,login_user,Password123,none,rate_limit(5/60s),False,0.01,126
2025-12-30 15:08:41,25493314,login_user,Admin123,none,rate_limit(5/60s),False,0.01,127
2025-12-30 15:08:41,25493314,login_user,Welcome1,none,rate_limit(5/60s),False,0.0,128
2025-12-30 15:08:41,25493314,login_user,Student123,none,rate_limit(5/60s),False,0.0,129
2025-12-30 15:08:41,25493314,login_user,Student99,none,rate_limit(5/60s),False,0.0,130
2025-12-30 15:08:41,25493314,login_user,Test2024,none,rate_limit(5/60s),False,0.0,131
2025-12-30 15:08:41,25493314,login_user,Login456,none,rate_limit(5/60s),False,0.0,132
2025-12-30 15:08:41,25493314,login_user,Python101,none,rate_limit(5/60s),False,0.01,133
2025-12-30 15:08:41,25493314,login_user,demo,none,rate_limit(5/60s),False,0.0,134
2025-12-30 15:09:40,25493314,login_user,student,none,rate_limit(5/60s),False,0.02,135
2025-12-30 15:09:40,25493314,login_user,name,none,rate_limit(5/60s),False,0.01,136
2025-12-30 15:09:40,25493314,login_user,1111,none,rate_limit(5/60s),False,0.0,137
2025-12-30 15:09:41,25493314,login_user,BlueCat12,none,rate_limit(5/60s),False,0.0,138
2025-12-30 15:09:41,25493314,login_user,TechGirl7,none,rate_limit(5/60s),False,0.0,139
2025-12-30 15:09:41,25493314,login_user,Cloud123,none,rate_limit(5/60s),False,0.0,140
2025-12-30 15:09:41,25493314,login_user,GameOn22,none,rate_limit(5/60s),False,0.0,141
2025-12-30 15:09:41,25493314,login_user,WebDev88,none,rate_limit(5/60s),False,0.01,142
2025-12-30 15:09:41,25493314,pythonfan,123456,none,rate_limit(5/60s),False,0.03,72
2025-12-30 15:09:41,25493314,pythonfan,password,none,rate_limit(5/60s),False,0.01,73
2025-12-30 15:09:41,25493314,pythonfan,12345678,none,rate_limit(5/60s),False,0.01,74
2025-12-30 15:09:41,25493314,pythonfan,qwerty,none,rate_limit(5/60s),False,0.02,75
2025-12-30 15:09:41,25493314,pythonfan,123456789,none,rate_limit(5/60s),False,0.0,76
2025-12-30 15:09:41,25493314,pythonfan,12345,none,rate_limit(5/60s),False,0.0,77
2025-12-30 15:09:41,25493314,pythonfan,1234,none,rate_limit(5/60s),False,0.0,78
2025-12-30 15:09:41,25493314,pythonfan,111111,none,rate_limit(5/60s),False,0.0,79
2025-12-30 15:09:41,25493314,pythonfan,1234567,none,rate_limit(5/60s),False,0.0,80
2025-12-30 15:09:41,25493314,pythonfan,dragon,none,rate_limit(5/60s),False,0.01,81
2025-12-30 15:09:41,25493314,pythonfan,123123,none,rate_limit(5/60s),False,0.0,82
2025-12-30 15:10:40,25493314,pythonfan,baseball,none,rate_limit(5/60s),False,0.03,83
2025-12-30 15:10:40,25493314,pythonfan,abc123,none,rate_limit(5/60s),False,0.01,84
2025-12-30 15:10:40,25493314,pythonfan,football,none,rate_limit(5/60s),False,0.01,85
2025-12-30 15:10:41,25493314,pythonfan,monkey,none,rate_limit(5/60s),False,0.0,86
2025-12-30 15:10:41,25493314,pythonfan,letmein,none,rate_limit(5/60s),False,0.0,87
2025-12-30 15:10:41,25493314,pythonfan,shadow,none,rate_limit(5/60s),False,0.0,88
2025-12-30 15:10:41,25493314,pythonfan,master,none,rate_limit(5/60s),False,0.01,89
2025-12-30 15:10:41,25493314,pythonfan,666666,none,rate_limit(5/60s),False,0.0,90
2025-12-30 15:10:41,25493314,pythonfan,qwertyuiop,none,rate_limit(5/60s),False,0.0,91
2025-12-30 15:10:41,25493314,pythonfan,123321,none,rate_limit(5/60s),False,0.0,92
2025-12-30 15:10:41,25493314,pythonfan,mustang,none,rate_limit(5/60s),False,0.0,93
2025-12-30 15:10:41,25493314,pythonfan,121212,none,rate_limit(5/60s),False,0.0,94
2025-12-30 15:10:41,25493314,pythonfan,000000,none,rate_limit(5/60s),False,0.0,95
2025-12-30 15:10:41,25493314,pythonfan,password1,none,rate_limit(5/60s),False,0.01,96
2025-12-30 15:10:41,25493314,pythonfan,admin,none,rate_limit(5/60s),False,0.01,97
2025-12-30 15:10:41,25493314,pythonfan,admin123,none,rate_limit(5/60s),False,0.01,98
2025-12-30 15:10:41,25493314,pythonfan,root,none,rate_limit(5/60s),False,0.02,99
2025-12-30 15:10:41,25493314,pythonfan,toor,none,rate_limit(5/60s),False,0.0,100
2025-12-30 15:10:41,25493314,pythonfan,pass,none,rate_limit(5/60s),False,0.0,101
2025-12-30 15:10:41,25493314,pythonfan,test,none,rate_limit(5/60s),False,0.0,102
2025-12-30 15:10:41,25493314,pythonfan,test123,none,rate_limit(5/60s),False,0.01,103
2025-12-30 15:10:41,25493314,pythonfan,guest,none,rate_limit(5/60s),False,0.01,104
2025-12-30 15:10:41,25493314,pythonfan,guest123,none,rate_limit(5/60s),False,0.0,105
2025-12-30 15:11:40,25493314,pythonfan,user,none,rate_limit(5/60s),False,0.04,106
2025-12-30 15:11:40,25493314,pythonfan,user123,none,rate_limit(5/60s),False,0.01,107
2025-12-30 15:11:41,25493314,pythonfan,login,none,rate_limit(5/60s),False,0.0,108
2025-12-30 15:11:41,25493314,pythonfan,login123,none,rate_limit(5/60s),False,0.0,109
2025-12-30 15:11:41,25493314,pythonfan,welcome,none,rate_limit(5/60s),False,0.01,110
2025-12-30 15:11:41,25493314,pythonfan,welcome1,none,rate_limit(5/60s),False,0.0,111
2025-12-30 15:11:41,25493314,pythonfan,password123,none,rate_limit(5/60s),False,0.0,112
2025-12-30 15:11:41,25493314,pythonfan,admin1,none,rate_limit(5/60s),False,0.0,113
2025-12-30 15:11:41,25493314,pythonfan,root123,none,rate_limit(5/60s),False,0.0,114
2025-12-30 15:11:41,25493314,pythonfan,pass123,none,rate_limit(5/60s),False,0.0,115
2025-12-30 15:11:41,25493314,pythonfan,1q2w3e4r,none,rate_limit(5/60s),False,0.0,116
2025-12-30 15:11:41,25493314,pythonfan,qwerty123,none,rate_limit(5/60s),False,0.02,117
2025-12-30 15:11:41,25493314,pythonfan,1234567890,none,rate_limit(5/60s),False,0.01,118
2025-12-30 15:11:41,25493314,pythonfan,987654321,none,rate_limit(5/60s),False,0.01,119
2025-12-30 15:11:41,25493314,pythonfan,hello,none,rate_limit(5/60s),False,0.01,120
2025-12-30 15:11:41,25493314,pythonfan,hello123,none,rate_limit(5/60s),False,0.01,121
2025-12-30 15:11:41,25493314,pythonfan,iloveyou,none,rate_limit(5/60s),False,0.01,122
2025-12-30 15:11:41,25493314,pythonfan,sunshine,none,rate_limit(5/60s),False,0.0,123
2025-12-30 15:11:41,25493314,pythonfan,princess,none,rate_limit(5/60s),False,0.0,124
2025-12-30 15:11:41,25493314,pythonfan,Password1,none,rate_limit(5/60s),False,0.0,125
2025-12-30 15:11:41,25493314,pythonfan,Password123,none,rate_limit(5/60s),False,0.0,126
2025-12-30 15:11:41,25493314,pythonfan,Admin123,none,rate_limit(5/60s),False,0.01,127
2025-12-30 15:11:41,25493314,pythonfan,Welcome1,none,rate_limit(5/60s),False,0.0,128
2025-12-30 15:12:40,25493314,pythonfan,Student123,none,rate_limit(5/60s),False,0.08,129
2025-12-30 15:12:41,25493314,pythonfan,Student99,none,rate_limit(5/60s),False,0.01,130
2025-12-30 15:12:41,25493314,pythonfan,Test2024,none,rate_limit(5/60s),False,0.0,131
2025-12-30 15:12:41,25493314,pythonfan,Login456,none,rate_limit(5/60s),False,0.01,132
2025-12-30 15:12:41,25493314,pythonfan,Python101,none,rate_limit(5/60s),False,0.0,133
2025-12-30 15:12:41,25493314,pythonfan,demo,none,rate_limit(5/60s),False,0.0,134
2025-12-30 15:12:41,25493314,pythonfan,student,none,rate_limit(5/60s),False,0.0,135
2025-12-30 15:12:41,25493314,pythonfan,name,none,rate_limit(5/60s),False,0.0,136
2025-12-30 15:12:41,25493314,pythonfan,1111,none,rate_limit(5/60s),False,0.01,137
2025-12-30 15:12:41,25493314,pythonfan,BlueCat12,none,rate_limit(5/60s),False,0.03,138
2025-12-30 15:12:41,25493314,pythonfan,TechGirl7,none,rate_limit(5/60s),False,0.02,139
2025-12-30 15:12:41,25493314,pythonfan,Cloud123,none,rate_limit(5/60s),False,0.02,140
2025-12-30 15:12:41,25493314,pythonfan,GameOn22,none,rate_limit(5/60s),False,0.02,141
2025-12-30 15:12:41,25493314,pythonfan,WebDev88,none,rate_limit(5/60s),False,0.02,142
2025-12-30 15:12:42,25493314,techgirl,123456,none,rate_limit(5/60s),False,0.01,72
2025-12-30 15:13:41,25493314,techgirl,password,none,rate_limit(5/60s),False,0.1,73
2025-12-30 15:13:41,25493314,techgirl,12345678,none,rate_limit(5/60s),False,0.01,74
2025-12-30 15:13:41,25493314,techgirl,qwerty,none,rate_limit(5/60s),False,0.0,75
2025-12-30 15:13:41,25493314,techgirl,123456789,none,rate_limit(5/60s),False,0.0,76
2025-12-30 15:13:41,25493314,techgirl,12345,none,rate_limit(5/60s),False,0.01,77
2025-12-30 15:13:41,25493314,techgirl,1234,none,rate_limit(5/60s),False,0.01,78
2025-12-30 15:13:41,25493314,techgirl,111111,none,rate_limit(5/60s),False,0.56,79
2025-12-30 15:13:41,25493314,techgirl,1234567,none,rate_limit(5/60s),False,0.01,80
2025-12-30 15:13:41,25493314,techgirl,dragon,none,rate_limit(5/60s),False,0.0,81
2025-12-30 15:13:41,25493314,techgirl,123123,none,rate_limit(5/60s),False,0.01,82
2025-12-30 15:13:41,25493314,techgirl,baseball,none,rate_limit(5/60s),False,0.01,83
2025-12-30 15:13:41,25493314,techgirl,abc123,none,rate_limit(5/60s),False,0.0,84
2025-12-30 15:13:41,25493314,techgirl,football,none,rate_limit(5/60s),False,0.01,85
2025-12-30 15:13:42,25493314,techgirl,monkey,none,rate_limit(5/60s),False,0.04,86
2025-12-30 15:13:42,25493314,techgirl,letmein,none,rate_limit(5/60s),False,0.01,87
2025-12-30 15:14:41,25493314,techgirl,shadow,none,rate_limit(5/60s),False,0.09,88
2025-12-30 15:14:41,25493314,techgirl,master,none,rate_limit(5/60s),False,0.01,89
2025-12-30 15:14:41,25493314,techgirl,666666,none,rate_limit(5/60s),False,0.0,90
2025-12-30 15:14:41,25493314,techgirl,qwertyuiop,none,rate_limit(5/60s),False,0.0,91
2025-12-30 15:14:41,25493314,techgirl,123321,none,rate_limit(5/60s),False,0.0,92
2025-12-30 15:14:41,25493314,techgirl,mustang,none,rate_limit(5/60s),False,0.0,93
2025-12-30 15:14:41,25493314,techgirl,121212,none,rate_limit(5/60s),False,0.0,94
2025-12-30 15:14:41,25493314,techgirl,000000,none,rate_limit(5/60s),False,0.0,95
2025-12-30 15:14:41,25493314,techgirl,password1,none,rate_limit(5/60s),False,0.0,96
2025-12-30 15:14:41,25493314,techgirl,admin,none,rate_limit(5/60s),False,0.01,97
2025-12-30 15:14:41,25493314,techgirl,admin123,none,rate_limit(5/60s),False,0.03,98
2025-12-30 15:14:41,25493314,techgirl,root,none,rate_limit(5/60s),False,0.0,99
2025-12-30 15:14:41,25493314,techgirl,toor,none,rate_limit(5/60s),False,0.0,100
2025-12-30 15:14:41,25493314,techgirl,pass,none,rate_limit(5/60s),False,0.0,101
2025-12-30 15:14:41,25493314,techgirl,test,none,rate_limit(5/60s),False,0.01,102
2025-12-30 15:14:41,25493314,techgirl,test123,none,rate_limit(5/60s),False,0.02,103
2025-12-30 15:14:41,25493314,techgirl,guest,none,rate_limit(5/60s),False,0.0,104
2025-12-30 15:14:41,25493314,techgirl,guest123,none,rate_limit(5/60s),False,0.01,105
2025-12-30 15:14:41,25493314,techgirl,user,none,rate_limit(5/60s),False,0.0,106
2025-12-30 15:14:41,25493314,techgirl,user123,none,rate_limit(5/60s),False,0.0,107
2025-12-30 15:14:42,25493314,techgirl,login,none,rate_limit(5/60s),False,0.01,108
2025-12-30 15:14:42,25493314,techgirl,login123,none,rate_limit(5/60s),False,0.0,109
2025-12-30 15:15:41,25493314,techgirl,welcome,none,rate_limit(5/60s),False,0.03,110
2025-12-30 15:15:41,25493314,techgirl,welcome1,none,rate_limit(5/60s),False,0.01,111
2025-12-30 15:15:41,25493314,techgirl,password123,none,rate_limit(5/60s),False,0.0,112
2025-12-30 15:15:41,25493314,techgirl,admin1,none,rate_limit(5/60s),False,0.0,113
2025-12-30 15:15:41,25493314,techgirl,root123,none,rate_limit(5/60s),False,0.0,114
2025-12-30 15:15:41,25493314,techgirl,pass123,none,rate_limit(5/60s),False,0.0,115
2025-12-30 15:15:41,25493314,techgirl,1q2w3e4r,none,rate_limit(5/60s),False,0.0,116
2025-12-30 15:15:41,25493314,techgirl,qwerty123,none,rate_limit(5/60s),False,0.0,117
2025-12-30 15:15:41,25493314,techgirl,1234567890,none,rate_limit(5/60s),False,0.0,118
2025-12-30 15:15:41,25493314,techgirl,987654321,none,rate_limit(5/60s),False,0.0,119
2025-12-30 15:15:41,25493314,techgirl,hello,none,rate_limit(5/60s),False,0.01,120
2025-12-30 15:15:41,25493314,techgirl,hello123,none,rate_limit(5/60s),False,0.0,121
2025-12-30 15:15:41,25493314,techgirl,iloveyou,none,rate_limit(5/60s),False,0.01,122
2025-12-30 15:15:41,25493314,techgirl,sunshine,none,rate_limit(5/60s),False,0.01,123
2025-12-30 15:15:41,25493314,techgirl,princess,none,rate_limit(5/60s),False,0.01,124
2025-12-30 15:15:41,25493314,techgirl,Password1,none,rate_limit(5/60s),False,0.02,125
2025-12-30 15:15:41,25493314,techgirl,Password123,none,rate_limit(5/60s),False,0.01,126
2025-12-30 15:15:41,25493314,techgirl,Admin123,none,rate_limit(5/60s),False,0.01,127
2025-12-30 15:15:41,25493314,techgirl,Welcome1,none,rate_limit(5/60s),False,0.0,128
2025-12-30 15:15:42,25493314,techgirl,Student123,none,rate_limit(5/60s),False,0.0,129
2025-12-30 15:15:42,25493314,techgirl,Student99,none,rate_limit(5/60s),False,0.01,130
2025-12-30 15:15:42,25493314,techgirl,Test2024,none,rate_limit(5/60s),False,0.01,131
2025-12-30 15:16:41,25493314,techgirl,Login456,none,rate_limit(5/60s),False,0.11,132
2025-12-30 15:16:41,25493314,techgirl,Python101,none,rate_limit(5/60s),False,0.0,133
2025-12-30 15:16:41,25493314,techgirl,demo,none,rate_limit(5/60s),False,0.0,134
2025-12-30 15:16:41,25493314,techgirl,student,none,rate_limit(5/60s),False,0.0,135
2025-12-30 15:16:41,25493314,techgirl,name,none,rate_limit(5/60s),False,0.0,136
2025-12-30 15:16:41,25493314,techgirl,1111,none,rate_limit(5/60s),False,0.0,137
2025-12-30 15:16:41,25493314,techgirl,BlueCat12,none,rate_limit(5/60s),False,0.0,138
2025-12-30 15:16:41,25493314,techgirl,TechGirl7,none,rate_limit(5/60s),False,0.0,139
2025-12-30 15:16:41,25493314,techgirl,Cloud123,none,rate_limit(5/60s),False,0.0,140
2025-12-30 15:16:41,25493314,techgirl,GameOn22,none,rate_limit(5/60s),False,0.0,141
2025-12-30 15:16:41,25493314,techgirl,WebDev88,none,rate_limit(5/60s),False,0.03,142
2025-12-30 15:16:41,25493314,cloud_user,123456,none,rate_limit(5/60s),False,0.01,72
2025-12-30 15:16:41,25493314,cloud_user,password,none,rate_limit(5/60s),False,0.01,73
2025-12-30 15:16:41,25493314,cloud_user,12345678,none,rate_limit(5/60s),False,0.0,74
2025-12-30 15:16:41,25493314,cloud_user,qwerty,none,rate_limit(5/60s),False,0.01,75
2025-12-30 15:16:41,25493314,cloud_user,123456789,none,rate_limit(5/60s),False,0.0,76
2025-12-30 15:16:42,25493314,cloud_user,12345,none,rate_limit(5/60s),False,0.0,77
2025-12-30 15:16:42,25493314,cloud_user,1234,none,rate_limit(5/60s),False,0.01,78
2025-12-30 15:16:42,25493314,cloud_user,111111,none,rate_limit(5/60s),False,0.01,79
2025-12-30 15:17:41,25493314,cloud_user,1234567,none,rate_limit(5/60s),False,0.09,80
2025-12-30 15:17:41,25493314,cloud_user,dragon,none,rate_limit(5/60s),False,0.0,81
2025-12-30 15:17:41,25493314,cloud_user,123123,none,rate_limit(5/60s),False,0.0,82
2025-12-30 15:17:41,25493314,cloud_user,baseball,none,rate_limit(5/60s),False,0.0,83
2025-12-30 15:17:41,25493314,cloud_user,abc123,none,rate_limit(5/60s),False,0.0,84
2025-12-30 15:17:41,25493314,cloud_user,football,none,rate_limit(5/60s),False,0.0,85
2025-12-30 15:17:41,25493314,cloud_user,monkey,none,rate_limit(5/60s),False,0.0,86
2025-12-30 15:17:41,25493314,cloud_user,letmein,none,rate_limit(5/60s),False,0.0,87
2025-12-30 15:17:41,25493314,cloud_user,shadow,none,rate_limit(5/60s),False,0.0,88
2025-12-30 15:17:41,25493314,cloud_user,master,none,rate_limit(5/60s),False,0.0,89
2025-12-30 15:17:41,25493314,cloud_user,666666,none,rate_limit(5/60s),False,0.01,90
2025-12-30 15:17:41,25493314,cloud_user,qwertyuiop,none,rate_limit(5/60s),False,0.0,91
2025-12-30 15:17:41,25493314,cloud_user,123321,none,rate_limit(5/60s),False,0.0,92
2025-12-30 15:17:41,25493314,cloud_user,mustang,none,rate_limit(5/60s),False,0.01,93
2025-12-30 15:17:41,25493314,cloud_user,121212,none,rate_limit(5/60s),False,0.01,94
2025-12-30 15:17:41,25493314,cloud_user,000000,none,rate_limit(5/60s),False,0.02,95
2025-12-30 15:17:41,25493314,cloud_user,password1,none,rate_limit(5/60s),False,0.02,96
2025-12-30 15:17:42,25493314,cloud_user,admin,none,rate_limit(5/60s),False,0.0,97
2025-12-30 15:17:42,25493314,cloud_user,admin123,none,rate_limit(5/60s),False,0.0,98
2025-12-30 15:17:42,25493314,cloud_user,root,none,rate_limit(5/60s),False,0.01,99
2025-12-30 15:17:42,25493314,cloud_user,toor,none,rate_limit(5/60s),False,0.0,100
2025-12-30 15:18:41,25493314,cloud_user,pass,none,rate_limit(5/60s),False,0.06,101
2025-12-30 15:18:41,25493314,cloud_user,test,none,rate_limit(5/60s),False,0.01,102
2025-12-30 15:18:41,25493314,cloud_user,test123,none,rate_limit(5/60s),False,0.0,103
2025-12-30 15:18:41,25493314,cloud_user,guest,none,rate_limit(5/60s),False,0.0,104
2025-12-30 15:18:41,25493314,cloud_user,guest123,none,rate_limit(5/60s),False,0.01,105
2025-12-30 15:18:41,25493314,cloud_user,user,none,rate_limit(5/60s),False,0.0,106
2025-12-30 15:18:41,25493314,cloud_user,user123,none,rate_limit(5/60s),False,0.0,107
2025-12-30 15:18:41,25493314,cloud_user,login,none,rate_limit(5/60s),False,0.0,108
2025-12-30 15:18:41,25493314,cloud_user,login123,none,rate_limit(5/60s),False,0.0,109
2025-12-30 15:18:41,25493314,cloud_user,welcome,none,rate_limit(5/60s),False,0.0,110
2025-12-30 15:18:41,25493314,cloud_user,welcome1,none,rate_limit(5/60s),False,0.01,111
2025-12-30 15:18:41,25493314,cloud_user,password123,none,rate_limit(5/60s),False,0.0,112
2025-12-30 15:18:41,25493314,cloud_user,admin1,none,rate_limit(5/60s),False,0.01,113
2025-12-30 15:18:41,25493314,cloud_user,root123,none,rate_limit(5/60s),False,0.0,114
2025-12-30 15:18:41,25493314,cloud_user,pass123,none,rate_limit(5/60s),False,0.01,115
2025-12-30 15:18:41,25493314,cloud_user,1q2w3e4r,none,rate_limit(5/60s),False,0.0,116
2025-12-30 15:18:41,25493314,cloud_user,qwerty123,none,rate_limit(5/60s),False,0.01,117
2025-12-30 15:18:41,25493314,cloud_user,1234567890,none,rate_limit(5/60s),False,0.01,118
2025-12-30 15:18:42,25493314,cloud_user,987654321,none,rate_limit(5/60s),False,0.0,119
2025-12-30 15:18:42,25493314,cloud_user,hello,none,rate_limit(5/60s),False,0.0,120
2025-12-30 15:18:42,25493314,cloud_user,hello123,none,rate_limit(5/60s),False,0.01,121
2025-12-30 15:18:42,25493314,cloud_user,iloveyou,none,rate_limit(5/60s),False,0.0,122
2025-12-30 15:19:41,25493314,cloud_user,sunshine,none,rate_limit(5/60s),False,0.03,123
2025-12-30 15:19:41,25493314,cloud_user,princess,none,rate_limit(5/60s),False,0.01,124
2025-12-30 15:19:41,25493314,cloud_user,Password1,none,rate_limit(5/60s),False,0.0,125
2025-12-30 15:19:41,25493314,cloud_user,Password123,none,rate_limit(5/60s),False,0.0,126
2025-12-30 15:19:41,25493314,cloud_user,Admin123,none,rate_limit(5/60s),False,0.0,127
2025-12-30 15:19:41,25493314,cloud_user,Welcome1,none,rate_limit(5/60s),False,0.0,128
2025-12-30 15:19:41,25493314,cloud_user,Student123,none,rate_limit(5/60s),False,0.0,129
2025-12-30 15:19:41,25493314,cloud_user,Student99,none,rate_limit(5/60s),False,0.01,130
2025-12-30 15:19:41,25493314,cloud_user,Test2024,none,rate_limit(5/60s),False,0.0,131
2025-12-30 15:19:41,25493314,cloud_user,Login456,none,rate_limit(5/60s),False,0.0,132
2025-12-30 15:19:41,25493314,cloud_user,Python101,none,rate_limit(5/60s),False,0.01,133
2025-12-30 15:19:41,25493314,cloud_user,demo,none,rate_limit(5/60s),False,0.0,134
2025-12-30 15:19:41,25493314,cloud_user,student,none,rate_limit(5/60s),False,0.0,135
2025-12-30 15:19:41,25493314,cloud_user,name,none,rate_limit(5/60s),False,0.0,136
2025-12-30 15:19:41,25493314,cloud_user,1111,none,rate_limit(5/60s),False,0.01,137
2025-12-30 15:19:41,25493314,cloud_user,BlueCat12,none,rate_limit(5/60s),False,0.0,138
2025-12-30 15:19:41,25493314,cloud_user,TechGirl7,none,rate_limit(5/60s),False,0.02,139
2025-12-30 15:19:41,25493314,cloud_user,Cloud123,none,rate_limit(5/60s),False,0.01,140
2025-12-30 15:19:42,25493314,cloud_user,GameOn22,none,rate_limit(5/60s),False,0.01,141
2025-12-30 15:19:42,25493314,cloud_user,WebDev88,none,rate_limit(5/60s),False,0.0,142
2025-12-30 15:19:42,25493314,gamer22,123456,none,rate_limit(5/60s),False,0.04,72
2025-12-30 15:19:42,25493314,gamer22,password,none,rate_limit(5/60s),False,0.0,73
2025-12-30 15:20:41,25493314,gamer22,12345678,none,rate_limit(5/60s),False,0.02,74
2025-12-30 15:20:41,25493314,gamer22,qwerty,none,rate_limit(5/60s),False,0.0,75
2025-12-30 15:20:41,25493314,gamer22,123456789,none,rate_limit(5/60s),False,0.0,76
2025-12-30 15:20:41,25493314,gamer22,12345,none,rate_limit(5/60s),False,0.0,77
2025-12-30 15:20:41,25493314,gamer22,1234,none,rate_limit(5/60s),False,0.0,78
2025-12-30 15:20:41,25493314,gamer22,111111,none,rate_limit(5/60s),False,0.01,79
2025-12-30 15:20:41,25493314,gamer22,1234567,none,rate_limit(5/60s),False,0.01,80
2025-12-30 15:20:41,25493314,gamer22,dragon,none,rate_limit(5/60s),False,0.0,81
2025-12-30 15:20:41,25493314,gamer22,123123,none,rate_limit(5/60s),False,0.0,82
2025-12-30 15:20:41,25493314,gamer22,baseball,none,rate_limit(5/60s),False,0.0,83
2025-12-30 15:20:41,25493314,gamer22,abc123,none,rate_limit(5/60s),False,0.01,84
2025-12-30 15:20:41,25493314,gamer22,football,none,rate_limit(5/60s),False,0.01,85
2025-12-30 15:20:41,25493314,gamer22,monkey,none,rate_limit(5/60s),False,0.01,86
2025-12-30 15:20:42,25493314,gamer22,letmein,none,rate_limit(5/60s),False,0.03,87
2025-12-30 15:20:42,25493314,gamer22,shadow,none,rate_limit(5/60s),False,0.0,88
2025-12-30 15:20:42,25493314,gamer22,master,none,rate_limit(5/60s),False,0.01,89
2025-12-30 15:20:42,25493314,gamer22,666666,none,rate_limit(5/60s),False,0.0,90
2025-12-30 15:20:42,25493314,gamer22,qwertyuiop,none,rate_limit(5/60s),False,0.0,91
2025-12-30 15:20:42,25493314,gamer22,123321,none,rate_limit(5/60s),False,0.0,92
2025-12-30 15:20:42,25493314,gamer22,mustang,none,rate_limit(5/60s),False,0.0,93
2025-12-30 15:20:42,25493314,gamer22,121212,none,rate_limit(5/60s),False,0.02,94
2025-12-30 15:20:42,25493314,gamer22,000000,none,rate_limit(5/60s),False,0.01,95
2025-12-30 15:21:41,25493314,gamer22,password1,none,rate_limit(5/60s),False,0.04,96
2025-12-30 15:21:41,25493314,gamer22,admin,none,rate_limit(5/60s),False,0.01,97
2025-12-30 15:21:41,25493314,gamer22,admin123,none,rate_limit(5/60s),False,0.0,98
2025-12-30 15:21:41,25493314,gamer22,root,none,rate_limit(5/60s),False,0.0,99
2025-12-30 15:21:41,25493314,gamer22,toor,none,rate_limit(5/60s),False,0.0,100
2025-12-30 15:21:41,25493314,gamer22,pass,none,rate_limit(5/60s),False,0.0,101
2025-12-30 15:21:41,25493314,gamer22,test,none,rate_limit(5/60s),False,0.02,102
2025-12-30 15:21:41,25493314,gamer22,test123,none,rate_limit(5/60s),False,0.0,103
2025-12-30 15:21:41,25493314,gamer22,guest,none,rate_limit(5/60s),False,0.0,104
2025-12-30 15:21:41,25493314,gamer22,guest123,none,rate_limit(5/60s),False,0.0,105
2025-12-30 15:21:41,25493314,gamer22,user,none,rate_limit(5/60s),False,0.01,106
2025-12-30 15:21:41,25493314,gamer22,user123,none,rate_limit(5/60s),False,0.0,107
2025-12-30 15:21:41,25493314,gamer22,login,none,rate_limit(5/60s),False,0.01,108
2025-12-30 15:21:42,25493314,gamer22,login123,none,rate_limit(5/60s),False,0.01,109
2025-12-30 15:21:42,25493314,gamer22,welcome,none,rate_limit(5/60s),False,0.0,110
2025-12-30 15:21:42,25493314,gamer22,welcome1,none,rate_limit(5/60s),False,0.01,111
2025-12-30 15:21:42,25493314,gamer22,password123,none,rate_limit(5/60s),False,0.0,112
2025-12-30 15:21:42,25493314,gamer22,admin1,none,rate_limit(5/60s),False,0.0,113
2025-12-30 15:21:42,25493314,gamer22,root123,none,rate_limit(5/60s),False,0.0,114
2025-12-30 15:21:42,25493314,gamer22,pass123,none,rate_limit(5/60s),False,0.0,115
2025-12-30 15:21:42,25493314,gamer22,1q2w3e4r,none,rate_limit(5/60s),False,0.02,116
2025-12-30 15:21:42,25493314,gamer22,qwerty123,none,rate_limit(5/60s),False,0.01,117
2025-12-30 15:22:41,25493314,gamer22,1234567890,none,rate_limit(5/60s),False,0.02,118
2025-12-30 15:22:41,25493314,gamer22,987654321,none,rate_limit(5/60s),False,0.01,119
2025-12-30 15:22:41,25493314,gamer22,hello,none,rate_limit(5/60s),False,0.0,120
2025-12-30 15:22:41,25493314,gamer22,hello123,none,rate_limit(5/60s),False,0.01,121
2025-12-30 15:22:41,25493314,gamer22,iloveyou,none,rate_limit(5/60s),False,0.0,122
2025-12-30 15:22:41,25493314,gamer22,sunshine,none,rate_limit(5/60s),False,0.0,123
2025-12-30 15:22:41,25493314,gamer22,princess,none,rate_limit(5/60s),False,0.01,124
2025-12-30 15:22:41,25493314,gamer22,Password1,none,rate_limit(5/60s),False,0.0,125
2025-12-30 15:22:41,25493314,gamer22,Password123,none,rate_limit(5/60s),False,0.01,126
2025-12-30 15:22:41,25493314,gamer22,Admin123,none,rate_limit(5/60s),False,0.0,127
2025-12-30 15:22:41,25493314,gamer22,Welcome1,none,rate_limit(5/60s),False,0.01,128
2025-12-30 15:22:41,25493314,gamer22,Student123,none,rate_limit(5/60s),False,0.0,129
2025-12-30 15:22:42,25493314,gamer22,Student99,none,rate_limit(5/60s),False,0.01,130
2025-12-30 15:22:42,25493314,gamer22,Test2024,none,rate_limit(5/60s),False,0.02,131
2025-12-30 15:22:42,25493314,gamer22,Login456,none,rate_limit(5/60s),False,0.01,132
2025-12-30 15:22:42,25493314,gamer22,Python101,none,rate_limit(5/60s),False,0.01,133
2025-12-30 15:22:42,25493314,gamer22,demo,none,rate_limit(5/60s),False,0.0,134
2025-12-30 15:22:42,25493314,gamer22,student,none,rate_limit(5/60s),False,0.0,135
2025-12-30 15:22:42,25493314,gamer22,name,none,rate_limit(5/60s),False,0.0,136
2025-12-30 15:22:42,25493314,gamer22,1111,none,rate_limit(5/60s),False,0.0,137
2025-12-30 15:22:42,25493314,gamer22,BlueCat12,none,rate_limit(5/60s),False,0.01,138
2025-12-30 15:22:42,25493314,gamer22,TechGirl7,none,rate_limit(5/60s),False,0.0,139
2025-12-30 15:23:41,25493314,gamer22,Cloud123,none,rate_limit(5/60s),False,0.03,140
2025-12-30 15:23:41,25493314,gamer22,GameOn22,none,rate_limit(5/60s),False,0.01,141
2025-12-30 15:23:41,25493314,gamer22,WebDev88,none,rate_limit(5/60s),False,0.0,142
2025-12-30 15:23:41,25493314,webdev,123456,none,rate_limit(5/60s),False,0.02,72
2025-12-30 15:23:41,25493314,webdev,password,none,rate_limit(5/60s),False,0.01,73
2025-12-30 15:23:42,25493314,webdev,12345678,none,rate_limit(5/60s),False,0.01,74
2025-12-30 15:23:42,25493314,webdev,qwerty,none,rate_limit(5/60s),False,0.02,75
2025-12-30 15:23:42,25493314,webdev,123456789,none,rate_limit(5/60s),False,0.01,76
2025-12-30 15:23:42,25493314,webdev,12345,none,rate_limit(5/60s),False,0.02,77
2025-12-30 15:23:42,25493314,webdev,1234,none,rate_limit(5/60s),False,0.0,78
2025-12-30 15:23:42,25493314,webdev,111111,none,rate_limit(5/60s),False,0.01,79
2025-12-30 15:23:42,25493314,webdev,1234567,none,rate_limit(5/60s),False,0.0,80
2025-12-30 15:23:42,25493314,webdev,dragon,none,rate_limit(5/60s),False,0.0,81
2025-12-30 15:23:42,25493314,webdev,123123,none,rate_limit(5/60s),False,0.0,82
2025-12-30 15:23:42,25493314,webdev,baseball,none,rate_limit(5/60s),False,0.0,83
2025-12-30 15:23:42,25493314,webdev,abc123,none,rate_limit(5/60s),False,0.01,84
2025-12-30 15:23:42,25493314,webdev,football,none,rate_limit(5/60s),False,0.0,85
2025-12-30 15:24:41,25493314,webdev,monkey,none,rate_limit(5/60s),False,0.03,86
2025-12-30 15:24:41,25493314,webdev,letmein,none,rate_limit(5/60s),False,0.01,87
2025-12-30 15:24:41,25493314,webdev,shadow,none,rate_limit(5/60s),False,0.0,88
2025-12-30 15:24:41,25493314,webdev,master,none,rate_limit(5/60s),False,0.0,89
2025-12-30 15:24:41,25493314,webdev,666666,none,rate_limit(5/60s),False,0.0,90
2025-12-30 15:24:41,25493314,webdev,qwertyuiop,none,rate_limit(5/60s),False,0.0,91
2025-12-30 15:24:41,25493314,webdev,123321,none,rate_limit(5/60s),False,0.0,92
2025-12-30 15:24:41,25493314,webdev,mustang,none,rate_limit(5/60s),False,0.0,93
2025-12-30 15:24:41,25493314,webdev,121212,none,rate_limit(5/60s),False,0.01,94
2025-12-30 15:24:41,25493314,webdev,000000,none,rate_limit(5/60s),False,0.0,95
2025-12-30 15:24:42,25493314,webdev,password1,none,rate_limit(5/60s),False,0.01,96
2025-12-30 15:24:42,25493314,webdev,admin,none,rate_limit(5/60s),False,0.01,97
2025-12-30 15:24:42,25493314,webdev,admin123,none,rate_limit(5/60s),False,0.01,98
2025-12-30 15:24:42,25493314,webdev,root,none,rate_limit(5/60s),False,0.0,99
2025-12-30 15:24:42,25493314,webdev,toor,none,rate_limit(5/60s),False,0.0,100
2025-12-30 15:24:42,25493314,webdev,pass,none,rate_limit(5/60s),False,0.0,101
2025-12-30 15:24:42,25493314,webdev,test,none,rate_limit(5/60s),False,0.0,102
2025-12-30 15:24:42,25493314,webdev,test123,none,rate_limit(5/60s),False,0.0,103
2025-12-30 15:24:42,25493314,webdev,guest,none,rate_limit(5/60s),False,0.0,104
2025-12-30 15:24:42,25493314,webdev,guest123,none,rate_limit(5/60s),False,0.01,105
2025-12-30 15:24:42,25493314,webdev,user,none,rate_limit(5/60s),False,0.0,106
2025-12-30 15:25:41,25493314,webdev,user123,none,rate_limit(5/60s),False,0.18,107
2025-12-30 15:25:41,25493314,webdev,login,none,rate_limit(5/60s),False,0.01,108
2025-12-30 15:25:41,25493314,webdev,login123,none,rate_limit(5/60s),False,0.0,109
2025-12-30 15:25:41,25493314,webdev,welcome,none,rate_limit(5/60s),False,0.0,110
2025-12-30 15:25:41,25493314,webdev,welcome1,none,rate_limit(5/60s),False,0.0,111
2025-12-30 15:25:41,25493314,webdev,password123,none,rate_limit(5/60s),False,0.0,112
2025-12-30 15:25:41,25493314,webdev,admin1,none,rate_limit(5/60s),False,0.0,113
2025-12-30 15:25:41,25493314,webdev,root123,none,rate_limit(5/60s),False,0.03,114
2025-12-30 15:25:41,25493314,webdev,pass123,none,rate_limit(5/60s),False,0.0,115
2025-12-30 15:25:42,25493314,webdev,1q2w3e4r,none,rate_limit(5/60s),False,0.01,116
2025-12-30 15:25:42,25493314,webdev,qwerty123,none,rate_limit(5/60s),False,0.02,117
2025-12-30 15:25:42,25493314,webdev,1234567890,none,rate_limit(5/60s),False,0.01,118
2025-12-30 15:25:42,25493314,webdev,987654321,none,rate_limit(5/60s),False,0.02,119
2025-12-30 15:25:42,25493314,webdev,hello,none,rate_limit(5/60s),False,0.0,120
2025-12-30 15:25:42,25493314,webdev,hello123,none,rate_limit(5/60s),False,0.0,121
2025-12-30 15:25:42,25493314,webdev,iloveyou,none,rate_limit(5/60s),False,0.0,122
2025-12-30 15:25:42,25493314,webdev,sunshine,none,rate_limit(5/60s),False,0.01,123
2025-12-30 15:25:42,25493314,webdev,princess,none,rate_limit(5/60s),False,0.0,124
2025-12-30 15:25:42,25493314,webdev,Password1,none,rate_limit(5/60s),False,0.01,125
2025-12-30 15:25:42,25493314,webdev,Password123,none,rate_limit(5/60s),False,0.0,126
2025-12-30 15:26:41,25493314,webdev,Admin123,none,rate_limit(5/60s),False,0.01,127
2025-12-30 15:26:41,25493314,webdev,Welcome1,none,rate_limit(5/60s),False,0.0,128
2025-12-30 15:26:41,25493314,webdev,Student123,none,rate_limit(5/60s),False,0.0,129
2025-12-30 15:26:41,25493314,webdev,Student99,none,rate_limit(5/60s),False,0.0,130
2025-12-30 15:26:41,25493314,webdev,Test2024,none,rate_limit(5/60s),False,0.0,131
2025-12-30 15:26:41,25493314,webdev,Login456,none,rate_limit(5/60s),False,0.0,132
2025-12-30 15:26:41,25493314,webdev,Python101,none,rate_limit(5/60s),False,0.0,133
2025-12-30 15:26:41,25493314,webdev,demo,none,rate_limit(5/60s),False,0.0,134
2025-12-30 15:26:41,25493314,webdev,student,none,rate_limit(5/60s),False,0.02,135
2025-12-30 15:26:42,25493314,webdev,name,none,rate_limit(5/60s),False,0.0,136
2025-12-30 15:26:42,25493314,webdev,1111,none,rate_limit(5/60s),False,0.04,137
2025-12-30 15:26:42,25493314,webdev,BlueCat12,none,rate_limit(5/60s),False,0.01,138
2025-12-30 15:26:42,25493314,webdev,TechGirl7,none,rate_limit(5/60s),False,0.0,139
2025-12-30 15:26:42,25493314,webdev,Cloud123,none,rate_limit(5/60s),False,0.01,140
2025-12-30 15:26:42,25493314,webdev,GameOn22,none,rate_limit(5/60s),False,0.01,141
2025-12-30 15:26:42,25493314,webdev,WebDev88,none,rate_limit(5/60s),False,0.01,142
2025-12-30 15:26:42,25493314,sha.sec,123456,none,rate_limit(5/60s),False,0.01,72
2025-12-30 15:26:42,25493314,sha.sec,password,none,rate_limit(5/60s),False,0.0,73
2025-12-30 15:27:41,25493314,sha.sec,12345678,none,rate_limit(5/60s),False,0.03,74
2025-12-30 15:27:41,25493314,sha.sec,qwerty,none,rate_limit(5/60s),False,0.01,75
2025-12-30 15:27:41,25493314,sha.sec,123456789,none,rate_limit(5/60s),False,0.01,76
2025-12-30 15:27:41,25493314,sha.sec,12345,none,rate_limit(5/60s),False,0.0,77
2025-12-30 15:27:41,25493314,sha.sec,1234,none,rate_limit(5/60s),False,0.0,78
2025-12-30 15:27:41,25493314,sha.sec,111111,none,rate_limit(5/60s),False,0.0,79
2025-12-30 15:27:41,25493314,sha.sec,1234567,none,rate_limit(5/60s),False,0.0,80
2025-12-30 15:27:41,25493314,sha.sec,dragon,none,rate_limit(5/60s),False,0.0,81
2025-12-30 15:27:41,25493314,sha.sec,123123,none,rate_limit(5/60s),False,0.0,82
2025-12-30 15:27:42,25493314,sha.sec,baseball,none,rate_limit(5/60s),False,0.01,83
2025-12-30 15:27:42,25493314,sha.sec,abc123,none,rate_limit(5/60s),False,0.01,84
2025-12-30 15:27:42,25493314,sha.sec,football,none,rate_limit(5/60s),False,0.01,85
2025-12-30 15:27:42,25493314,sha.sec,monkey,none,rate_limit(5/60s),False,0.0,86
2025-12-30 15:27:42,25493314,sha.sec,letmein,none,rate_limit(5/60s),False,0.01,87
2025-12-30 15:27:42,25493314,sha.sec,shadow,none,rate_limit(5/60s),False,0.0,88
2025-12-30 15:27:42,25493314,sha.sec,master,none,rate_limit(5/60s),False,0.01,89
2025-12-30 15:27:42,25493314,sha.sec,666666,none,rate_limit(5/60s),False,0.0,90
2025-12-30 15:27:42,25493314,sha.sec,qwertyuiop,none,rate_limit(5/60s),False,0.0,91
2025-12-30 15:27:42,25493314,sha.sec,123321,none,rate_limit(5/60s),False,0.0,92
2025-12-30 15:27:42,25493314,sha.sec,mustang,none,rate_limit(5/60s),False,0.0,93
2025-12-30 15:27:42,25493314,sha.sec,121212,none,rate_limit(5/60s),False,0.01,94
2025-12-30 15:27:42,25493314,sha.sec,000000,none,rate_limit(5/60s),False,0.0,95
2025-12-30 15:28:41,25493314,sha.sec,password1,none,rate_limit(5/60s),False,0.03,96
2025-12-30 15:28:41,25493314,sha.sec,admin,none,rate_limit(5/60s),False,0.01,97
2025-12-30 15:28:41,25493314,sha.sec,admin123,none,rate_limit(5/60s),False,0.0,98
2025-12-30 15:28:41,25493314,sha.sec,root,none,rate_limit(5/60s),False,0.01,99
2025-12-30 15:28:41,25493314,sha.sec,toor,none,rate_limit(5/60s),False,0.01,100
2025-12-30 15:28:41,25493314,sha.sec,pass,none,rate_limit(5/60s),False,0.0,101
2025-12-30 15:28:41,25493314,sha.sec,test,none,rate_limit(5/60s),False,0.0,102
2025-12-30 15:28:41,25493314,sha.sec,test123,none,rate_limit(5/60s),False,0.0,103
2025-12-30 15:28:42,25493314,sha.sec,guest,none,rate_limit(5/60s),False,0.01,104
2025-12-30 15:28:42,25493314,sha.sec,guest123,none,rate_limit(5/60s),False,0.01,105
2025-12-30 15:28:42,25493314,sha.sec,user,none,rate_limit(5/60s),False,0.01,106
2025-12-30 15:28:42,25493314,sha.sec,user123,none,rate_limit(5/60s),False,0.0,107
2025-12-30 15:28:42,25493314,sha.sec,login,none,rate_limit(5/60s),False,0.01,108
2025-12-30 15:28:42,25493314,sha.sec,login123,none,rate_limit(5/60s),False,0.0,109
2025-12-30 15:28:42,25493314,sha.sec,welcome,none,rate_limit(5/60s),False,0.01,110
2025-12-30 15:28:42,25493314,sha.sec,welcome1,none,rate_limit(5/60s),False,0.0,111
2025-12-30 15:28:42,25493314,sha.sec,password123,none,rate_limit(5/60s),False,0.0,112
2025-12-30 15:28:42,25493314,sha.sec,admin1,none,rate_limit(5/60s),False,0.0,113
2025-12-30 15:28:42,25493314,sha.sec,root123,none,rate_limit(5/60s),False,0.0,114
2025-12-30 15:28:42,25493314,sha.sec,pass123,none,rate_limit(5/60s),False,0.02,115
2025-12-30 15:28:42,25493314,sha.sec,1q2w3e4r,none,rate_limit(5/60s),False,0.0,116
2025-12-30 15:29:41,25493314,sha.sec,qwerty123,none,rate_limit(5/60s),False,0.05,117
2025-12-30 15:29:41,25493314,sha.sec,1234567890,none,rate_limit(5/60s),False,0.01,118
2025-12-30 15:29:41,25493314,sha.sec,987654321,none,rate_limit(5/60s),False,0.0,119
2025-12-30 15:29:41,25493314,sha.sec,hello,none,rate_limit(5/60s),False,0.01,120
2025-12-30 15:29:41,25493314,sha.sec,hello123,none,rate_limit(5/60s),False,0.0,121
2025-12-30 15:29:41,25493314,sha.sec,iloveyou,none,rate_limit(5/60s),False,0.0,122
2025-12-30 15:29:41,25493314,sha.sec,sunshine,none,rate_limit(5/60s),False,0.0,123
2025-12-30 15:29:42,25493314,sha.sec,princess,none,rate_limit(5/60s),False,0.0,124
2025-12-30 15:29:42,25493314,sha.sec,Password1,none,rate_limit(5/60s),False,0.02,125
2025-12-30 15:29:42,25493314,sha.sec,Password123,none,rate_limit(5/60s),False,0.01,126
2025-12-30 15:29:42,25493314,sha.sec,Admin123,none,rate_limit(5/60s),False,0.01,127
2025-12-30 15:29:42,25493314,sha.sec,Welcome1,none,rate_limit(5/60s),False,0.0,128
2025-12-30 15:29:42,25493314,sha.sec,Student123,none,rate_limit(5/60s),False,0.02,129
2025-12-30 15:29:42,25493314,sha.sec,Student99,none,rate_limit(5/60s),False,0.0,130
2025-12-30 15:29:42,25493314,sha.sec,Test2024,none,rate_limit(5/60s),False,0.0,131
2025-12-30 15:29:42,25493314,sha.sec,Login456,none,rate_limit(5/60s),False,0.0,132
2025-12-30 15:29:42,25493314,sha.sec,Python101,none,rate_limit(5/60s),False,0.0,133
2025-12-30 15:29:42,25493314,sha.sec,demo,none,rate_limit(5/60s),False,0.0,134
2025-12-30 15:29:42,25493314,sha.sec,student,none,rate_limit(5/60s),False,0.01,135
2025-12-30 15:29:42,25493314,sha.sec,name,none,rate_limit(5/60s),False,0.01,136
2025-12-30 15:29:42,25493314,sha.sec,1111,none,rate_limit(5/60s),False,0.01,137
2025-12-30 15:30:41,25493314,sha.sec,BlueCat12,none,rate_limit(5/60s),False,0.02,138
2025-12-30 15:30:41,25493314,sha.sec,TechGirl7,none,rate_limit(5/60s),False,0.01,139
2025-12-30 15:30:41,25493314,sha.sec,Cloud123,none,rate_limit(5/60s),False,0.0,140
2025-12-30 15:30:41,25493314,sha.sec,GameOn22,none,rate_limit(5/60s),False,0.0,141
2025-12-30 15:30:41,25493314,sha.sec,WebDev88,none,rate_limit(5/60s),False,0.01,142
2025-12-30 15:30:42,25493314,secure_user,123456,none,rate_limit(5/60s),False,0.01,72
2025-12-30 15:30:42,25493314,secure_user,password,none,rate_limit(5/60s),False,0.01,73
2025-12-30 15:30:42,25493314,secure_user,12345678,none,rate_limit(5/60s),False,0.01,74
2025-12-30 15:30:42,25493314,secure_user,qwerty,none,rate_limit(5/60s),False,0.0,75
2025-12-30 15:30:42,25493314,secure_user,123456789,none,rate_limit(5/60s),False,0.01,76
2025-12-30 15:30:42,25493314,secure_user,12345,none,rate_limit(5/60s),False,0.01,77
2025-12-30 15:30:42,25493314,secure_user,1234,none,rate_limit(5/60s),False,0.0,78
2025-12-30 15:30:42,25493314,secure_user,111111,none,rate_limit(5/60s),False,0.0,79
2025-12-30 15:30:42,25493314,secure_user,1234567,none,rate_limit(5/60s),False,0.0,80
2025-12-30 15:30:42,25493314,secure_user,dragon,none,rate_limit(5/60s),False,0.01,81
2025-12-30 15:30:42,25493314,secure_user,123123,none,rate_limit(5/60s),False,0.02,82
2025-12-30 15:30:42,25493314,secure_user,baseball,none,rate_limit(5/60s),False,0.0,83
2025-12-30 15:31:41,25493314,secure_user,abc123,none,rate_limit(5/60s),False,0.02,84
2025-12-30 15:31:41,25493314,secure_user,football,none,rate_limit(5/60s),False,0.01,85
2025-12-30 15:31:41,25493314,secure_user,monkey,none,rate_limit(5/60s),False,0.0,86
2025-12-30 15:31:41,25493314,secure_user,letmein,none,rate_limit(5/60s),False,0.01,87
2025-12-30 15:31:41,25493314,secure_user,shadow,none,rate_limit(5/60s),False,0.0,88
2025-12-30 15:31:41,25493314,secure_user,master,none,rate_limit(5/60s),False,0.0,89
2025-12-30 15:31:41,25493314,secure_user,666666,none,rate_limit(5/60s),False,0.0,90
2025-12-30 15:31:42,25493314,secure_user,qwertyuiop,none,rate_limit(5/60s),False,0.0,91
2025-12-30 15:31:42,25493314,secure_user,123321,none,rate_limit(5/60s),False,0.0,92
2025-12-30 15:31:42,25493314,secure_user,mustang,none,rate_limit(5/60s),False,0.01,93
2025-12-30 15:31:42,25493314,secure_user,121212,none,rate_limit(5/60s),False,0.01,94
2025-12-30 15:31:42,25493314,secure_user,000000,none,rate_limit(5/60s),False,0.01,95
2025-12-30 15:31:42,25493314,secure_user,password1,none,rate_limit(5/60s),False,0.03,96
2025-12-30 15:31:42,25493314,secure_user,admin,none,rate_limit(5/60s),False,0.0,97
2025-12-30 15:31:42,25493314,secure_user,admin123,none,rate_limit(5/60s),False,0.0,98
2025-12-30 15:31:42,25493314,secure_user,root,none,rate_limit(5/60s),False,0.01,99
2025-12-30 15:31:42,25493314,secure_user,toor,none,rate_limit(5/60s),False,0.0,100
2025-12-30 15:31:42,25493314,secure_user,pass,none,rate_limit(5/60s),False,0.0,101
2025-12-30 15:31:42,25493314,secure_user,test,none,rate_limit(5/60s),False,0.0,102
2025-12-30 15:31:42,25493314,secure_user,test123,none,rate_limit(5/60s),False,0.02,103
2025-12-30 15:31:42,25493314,secure_user,guest,none,rate_limit(5/60s),False,0.0,104
2025-12-30 15:32:41,25493314,secure_user,guest123,none,rate_limit(5/60s),False,0.02,105
2025-12-30 15:32:41,25493314,secure_user,user,none,rate_limit(5/60s),False,0.01,106
2025-12-30 15:32:41,25493314,secure_user,user123,none,rate_limit(5/60s),False,0.0,107
2025-12-30 15:32:41,25493314,secure_user,login,none,rate_limit(5/60s),False,0.0,108
2025-12-30 15:32:41,25493314,secure_user,login123,none,rate_limit(5/60s),False,0.0,109
2025-12-30 15:32:41,25493314,secure_user,welcome,none,rate_limit(5/60s),False,0.0,110
2025-12-30 15:32:41,25493314,secure_user,welcome1,none,rate_limit(5/60s),False,0.0,111
2025-12-30 15:32:42,25493314,secure_user,password123,none,rate_limit(5/60s),False,0.0,112
2025-12-30 15:32:42,25493314,secure_user,admin1,none,rate_limit(5/60s),False,0.0,113
2025-12-30 15:32:42,25493314,secure_user,root123,none,rate_limit(5/60s),False,0.01,114
2025-12-30 15:32:42,25493314,secure_user,pass123,none,rate_limit(5/60s),False,0.01,115
2025-12-30 15:32:42,25493314,secure_user,1q2w3e4r,none,rate_limit(5/60s),False,0.01,116
2025-12-30 15:32:42,25493314,secure_user,qwerty123,none,rate_limit(5/60s),False,0.0,117
2025-12-30 15:32:42,25493314,secure_user,1234567890,none,rate_limit(5/60s),False,0.01,118
2025-12-30 15:32:42,25493314,secure_user,987654321,none,rate_limit(5/60s),False,0.0,119
2025-12-30 15:32:42,25493314,secure_user,hello,none,rate_limit(5/60s),False,0.01,120
2025-12-30 15:32:42,25493314,secure_user,hello123,none,rate_limit(5/60s),False,0.0,121
2025-12-30 15:32:42,25493314,secure_user,iloveyou,none,rate_limit(5/60s),False,0.0,122
2025-12-30 15:32:42,25493314,secure_user,sunshine,none,rate_limit(5/60s),False,0.0,123
2025-12-30 15:32:42,25493314,secure_user,princess,none,rate_limit(5/60s),False,0.0,124
2025-12-30 15:32:42,25493314,secure_user,Password1,none,rate_limit(5/60s),False,0.01,125
2025-12-30 15:32:42,25493314,secure_user,Password123,none,rate_limit(5/60s),False,0.0,126
2025-12-30 15:33:41,25493314,secure_user,Admin123,none,rate_limit(5/60s),False,0.03,127
2025-12-30 15:33:41,25493314,secure_user,Welcome1,none,rate_limit(5/60s),False,0.01,128
2025-12-30 15:33:41,25493314,secure_user,Student123,none,rate_limit(5/60s),False,0.0,129
2025-12-30 15:33:41,25493314,secure_user,Student99,none,rate_limit(5/60s),False,0.0,130
2025-12-30 15:33:41,25493314,secure_user,Test2024,none,rate_limit(5/60s),False,0.0,131
2025-12-30 15:33:42,25493314,secure_user,Login456,none,rate_limit(5/60s),False,0.0,132
2025-12-30 15:33:42,25493314,secure_user,Python101,none,rate_limit(5/60s),False,0.0,133
2025-12-30 15:33:42,25493314,secure_user,demo,none,rate_limit(5/60s),False,0.01,134
2025-12-30 15:33:42,25493314,secure_user,student,none,rate_limit(5/60s),False,0.01,135
2025-12-30 15:33:42,25493314,secure_user,name,none,rate_limit(5/60s),False,0.01,136
2025-12-30 15:33:42,25493314,secure_user,1111,none,rate_limit(5/60s),False,0.0,137
2025-12-30 15:33:42,25493314,secure_user,BlueCat12,none,rate_limit(5/60s),False,0.0,138
2025-12-30 15:33:42,25493314,secure_user,TechGirl7,none,rate_limit(5/60s),False,0.01,139
2025-12-30 15:33:42,25493314,secure_user,Cloud123,none,rate_limit(5/60s),False,0.0,140
2025-12-30 15:33:42,25493314,secure_user,GameOn22,none,rate_limit(5/60s),False,0.0,141
2025-12-30 15:33:42,25493314,secure_user,WebDev88,none,rate_limit(5/60s),False,0.0,142
2025-12-30 15:33:42,25493314,cyber.auth,123456,none,rate_limit(5/60s),False,0.05,72
2025-12-30 15:33:42,25493314,cyber.auth,password,none,rate_limit(5/60s),False,0.01,73
2025-12-30 15:34:41,25493314,cyber.auth,12345678,none,rate_limit(5/60s),False,0.05,74
2025-12-30 15:34:41,25493314,cyber.auth,qwerty,none,rate_limit(5/60s),False,0.01,75
2025-12-30 15:34:42,25493314,cyber.auth,123456789,none,rate_limit(5/60s),False,0.0,76
2025-12-30 15:34:42,25493314,cyber.auth,12345,none,rate_limit(5/60s),False,0.0,77
2025-12-30 15:34:42,25493314,cyber.auth,1234,none,rate_limit(5/60s),False,0.01,78
2025-12-30 15:34:42,25493314,cyber.auth,111111,none,rate_limit(5/60s),False,0.02,79
2025-12-30 15:34:42,25493314,cyber.auth,1234567,none,rate_limit(5/60s),False,0.01,80
2025-12-30 15:34:42,25493314,cyber.auth,dragon,none,rate_limit(5/60s),False,0.01,81
2025-12-30 15:34:42,25493314,cyber.auth,123123,none,rate_limit(5/60s),False,0.0,82
2025-12-30 15:34:42,25493314,cyber.auth,baseball,none,rate_limit(5/60s),False,0.0,83
2025-12-30 15:34:42,25493314,cyber.auth,abc123,none,rate_limit(5/60s),False,0.01,84
2025-12-30 15:34:42,25493314,cyber.auth,football,none,rate_limit(5/60s),False,0.0,85
2025-12-30 15:34:42,25493314,cyber.auth,monkey,none,rate_limit(5/60s),False,0.03,86
2025-12-30 15:34:42,25493314,cyber.auth,letmein,none,rate_limit(5/60s),False,0.0,87
2025-12-30 15:34:42,25493314,cyber.auth,shadow,none,rate_limit(5/60s),False,0.01,88
2025-12-30 15:34:42,25493314,cyber.auth,master,none,rate_limit(5/60s),False,0.0,89
2025-12-30 15:34:42,25493314,cyber.auth,666666,none,rate_limit(5/60s),False,0.0,90
2025-12-30 15:34:42,25493314,cyber.auth,qwertyuiop,none,rate_limit(5/60s),False,0.0,91
2025-12-30 15:34:42,25493314,cyber.auth,123321,none,rate_limit(5/60s),False,0.01,92
2025-12-30 15:34:42,25493314,cyber.auth,mustang,none,rate_limit(5/60s),False,0.0,93
2025-12-30 15:35:41,25493314,cyber.auth,121212,none,rate_limit(5/60s),False,0.02,94
2025-12-30 15:35:41,25493314,cyber.auth,000000,none,rate_limit(5/60s),False,0.01,95
2025-12-30 15:35:41,25493314,cyber.auth,password1,none,rate_limit(5/60s),False,0.0,96
2025-12-30 15:35:42,25493314,cyber.auth,admin,none,rate_limit(5/60s),False,0.0,97
2025-12-30 15:35:42,25493314,cyber.auth,admin123,none,rate_limit(5/60s),False,0.01,98
2025-12-30 15:35:42,25493314,cyber.auth,root,none,rate_limit(5/60s),False,0.0,99
2025-12-30 15:35:42,25493314,cyber.auth,toor,none,rate_limit(5/60s),False,0.01,100
2025-12-30 15:35:42,25493314,cyber.auth,pass,none,rate_limit(5/60s),False,0.01,101
2025-12-30 15:35:42,25493314,cyber.auth,test,none,rate_limit(5/60s),False,0.01,102
2025-12-30 15:35:42,25493314,cyber.auth,test123,none,rate_limit(5/60s),False,0.0,103
2025-12-30 15:35:42,25493314,cyber.auth,guest,none,rate_limit(5/60s),False,0.0,104
2025-12-30 15:35:42,25493314,cyber.auth,guest123,none,rate_limit(5/60s),False,0.01,105
2025-12-30 15:35:42,25493314,cyber.auth,user,none,rate_limit(5/60s),False,0.0,106
2025-12-30 15:35:42,25493314,cyber.auth,user123,none,rate_limit(5/60s),False,0.01,107
2025-12-30 15:35:42,25493314,cyber.auth,login,none,rate_limit(5/60s),False,0.0,108
2025-12-30 15:35:42,25493314,cyber.auth,login123,none,rate_limit(5/60s),False,0.0,109
2025-12-30 15:35:42,25493314,cyber.auth,welcome,none,rate_limit(5/60s),False,0.0,110
2025-12-30 15:35:42,25493314,cyber.auth,welcome1,none,rate_limit(5/60s),False,0.0,111
2025-12-30 15:35:42,25493314,cyber.auth,password123,none,rate_limit(5/60s),False,0.0,112
2025-12-30 15:35:42,25493314,cyber.auth,admin1,none,rate_limit(5/60s),False,0.01,113
2025-12-30 15:35:42,25493314,cyber.auth,root123,none,rate_limit(5/60s),False,0.01,114
2025-12-30 15:36:41,25493314,cyber.auth,pass123,none,rate_limit(5/60s),False,0.03,115
2025-12-30 15:36:41,25493314,cyber.auth,1q2w3e4r,none,rate_limit(5/60s),False,0.0,116
2025-12-30 15:36:42,25493314,cyber.auth,qwerty123,none,rate_limit(5/60s),False,0.0,117
2025-12-30 15:36:42,25493314,cyber.auth,1234567890,none,rate_limit(5/60s),False,0.0,118
2025-12-30 15:36:42,25493314,cyber.auth,987654321,none,rate_limit(5/60s),False,0.0,119
2025-12-30 15:36:42,25493314,cyber.auth,hello,none,rate_limit(5/60s),False,0.01,120
2025-12-30 15:36:42,25493314,cyber.auth,hello123,none,rate_limit(5/60s),False,0.01,121
2025-12-30 15:36:42,25493314,cyber.auth,iloveyou,none,rate_limit(5/60s),False,0.01,122
2025-12-30 15:36:42,25493314,cyber.auth,sunshine,none,rate_limit(5/60s),False,0.0,123
2025-12-30 15:36:42,25493314,cyber.auth,princess,none,rate_limit(5/60s),False,0.01,124
2025-12-30 15:36:42,25493314,cyber.auth,Password1,none,rate_limit(5/60s),False,0.01,125
2025-12-30 15:36:42,25493314,cyber.auth,Password123,none,rate_limit(5/60s),False,0.01,126
2025-12-30 15:36:42,25493314,cyber.auth,Admin123,none,rate_limit(5/60s),False,0.01,127
2025-12-30 15:36:42,25493314,cyber.auth,Welcome1,none,rate_limit(5/60s),False,0.0,128
2025-12-30 15:36:42,25493314,cyber.auth,Student123,none,rate_limit(5/60s),False,0.0,129
2025-12-30 15:36:42,25493314,cyber.auth,Student99,none,rate_limit(5/60s),False,0.0,130
2025-12-30 15:36:42,25493314,cyber.auth,Test2024,none,rate_limit(5/60s),False,0.0,131
2025-12-30 15:36:42,25493314,cyber.auth,Login456,none,rate_limit(5/60s),False,0.0,132
2025-12-30 15:36:42,25493314,cyber.auth,Python101,none,rate_limit(5/60s),False,0.0,133
2025-12-30 15:36:42,25493314,cyber.auth,demo,none,rate_limit(5/60s),False,0.01,134
2025-12-30 15:36:42,25493314,cyber.auth,student,none,rate_limit(5/60s),False,0.0,135
2025-12-30 15:37:41,25493314,cyber.auth,name,none,rate_limit(5/60s),False,0.02,136
2025-12-30 15:37:41,25493314,cyber.auth,1111,none,rate_limit(5/60s),False,0.01,137
2025-12-30 15:37:42,25493314,cyber.auth,BlueCat12,none,rate_limit(5/60s),False,0.0,138
2025-12-30 15:37:42,25493314,cyber.auth,TechGirl7,none,rate_limit(5/60s),False,0.0,139
2025-12-30 15:37:42,25493314,cyber.auth,Cloud123,none,rate_limit(5/60s),False,0.0,140
2025-12-30 15:37:42,25493314,cyber.auth,GameOn22,none,rate_limit(5/60s),False,0.0,141
2025-12-30 15:37:42,25493314,cyber.auth,WebDev88,none,rate_limit(5/60s),False,0.01,142
2025-12-30 15:37:42,25493314,dev.access,123456,none,rate_limit(5/60s),False,0.02,72
2025-12-30 15:37:42,25493314,dev.access,password,none,rate_limit(5/60s),False,0.01,73
2025-12-30 15:37:42,25493314,dev.access,12345678,none,rate_limit(5/60s),False,0.01,74
2025-12-30 15:37:42,25493314,dev.access,qwerty,none,rate_limit(5/60s),False,0.0,75
2025-12-30 15:37:42,25493314,dev.access,123456789,none,rate_limit(5/60s),False,0.01,76
2025-12-30 15:37:42,25493314,dev.access,12345,none,rate_limit(5/60s),False,0.0,77
2025-12-30 15:37:42,25493314,dev.access,1234,none,rate_limit(5/60s),False,0.0,78
2025-12-30 15:37:42,25493314,dev.access,111111,none,rate_limit(5/60s),False,0.02,79
2025-12-30 15:37:42,25493314,dev.access,1234567,none,rate_limit(5/60s),False,0.01,80
2025-12-30 15:38:41,25493314,dev.access,dragon,none,rate_limit(5/60s),False,0.06,81
2025-12-30 15:38:42,25493314,dev.access,123123,none,rate_limit(5/60s),False,0.01,82
2025-12-30 15:38:42,25493314,dev.access,baseball,none,rate_limit(5/60s),False,0.0,83
2025-12-30 15:38:42,25493314,dev.access,abc123,none,rate_limit(5/60s),False,0.0,84
2025-12-30 15:38:42,25493314,dev.access,football,none,rate_limit(5/60s),False,0.0,85
2025-12-30 15:38:42,25493314,dev.access,monkey,none,rate_limit(5/60s),False,0.01,86
2025-12-30 15:38:42,25493314,dev.access,letmein,none,rate_limit(5/60s),False,0.0,87
2025-12-30 15:38:42,25493314,dev.access,shadow,none,rate_limit(5/60s),False,0.0,88
2025-12-30 15:38:42,25493314,dev.access,master,none,rate_limit(5/60s),False,0.0,89
2025-12-30 15:38:42,25493314,dev.access,666666,none,rate_limit(5/60s),False,0.0,90
2025-12-30 15:38:42,25493314,dev.access,qwertyuiop,none,rate_limit(5/60s),False,0.0,91
2025-12-30 15:38:42,25493314,dev.access,123321,none,rate_limit(5/60s),False,0.02,92
2025-12-30 15:38:42,25493314,dev.access,mustang,none,rate_limit(5/60s),False,0.02,93
2025-12-30 15:38:42,25493314,dev.access,121212,none,rate_limit(5/60s),False,0.02,94
2025-12-30 15:38:42,25493314,dev.access,000000,none,rate_limit(5/60s),False,0.0,95
2025-12-30 15:38:42,25493314,dev.access,password1,none,rate_limit(5/60s),False,0.0,96
2025-12-30 15:38:42,25493314,dev.access,admin,none,rate_limit(5/60s),False,0.0,97
2025-12-30 15:38:42,25493314,dev.access,admin123,none,rate_limit(5/60s),False,0.0,98
2025-12-30 15:38:42,25493314,dev.access,root,none,rate_limit(5/60s),False,0.01,99
2025-12-30 15:38:42,25493314,dev.access,toor,none,rate_limit(5/60s),False,0.0,100
2025-12-30 15:39:41,25493314,dev.access,pass,none,rate_limit(5/60s),False,0.03,101
2025-12-30 15:39:42,25493314,dev.access,test,none,rate_limit(5/60s),False,0.01,102
2025-12-30 15:39:42,25493314,dev.access,test123,none,rate_limit(5/60s),False,0.0,103
2025-12-30 15:39:42,25493314,dev.access,guest,none,rate_limit(5/60s),False,0.01,104
2025-12-30 15:39:42,25493314,dev.access,guest123,none,rate_limit(5/60s),False,0.01,105
2025-12-30 15:39:42,25493314,dev.access,user,none,rate_limit(5/60s),False,0.0,106
2025-12-30 15:39:42,25493314,dev.access,user123,none,rate_limit(5/60s),False,0.02,107
2025-12-30 15:39:42,25493314,dev.access,login,none,rate_limit(5/60s),False,0.0,108
2025-12-30 15:39:42,25493314,dev.access,login123,none,rate_limit(5/60s),False,0.0,109
2025-12-30 15:39:42,25493314,dev.access,welcome,none,rate_limit(5/60s),False,0.01,110
2025-12-30 15:39:42,25493314,dev.access,welcome1,none,rate_limit(5/60s),False,0.01,111
2025-12-30 15:39:42,25493314,dev.access,password123,none,rate_limit(5/60s),False,0.02,112
2025-12-30 15:39:42,25493314,dev.access,admin1,none,rate_limit(5/60s),False,0.0,113
2025-12-30 15:39:42,25493314,dev.access,root123,none,rate_limit(5/60s),False,0.01,114
2025-12-30 15:39:42,25493314,dev.access,pass123,none,rate_limit(5/60s),False,0.02,115
2025-12-30 15:39:42,25493314,dev.access,1q2w3e4r,none,rate_limit(5/60s),False,0.0,116
2025-12-30 15:39:42,25493314,dev.access,qwerty123,none,rate_limit(5/60s),False,0.0,117
2025-12-30 15:39:42,25493314,dev.access,1234567890,none,rate_limit(5/60s),False,0.0,118
2025-12-30 15:39:42,25493314,dev.access,987654321,none,rate_limit(5/60s),False,0.01,119
2025-12-30 15:39:42,25493314,dev.access,hello,none,rate_limit(5/60s),False,0.02,120
2025-12-30 15:39:42,25493314,dev.access,hello123,none,rate_limit(5/60s),False,0.0,121
2025-12-30 15:40:41,25493314,dev.access,iloveyou,none,rate_limit(5/60s),False,0.03,122
2025-12-30 15:40:42,25493314,dev.access,sunshine,none,rate_limit(5/60s),False,0.01,123
2025-12-30 15:40:42,25493314,dev.access,princess,none,rate_limit(5/60s),False,0.01,124
2025-12-30 15:40:42,25493314,dev.access,Password1,none,rate_limit(5/60s),False,0.0,125
2025-12-30 15:40:42,25493314,dev.access,Password123,none,rate_limit(5/60s),False,0.01,126
2025-12-30 15:40:42,25493314,dev.access,Admin123,none,rate_limit(5/60s),False,0.0,127
2025-12-30 15:40:42,25493314,dev.access,Welcome1,none,rate_limit(5/60s),False,0.01,128
2025-12-30 15:40:42,25493314,dev.access,Student123,none,rate_limit(5/60s),False,0.0,129
2025-12-30 15:40:42,25493314,dev.access,Student99,none,rate_limit(5/60s),False,0.01,130
2025-12-30 15:40:42,25493314,dev.access,Test2024,none,rate_limit(5/60s),False,0.0,131
2025-12-30 15:40:42,25493314,dev.access,Login456,none,rate_limit(5/60s),False,0.0,132
2025-12-30 15:40:42,25493314,dev.access,Python101,none,rate_limit(5/60s),False,0.0,133
2025-12-30 15:40:42,25493314,dev.access,demo,none,rate_limit(5/60s),False,0.02,134
2025-12-30 15:40:42,25493314,dev.access,student,none,rate_limit(5/60s),False,0.01,135
2025-12-30 15:40:42,25493314,dev.access,name,none,rate_limit(5/60s),False,0.01,136
2025-12-30 15:40:42,25493314,dev.access,1111,none,rate_limit(5/60s),False,0.0,137
2025-12-30 15:40:42,25493314,dev.access,BlueCat12,none,rate_limit(5/60s),False,0.01,138
2025-12-30 15:40:42,25493314,dev.access,TechGirl7,none,rate_limit(5/60s),False,0.0,139
2025-12-30 15:40:42,25493314,dev.access,Cloud123,none,rate_limit(5/60s),False,0.0,140
2025-12-30 15:40:42,25493314,dev.access,GameOn22,none,rate_limit(5/60s),False,0.01,141
2025-12-30 15:40:42,25493314,dev.access,WebDev88,none,rate_limit(5/60s),False,0.0,142
2025-12-30 15:41:42,25493314,root.guard,123456,none,rate_limit(5/60s),False,0.03,72
2025-12-30 15:41:42,25493314,root.guard,password,none,rate_limit(5/60s),False,0.0,73
2025-12-30 15:41:42,25493314,root.guard,12345678,none,rate_limit(5/60s),False,0.0,74
2025-12-30 15:41:42,25493314,root.guard,qwerty,none,rate_limit(5/60s),False,0.01,75
2025-12-30 15:41:42,25493314,root.guard,123456789,none,rate_limit(5/60s),False,0.01,76
2025-12-30 15:41:42,25493314,root.guard,12345,none,rate_limit(5/60s),False,0.0,77
2025-12-30 15:41:42,25493314,root.guard,1234,none,rate_limit(5/60s),False,0.0,78
2025-12-30 15:41:42,25493314,root.guard,111111,none,rate_limit(5/60s),False,0.0,79
2025-12-30 15:41:42,25493314,root.guard,1234567,none,rate_limit(5/60s),False,0.01,80
2025-12-30 15:41:42,25493314,root.guard,dragon,none,rate_limit(5/60s),False,0.0,81
2025-12-30 15:41:42,25493314,root.guard,123123,none,rate_limit(5/60s),False,0.01,82
2025-12-30 15:41:42,25493314,root.guard,baseball,none,rate_limit(5/60s),False,0.01,83
2025-12-30 15:41:42,25493314,root.guard,abc123,none,rate_limit(5/60s),False,0.0,84
2025-12-30 15:41:42,25493314,root.guard,football,none,rate_limit(5/60s),False,0.01,85
2025-12-30 15:41:42,25493314,root.guard,monkey,none,rate_limit(5/60s),False,0.01,86
2025-12-30 15:41:42,25493314,root.guard,letmein,none,rate_limit(5/60s),False,0.01,87
2025-12-30 15:41:42,25493314,root.guard,shadow,none,rate_limit(5/60s),False,0.0,88
2025-12-30 15:42:42,25493314,root.guard,master,none,rate_limit(5/60s),False,0.04,89
2025-12-30 15:42:42,25493314,root.guard,666666,none,rate_limit(5/60s),False,0.01,90
2025-12-30 15:42:42,25493314,root.guard,qwertyuiop,none,rate_limit(5/60s),False,0.0,91
2025-12-30 15:42:42,25493314,root.guard,123321,none,rate_limit(5/60s),False,0.01,92
2025-12-30 15:42:42,25493314,root.guard,mustang,none,rate_limit(5/60s),False,0.0,93
2025-12-30 15:42:42,25493314,root.guard,121212,none,rate_limit(5/60s),False,0.01,94
2025-12-30 15:42:42,25493314,root.guard,000000,none,rate_limit(5/60s),False,0.02,95
2025-12-30 15:42:42,25493314,root.guard,password1,none,rate_limit(5/60s),False,0.0,96
2025-12-30 15:42:42,25493314,root.guard,admin,none,rate_limit(5/60s),False,0.0,97
2025-12-30 15:42:42,25493314,root.guard,admin123,none,rate_limit(5/60s),False,0.0,98
2025-12-30 15:42:42,25493314,root.guard,root,none,rate_limit(5/60s),False,0.01,99
2025-12-30 15:42:42,25493314,root.guard,toor,none,rate_limit(5/60s),False,0.01,100
2025-12-30 15:42:42,25493314,root.guard,pass,none,rate_limit(5/60s),False,0.0,101
2025-12-30 15:42:42,25493314,root.guard,test,none,rate_limit(5/60s),False,0.01,102
2025-12-30 15:42:42,25493314,root.guard,test123,none,rate_limit(5/60s),False,0.01,103
2025-12-30 15:42:42,25493314,root.guard,guest,none,rate_limit(5/60s),False,0.01,104
2025-12-30 15:42:42,25493314,root.guard,guest123,none,rate_limit(5/60s),False,0.0,105
2025-12-30 15:42:42,25493314,root.guard,user,none,rate_limit(5/60s),False,0.01,106
2025-12-30 15:42:42,25493314,root.guard,user123,none,rate_limit(5/60s),False,0.01,107
2025-12-30 15:42:43,25493314,root.guard,login,none,rate_limit(5/60s),False,0.0,108
2025-12-30 15:43:42,25493314,root.guard,login123,none,rate_limit(5/60s),False,0.02,109
2025-12-30 15:43:42,25493314,root.guard,welcome,none,rate_limit(5/60s),False,0.01,110
2025-12-30 15:43:42,25493314,root.guard,welcome1,none,rate_limit(5/60s),False,0.0,111
2025-12-30 15:43:42,25493314,root.guard,password123,none,rate_limit(5/60s),False,0.0,112
2025-12-30 15:43:42,25493314,root.guard,admin1,none,rate_limit(5/60s),False,0.0,113
2025-12-30 15:43:42,25493314,root.guard,root123,none,rate_limit(5/60s),False,0.0,114
2025-12-30 15:43:42,25493314,root.guard,pass123,none,rate_limit(5/60s),False,0.01,115
2025-12-30 15:43:42,25493314,root.guard,1q2w3e4r,none,rate_limit(5/60s),False,0.01,116
2025-12-30 15:43:42,25493314,root.guard,qwerty123,none,rate_limit(5/60s),False,0.0,117
2025-12-30 15:43:42,25493314,root.guard,1234567890,none,rate_limit(5/60s),False,0.0,118
2025-12-30 15:43:42,25493314,root.guard,987654321,none,rate_limit(5/60s),False,0.0,119
2025-12-30 15:43:42,25493314,root.guard,hello,none,rate_limit(5/60s),False,0.01,120
2025-12-30 15:43:42,25493314,root.guard,hello123,none,rate_limit(5/60s),False,0.0,121
2025-12-30 15:43:42,25493314,root.guard,iloveyou,none,rate_limit(5/60s),False,0.01,122
2025-12-30 15:43:42,25493314,root.guard,sunshine,none,rate_limit(5/60s),False,0.01,123
2025-12-30 15:43:42,25493314,root.guard,princess,none,rate_limit(5/60s),False,0.0,124
2025-12-30 15:43:42,25493314,root.guard,Password1,none,rate_limit(5/60s),False,0.0,125
2025-12-30 15:43:42,25493314,root.guard,Password123,none,rate_limit(5/60s),False,0.01,126
2025-12-30 15:43:42,25493314,root.guard,Admin123,none,rate_limit(5/60s),False,0.01,127
2025-12-30 15:43:43,25493314,root.guard,Welcome1,none,rate_limit(5/60s),False,0.0,128
2025-12-30 15:44:42,25493314,root.guard,Student123,none,rate_limit(5/60s),False,0.03,129
2025-12-30 15:44:42,25493314,root.guard,Student99,none,rate_limit(5/60s),False,0.0,130
2025-12-30 15:44:42,25493314,root.guard,Test2024,none,rate_limit(5/60s),False,0.0,131
2025-12-30 15:44:42,25493314,root.guard,Login456,none,rate_limit(5/60s),False,0.0,132
2025-12-30 15:44:42,25493314,root.guard,Python101,none,rate_limit(5/60s),False,0.0,133
2025-12-30 15:44:42,25493314,root.guard,demo,none,rate_limit(5/60s),False,0.0,134
2025-12-30 15:44:42,25493314,root.guard,student,none,rate_limit(5/60s),False,0.03,135
2025-12-30 15:44:42,25493314,root.guard,name,none,rate_limit(5/60s),False,0.0,136
2025-12-30 15:44:42,25493314,root.guard,1111,none,rate_limit(5/60s),False,0.0,137
2025-12-30 15:44:42,25493314,root.guard,BlueCat12,none,rate_limit(5/60s),False,0.0,138
2025-12-30 15:44:42,25493314,root.guard,TechGirl7,none,rate_limit(5/60s),False,0.01,139
2025-12-30 15:44:42,25493314,root.guard,Cloud123,none,rate_limit(5/60s),False,0.01,140
2025-12-30 15:44:42,25493314,root.guard,GameOn22,none,rate_limit(5/60s),False,0.01,141
2025-12-30 15:44:42,25493314,root.guard,WebDev88,none,rate_limit(5/60s),False,0.0,142
2025-12-30 15:44:42,25493314,net.lock,123456,none,rate_limit(5/60s),False,0.02,72
2025-12-30 15:44:43,25493314,net.lock,password,none,rate_limit(5/60s),False,0.01,73
2025-12-30 15:44:43,25493314,net.lock,12345678,none,rate_limit(5/60s),False,0.0,74
2025-12-30 15:45:42,25493314,net.lock,qwerty,none,rate_limit(5/60s),False,0.02,75
2025-12-30 15:45:42,25493314,net.lock,123456789,none,rate_limit(5/60s),False,0.0,76
2025-12-30 15:45:42,25493314,net.lock,12345,none,rate_limit(5/60s),False,0.0,77
2025-12-30 15:45:42,25493314,net.lock,1234,none,rate_limit(5/60s),False,0.0,78
2025-12-30 15:45:42,25493314,net.lock,111111,none,rate_limit(5/60s),False,0.0,79
2025-12-30 15:45:42,25493314,net.lock,1234567,none,rate_limit(5/60s),False,0.02,80
2025-12-30 15:45:42,25493314,net.lock,dragon,none,rate_limit(5/60s),False,0.01,81
2025-12-30 15:45:42,25493314,net.lock,123123,none,rate_limit(5/60s),False,0.0,82
2025-12-30 15:45:42,25493314,net.lock,baseball,none,rate_limit(5/60s),False,0.0,83
2025-12-30 15:45:42,25493314,net.lock,abc123,none,rate_limit(5/60s),False,0.0,84
2025-12-30 15:45:42,25493314,net.lock,football,none,rate_limit(5/60s),False,0.01,85
2025-12-30 15:45:42,25493314,net.lock,monkey,none,rate_limit(5/60s),False,0.01,86
2025-12-30 15:45:42,25493314,net.lock,letmein,none,rate_limit(5/60s),False,0.0,87
2025-12-30 15:45:42,25493314,net.lock,shadow,none,rate_limit(5/60s),False,0.0,88
2025-12-30 15:45:42,25493314,net.lock,master,none,rate_limit(5/60s),False,0.01,89
2025-12-30 15:45:42,25493314,net.lock,666666,none,rate_limit(5/60s),False,0.0,90
2025-12-30 15:45:42,25493314,net.lock,qwertyuiop,none,rate_limit(5/60s),False,0.0,91
2025-12-30 15:45:43,25493314,net.lock,123321,none,rate_limit(5/60s),False,0.01,92
2025-12-30 15:45:43,25493314,net.lock,mustang,none,rate_limit(5/60s),False,0.01,93
2025-12-30 15:45:43,25493314,net.lock,121212,none,rate_limit(5/60s),False,0.0,94
2025-12-30 15:46:42,25493314,net.lock,000000,none,rate_limit(5/60s),False,0.03,95
2025-12-30 15:46:42,25493314,net.lock,password1,none,rate_limit(5/60s),False,0.01,96
2025-12-30 15:46:42,25493314,net.lock,admin,none,rate_limit(5/60s),False,0.0,97
2025-12-30 15:46:42,25493314,net.lock,admin123,none,rate_limit(5/60s),False,0.0,98
2025-12-30 15:46:42,25493314,net.lock,root,none,rate_limit(5/60s),False,0.0,99
2025-12-30 15:46:42,25493314,net.lock,toor,none,rate_limit(5/60s),False,0.0,100
2025-12-30 15:46:42,25493314,net.lock,pass,none,rate_limit(5/60s),False,0.01,101
2025-12-30 15:46:42,25493314,net.lock,test,none,rate_limit(5/60s),False,0.0,102
2025-12-30 15:46:42,25493314,net.lock,test123,none,rate_limit(5/60s),False,0.0,103
2025-12-30 15:46:42,25493314,net.lock,guest,none,rate_limit(5/60s),False,0.0,104
2025-12-30 15:46:42,25493314,net.lock,guest123,none,rate_limit(5/60s),False,0.0,105
2025-12-30 15:46:42,25493314,net.lock,user,none,rate_limit(5/60s),False,0.01,106
2025-12-30 15:46:42,25493314,net.lock,user123,none,rate_limit(5/60s),False,0.02,107
2025-12-30 15:46:42,25493314,net.lock,login,none,rate_limit(5/60s),False,0.0,108
2025-12-30 15:46:42,25493314,net.lock,login123,none,rate_limit(5/60s),False,0.0,109
2025-12-30 15:46:42,25493314,net.lock,welcome,none,rate_limit(5/60s),False,0.01,110
2025-12-30 15:46:42,25493314,net.lock,welcome1,none,rate_limit(5/60s),False,0.0,111
2025-12-30 15:46:43,25493314,net.lock,password123,none,rate_limit(5/60s),False,0.0,112
2025-12-30 15:46:43,25493314,net.lock,admin1,none,rate_limit(5/60s),False,0.01,113
2025-12-30 15:46:43,25493314,net.lock,root123,none,rate_limit(5/60s),False,0.01,114
2025-12-30 15:46:43,25493314,net.lock,pass123,none,rate_limit(5/60s),False,0.0,115
2025-12-30 15:47:42,25493314,net.lock,1q2w3e4r,none,rate_limit(5/60s),False,0.11,116
2025-12-30 15:47:42,25493314,net.lock,qwerty123,none,rate_limit(5/60s),False,0.01,117
2025-12-30 15:47:42,25493314,net.lock,1234567890,none,rate_limit(5/60s),False,0.0,118
2025-12-30 15:47:42,25493314,net.lock,987654321,none,rate_limit(5/60s),False,0.0,119
2025-12-30 15:47:42,25493314,net.lock,hello,none,rate_limit(5/60s),False,0.0,120
2025-12-30 15:47:42,25493314,net.lock,hello123,none,rate_limit(5/60s),False,0.0,121
2025-12-30 15:47:42,25493314,net.lock,iloveyou,none,rate_limit(5/60s),False,0.02,122
2025-12-30 15:47:42,25493314,net.lock,sunshine,none,rate_limit(5/60s),False,0.0,123
2025-12-30 15:47:42,25493314,net.lock,princess,none,rate_limit(5/60s),False,0.01,124
2025-12-30 15:47:42,25493314,net.lock,Password1,none,rate_limit(5/60s),False,0.0,125
2025-12-30 15:47:42,25493314,net.lock,Password123,none,rate_limit(5/60s),False,0.01,126
2025-12-30 15:47:42,25493314,net.lock,Admin123,none,rate_limit(5/60s),False,0.0,127
2025-12-30 15:47:42,25493314,net.lock,Welcome1,none,rate_limit(5/60s),False,0.02,128
2025-12-30 15:47:42,25493314,net.lock,Student123,none,rate_limit(5/60s),False,0.0,129
2025-12-30 15:47:42,25493314,net.lock,Student99,none,rate_limit(5/60s),False,0.01,130
2025-12-30 15:47:43,25493314,net.lock,Test2024,none,rate_limit(5/60s),False,0.0,131
2025-12-30 15:47:43,25493314,net.lock,Login456,none,rate_limit(5/60s),False,0.0,132
2025-12-30 15:47:43,25493314,net.lock,Python101,none,rate_limit(5/60s),False,0.02,133
2025-12-30 15:47:43,25493314,net.lock,demo,none,rate_limit(5/60s),False,0.01,134
2025-12-30 15:47:43,25493314,net.lock,student,none,rate_limit(5/60s),False,0.0,135
2025-12-30 15:48:42,25493314,net.lock,name,none,rate_limit(5/60s),False,0.02,136
2025-12-30 15:48:42,25493314,net.lock,1111,none,rate_limit(5/60s),False,0.01,137
2025-12-30 15:48:42,25493314,net.lock,BlueCat12,none,rate_limit(5/60s),False,0.0,138
2025-12-30 15:48:42,25493314,net.lock,TechGirl7,none,rate_limit(5/60s),False,0.01,139
2025-12-30 15:48:42,25493314,net.lock,Cloud123,none,rate_limit(5/60s),False,0.0,140
2025-12-30 15:48:42,25493314,net.lock,GameOn22,none,rate_limit(5/60s),False,0.02,141
2025-12-30 15:48:42,25493314,net.lock,WebDev88,none,rate_limit(5/60s),False,0.0,142
2025-12-30 15:48:42,25493314,auth.master,123456,none,rate_limit(5/60s),False,0.03,72
2025-12-30 15:48:42,25493314,auth.master,password,none,rate_limit(5/60s),False,0.01,73
2025-12-30 15:48:42,25493314,auth.master,12345678,none,rate_limit(5/60s),False,0.0,74
2025-12-30 15:48:43,25493314,auth.master,qwerty,none,rate_limit(5/60s),False,0.0,75
2025-12-30 15:48:43,25493314,auth.master,123456789,none,rate_limit(5/60s),False,0.0,76
2025-12-30 15:48:43,25493314,auth.master,12345,none,rate_limit(5/60s),False,0.01,77
2025-12-30 15:48:43,25493314,auth.master,1234,none,rate_limit(5/60s),False,0.01,78
2025-12-30 15:48:43,25493314,auth.master,111111,none,rate_limit(5/60s),False,0.0,79
2025-12-30 15:49:42,25493314,auth.master,1234567,none,rate_limit(5/60s),False,0.02,80
2025-12-30 15:49:42,25493314,auth.master,dragon,none,rate_limit(5/60s),False,0.01,81
2025-12-30 15:49:42,25493314,auth.master,123123,none,rate_limit(5/60s),False,0.0,82
2025-12-30 15:49:42,25493314,auth.master,baseball,none,rate_limit(5/60s),False,0.0,83
2025-12-30 15:49:42,25493314,auth.master,abc123,none,rate_limit(5/60s),False,0.0,84
2025-12-30 15:49:42,25493314,auth.master,football,none,rate_limit(5/60s),False,0.02,85
2025-12-30 15:49:42,25493314,auth.master,monkey,none,rate_limit(5/60s),False,0.0,86
2025-12-30 15:49:42,25493314,auth.master,letmein,none,rate_limit(5/60s),False,0.0,87
2025-12-30 15:49:42,25493314,auth.master,shadow,none,rate_limit(5/60s),False,0.0,88
2025-12-30 15:49:42,25493314,auth.master,master,none,rate_limit(5/60s),False,0.0,89
2025-12-30 15:49:42,25493314,auth.master,666666,none,rate_limit(5/60s),False,0.0,90
2025-12-30 15:49:42,25493314,auth.master,qwertyuiop,none,rate_limit(5/60s),False,0.01,91
2025-12-30 15:49:42,25493314,auth.master,123321,none,rate_limit(5/60s),False,0.0,92
2025-12-30 15:49:42,25493314,auth.master,mustang,none,rate_limit(5/60s),False,0.01,93
2025-12-30 15:49:42,25493314,auth.master,121212,none,rate_limit(5/60s),False,0.01,94
2025-12-30 15:49:43,25493314,auth.master,000000,none,rate_limit(5/60s),False,0.0,95
2025-12-30 15:49:43,25493314,auth.master,password1,none,rate_limit(5/60s),False,0.01,96
2025-12-30 15:49:43,25493314,auth.master,admin,none,rate_limit(5/60s),False,0.01,97
2025-12-30 15:49:43,25493314,auth.master,admin123,none,rate_limit(5/60s),False,0.04,98
2025-12-30 15:49:43,25493314,auth.master,root,none,rate_limit(5/60s),False,0.0,99
2025-12-30 15:50:42,25493314,auth.master,toor,none,rate_limit(5/60s),False,0.02,100
2025-12-30 15:50:42,25493314,auth.master,pass,none,rate_limit(5/60s),False,0.01,101
2025-12-30 15:50:42,25493314,auth.master,test,none,rate_limit(5/60s),False,0.0,102
2025-12-30 15:50:42,25493314,auth.master,test123,none,rate_limit(5/60s),False,0.01,103
2025-12-30 15:50:42,25493314,auth.master,guest,none,rate_limit(5/60s),False,0.01,104
2025-12-30 15:50:42,25493314,auth.master,guest123,none,rate_limit(5/60s),False,0.01,105
2025-12-30 15:50:42,25493314,auth.master,user,none,rate_limit(5/60s),False,0.0,106
2025-12-30 15:50:42,25493314,auth.master,user123,none,rate_limit(5/60s),False,0.01,107
2025-12-30 15:50:42,25493314,auth.master,login,none,rate_limit(5/60s),False,0.0,108
2025-12-30 15:50:42,25493314,auth.master,login123,none,rate_limit(5/60s),False,0.01,109
2025-12-30 15:50:42,25493314,auth.master,welcome,none,rate_limit(5/60s),False,0.01,110
2025-12-30 15:50:42,25493314,auth.master,welcome1,none,rate_limit(5/60s),False,0.01,111
2025-12-30 15:50:42,25493314,auth.master,password123,none,rate_limit(5/60s),False,0.01,112
2025-12-30 15:50:42,25493314,auth.master,admin1,none,rate_limit(5/60s),False,0.02,113
2025-12-30 15:50:43,25493314,auth.master,root123,none,rate_limit(5/60s),False,0.0,114
2025-12-30 15:50:43,25493314,auth.master,pass123,none,rate_limit(5/60s),False,0.01,115
2025-12-30 15:50:43,25493314,auth.master,1q2w3e4r,none,rate_limit(5/60s),False,0.02,116
2025-12-30 15:50:43,25493314,auth.master,qwerty123,none,rate_limit(5/60s),False,0.03,117
2025-12-30 15:50:43,25493314,auth.master,1234567890,none,rate_limit(5/60s),False,0.0,118
2025-12-30 15:51:42,25493314,auth.master,987654321,none,rate_limit(5/60s),False,0.02,119
2025-12-30 15:51:42,25493314,auth.master,hello,none,rate_limit(5/60s),False,0.01,120
2025-12-30 15:51:42,25493314,auth.master,hello123,none,rate_limit(5/60s),False,0.0,121
2025-12-30 15:51:42,25493314,auth.master,iloveyou,none,rate_limit(5/60s),False,0.0,122
2025-12-30 15:51:42,25493314,auth.master,sunshine,none,rate_limit(5/60s),False,0.01,123
2025-12-30 15:51:42,25493314,auth.master,princess,none,rate_limit(5/60s),False,0.0,124
2025-12-30 15:51:42,25493314,auth.master,Password1,none,rate_limit(5/60s),False,0.0,125
2025-12-30 15:51:42,25493314,auth.master,Password123,none,rate_limit(5/60s),False,0.0,126
2025-12-30 15:51:42,25493314,auth.master,Admin123,none,rate_limit(5/60s),False,0.01,127
2025-12-30 15:51:42,25493314,auth.master,Welcome1,none,rate_limit(5/60s),False,0.01,128
2025-12-30 15:51:42,25493314,auth.master,Student123,none,rate_limit(5/60s),False,0.0,129
2025-12-30 15:51:42,25493314,auth.master,Student99,none,rate_limit(5/60s),False,0.01,130
2025-12-30 15:51:42,25493314,auth.master,Test2024,none,rate_limit(5/60s),False,0.01,131
2025-12-30 15:51:43,25493314,auth.master,Login456,none,rate_limit(5/60s),False,0.02,132
2025-12-30 15:51:43,25493314,auth.master,Python101,none,rate_limit(5/60s),False,0.0,133
2025-12-30 15:51:43,25493314,auth.master,demo,none,rate_limit(5/60s),False,0.0,134
2025-12-30 15:51:43,25493314,auth.master,student,none,rate_limit(5/60s),False,0.01,135
2025-12-30 15:51:43,25493314,auth.master,name,none,rate_limit(5/60s),False,0.03,136
2025-12-30 15:51:43,25493314,auth.master,1111,none,rate_limit(5/60s),False,0.0,137
2025-12-30 15:52:42,25493314,auth.master,BlueCat12,none,rate_limit(5/60s),False,0.02,138
2025-12-30 15:52:42,25493314,auth.master,TechGirl7,none,rate_limit(5/60s),False,0.01,139
2025-12-30 15:52:42,25493314,auth.master,Cloud123,none,rate_limit(5/60s),False,0.0,140
2025-12-30 15:52:42,25493314,auth.master,GameOn22,none,rate_limit(5/60s),False,0.0,141
2025-12-30 15:52:42,25493314,auth.master,WebDev88,none,rate_limit(5/60s),False,0.0,142
2025-12-30 15:52:42,25493314,vault_user,123456,none,rate_limit(5/60s),False,0.02,72
2025-12-30 15:52:42,25493314,vault_user,password,none,rate_limit(5/60s),False,0.0,73
2025-12-30 15:52:42,25493314,vault_user,12345678,none,rate_limit(5/60s),False,0.0,74
2025-12-30 15:52:42,25493314,vault_user,qwerty,none,rate_limit(5/60s),False,0.0,75
2025-12-30 15:52:42,25493314,vault_user,123456789,none,rate_limit(5/60s),False,0.0,76
2025-12-30 15:52:42,25493314,vault_user,12345,none,rate_limit(5/60s),False,0.01,77
2025-12-30 15:52:43,25493314,vault_user,1234,none,rate_limit(5/60s),False,0.02,78
2025-12-30 15:52:43,25493314,vault_user,111111,none,rate_limit(5/60s),False,0.01,79
2025-12-30 15:52:43,25493314,vault_user,1234567,none,rate_limit(5/60s),False,0.01,80
2025-12-30 15:52:43,25493314,vault_user,dragon,none,rate_limit(5/60s),False,0.01,81
2025-12-30 15:52:43,25493314,vault_user,123123,none,rate_limit(5/60s),False,0.01,82
2025-12-30 15:52:43,25493314,vault_user,baseball,none,rate_limit(5/60s),False,0.01,83
2025-12-30 15:53:42,25493314,vault_user,abc123,none,rate_limit(5/60s),False,0.04,84
2025-12-30 15:53:42,25493314,vault_user,football,none,rate_limit(5/60s),False,0.0,85
2025-12-30 15:53:42,25493314,vault_user,monkey,none,rate_limit(5/60s),False,0.0,86
2025-12-30 15:53:42,25493314,vault_user,letmein,none,rate_limit(5/60s),False,0.0,87
2025-12-30 15:53:42,25493314,vault_user,shadow,none,rate_limit(5/60s),False,0.0,88
2025-12-30 15:53:42,25493314,vault_user,master,none,rate_limit(5/60s),False,0.0,89
2025-12-30 15:53:42,25493314,vault_user,666666,none,rate_limit(5/60s),False,0.0,90
2025-12-30 15:53:42,25493314,vault_user,qwertyuiop,none,rate_limit(5/60s),False,0.01,91
2025-12-30 15:53:42,25493314,vault_user,123321,none,rate_limit(5/60s),False,0.0,92
2025-12-30 15:53:42,25493314,vault_user,mustang,none,rate_limit(5/60s),False,0.0,93
2025-12-30 15:53:42,25493314,vault_user,121212,none,rate_limit(5/60s),False,0.0,94
2025-12-30 15:53:43,25493314,vault_user,000000,none,rate_limit(5/60s),False,0.03,95
2025-12-30 15:53:43,25493314,vault_user,password1,none,rate_limit(5/60s),False,0.01,96
2025-12-30 15:53:43,25493314,vault_user,admin,none,rate_limit(5/60s),False,0.0,97
2025-12-30 15:53:43,25493314,vault_user,admin123,none,rate_limit(5/60s),False,0.04,98
2025-12-30 15:53:43,25493314,vault_user,root,none,rate_limit(5/60s),False,0.02,99
2025-12-30 15:53:43,25493314,vault_user,toor,none,rate_limit(5/60s),False,0.01,100
2025-12-30 15:54:42,25493314,vault_user,pass,none,rate_limit(5/60s),False,0.03,101
2025-12-30 15:54:42,25493314,vault_user,test,none,rate_limit(5/60s),False,0.01,102
2025-12-30 15:54:42,25493314,vault_user,test123,none,rate_limit(5/60s),False,0.0,103
2025-12-30 15:54:42,25493314,vault_user,guest,none,rate_limit(5/60s),False,0.0,104
2025-12-30 15:54:42,25493314,vault_user,guest123,none,rate_limit(5/60s),False,0.0,105
2025-12-30 15:54:42,25493314,vault_user,user,none,rate_limit(5/60s),False,0.0,106
2025-12-30 15:54:42,25493314,vault_user,user123,none,rate_limit(5/60s),False,0.0,107
2025-12-30 15:54:42,25493314,vault_user,login,none,rate_limit(5/60s),False,0.0,108
2025-12-30 15:54:42,25493314,vault_user,login123,none,rate_limit(5/60s),False,0.02,109
2025-12-30 15:54:42,25493314,vault_user,welcome,none,rate_limit(5/60s),False,0.0,110
2025-12-30 15:54:42,25493314,vault_user,welcome1,none,rate_limit(5/60s),False,0.01,111
2025-12-30 15:54:42,25493314,vault_user,password123,none,rate_limit(5/60s),False,0.01,112
2025-12-30 15:54:43,25493314,vault_user,admin1,none,rate_limit(5/60s),False,0.01,113
2025-12-30 15:54:43,25493314,vault_user,root123,none,rate_limit(5/60s),False,0.0,114
2025-12-30 15:54:43,25493314,vault_user,pass123,none,rate_limit(5/60s),False,0.02,115
2025-12-30 15:54:43,25493314,vault_user,1q2w3e4r,none,rate_limit(5/60s),False,0.0,116
2025-12-30 15:54:43,25493314,vault_user,qwerty123,none,rate_limit(5/60s),False,0.0,117
2025-12-30 15:54:43,25493314,vault_user,1234567890,none,rate_limit(5/60s),False,0.01,118
2025-12-30 15:54:43,25493314,vault_user,987654321,none,rate_limit(5/60s),False,0.02,119
2025-12-30 15:54:43,25493314,vault_user,hello,none,rate_limit(5/60s),False,0.01,120
2025-12-30 15:55:42,25493314,vault_user,hello123,none,rate_limit(5/60s),False,0.02,121
2025-12-30 15:55:42,25493314,vault_user,iloveyou,none,rate_limit(5/60s),False,0.0,122
2025-12-30 15:55:42,25493314,vault_user,sunshine,none,rate_limit(5/60s),False,0.0,123
2025-12-30 15:55:42,25493314,vault_user,princess,none,rate_limit(5/60s),False,0.0,124
2025-12-30 15:55:42,25493314,vault_user,Password1,none,rate_limit(5/60s),False,0.0,125
2025-12-30 15:55:42,25493314,vault_user,Password123,none,rate_limit(5/60s),False,0.0,126
2025-12-30 15:55:42,25493314,vault_user,Admin123,none,rate_limit(5/60s),False,0.0,127
2025-12-30 15:55:42,25493314,vault_user,Welcome1,none,rate_limit(5/60s),False,0.0,128
2025-12-30 15:55:42,25493314,vault_user,Student123,none,rate_limit(5/60s),False,0.01,129
2025-12-30 15:55:42,25493314,vault_user,Student99,none,rate_limit(5/60s),False,0.01,130
2025-12-30 15:55:42,25493314,vault_user,Test2024,none,rate_limit(5/60s),False,0.0,131
2025-12-30 15:55:42,25493314,vault_user,Login456,none,rate_limit(5/60s),False,0.0,132
2025-12-30 15:55:43,25493314,vault_user,Python101,none,rate_limit(5/60s),False,0.01,133
2025-12-30 15:55:43,25493314,vault_user,demo,none,rate_limit(5/60s),False,0.0,134
2025-12-30 15:55:43,25493314,vault_user,student,none,rate_limit(5/60s),False,0.01,135
2025-12-30 15:55:43,25493314,vault_user,name,none,rate_limit(5/60s),False,0.0,136
2025-12-30 15:55:43,25493314,vault_user,1111,none,rate_limit(5/60s),False,0.0,137
2025-12-30 15:55:43,25493314,vault_user,BlueCat12,none,rate_limit(5/60s),False,0.01,138
2025-12-30 15:55:43,25493314,vault_user,TechGirl7,none,rate_limit(5/60s),False,0.01,139
2025-12-30 15:55:43,25493314,vault_user,Cloud123,none,rate_limit(5/60s),False,0.01,140
2025-12-30 15:56:42,25493314,vault_user,GameOn22,none,rate_limit(5/60s),False,0.04,141
2025-12-30 15:56:42,25493314,vault_user,WebDev88,none,rate_limit(5/60s),False,0.01,142
2025-12-30 15:56:42,25493314,system.sec,123456,none,rate_limit(5/60s),False,0.0,72
2025-12-30 15:56:42,25493314,system.sec,password,none,rate_limit(5/60s),False,0.0,73
2025-12-30 15:56:42,25493314,system.sec,12345678,none,rate_limit(5/60s),False,0.0,74
2025-12-30 15:56:42,25493314,system.sec,qwerty,none,rate_limit(5/60s),False,0.02,75
2025-12-30 15:56:42,25493314,system.sec,123456789,none,rate_limit(5/60s),False,0.0,76
2025-12-30 15:56:42,25493314,system.sec,12345,none,rate_limit(5/60s),False,0.01,77
2025-12-30 15:56:43,25493314,system.sec,1234,none,rate_limit(5/60s),False,0.01,78
2025-12-30 15:56:43,25493314,system.sec,111111,none,rate_limit(5/60s),False,0.01,79
2025-12-30 15:56:43,25493314,system.sec,1234567,none,rate_limit(5/60s),False,0.0,80
2025-12-30 15:56:43,25493314,system.sec,dragon,none,rate_limit(5/60s),False,0.01,81
2025-12-30 15:56:43,25493314,system.sec,123123,none,rate_limit(5/60s),False,0.0,82
2025-12-30 15:56:43,25493314,system.sec,baseball,none,rate_limit(5/60s),False,0.0,83
2025-12-30 15:56:43,25493314,system.sec,abc123,none,rate_limit(5/60s),False,0.02,84
2025-12-30 15:56:43,25493314,system.sec,football,none,rate_limit(5/60s),False,0.01,85
2025-12-30 15:56:43,25493314,system.sec,monkey,none,rate_limit(5/60s),False,0.01,86
2025-12-30 15:57:42,25493314,system.sec,letmein,none,rate_limit(5/60s),False,0.02,87
2025-12-30 15:57:42,25493314,system.sec,shadow,none,rate_limit(5/60s),False,0.0,88
2025-12-30 15:57:42,25493314,system.sec,master,none,rate_limit(5/60s),False,0.0,89
2025-12-30 15:57:42,25493314,system.sec,666666,none,rate_limit(5/60s),False,0.01,90
2025-12-30 15:57:42,25493314,system.sec,qwertyuiop,none,rate_limit(5/60s),False,0.0,91
2025-12-30 15:57:42,25493314,system.sec,123321,none,rate_limit(5/60s),False,0.0,92
2025-12-30 15:57:42,25493314,system.sec,mustang,none,rate_limit(5/60s),False,0.0,93
2025-12-30 15:57:42,25493314,system.sec,121212,none,rate_limit(5/60s),False,0.0,94
2025-12-30 15:57:42,25493314,system.sec,000000,none,rate_limit(5/60s),False,0.01,95
2025-12-30 15:57:42,25493314,system.sec,password1,none,rate_limit(5/60s),False,0.0,96
2025-12-30 15:57:42,25493314,system.sec,admin,none,rate_limit(5/60s),False,0.0,97
2025-12-30 15:57:43,25493314,system.sec,admin123,none,rate_limit(5/60s),False,0.01,98
2025-12-30 15:57:43,25493314,system.sec,root,none,rate_limit(5/60s),False,0.01,99
2025-12-30 15:57:43,25493314,system.sec,toor,none,rate_limit(5/60s),False,0.0,100
2025-12-30 15:57:43,25493314,system.sec,pass,none,rate_limit(5/60s),False,0.01,101
2025-12-30 15:57:43,25493314,system.sec,test,none,rate_limit(5/60s),False,0.0,102
2025-12-30 15:57:43,25493314,system.sec,test123,none,rate_limit(5/60s),False,0.0,103
2025-12-30 15:57:43,25493314,system.sec,guest,none,rate_limit(5/60s),False,0.01,104
2025-12-30 15:57:43,25493314,system.sec,guest123,none,rate_limit(5/60s),False,0.01,105
2025-12-30 15:57:43,25493314,system.sec,user,none,rate_limit(5/60s),False,0.0,106
2025-12-30 15:58:42,25493314,system.sec,user123,none,rate_limit(5/60s),False,0.02,107
2025-12-30 15:58:42,25493314,system.sec,login,none,rate_limit(5/60s),False,0.0,108
2025-12-30 15:58:42,25493314,system.sec,login123,none,rate_limit(5/60s),False,0.0,109
2025-12-30 15:58:42,25493314,system.sec,welcome,none,rate_limit(5/60s),False,0.0,110
2025-12-30 15:58:42,25493314,system.sec,welcome1,none,rate_limit(5/60s),False,0.0,111
2025-12-30 15:58:42,25493314,system.sec,password123,none,rate_limit(5/60s),False,0.0,112
2025-12-30 15:58:42,25493314,system.sec,admin1,none,rate_limit(5/60s),False,0.0,113
2025-12-30 15:58:42,25493314,system.sec,root123,none,rate_limit(5/60s),False,0.02,114
2025-12-30 15:58:42,25493314,system.sec,pass123,none,rate_limit(5/60s),False,0.01,115
2025-12-30 15:58:42,25493314,system.sec,1q2w3e4r,none,rate_limit(5/60s),False,0.0,116
2025-12-30 15:58:43,25493314,system.sec,qwerty123,none,rate_limit(5/60s),False,0.0,117
2025-12-30 15:58:43,25493314,system.sec,1234567890,none,rate_limit(5/60s),False,0.01,118
2025-12-30 15:58:43,25493314,system.sec,987654321,none,rate_limit(5/60s),False,0.01,119
2025-12-30 15:58:43,25493314,system.sec,hello,none,rate_limit(5/60s),False,0.0,120
2025-12-30 15:58:43,25493314,system.sec,hello123,none,rate_limit(5/60s),False,0.02,121
2025-12-30 15:58:43,25493314,system.sec,iloveyou,none,rate_limit(5/60s),False,0.01,122
2025-12-30 15:58:43,25493314,system.sec,sunshine,none,rate_limit(5/60s),False,0.01,123
2025-12-30 15:58:43,25493314,system.sec,princess,none,rate_limit(5/60s),False,0.01,124
2025-12-30 15:58:43,25493314,system.sec,Password1,none,rate_limit(5/60s),False,0.02,125
2025-12-30 15:58:43,25493314,system.sec,Password123,none,rate_limit(5/60s),False,0.0,126
2025-12-30 15:59:42,25493314,system.sec,Admin123,none,rate_limit(5/60s),False,0.03,127
2025-12-30 15:59:42,25493314,system.sec,Welcome1,none,rate_limit(5/60s),False,0.01,128
2025-12-30 15:59:42,25493314,system.sec,Student123,none,rate_limit(5/60s),False,0.0,129
2025-12-30 15:59:42,25493314,system.sec,Student99,none,rate_limit(5/60s),False,0.0,130
2025-12-30 15:59:42,25493314,system.sec,Test2024,none,rate_limit(5/60s),False,0.0,131
2025-12-30 15:59:42,25493314,system.sec,Login456,none,rate_limit(5/60s),False,0.0,132
2025-12-30 15:59:42,25493314,system.sec,Python101,none,rate_limit(5/60s),False,0.0,133
2025-12-30 15:59:42,25493314,system.sec,demo,none,rate_limit(5/60s),False,0.03,134
2025-12-30 15:59:42,25493314,system.sec,student,none,rate_limit(5/60s),False,0.0,135
2025-12-30 15:59:43,25493314,system.sec,name,none,rate_limit(5/60s),False,0.0,136
2025-12-30 15:59:43,25493314,system.sec,1111,none,rate_limit(5/60s),False,0.0,137
2025-12-30 15:59:43,25493314,system.sec,BlueCat12,none,rate_limit(5/60s),False,0.01,138
2025-12-30 15:59:43,25493314,system.sec,TechGirl7,none,rate_limit(5/60s),False,0.01,139
2025-12-30 15:59:43,25493314,system.sec,Cloud123,none,rate_limit(5/60s),False,0.01,140
2025-12-30 15:59:43,25493314,system.sec,GameOn22,none,rate_limit(5/60s),False,0.0,141
2025-12-30 15:59:43,25493314,system.sec,WebDev88,none,rate_limit(5/60s),False,0.01,142
2025-12-30 15:59:43,25493314,secure.login,123456,none,rate_limit(5/60s),False,0.05,72
2025-12-30 15:59:43,25493314,secure.login,password,none,rate_limit(5/60s),False,0.0,73
2025-12-30 16:00:42,25493314,secure.login,12345678,none,rate_limit(5/60s),False,0.03,74
2025-12-30 16:00:42,25493314,secure.login,qwerty,none,rate_limit(5/60s),False,0.01,75
2025-12-30 16:00:42,25493314,secure.login,123456789,none,rate_limit(5/60s),False,0.0,76
2025-12-30 16:00:42,25493314,secure.login,12345,none,rate_limit(5/60s),False,0.01,77
2025-12-30 16:00:42,25493314,secure.login,1234,none,rate_limit(5/60s),False,0.01,78
2025-12-30 16:00:42,25493314,secure.login,111111,none,rate_limit(5/60s),False,0.0,79
2025-12-30 16:00:43,25493314,secure.login,1234567,none,rate_limit(5/60s),False,0.0,80
2025-12-30 16:00:43,25493314,secure.login,dragon,none,rate_limit(5/60s),False,0.0,81
2025-12-30 16:00:43,25493314,secure.login,123123,none,rate_limit(5/60s),False,0.01,82
2025-12-30 16:00:43,25493314,secure.login,baseball,none,rate_limit(5/60s),False,0.01,83
2025-12-30 16:00:43,25493314,secure.login,abc123,none,rate_limit(5/60s),False,0.02,84
2025-12-30 16:00:43,25493314,secure.login,football,none,rate_limit(5/60s),False,0.02,85
2025-12-30 16:00:43,25493314,secure.login,monkey,none,rate_limit(5/60s),False,0.0,86
2025-12-30 16:00:43,25493314,secure.login,letmein,none,rate_limit(5/60s),False,0.02,87
2025-12-30 16:00:43,25493314,secure.login,shadow,none,rate_limit(5/60s),False,0.0,88
2025-12-30 16:00:43,25493314,secure.login,master,none,rate_limit(5/60s),False,0.01,89
2025-12-30 16:00:43,25493314,secure.login,666666,none,rate_limit(5/60s),False,0.02,90
2025-12-30 16:00:43,25493314,secure.login,qwertyuiop,none,rate_limit(5/60s),False,0.0,91
2025-12-30 16:01:42,25493314,secure.login,123321,none,rate_limit(5/60s),False,0.08,92
2025-12-30 16:01:42,25493314,secure.login,mustang,none,rate_limit(5/60s),False,0.01,93
2025-12-30 16:01:42,25493314,secure.login,121212,none,rate_limit(5/60s),False,0.0,94
2025-12-30 16:01:42,25493314,secure.login,000000,none,rate_limit(5/60s),False,0.0,95
2025-12-30 16:01:42,25493314,secure.login,password1,none,rate_limit(5/60s),False,0.02,96
2025-12-30 16:01:42,25493314,secure.login,admin,none,rate_limit(5/60s),False,0.0,97
2025-12-30 16:01:43,25493314,secure.login,admin123,none,rate_limit(5/60s),False,0.0,98
2025-12-30 16:01:43,25493314,secure.login,root,none,rate_limit(5/60s),False,0.0,99
2025-12-30 16:01:43,25493314,secure.login,toor,none,rate_limit(5/60s),False,0.01,100
2025-12-30 16:01:43,25493314,secure.login,pass,none,rate_limit(5/60s),False,0.01,101
2025-12-30 16:01:43,25493314,secure.login,test,none,rate_limit(5/60s),False,0.01,102
2025-12-30 16:01:43,25493314,secure.login,test123,none,rate_limit(5/60s),False,0.0,103
2025-12-30 16:01:43,25493314,secure.login,guest,none,rate_limit(5/60s),False,0.02,104
2025-12-30 16:01:43,25493314,secure.login,guest123,none,rate_limit(5/60s),False,0.27,105
2025-12-30 16:01:43,25493314,secure.login,user,none,rate_limit(5/60s),False,0.0,106
2025-12-30 16:01:43,25493314,secure.login,user123,none,rate_limit(5/60s),False,0.28,107
2025-12-30 16:01:43,25493314,secure.login,login,none,rate_limit(5/60s),False,0.01,108
2025-12-30 16:01:43,25493314,secure.login,login123,none,rate_limit(5/60s),False,0.0,109
2025-12-30 16:02:42,25493314,secure.login,welcome,none,rate_limit(5/60s),False,0.01,110
2025-12-30 16:02:42,25493314,secure.login,welcome1,none,rate_limit(5/60s),False,0.02,111
2025-12-30 16:02:42,25493314,secure.login,password123,none,rate_limit(5/60s),False,0.0,112
2025-12-30 16:02:42,25493314,secure.login,admin1,none,rate_limit(5/60s),False,0.01,113
2025-12-30 16:02:42,25493314,secure.login,root123,none,rate_limit(5/60s),False,0.03,114
2025-12-30 16:02:43,25493314,secure.login,pass123,none,rate_limit(5/60s),False,0.0,115
2025-12-30 16:02:43,25493314,secure.login,1q2w3e4r,none,rate_limit(5/60s),False,0.0,116
2025-12-30 16:02:43,25493314,secure.login,qwerty123,none,rate_limit(5/60s),False,0.01,117
2025-12-30 16:02:43,25493314,secure.login,1234567890,none,rate_limit(5/60s),False,0.0,118
2025-12-30 16:02:43,25493314,secure.login,987654321,none,rate_limit(5/60s),False,0.01,119
2025-12-30 16:02:43,25493314,secure.login,hello,none,rate_limit(5/60s),False,0.01,120
2025-12-30 16:02:43,25493314,secure.login,hello123,none,rate_limit(5/60s),False,0.01,121
2025-12-30 16:02:43,25493314,secure.login,iloveyou,none,rate_limit(5/60s),False,0.01,122
2025-12-30 16:02:43,25493314,secure.login,sunshine,none,rate_limit(5/60s),False,0.01,123
2025-12-30 16:02:43,25493314,secure.login,princess,none,rate_limit(5/60s),False,0.0,124
2025-12-30 16:02:43,25493314,secure.login,Password1,none,rate_limit(5/60s),False,0.0,125
2025-12-30 16:02:43,25493314,secure.login,Password123,none,rate_limit(5/60s),False,0.0,126
2025-12-30 16:02:43,25493314,secure.login,Admin123,none,rate_limit(5/60s),False,0.01,127
2025-12-30 16:02:43,25493314,secure.login,Welcome1,none,rate_limit(5/60s),False,0.0,128
2025-12-30 16:03:42,25493314,secure.login,Student123,none,rate_limit(5/60s),False,0.03,129
2025-12-30 16:03:42,25493314,secure.login,Student99,none,rate_limit(5/60s),False,0.0,130
2025-12-30 16:03:42,25493314,secure.login,Test2024,none,rate_limit(5/60s),False,0.0,131
2025-12-30 16:03:42,25493314,secure.login,Login456,none,rate_limit(5/60s),False,0.0,132
2025-12-30 16:03:43,25493314,secure.login,Python101,none,rate_limit(5/60s),False,0.02,133
2025-12-30 16:03:43,25493314,secure.login,demo,none,rate_limit(5/60s),False,0.0,134
2025-12-30 16:03:43,25493314,secure.login,student,none,rate_limit(5/60s),False,0.0,135
2025-12-30 16:03:43,25493314,secure.login,name,none,rate_limit(5/60s),False,0.0,136
2025-12-30 16:03:43,25493314,secure.login,1111,none,rate_limit(5/60s),False,0.0,137
2025-12-30 16:03:43,25493314,secure.login,BlueCat12,none,rate_limit(5/60s),False,0.0,138
2025-12-30 16:03:43,25493314,secure.login,TechGirl7,none,rate_limit(5/60s),False,0.02,139
2025-12-30 16:03:43,25493314,secure.login,Cloud123,none,rate_limit(5/60s),False,0.0,140
2025-12-30 16:03:43,25493314,secure.login,GameOn22,none,rate_limit(5/60s),False,0.0,141
2025-12-30 16:03:43,25493314,secure.login,WebDev88,none,rate_limit(5/60s),False,0.01,142

====================,SUMMARY STATISTICS,====================

Metric,Value
Total Attempts,2130
Successful Attempts,0
Failed Attempts,2130
Success Rate (%),0.00

Unique Usernames Tested,30
Unique Passwords Tested,71

Latency Statistics (ms)
Sum (Total Latency),16.16
Average Latency,0.01
Median Latency (P50),0.00
Min Latency,0.00
Max Latency,0.56

Percentiles (ms)
10th Percentile (P10),0.00
25th Percentile (P25),0.00
75th Percentile (P75),0.01
90th Percentile (P90),0.02
95th Percentile (P95),0.03
99th Percentile (P99),0.08

Time Range
First Attempt,2025-12-30 14:24:40
Last Attempt,2025-12-30 16:03:43

Report Generated,2025-12-30 20:58:50
