timestamp,group_seed,username,password,hash_mode,protection_flags,result,latency_ms,attempt_number
2026-01-01 09:02:16,25493314,user1,123456,none,rate_limit(5/60s),False,0.36,1
2026-01-01 09:02:16,25493314,admin,123456,none,rate_limit(5/60s),False,0.36,1
2026-01-01 09:02:16,25493314,guest,123456,none,rate_limit(5/60s),False,0.15,1
2026-01-01 09:02:16,25493314,test,123456,none,rate_limit(5/60s),False,0.12,1
2026-01-01 09:02:16,25493314,hello,123456,none,rate_limit(5/60s),False,0.11,1
2026-01-01 09:02:16,25493314,name,123456,none,rate_limit(5/60s),False,0.0,1
2026-01-01 09:03:15,25493314,login,123456,none,rate_limit(5/60s),False,0.01,1
2026-01-01 09:03:15,25493314,abc,123456,none,rate_limit(5/60s),False,0.01,1
2026-01-01 09:03:15,25493314,demo,123456,none,rate_limit(5/60s),False,0.01,1
2026-01-01 09:03:15,25493314,student,123456,none,rate_limit(5/60s),False,0.01,1
2026-01-01 09:03:15,25493314,Student_user,123456,none,rate_limit(5/60s),False,0.01,1
2026-01-01 09:03:15,25493314,user_test,123456,none,rate_limit(5/60s),False,0.01,1
2026-01-01 09:03:15,25493314,bluecat,123456,none,rate_limit(5/60s),False,0.01,1
2026-01-01 09:03:15,25493314,student1,123456,none,rate_limit(5/60s),False,0.01,1
2026-01-01 09:03:15,25493314,login_user,123456,none,rate_limit(5/60s),False,0.01,1
2026-01-01 09:03:15,25493314,pythonfan,123456,none,rate_limit(5/60s),False,0.01,1
2026-01-01 09:03:15,25493314,techgirl,123456,none,rate_limit(5/60s),False,0.01,1
2026-01-01 09:03:15,25493314,cloud_user,123456,none,rate_limit(5/60s),False,0.01,1
2026-01-01 09:03:15,25493314,gamer22,123456,none,rate_limit(5/60s),False,0.01,1
2026-01-01 09:03:15,25493314,webdev,123456,none,rate_limit(5/60s),False,0.01,1
2026-01-01 09:03:15,25493314,sha.sec,123456,none,rate_limit(5/60s),False,0.01,1
2026-01-01 09:03:15,25493314,secure_user,123456,none,rate_limit(5/60s),False,0.0,1
2026-01-01 09:03:15,25493314,cyber.auth,123456,none,rate_limit(5/60s),False,0.01,1
2026-01-01 09:03:15,25493314,dev.access,123456,none,rate_limit(5/60s),False,0.01,1
2026-01-01 09:03:15,25493314,root.guard,123456,none,rate_limit(5/60s),False,0.0,1
2026-01-01 09:03:15,25493314,net.lock,123456,none,rate_limit(5/60s),False,0.01,1
2026-01-01 09:03:15,25493314,auth.master,123456,none,rate_limit(5/60s),False,0.01,1
2026-01-01 09:03:15,25493314,vault_user,123456,none,rate_limit(5/60s),False,0.0,1
2026-01-01 09:03:15,25493314,system.sec,123456,none,rate_limit(5/60s),False,0.01,1
2026-01-01 09:03:15,25493314,secure.login,123456,none,rate_limit(5/60s),False,0.0,1
2026-01-01 09:03:15,25493314,user1,password,none,rate_limit(5/60s),False,0.01,2
2026-01-01 09:03:15,25493314,admin,password,none,rate_limit(5/60s),False,0.0,2
2026-01-01 09:03:15,25493314,guest,password,none,rate_limit(5/60s),False,0.0,2
2026-01-01 09:03:15,25493314,test,password,none,rate_limit(5/60s),False,0.01,2
2026-01-01 09:03:15,25493314,hello,password,none,rate_limit(5/60s),False,0.01,2
2026-01-01 09:03:15,25493314,name,password,none,rate_limit(5/60s),False,0.0,2
2026-01-01 09:03:15,25493314,login,password,none,rate_limit(5/60s),False,0.0,2
2026-01-01 09:03:15,25493314,abc,password,none,rate_limit(5/60s),False,0.01,2
2026-01-01 09:03:15,25493314,demo,password,none,rate_limit(5/60s),False,0.0,2
2026-01-01 09:03:15,25493314,student,password,none,rate_limit(5/60s),False,0.0,2
2026-01-01 09:03:15,25493314,Student_user,password,none,rate_limit(5/60s),False,0.0,2
2026-01-01 09:03:15,25493314,user_test,password,none,rate_limit(5/60s),False,0.0,2
2026-01-01 09:03:15,25493314,bluecat,password,none,rate_limit(5/60s),False,0.0,2
2026-01-01 09:03:15,25493314,student1,password,none,rate_limit(5/60s),False,0.0,2
2026-01-01 09:03:15,25493314,login_user,password,none,rate_limit(5/60s),False,0.0,2
2026-01-01 09:03:15,25493314,pythonfan,password,none,rate_limit(5/60s),False,0.0,2
2026-01-01 09:03:15,25493314,techgirl,password,none,rate_limit(5/60s),False,0.0,2
2026-01-01 09:03:15,25493314,cloud_user,password,none,rate_limit(5/60s),False,0.0,2
2026-01-01 09:03:15,25493314,gamer22,password,none,rate_limit(5/60s),False,0.0,2
2026-01-01 09:03:15,25493314,webdev,password,none,rate_limit(5/60s),False,0.01,2
2026-01-01 09:03:15,25493314,sha.sec,password,none,rate_limit(5/60s),False,0.0,2
2026-01-01 09:03:15,25493314,secure_user,password,none,rate_limit(5/60s),False,0.0,2
2026-01-01 09:03:15,25493314,cyber.auth,password,none,rate_limit(5/60s),False,0.0,2
2026-01-01 09:03:15,25493314,dev.access,password,none,rate_limit(5/60s),False,0.0,2
2026-01-01 09:03:15,25493314,root.guard,password,none,rate_limit(5/60s),False,0.0,2
2026-01-01 09:03:15,25493314,net.lock,password,none,rate_limit(5/60s),False,0.0,2
2026-01-01 09:03:15,25493314,auth.master,password,none,rate_limit(5/60s),False,0.0,2
2026-01-01 09:03:15,25493314,vault_user,password,none,rate_limit(5/60s),False,0.0,2
2026-01-01 09:03:15,25493314,system.sec,password,none,rate_limit(5/60s),False,0.0,2
2026-01-01 09:03:15,25493314,secure.login,password,none,rate_limit(5/60s),False,0.0,2
2026-01-01 09:03:15,25493314,user1,12345678,none,rate_limit(5/60s),False,0.0,3
2026-01-01 09:03:15,25493314,admin,12345678,none,rate_limit(5/60s),False,0.0,3
2026-01-01 09:03:15,25493314,guest,12345678,none,rate_limit(5/60s),False,0.01,3
2026-01-01 09:03:15,25493314,test,12345678,none,rate_limit(5/60s),False,0.0,3
2026-01-01 09:03:15,25493314,hello,12345678,none,rate_limit(5/60s),False,0.0,3
2026-01-01 09:03:15,25493314,name,12345678,none,rate_limit(5/60s),False,0.0,3
2026-01-01 09:03:15,25493314,login,12345678,none,rate_limit(5/60s),False,0.0,3
2026-01-01 09:03:15,25493314,abc,12345678,none,rate_limit(5/60s),False,0.0,3
2026-01-01 09:03:15,25493314,demo,12345678,none,rate_limit(5/60s),False,0.0,3
2026-01-01 09:03:15,25493314,student,12345678,none,rate_limit(5/60s),False,0.0,3
2026-01-01 09:03:15,25493314,Student_user,12345678,none,rate_limit(5/60s),False,0.0,3
2026-01-01 09:03:15,25493314,user_test,12345678,none,rate_limit(5/60s),False,0.0,3
2026-01-01 09:03:15,25493314,bluecat,12345678,none,rate_limit(5/60s),False,0.0,3
2026-01-01 09:03:15,25493314,student1,12345678,none,rate_limit(5/60s),False,0.0,3
2026-01-01 09:03:15,25493314,login_user,12345678,none,rate_limit(5/60s),False,0.01,3
2026-01-01 09:03:15,25493314,pythonfan,12345678,none,rate_limit(5/60s),False,0.0,3
2026-01-01 09:03:16,25493314,techgirl,12345678,none,rate_limit(5/60s),False,0.0,3
2026-01-01 09:03:16,25493314,cloud_user,12345678,none,rate_limit(5/60s),False,0.0,3
2026-01-01 09:03:16,25493314,gamer22,12345678,none,rate_limit(5/60s),False,0.01,3
2026-01-01 09:03:16,25493314,webdev,12345678,none,rate_limit(5/60s),False,0.0,3
2026-01-01 09:03:16,25493314,sha.sec,12345678,none,rate_limit(5/60s),False,0.01,3
2026-01-01 09:03:16,25493314,secure_user,12345678,none,rate_limit(5/60s),False,0.0,3
2026-01-01 09:03:16,25493314,cyber.auth,12345678,none,rate_limit(5/60s),False,0.0,3
2026-01-01 09:03:16,25493314,dev.access,12345678,none,rate_limit(5/60s),False,0.0,3
2026-01-01 09:03:16,25493314,root.guard,12345678,none,rate_limit(5/60s),False,0.0,3
2026-01-01 09:03:16,25493314,net.lock,12345678,none,rate_limit(5/60s),False,0.0,3
2026-01-01 09:03:16,25493314,auth.master,12345678,none,rate_limit(5/60s),False,0.0,3
2026-01-01 09:03:16,25493314,vault_user,12345678,none,rate_limit(5/60s),False,0.0,3
2026-01-01 09:03:16,25493314,system.sec,12345678,none,rate_limit(5/60s),False,0.0,3
2026-01-01 09:03:16,25493314,secure.login,12345678,none,rate_limit(5/60s),False,0.0,3
2026-01-01 09:03:16,25493314,user1,qwerty,none,rate_limit(5/60s),False,0.0,4
2026-01-01 09:03:16,25493314,admin,qwerty,none,rate_limit(5/60s),False,0.0,4
2026-01-01 09:03:16,25493314,guest,qwerty,none,rate_limit(5/60s),False,0.0,4
2026-01-01 09:03:16,25493314,test,qwerty,none,rate_limit(5/60s),False,0.0,4
2026-01-01 09:03:16,25493314,hello,qwerty,none,rate_limit(5/60s),False,0.0,4
2026-01-01 09:03:16,25493314,name,qwerty,none,rate_limit(5/60s),False,0.0,4
2026-01-01 09:03:16,25493314,login,qwerty,none,rate_limit(5/60s),False,0.0,4
2026-01-01 09:03:16,25493314,abc,qwerty,none,rate_limit(5/60s),False,0.0,4
2026-01-01 09:03:16,25493314,demo,qwerty,none,rate_limit(5/60s),False,0.0,4
2026-01-01 09:03:16,25493314,student,qwerty,none,rate_limit(5/60s),False,0.0,4
2026-01-01 09:03:16,25493314,Student_user,qwerty,none,rate_limit(5/60s),False,0.0,4
2026-01-01 09:03:16,25493314,user_test,qwerty,none,rate_limit(5/60s),False,0.0,4
2026-01-01 09:03:16,25493314,bluecat,qwerty,none,rate_limit(5/60s),False,0.0,4
2026-01-01 09:03:16,25493314,student1,qwerty,none,rate_limit(5/60s),False,0.0,4
2026-01-01 09:03:16,25493314,login_user,qwerty,none,rate_limit(5/60s),False,0.01,4
2026-01-01 09:03:16,25493314,pythonfan,qwerty,none,rate_limit(5/60s),False,0.0,4
2026-01-01 09:03:16,25493314,techgirl,qwerty,none,rate_limit(5/60s),False,0.01,4
2026-01-01 09:03:16,25493314,cloud_user,qwerty,none,rate_limit(5/60s),False,0.0,4
2026-01-01 09:03:16,25493314,gamer22,qwerty,none,rate_limit(5/60s),False,0.0,4
2026-01-01 09:03:16,25493314,webdev,qwerty,none,rate_limit(5/60s),False,0.0,4
2026-01-01 09:03:16,25493314,sha.sec,qwerty,none,rate_limit(5/60s),False,0.0,4
2026-01-01 09:03:16,25493314,secure_user,qwerty,none,rate_limit(5/60s),False,0.0,4
2026-01-01 09:03:16,25493314,cyber.auth,qwerty,none,rate_limit(5/60s),False,0.0,4
2026-01-01 09:03:16,25493314,dev.access,qwerty,none,rate_limit(5/60s),False,0.0,4
2026-01-01 09:03:16,25493314,root.guard,qwerty,none,rate_limit(5/60s),False,0.0,4
2026-01-01 09:03:16,25493314,net.lock,qwerty,none,rate_limit(5/60s),False,0.0,4
2026-01-01 09:03:16,25493314,auth.master,qwerty,none,rate_limit(5/60s),False,0.0,4
2026-01-01 09:03:16,25493314,vault_user,qwerty,none,rate_limit(5/60s),False,0.0,4
2026-01-01 09:03:16,25493314,system.sec,qwerty,none,rate_limit(5/60s),False,0.0,4
2026-01-01 09:03:16,25493314,secure.login,qwerty,none,rate_limit(5/60s),False,0.0,4
2026-01-01 09:03:16,25493314,user1,123456789,none,rate_limit(5/60s),False,0.01,5
2026-01-01 09:03:16,25493314,admin,123456789,none,rate_limit(5/60s),False,0.0,5
2026-01-01 09:03:16,25493314,guest,123456789,none,rate_limit(5/60s),False,0.0,5
2026-01-01 09:03:16,25493314,test,123456789,none,rate_limit(5/60s),False,0.0,5
2026-01-01 09:03:16,25493314,hello,123456789,none,rate_limit(5/60s),False,0.0,5
2026-01-01 09:03:16,25493314,name,123456789,none,rate_limit(5/60s),False,0.0,5
2026-01-01 09:03:16,25493314,login,123456789,none,rate_limit(5/60s),False,0.0,5
2026-01-01 09:03:16,25493314,abc,123456789,none,rate_limit(5/60s),False,0.0,5
2026-01-01 09:03:16,25493314,demo,123456789,none,rate_limit(5/60s),False,0.0,5
2026-01-01 09:03:16,25493314,student,123456789,none,rate_limit(5/60s),False,0.0,5
2026-01-01 09:03:16,25493314,Student_user,123456789,none,rate_limit(5/60s),False,0.0,5
2026-01-01 09:03:16,25493314,user_test,123456789,none,rate_limit(5/60s),False,0.0,5
2026-01-01 09:03:16,25493314,bluecat,123456789,none,rate_limit(5/60s),False,0.0,5
2026-01-01 09:03:16,25493314,student1,123456789,none,rate_limit(5/60s),False,0.0,5
2026-01-01 09:03:16,25493314,login_user,123456789,none,rate_limit(5/60s),False,0.01,5
2026-01-01 09:03:16,25493314,pythonfan,123456789,none,rate_limit(5/60s),False,0.01,5
2026-01-01 09:03:16,25493314,techgirl,123456789,none,rate_limit(5/60s),False,0.0,5
2026-01-01 09:03:16,25493314,cloud_user,123456789,none,rate_limit(5/60s),False,0.0,5
2026-01-01 09:03:16,25493314,gamer22,123456789,none,rate_limit(5/60s),False,0.01,5
2026-01-01 09:03:16,25493314,webdev,123456789,none,rate_limit(5/60s),False,0.0,5
2026-01-01 09:03:16,25493314,sha.sec,123456789,none,rate_limit(5/60s),False,0.01,5
2026-01-01 09:03:16,25493314,secure_user,123456789,none,rate_limit(5/60s),False,0.01,5
2026-01-01 09:03:16,25493314,cyber.auth,123456789,none,rate_limit(5/60s),False,0.0,5
2026-01-01 09:03:16,25493314,dev.access,123456789,none,rate_limit(5/60s),False,0.0,5
2026-01-01 09:03:16,25493314,root.guard,123456789,none,rate_limit(5/60s),False,0.0,5
2026-01-01 09:03:16,25493314,net.lock,123456789,none,rate_limit(5/60s),False,0.0,5
2026-01-01 09:03:16,25493314,auth.master,123456789,none,rate_limit(5/60s),False,0.0,5
2026-01-01 09:03:16,25493314,vault_user,123456789,none,rate_limit(5/60s),False,0.0,5
2026-01-01 09:03:16,25493314,system.sec,123456789,none,rate_limit(5/60s),False,0.0,5
2026-01-01 09:03:16,25493314,secure.login,123456789,none,rate_limit(5/60s),False,0.0,5
2026-01-01 09:03:16,25493314,user1,12345,none,rate_limit(5/60s),False,0.0,6
2026-01-01 09:03:16,25493314,admin,12345,none,rate_limit(5/60s),False,0.0,6
2026-01-01 09:03:16,25493314,guest,12345,none,rate_limit(5/60s),False,0.0,6
2026-01-01 09:03:16,25493314,test,12345,none,rate_limit(5/60s),False,0.0,6
2026-01-01 09:03:16,25493314,hello,12345,none,rate_limit(5/60s),False,0.0,6
2026-01-01 09:03:16,25493314,name,12345,none,rate_limit(5/60s),False,0.0,6
2026-01-01 09:03:16,25493314,login,12345,none,rate_limit(5/60s),False,0.0,6
2026-01-01 09:03:16,25493314,abc,12345,none,rate_limit(5/60s),False,0.0,6
2026-01-01 09:03:16,25493314,demo,12345,none,rate_limit(5/60s),False,0.0,6
2026-01-01 09:03:16,25493314,student,12345,none,rate_limit(5/60s),False,0.0,6
2026-01-01 09:03:16,25493314,Student_user,12345,none,rate_limit(5/60s),False,0.0,6
2026-01-01 09:03:16,25493314,user_test,12345,none,rate_limit(5/60s),False,0.0,6
2026-01-01 09:03:16,25493314,bluecat,12345,none,rate_limit(5/60s),False,0.0,6
2026-01-01 09:03:16,25493314,student1,12345,none,rate_limit(5/60s),False,0.0,6
2026-01-01 09:03:16,25493314,login_user,12345,none,rate_limit(5/60s),False,0.0,6
2026-01-01 09:03:16,25493314,pythonfan,12345,none,rate_limit(5/60s),False,0.0,6
2026-01-01 09:03:16,25493314,techgirl,12345,none,rate_limit(5/60s),False,0.01,6
2026-01-01 09:03:16,25493314,cloud_user,12345,none,rate_limit(5/60s),False,0.0,6
2026-01-01 09:03:16,25493314,gamer22,12345,none,rate_limit(5/60s),False,0.0,6
2026-01-01 09:03:16,25493314,webdev,12345,none,rate_limit(5/60s),False,0.01,6
2026-01-01 09:03:16,25493314,sha.sec,12345,none,rate_limit(5/60s),False,0.0,6
2026-01-01 09:03:16,25493314,secure_user,12345,none,rate_limit(5/60s),False,0.0,6
2026-01-01 09:03:16,25493314,cyber.auth,12345,none,rate_limit(5/60s),False,0.0,6
2026-01-01 09:03:16,25493314,dev.access,12345,none,rate_limit(5/60s),False,0.0,6
2026-01-01 09:03:16,25493314,root.guard,12345,none,rate_limit(5/60s),False,0.0,6
2026-01-01 09:03:16,25493314,net.lock,12345,none,rate_limit(5/60s),False,0.01,6
2026-01-01 09:03:16,25493314,auth.master,12345,none,rate_limit(5/60s),False,0.0,6
2026-01-01 09:03:16,25493314,vault_user,12345,none,rate_limit(5/60s),False,0.0,6
2026-01-01 09:03:16,25493314,system.sec,12345,none,rate_limit(5/60s),False,0.0,6
2026-01-01 09:03:16,25493314,secure.login,12345,none,rate_limit(5/60s),False,0.0,6
2026-01-01 09:03:16,25493314,user1,1234,none,rate_limit(5/60s),False,0.0,7
2026-01-01 09:03:16,25493314,admin,1234,none,rate_limit(5/60s),False,0.0,7
2026-01-01 09:03:16,25493314,guest,1234,none,rate_limit(5/60s),False,0.0,7
2026-01-01 09:03:16,25493314,test,1234,none,rate_limit(5/60s),False,0.0,7
2026-01-01 09:03:16,25493314,hello,1234,none,rate_limit(5/60s),False,0.0,7
2026-01-01 09:03:16,25493314,name,1234,none,rate_limit(5/60s),False,0.0,7
2026-01-01 09:03:16,25493314,login,1234,none,rate_limit(5/60s),False,0.01,7
2026-01-01 09:03:16,25493314,abc,1234,none,rate_limit(5/60s),False,0.0,7
2026-01-01 09:03:16,25493314,demo,1234,none,rate_limit(5/60s),False,0.0,7
2026-01-01 09:03:16,25493314,student,1234,none,rate_limit(5/60s),False,0.0,7
2026-01-01 09:03:16,25493314,Student_user,1234,none,rate_limit(5/60s),False,0.0,7
2026-01-01 09:03:16,25493314,user_test,1234,none,rate_limit(5/60s),False,0.0,7
2026-01-01 09:03:16,25493314,bluecat,1234,none,rate_limit(5/60s),False,0.49,7
2026-01-01 09:03:16,25493314,student1,1234,none,rate_limit(5/60s),False,0.23,7
2026-01-01 09:03:16,25493314,login_user,1234,none,rate_limit(5/60s),False,0.18,7
2026-01-01 09:03:16,25493314,pythonfan,1234,none,rate_limit(5/60s),False,0.15,7
2026-01-01 09:03:16,25493314,techgirl,1234,none,rate_limit(5/60s),False,0.18,7
2026-01-01 09:03:16,25493314,cloud_user,1234,none,rate_limit(5/60s),False,0.0,7
2026-01-01 09:04:15,25493314,gamer22,1234,none,rate_limit(5/60s),False,0.04,7
2026-01-01 09:04:15,25493314,webdev,1234,none,rate_limit(5/60s),False,0.01,7
2026-01-01 09:04:15,25493314,sha.sec,1234,none,rate_limit(5/60s),False,0.01,7
2026-01-01 09:04:15,25493314,secure_user,1234,none,rate_limit(5/60s),False,0.01,7
2026-01-01 09:04:15,25493314,cyber.auth,1234,none,rate_limit(5/60s),False,0.01,7
2026-01-01 09:04:15,25493314,dev.access,1234,none,rate_limit(5/60s),False,0.01,7
2026-01-01 09:04:15,25493314,root.guard,1234,none,rate_limit(5/60s),False,0.01,7
2026-01-01 09:04:15,25493314,net.lock,1234,none,rate_limit(5/60s),False,0.01,7
2026-01-01 09:04:15,25493314,auth.master,1234,none,rate_limit(5/60s),False,0.01,7
2026-01-01 09:04:15,25493314,vault_user,1234,none,rate_limit(5/60s),False,0.0,7
2026-01-01 09:04:15,25493314,system.sec,1234,none,rate_limit(5/60s),False,0.01,7
2026-01-01 09:04:15,25493314,secure.login,1234,none,rate_limit(5/60s),False,0.01,7
2026-01-01 09:04:15,25493314,user1,111111,none,rate_limit(5/60s),False,0.01,8
2026-01-01 09:04:15,25493314,admin,111111,none,rate_limit(5/60s),False,0.01,8
2026-01-01 09:04:15,25493314,guest,111111,none,rate_limit(5/60s),False,0.01,8
2026-01-01 09:04:15,25493314,test,111111,none,rate_limit(5/60s),False,0.01,8
2026-01-01 09:04:15,25493314,hello,111111,none,rate_limit(5/60s),False,0.01,8
2026-01-01 09:04:15,25493314,name,111111,none,rate_limit(5/60s),False,0.0,8
2026-01-01 09:04:15,25493314,login,111111,none,rate_limit(5/60s),False,0.0,8
2026-01-01 09:04:15,25493314,abc,111111,none,rate_limit(5/60s),False,0.0,8
2026-01-01 09:04:15,25493314,demo,111111,none,rate_limit(5/60s),False,0.0,8
2026-01-01 09:04:15,25493314,student,111111,none,rate_limit(5/60s),False,0.0,8
2026-01-01 09:04:15,25493314,Student_user,111111,none,rate_limit(5/60s),False,0.0,8
2026-01-01 09:04:15,25493314,user_test,111111,none,rate_limit(5/60s),False,0.0,8
2026-01-01 09:04:15,25493314,bluecat,111111,none,rate_limit(5/60s),False,0.0,8
2026-01-01 09:04:15,25493314,student1,111111,none,rate_limit(5/60s),False,0.0,8
2026-01-01 09:04:15,25493314,login_user,111111,none,rate_limit(5/60s),False,0.0,8
2026-01-01 09:04:15,25493314,pythonfan,111111,none,rate_limit(5/60s),False,0.0,8
2026-01-01 09:04:15,25493314,techgirl,111111,none,rate_limit(5/60s),False,0.0,8
2026-01-01 09:04:15,25493314,cloud_user,111111,none,rate_limit(5/60s),False,0.01,8
2026-01-01 09:04:15,25493314,gamer22,111111,none,rate_limit(5/60s),False,0.0,8
2026-01-01 09:04:15,25493314,webdev,111111,none,rate_limit(5/60s),False,0.01,8
2026-01-01 09:04:15,25493314,sha.sec,111111,none,rate_limit(5/60s),False,0.01,8
2026-01-01 09:04:15,25493314,secure_user,111111,none,rate_limit(5/60s),False,0.0,8
2026-01-01 09:04:15,25493314,cyber.auth,111111,none,rate_limit(5/60s),False,0.0,8
2026-01-01 09:04:15,25493314,dev.access,111111,none,rate_limit(5/60s),False,0.0,8
2026-01-01 09:04:15,25493314,root.guard,111111,none,rate_limit(5/60s),False,0.0,8
2026-01-01 09:04:16,25493314,net.lock,111111,none,rate_limit(5/60s),False,0.0,8
2026-01-01 09:04:16,25493314,auth.master,111111,none,rate_limit(5/60s),False,0.01,8
2026-01-01 09:04:16,25493314,vault_user,111111,none,rate_limit(5/60s),False,0.0,8
2026-01-01 09:04:16,25493314,system.sec,111111,none,rate_limit(5/60s),False,0.0,8
2026-01-01 09:04:16,25493314,secure.login,111111,none,rate_limit(5/60s),False,0.01,8
2026-01-01 09:04:16,25493314,user1,1234567,none,rate_limit(5/60s),False,0.0,9
2026-01-01 09:04:16,25493314,admin,1234567,none,rate_limit(5/60s),False,0.01,9
2026-01-01 09:04:16,25493314,guest,1234567,none,rate_limit(5/60s),False,0.0,9
2026-01-01 09:04:16,25493314,test,1234567,none,rate_limit(5/60s),False,0.01,9
2026-01-01 09:04:16,25493314,hello,1234567,none,rate_limit(5/60s),False,0.0,9
2026-01-01 09:04:16,25493314,name,1234567,none,rate_limit(5/60s),False,0.04,9
2026-01-01 09:04:16,25493314,login,1234567,none,rate_limit(5/60s),False,0.0,9
2026-01-01 09:04:16,25493314,abc,1234567,none,rate_limit(5/60s),False,0.0,9
2026-01-01 09:04:16,25493314,demo,1234567,none,rate_limit(5/60s),False,0.0,9
2026-01-01 09:04:16,25493314,student,1234567,none,rate_limit(5/60s),False,0.0,9
2026-01-01 09:04:16,25493314,Student_user,1234567,none,rate_limit(5/60s),False,0.0,9
2026-01-01 09:04:16,25493314,user_test,1234567,none,rate_limit(5/60s),False,0.0,9
2026-01-01 09:04:16,25493314,bluecat,1234567,none,rate_limit(5/60s),False,0.0,9
2026-01-01 09:04:16,25493314,student1,1234567,none,rate_limit(5/60s),False,0.01,9
2026-01-01 09:04:16,25493314,login_user,1234567,none,rate_limit(5/60s),False,0.0,9
2026-01-01 09:04:16,25493314,pythonfan,1234567,none,rate_limit(5/60s),False,0.0,9
2026-01-01 09:04:16,25493314,techgirl,1234567,none,rate_limit(5/60s),False,0.01,9
2026-01-01 09:04:16,25493314,cloud_user,1234567,none,rate_limit(5/60s),False,0.0,9
2026-01-01 09:04:16,25493314,gamer22,1234567,none,rate_limit(5/60s),False,0.01,9
2026-01-01 09:04:16,25493314,webdev,1234567,none,rate_limit(5/60s),False,0.01,9
2026-01-01 09:04:16,25493314,sha.sec,1234567,none,rate_limit(5/60s),False,0.01,9
2026-01-01 09:04:16,25493314,secure_user,1234567,none,rate_limit(5/60s),False,0.0,9
2026-01-01 09:04:16,25493314,cyber.auth,1234567,none,rate_limit(5/60s),False,0.0,9
2026-01-01 09:04:16,25493314,dev.access,1234567,none,rate_limit(5/60s),False,0.01,9
2026-01-01 09:04:16,25493314,root.guard,1234567,none,rate_limit(5/60s),False,0.0,9
2026-01-01 09:04:16,25493314,net.lock,1234567,none,rate_limit(5/60s),False,0.0,9
2026-01-01 09:04:16,25493314,auth.master,1234567,none,rate_limit(5/60s),False,0.0,9
2026-01-01 09:04:16,25493314,vault_user,1234567,none,rate_limit(5/60s),False,0.0,9
2026-01-01 09:04:16,25493314,system.sec,1234567,none,rate_limit(5/60s),False,0.0,9
2026-01-01 09:04:16,25493314,secure.login,1234567,none,rate_limit(5/60s),False,0.0,9
2026-01-01 09:04:16,25493314,user1,dragon,none,rate_limit(5/60s),False,0.0,10
2026-01-01 09:04:16,25493314,admin,dragon,none,rate_limit(5/60s),False,0.0,10
2026-01-01 09:04:16,25493314,guest,dragon,none,rate_limit(5/60s),False,0.0,10
2026-01-01 09:04:16,25493314,test,dragon,none,rate_limit(5/60s),False,0.0,10
2026-01-01 09:04:16,25493314,hello,dragon,none,rate_limit(5/60s),False,0.0,10
2026-01-01 09:04:16,25493314,name,dragon,none,rate_limit(5/60s),False,0.0,10
2026-01-01 09:04:16,25493314,login,dragon,none,rate_limit(5/60s),False,0.0,10
2026-01-01 09:04:16,25493314,abc,dragon,none,rate_limit(5/60s),False,0.0,10
2026-01-01 09:04:16,25493314,demo,dragon,none,rate_limit(5/60s),False,0.0,10
2026-01-01 09:04:16,25493314,student,dragon,none,rate_limit(5/60s),False,0.01,10
2026-01-01 09:04:16,25493314,Student_user,dragon,none,rate_limit(5/60s),False,0.0,10
2026-01-01 09:04:16,25493314,user_test,dragon,none,rate_limit(5/60s),False,0.0,10
2026-01-01 09:04:16,25493314,bluecat,dragon,none,rate_limit(5/60s),False,0.0,10
2026-01-01 09:04:16,25493314,student1,dragon,none,rate_limit(5/60s),False,0.0,10
2026-01-01 09:04:16,25493314,login_user,dragon,none,rate_limit(5/60s),False,0.0,10
2026-01-01 09:04:16,25493314,pythonfan,dragon,none,rate_limit(5/60s),False,0.0,10
2026-01-01 09:04:16,25493314,techgirl,dragon,none,rate_limit(5/60s),False,0.0,10
2026-01-01 09:04:16,25493314,cloud_user,dragon,none,rate_limit(5/60s),False,0.0,10
2026-01-01 09:04:16,25493314,gamer22,dragon,none,rate_limit(5/60s),False,0.0,10
2026-01-01 09:04:16,25493314,webdev,dragon,none,rate_limit(5/60s),False,0.0,10
2026-01-01 09:04:16,25493314,sha.sec,dragon,none,rate_limit(5/60s),False,0.01,10
2026-01-01 09:04:16,25493314,secure_user,dragon,none,rate_limit(5/60s),False,0.0,10
2026-01-01 09:04:16,25493314,cyber.auth,dragon,none,rate_limit(5/60s),False,0.0,10
2026-01-01 09:04:16,25493314,dev.access,dragon,none,rate_limit(5/60s),False,0.0,10
2026-01-01 09:04:16,25493314,root.guard,dragon,none,rate_limit(5/60s),False,0.0,10
2026-01-01 09:04:16,25493314,net.lock,dragon,none,rate_limit(5/60s),False,0.01,10
2026-01-01 09:04:16,25493314,auth.master,dragon,none,rate_limit(5/60s),False,0.01,10
2026-01-01 09:04:16,25493314,vault_user,dragon,none,rate_limit(5/60s),False,0.0,10
2026-01-01 09:04:16,25493314,system.sec,dragon,none,rate_limit(5/60s),False,0.0,10
2026-01-01 09:04:16,25493314,secure.login,dragon,none,rate_limit(5/60s),False,0.0,10
2026-01-01 09:04:16,25493314,user1,123123,none,rate_limit(5/60s),False,0.01,11
2026-01-01 09:04:16,25493314,admin,123123,none,rate_limit(5/60s),False,0.0,11
2026-01-01 09:04:16,25493314,guest,123123,none,rate_limit(5/60s),False,0.0,11
2026-01-01 09:04:16,25493314,test,123123,none,rate_limit(5/60s),False,0.0,11
2026-01-01 09:04:16,25493314,hello,123123,none,rate_limit(5/60s),False,0.01,11
2026-01-01 09:04:16,25493314,name,123123,none,rate_limit(5/60s),False,0.0,11
2026-01-01 09:04:16,25493314,login,123123,none,rate_limit(5/60s),False,0.01,11
2026-01-01 09:04:16,25493314,abc,123123,none,rate_limit(5/60s),False,0.0,11
2026-01-01 09:04:16,25493314,demo,123123,none,rate_limit(5/60s),False,0.0,11
2026-01-01 09:04:16,25493314,student,123123,none,rate_limit(5/60s),False,0.0,11
2026-01-01 09:04:16,25493314,Student_user,123123,none,rate_limit(5/60s),False,0.01,11
2026-01-01 09:04:16,25493314,user_test,123123,none,rate_limit(5/60s),False,0.0,11
2026-01-01 09:04:16,25493314,bluecat,123123,none,rate_limit(5/60s),False,0.01,11
2026-01-01 09:04:16,25493314,student1,123123,none,rate_limit(5/60s),False,0.0,11
2026-01-01 09:04:16,25493314,login_user,123123,none,rate_limit(5/60s),False,0.0,11
2026-01-01 09:04:16,25493314,pythonfan,123123,none,rate_limit(5/60s),False,0.32,11
2026-01-01 09:04:16,25493314,techgirl,123123,none,rate_limit(5/60s),False,0.17,11
2026-01-01 09:04:16,25493314,cloud_user,123123,none,rate_limit(5/60s),False,0.16,11
2026-01-01 09:04:16,25493314,gamer22,123123,none,rate_limit(5/60s),False,0.18,11
2026-01-01 09:04:16,25493314,webdev,123123,none,rate_limit(5/60s),False,0.2,11
2026-01-01 09:04:16,25493314,sha.sec,123123,none,rate_limit(5/60s),False,0.0,11
2026-01-01 09:05:15,25493314,secure_user,123123,none,rate_limit(5/60s),False,0.02,11
2026-01-01 09:05:15,25493314,cyber.auth,123123,none,rate_limit(5/60s),False,0.01,11
2026-01-01 09:05:15,25493314,dev.access,123123,none,rate_limit(5/60s),False,0.01,11
2026-01-01 09:05:15,25493314,root.guard,123123,none,rate_limit(5/60s),False,0.01,11
2026-01-01 09:05:15,25493314,net.lock,123123,none,rate_limit(5/60s),False,0.01,11
2026-01-01 09:05:15,25493314,auth.master,123123,none,rate_limit(5/60s),False,0.01,11
2026-01-01 09:05:15,25493314,vault_user,123123,none,rate_limit(5/60s),False,0.01,11
2026-01-01 09:05:15,25493314,system.sec,123123,none,rate_limit(5/60s),False,0.01,11
2026-01-01 09:05:15,25493314,secure.login,123123,none,rate_limit(5/60s),False,0.0,11
2026-01-01 09:05:15,25493314,user1,baseball,none,rate_limit(5/60s),False,0.0,12
2026-01-01 09:05:15,25493314,admin,baseball,none,rate_limit(5/60s),False,0.0,12
2026-01-01 09:05:15,25493314,guest,baseball,none,rate_limit(5/60s),False,0.0,12
2026-01-01 09:05:15,25493314,test,baseball,none,rate_limit(5/60s),False,0.01,12
2026-01-01 09:05:15,25493314,hello,baseball,none,rate_limit(5/60s),False,0.0,12
2026-01-01 09:05:15,25493314,name,baseball,none,rate_limit(5/60s),False,0.0,12
2026-01-01 09:05:15,25493314,login,baseball,none,rate_limit(5/60s),False,0.0,12
2026-01-01 09:05:15,25493314,abc,baseball,none,rate_limit(5/60s),False,0.0,12
2026-01-01 09:05:15,25493314,demo,baseball,none,rate_limit(5/60s),False,0.0,12
2026-01-01 09:05:15,25493314,student,baseball,none,rate_limit(5/60s),False,0.0,12
2026-01-01 09:05:15,25493314,Student_user,baseball,none,rate_limit(5/60s),False,0.0,12
2026-01-01 09:05:15,25493314,user_test,baseball,none,rate_limit(5/60s),False,0.01,12
2026-01-01 09:05:15,25493314,bluecat,baseball,none,rate_limit(5/60s),False,0.0,12
2026-01-01 09:05:15,25493314,student1,baseball,none,rate_limit(5/60s),False,0.0,12
2026-01-01 09:05:15,25493314,login_user,baseball,none,rate_limit(5/60s),False,0.0,12
2026-01-01 09:05:15,25493314,pythonfan,baseball,none,rate_limit(5/60s),False,0.0,12
2026-01-01 09:05:15,25493314,techgirl,baseball,none,rate_limit(5/60s),False,0.0,12
2026-01-01 09:05:15,25493314,cloud_user,baseball,none,rate_limit(5/60s),False,0.0,12
2026-01-01 09:05:15,25493314,gamer22,baseball,none,rate_limit(5/60s),False,0.0,12
2026-01-01 09:05:15,25493314,webdev,baseball,none,rate_limit(5/60s),False,0.0,12
2026-01-01 09:05:15,25493314,sha.sec,baseball,none,rate_limit(5/60s),False,0.0,12
2026-01-01 09:05:15,25493314,secure_user,baseball,none,rate_limit(5/60s),False,0.0,12
2026-01-01 09:05:15,25493314,cyber.auth,baseball,none,rate_limit(5/60s),False,0.0,12
2026-01-01 09:05:16,25493314,dev.access,baseball,none,rate_limit(5/60s),False,0.01,12
2026-01-01 09:05:16,25493314,root.guard,baseball,none,rate_limit(5/60s),False,0.0,12
2026-01-01 09:05:16,25493314,net.lock,baseball,none,rate_limit(5/60s),False,0.0,12
2026-01-01 09:05:16,25493314,auth.master,baseball,none,rate_limit(5/60s),False,0.0,12
2026-01-01 09:05:16,25493314,vault_user,baseball,none,rate_limit(5/60s),False,0.0,12
2026-01-01 09:05:16,25493314,system.sec,baseball,none,rate_limit(5/60s),False,0.0,12
2026-01-01 09:05:16,25493314,secure.login,baseball,none,rate_limit(5/60s),False,0.0,12
2026-01-01 09:05:16,25493314,user1,abc123,none,rate_limit(5/60s),False,0.0,13
2026-01-01 09:05:16,25493314,admin,abc123,none,rate_limit(5/60s),False,0.0,13
2026-01-01 09:05:16,25493314,guest,abc123,none,rate_limit(5/60s),False,0.0,13
2026-01-01 09:05:16,25493314,test,abc123,none,rate_limit(5/60s),False,0.0,13
2026-01-01 09:05:16,25493314,hello,abc123,none,rate_limit(5/60s),False,0.0,13
2026-01-01 09:05:16,25493314,name,abc123,none,rate_limit(5/60s),False,0.01,13
2026-01-01 09:05:16,25493314,login,abc123,none,rate_limit(5/60s),False,0.0,13
2026-01-01 09:05:16,25493314,abc,abc123,none,rate_limit(5/60s),False,0.0,13
2026-01-01 09:05:16,25493314,demo,abc123,none,rate_limit(5/60s),False,0.01,13
2026-01-01 09:05:16,25493314,student,abc123,none,rate_limit(5/60s),False,0.0,13
2026-01-01 09:05:16,25493314,Student_user,abc123,none,rate_limit(5/60s),False,0.0,13
2026-01-01 09:05:16,25493314,user_test,abc123,none,rate_limit(5/60s),False,0.01,13
2026-01-01 09:05:16,25493314,bluecat,abc123,none,rate_limit(5/60s),False,0.01,13
2026-01-01 09:05:16,25493314,student1,abc123,none,rate_limit(5/60s),False,0.0,13
2026-01-01 09:05:16,25493314,login_user,abc123,none,rate_limit(5/60s),False,0.0,13
2026-01-01 09:05:16,25493314,pythonfan,abc123,none,rate_limit(5/60s),False,0.01,13
2026-01-01 09:05:16,25493314,techgirl,abc123,none,rate_limit(5/60s),False,0.0,13
2026-01-01 09:05:16,25493314,cloud_user,abc123,none,rate_limit(5/60s),False,0.01,13
2026-01-01 09:05:16,25493314,gamer22,abc123,none,rate_limit(5/60s),False,0.0,13
2026-01-01 09:05:16,25493314,webdev,abc123,none,rate_limit(5/60s),False,0.0,13
2026-01-01 09:05:16,25493314,sha.sec,abc123,none,rate_limit(5/60s),False,0.0,13
2026-01-01 09:05:16,25493314,secure_user,abc123,none,rate_limit(5/60s),False,0.0,13
2026-01-01 09:05:16,25493314,cyber.auth,abc123,none,rate_limit(5/60s),False,0.0,13
2026-01-01 09:05:16,25493314,dev.access,abc123,none,rate_limit(5/60s),False,0.0,13
2026-01-01 09:05:16,25493314,root.guard,abc123,none,rate_limit(5/60s),False,0.0,13
2026-01-01 09:05:16,25493314,net.lock,abc123,none,rate_limit(5/60s),False,0.0,13
2026-01-01 09:05:16,25493314,auth.master,abc123,none,rate_limit(5/60s),False,0.0,13
2026-01-01 09:05:16,25493314,vault_user,abc123,none,rate_limit(5/60s),False,0.01,13
2026-01-01 09:05:16,25493314,system.sec,abc123,none,rate_limit(5/60s),False,0.0,13
2026-01-01 09:05:16,25493314,secure.login,abc123,none,rate_limit(5/60s),False,0.0,13
2026-01-01 09:05:16,25493314,user1,football,none,rate_limit(5/60s),False,0.01,14
2026-01-01 09:05:16,25493314,admin,football,none,rate_limit(5/60s),False,0.01,14
2026-01-01 09:05:16,25493314,guest,football,none,rate_limit(5/60s),False,0.0,14
2026-01-01 09:05:16,25493314,test,football,none,rate_limit(5/60s),False,0.0,14
2026-01-01 09:05:16,25493314,hello,football,none,rate_limit(5/60s),False,0.0,14
2026-01-01 09:05:16,25493314,name,football,none,rate_limit(5/60s),False,0.0,14
2026-01-01 09:05:16,25493314,login,football,none,rate_limit(5/60s),False,0.0,14
2026-01-01 09:05:16,25493314,abc,football,none,rate_limit(5/60s),False,0.0,14
2026-01-01 09:05:16,25493314,demo,football,none,rate_limit(5/60s),False,0.0,14
2026-01-01 09:05:16,25493314,student,football,none,rate_limit(5/60s),False,0.0,14
2026-01-01 09:05:16,25493314,Student_user,football,none,rate_limit(5/60s),False,0.0,14
2026-01-01 09:05:16,25493314,user_test,football,none,rate_limit(5/60s),False,0.0,14
2026-01-01 09:05:16,25493314,bluecat,football,none,rate_limit(5/60s),False,0.0,14
2026-01-01 09:05:16,25493314,student1,football,none,rate_limit(5/60s),False,0.0,14
2026-01-01 09:05:16,25493314,login_user,football,none,rate_limit(5/60s),False,0.0,14
2026-01-01 09:05:16,25493314,pythonfan,football,none,rate_limit(5/60s),False,0.0,14
2026-01-01 09:05:16,25493314,techgirl,football,none,rate_limit(5/60s),False,0.0,14
2026-01-01 09:05:16,25493314,cloud_user,football,none,rate_limit(5/60s),False,0.0,14
2026-01-01 09:05:16,25493314,gamer22,football,none,rate_limit(5/60s),False,0.0,14
2026-01-01 09:05:16,25493314,webdev,football,none,rate_limit(5/60s),False,0.0,14
2026-01-01 09:05:16,25493314,sha.sec,football,none,rate_limit(5/60s),False,0.0,14
2026-01-01 09:05:16,25493314,secure_user,football,none,rate_limit(5/60s),False,0.0,14
2026-01-01 09:05:16,25493314,cyber.auth,football,none,rate_limit(5/60s),False,0.01,14
2026-01-01 09:05:16,25493314,dev.access,football,none,rate_limit(5/60s),False,0.0,14
2026-01-01 09:05:16,25493314,root.guard,football,none,rate_limit(5/60s),False,0.0,14
2026-01-01 09:05:16,25493314,net.lock,football,none,rate_limit(5/60s),False,0.0,14
2026-01-01 09:05:16,25493314,auth.master,football,none,rate_limit(5/60s),False,0.0,14
2026-01-01 09:05:16,25493314,vault_user,football,none,rate_limit(5/60s),False,0.01,14
2026-01-01 09:05:16,25493314,system.sec,football,none,rate_limit(5/60s),False,0.16,14
2026-01-01 09:05:16,25493314,secure.login,football,none,rate_limit(5/60s),False,0.17,14
2026-01-01 09:05:16,25493314,user1,monkey,none,rate_limit(5/60s),False,0.16,15
2026-01-01 09:05:16,25493314,admin,monkey,none,rate_limit(5/60s),False,0.16,15
2026-01-01 09:05:16,25493314,guest,monkey,none,rate_limit(5/60s),False,0.26,15
2026-01-01 09:05:16,25493314,test,monkey,none,rate_limit(5/60s),False,0.01,15
2026-01-01 09:06:15,25493314,hello,monkey,none,rate_limit(5/60s),False,0.02,15
2026-01-01 09:06:15,25493314,name,monkey,none,rate_limit(5/60s),False,0.01,15
2026-01-01 09:06:15,25493314,login,monkey,none,rate_limit(5/60s),False,0.01,15
2026-01-01 09:06:15,25493314,abc,monkey,none,rate_limit(5/60s),False,0.01,15
2026-01-01 09:06:15,25493314,demo,monkey,none,rate_limit(5/60s),False,0.01,15
2026-01-01 09:06:15,25493314,student,monkey,none,rate_limit(5/60s),False,0.01,15
2026-01-01 09:06:15,25493314,Student_user,monkey,none,rate_limit(5/60s),False,0.01,15
2026-01-01 09:06:15,25493314,user_test,monkey,none,rate_limit(5/60s),False,0.01,15
2026-01-01 09:06:15,25493314,bluecat,monkey,none,rate_limit(5/60s),False,0.01,15
2026-01-01 09:06:15,25493314,student1,monkey,none,rate_limit(5/60s),False,0.01,15
2026-01-01 09:06:15,25493314,login_user,monkey,none,rate_limit(5/60s),False,0.0,15
2026-01-01 09:06:15,25493314,pythonfan,monkey,none,rate_limit(5/60s),False,0.02,15
2026-01-01 09:06:15,25493314,techgirl,monkey,none,rate_limit(5/60s),False,0.0,15
2026-01-01 09:06:15,25493314,cloud_user,monkey,none,rate_limit(5/60s),False,0.0,15
2026-01-01 09:06:15,25493314,gamer22,monkey,none,rate_limit(5/60s),False,0.0,15
2026-01-01 09:06:15,25493314,webdev,monkey,none,rate_limit(5/60s),False,0.0,15
2026-01-01 09:06:15,25493314,sha.sec,monkey,none,rate_limit(5/60s),False,0.01,15
2026-01-01 09:06:15,25493314,secure_user,monkey,none,rate_limit(5/60s),False,0.0,15
2026-01-01 09:06:15,25493314,cyber.auth,monkey,none,rate_limit(5/60s),False,0.0,15
2026-01-01 09:06:15,25493314,dev.access,monkey,none,rate_limit(5/60s),False,0.0,15
2026-01-01 09:06:15,25493314,root.guard,monkey,none,rate_limit(5/60s),False,0.0,15
2026-01-01 09:06:15,25493314,net.lock,monkey,none,rate_limit(5/60s),False,0.0,15
2026-01-01 09:06:15,25493314,auth.master,monkey,none,rate_limit(5/60s),False,0.0,15
2026-01-01 09:06:16,25493314,vault_user,monkey,none,rate_limit(5/60s),False,0.0,15
2026-01-01 09:06:16,25493314,system.sec,monkey,none,rate_limit(5/60s),False,0.0,15
2026-01-01 09:06:16,25493314,secure.login,monkey,none,rate_limit(5/60s),False,0.0,15
2026-01-01 09:06:16,25493314,user1,letmein,none,rate_limit(5/60s),False,0.0,16
2026-01-01 09:06:16,25493314,admin,letmein,none,rate_limit(5/60s),False,0.0,16
2026-01-01 09:06:16,25493314,guest,letmein,none,rate_limit(5/60s),False,0.0,16
2026-01-01 09:06:16,25493314,test,letmein,none,rate_limit(5/60s),False,0.01,16
2026-01-01 09:06:16,25493314,hello,letmein,none,rate_limit(5/60s),False,0.0,16
2026-01-01 09:06:16,25493314,name,letmein,none,rate_limit(5/60s),False,0.0,16
2026-01-01 09:06:16,25493314,login,letmein,none,rate_limit(5/60s),False,0.0,16
2026-01-01 09:06:16,25493314,abc,letmein,none,rate_limit(5/60s),False,0.0,16
2026-01-01 09:06:16,25493314,demo,letmein,none,rate_limit(5/60s),False,0.01,16
2026-01-01 09:06:16,25493314,student,letmein,none,rate_limit(5/60s),False,0.0,16
2026-01-01 09:06:16,25493314,Student_user,letmein,none,rate_limit(5/60s),False,0.0,16
2026-01-01 09:06:16,25493314,user_test,letmein,none,rate_limit(5/60s),False,0.01,16
2026-01-01 09:06:16,25493314,bluecat,letmein,none,rate_limit(5/60s),False,0.0,16
2026-01-01 09:06:16,25493314,student1,letmein,none,rate_limit(5/60s),False,0.0,16
2026-01-01 09:06:16,25493314,login_user,letmein,none,rate_limit(5/60s),False,0.0,16
2026-01-01 09:06:16,25493314,pythonfan,letmein,none,rate_limit(5/60s),False,0.0,16
2026-01-01 09:06:16,25493314,techgirl,letmein,none,rate_limit(5/60s),False,0.0,16
2026-01-01 09:06:16,25493314,cloud_user,letmein,none,rate_limit(5/60s),False,0.0,16
2026-01-01 09:06:16,25493314,gamer22,letmein,none,rate_limit(5/60s),False,0.0,16
2026-01-01 09:06:16,25493314,webdev,letmein,none,rate_limit(5/60s),False,0.01,16
2026-01-01 09:06:16,25493314,sha.sec,letmein,none,rate_limit(5/60s),False,0.0,16
2026-01-01 09:06:16,25493314,secure_user,letmein,none,rate_limit(5/60s),False,0.0,16
2026-01-01 09:06:16,25493314,cyber.auth,letmein,none,rate_limit(5/60s),False,0.01,16
2026-01-01 09:06:16,25493314,dev.access,letmein,none,rate_limit(5/60s),False,0.01,16
2026-01-01 09:06:16,25493314,root.guard,letmein,none,rate_limit(5/60s),False,0.01,16
2026-01-01 09:06:16,25493314,net.lock,letmein,none,rate_limit(5/60s),False,0.0,16
2026-01-01 09:06:16,25493314,auth.master,letmein,none,rate_limit(5/60s),False,0.0,16
2026-01-01 09:06:16,25493314,vault_user,letmein,none,rate_limit(5/60s),False,0.01,16
2026-01-01 09:06:16,25493314,system.sec,letmein,none,rate_limit(5/60s),False,0.0,16
2026-01-01 09:06:16,25493314,secure.login,letmein,none,rate_limit(5/60s),False,0.0,16
2026-01-01 09:06:16,25493314,user1,shadow,none,rate_limit(5/60s),False,0.0,17
2026-01-01 09:06:16,25493314,admin,shadow,none,rate_limit(5/60s),False,0.0,17
2026-01-01 09:06:16,25493314,guest,shadow,none,rate_limit(5/60s),False,0.0,17
2026-01-01 09:06:16,25493314,test,shadow,none,rate_limit(5/60s),False,0.0,17
2026-01-01 09:06:16,25493314,hello,shadow,none,rate_limit(5/60s),False,0.0,17
2026-01-01 09:06:16,25493314,name,shadow,none,rate_limit(5/60s),False,0.0,17
2026-01-01 09:06:16,25493314,login,shadow,none,rate_limit(5/60s),False,0.0,17
2026-01-01 09:06:16,25493314,abc,shadow,none,rate_limit(5/60s),False,0.0,17
2026-01-01 09:06:16,25493314,demo,shadow,none,rate_limit(5/60s),False,0.0,17
2026-01-01 09:06:16,25493314,student,shadow,none,rate_limit(5/60s),False,0.0,17
2026-01-01 09:06:16,25493314,Student_user,shadow,none,rate_limit(5/60s),False,0.0,17
2026-01-01 09:06:16,25493314,user_test,shadow,none,rate_limit(5/60s),False,0.0,17
2026-01-01 09:06:16,25493314,bluecat,shadow,none,rate_limit(5/60s),False,0.0,17
2026-01-01 09:06:16,25493314,student1,shadow,none,rate_limit(5/60s),False,0.01,17
2026-01-01 09:06:16,25493314,login_user,shadow,none,rate_limit(5/60s),False,0.01,17
2026-01-01 09:06:16,25493314,pythonfan,shadow,none,rate_limit(5/60s),False,0.02,17
2026-01-01 09:06:16,25493314,techgirl,shadow,none,rate_limit(5/60s),False,0.0,17
2026-01-01 09:06:16,25493314,cloud_user,shadow,none,rate_limit(5/60s),False,0.0,17
2026-01-01 09:06:16,25493314,gamer22,shadow,none,rate_limit(5/60s),False,0.01,17
2026-01-01 09:06:16,25493314,webdev,shadow,none,rate_limit(5/60s),False,0.01,17
2026-01-01 09:06:16,25493314,sha.sec,shadow,none,rate_limit(5/60s),False,0.0,17
2026-01-01 09:06:16,25493314,secure_user,shadow,none,rate_limit(5/60s),False,0.0,17
2026-01-01 09:06:16,25493314,cyber.auth,shadow,none,rate_limit(5/60s),False,0.25,17
2026-01-01 09:06:16,25493314,dev.access,shadow,none,rate_limit(5/60s),False,0.3,17
2026-01-01 09:06:16,25493314,root.guard,shadow,none,rate_limit(5/60s),False,0.27,17
2026-01-01 09:06:16,25493314,net.lock,shadow,none,rate_limit(5/60s),False,0.18,17
2026-01-01 09:06:16,25493314,auth.master,shadow,none,rate_limit(5/60s),False,0.75,17
2026-01-01 09:06:16,25493314,vault_user,shadow,none,rate_limit(5/60s),False,0.01,17
2026-01-01 09:07:15,25493314,system.sec,shadow,none,rate_limit(5/60s),False,0.02,17
2026-01-01 09:07:15,25493314,secure.login,shadow,none,rate_limit(5/60s),False,0.01,17
2026-01-01 09:07:15,25493314,user1,master,none,rate_limit(5/60s),False,0.01,18
2026-01-01 09:07:15,25493314,admin,master,none,rate_limit(5/60s),False,0.01,18
2026-01-01 09:07:15,25493314,guest,master,none,rate_limit(5/60s),False,0.0,18
2026-01-01 09:07:15,25493314,test,master,none,rate_limit(5/60s),False,0.01,18
2026-01-01 09:07:15,25493314,hello,master,none,rate_limit(5/60s),False,0.0,18
2026-01-01 09:07:15,25493314,name,master,none,rate_limit(5/60s),False,0.01,18
2026-01-01 09:07:15,25493314,login,master,none,rate_limit(5/60s),False,0.01,18
2026-01-01 09:07:15,25493314,abc,master,none,rate_limit(5/60s),False,0.01,18
2026-01-01 09:07:15,25493314,demo,master,none,rate_limit(5/60s),False,0.0,18
2026-01-01 09:07:15,25493314,student,master,none,rate_limit(5/60s),False,0.0,18
2026-01-01 09:07:15,25493314,Student_user,master,none,rate_limit(5/60s),False,0.0,18
2026-01-01 09:07:15,25493314,user_test,master,none,rate_limit(5/60s),False,0.0,18
2026-01-01 09:07:15,25493314,bluecat,master,none,rate_limit(5/60s),False,0.01,18
2026-01-01 09:07:15,25493314,student1,master,none,rate_limit(5/60s),False,0.0,18
2026-01-01 09:07:15,25493314,login_user,master,none,rate_limit(5/60s),False,0.0,18
2026-01-01 09:07:15,25493314,pythonfan,master,none,rate_limit(5/60s),False,0.0,18
2026-01-01 09:07:15,25493314,techgirl,master,none,rate_limit(5/60s),False,0.0,18
2026-01-01 09:07:16,25493314,cloud_user,master,none,rate_limit(5/60s),False,0.0,18
2026-01-01 09:07:16,25493314,gamer22,master,none,rate_limit(5/60s),False,0.0,18
2026-01-01 09:07:16,25493314,webdev,master,none,rate_limit(5/60s),False,0.0,18
2026-01-01 09:07:16,25493314,sha.sec,master,none,rate_limit(5/60s),False,0.0,18
2026-01-01 09:07:16,25493314,secure_user,master,none,rate_limit(5/60s),False,0.0,18
2026-01-01 09:07:16,25493314,cyber.auth,master,none,rate_limit(5/60s),False,0.0,18
2026-01-01 09:07:16,25493314,dev.access,master,none,rate_limit(5/60s),False,0.0,18
2026-01-01 09:07:16,25493314,root.guard,master,none,rate_limit(5/60s),False,0.0,18
2026-01-01 09:07:16,25493314,net.lock,master,none,rate_limit(5/60s),False,0.0,18
2026-01-01 09:07:16,25493314,auth.master,master,none,rate_limit(5/60s),False,0.0,18
2026-01-01 09:07:16,25493314,vault_user,master,none,rate_limit(5/60s),False,0.0,18
2026-01-01 09:07:16,25493314,system.sec,master,none,rate_limit(5/60s),False,0.0,18
2026-01-01 09:07:16,25493314,secure.login,master,none,rate_limit(5/60s),False,0.0,18
2026-01-01 09:07:16,25493314,user1,666666,none,rate_limit(5/60s),False,0.0,19
2026-01-01 09:07:16,25493314,admin,666666,none,rate_limit(5/60s),False,0.0,19
2026-01-01 09:07:16,25493314,guest,666666,none,rate_limit(5/60s),False,0.0,19
2026-01-01 09:07:16,25493314,test,666666,none,rate_limit(5/60s),False,0.0,19
2026-01-01 09:07:16,25493314,hello,666666,none,rate_limit(5/60s),False,0.0,19
2026-01-01 09:07:16,25493314,name,666666,none,rate_limit(5/60s),False,0.0,19
2026-01-01 09:07:16,25493314,login,666666,none,rate_limit(5/60s),False,0.0,19
2026-01-01 09:07:16,25493314,abc,666666,none,rate_limit(5/60s),False,0.0,19
2026-01-01 09:07:16,25493314,demo,666666,none,rate_limit(5/60s),False,0.0,19
2026-01-01 09:07:16,25493314,student,666666,none,rate_limit(5/60s),False,0.0,19
2026-01-01 09:07:16,25493314,Student_user,666666,none,rate_limit(5/60s),False,0.0,19
2026-01-01 09:07:16,25493314,user_test,666666,none,rate_limit(5/60s),False,0.01,19
2026-01-01 09:07:16,25493314,bluecat,666666,none,rate_limit(5/60s),False,0.0,19
2026-01-01 09:07:16,25493314,student1,666666,none,rate_limit(5/60s),False,0.0,19
2026-01-01 09:07:16,25493314,login_user,666666,none,rate_limit(5/60s),False,0.0,19
2026-01-01 09:07:16,25493314,pythonfan,666666,none,rate_limit(5/60s),False,0.0,19
2026-01-01 09:07:16,25493314,techgirl,666666,none,rate_limit(5/60s),False,0.0,19
2026-01-01 09:07:16,25493314,cloud_user,666666,none,rate_limit(5/60s),False,0.01,19
2026-01-01 09:07:16,25493314,gamer22,666666,none,rate_limit(5/60s),False,0.0,19
2026-01-01 09:07:16,25493314,webdev,666666,none,rate_limit(5/60s),False,0.0,19
2026-01-01 09:07:16,25493314,sha.sec,666666,none,rate_limit(5/60s),False,0.0,19
2026-01-01 09:07:16,25493314,secure_user,666666,none,rate_limit(5/60s),False,0.0,19
2026-01-01 09:07:16,25493314,cyber.auth,666666,none,rate_limit(5/60s),False,0.0,19
2026-01-01 09:07:16,25493314,dev.access,666666,none,rate_limit(5/60s),False,0.0,19
2026-01-01 09:07:16,25493314,root.guard,666666,none,rate_limit(5/60s),False,0.0,19
2026-01-01 09:07:16,25493314,net.lock,666666,none,rate_limit(5/60s),False,0.01,19
2026-01-01 09:07:16,25493314,auth.master,666666,none,rate_limit(5/60s),False,0.0,19
2026-01-01 09:07:16,25493314,vault_user,666666,none,rate_limit(5/60s),False,0.0,19
2026-01-01 09:07:16,25493314,system.sec,666666,none,rate_limit(5/60s),False,0.0,19
2026-01-01 09:07:16,25493314,secure.login,666666,none,rate_limit(5/60s),False,0.0,19
2026-01-01 09:07:16,25493314,user1,qwertyuiop,none,rate_limit(5/60s),False,0.0,20
2026-01-01 09:07:16,25493314,admin,qwertyuiop,none,rate_limit(5/60s),False,0.0,20
2026-01-01 09:07:16,25493314,guest,qwertyuiop,none,rate_limit(5/60s),False,0.0,20
2026-01-01 09:07:16,25493314,test,qwertyuiop,none,rate_limit(5/60s),False,0.0,20
2026-01-01 09:07:16,25493314,hello,qwertyuiop,none,rate_limit(5/60s),False,0.0,20
2026-01-01 09:07:16,25493314,name,qwertyuiop,none,rate_limit(5/60s),False,0.0,20
2026-01-01 09:07:16,25493314,login,qwertyuiop,none,rate_limit(5/60s),False,0.39,20
2026-01-01 09:07:16,25493314,abc,qwertyuiop,none,rate_limit(5/60s),False,0.22,20
2026-01-01 09:07:16,25493314,demo,qwertyuiop,none,rate_limit(5/60s),False,0.19,20
2026-01-01 09:07:16,25493314,student,qwertyuiop,none,rate_limit(5/60s),False,0.25,20
2026-01-01 09:07:16,25493314,Student_user,qwertyuiop,none,rate_limit(5/60s),False,0.23,20
2026-01-01 09:07:16,25493314,user_test,qwertyuiop,none,rate_limit(5/60s),False,0.01,20
2026-01-01 09:08:15,25493314,bluecat,qwertyuiop,none,rate_limit(5/60s),False,0.06,20
2026-01-01 09:08:15,25493314,student1,qwertyuiop,none,rate_limit(5/60s),False,0.01,20
2026-01-01 09:08:15,25493314,login_user,qwertyuiop,none,rate_limit(5/60s),False,0.01,20
2026-01-01 09:08:15,25493314,pythonfan,qwertyuiop,none,rate_limit(5/60s),False,0.01,20
2026-01-01 09:08:15,25493314,techgirl,qwertyuiop,none,rate_limit(5/60s),False,0.01,20
2026-01-01 09:08:15,25493314,cloud_user,qwertyuiop,none,rate_limit(5/60s),False,0.01,20
2026-01-01 09:08:15,25493314,gamer22,qwertyuiop,none,rate_limit(5/60s),False,0.01,20
2026-01-01 09:08:15,25493314,webdev,qwertyuiop,none,rate_limit(5/60s),False,0.01,20
2026-01-01 09:08:15,25493314,sha.sec,qwertyuiop,none,rate_limit(5/60s),False,0.0,20
2026-01-01 09:08:15,25493314,secure_user,qwertyuiop,none,rate_limit(5/60s),False,0.01,20
2026-01-01 09:08:15,25493314,cyber.auth,qwertyuiop,none,rate_limit(5/60s),False,0.0,20
2026-01-01 09:08:15,25493314,dev.access,qwertyuiop,none,rate_limit(5/60s),False,0.0,20
2026-01-01 09:08:15,25493314,root.guard,qwertyuiop,none,rate_limit(5/60s),False,0.0,20
2026-01-01 09:08:15,25493314,net.lock,qwertyuiop,none,rate_limit(5/60s),False,0.0,20
2026-01-01 09:08:15,25493314,auth.master,qwertyuiop,none,rate_limit(5/60s),False,0.0,20
2026-01-01 09:08:16,25493314,vault_user,qwertyuiop,none,rate_limit(5/60s),False,0.0,20
2026-01-01 09:08:16,25493314,system.sec,qwertyuiop,none,rate_limit(5/60s),False,0.0,20
2026-01-01 09:08:16,25493314,secure.login,qwertyuiop,none,rate_limit(5/60s),False,0.0,20
2026-01-01 09:08:16,25493314,user1,123321,none,rate_limit(5/60s),False,0.0,21
2026-01-01 09:08:16,25493314,admin,123321,none,rate_limit(5/60s),False,0.0,21
2026-01-01 09:08:16,25493314,guest,123321,none,rate_limit(5/60s),False,0.0,21
2026-01-01 09:08:16,25493314,test,123321,none,rate_limit(5/60s),False,0.0,21
2026-01-01 09:08:16,25493314,hello,123321,none,rate_limit(5/60s),False,0.0,21
2026-01-01 09:08:16,25493314,name,123321,none,rate_limit(5/60s),False,0.0,21
2026-01-01 09:08:16,25493314,login,123321,none,rate_limit(5/60s),False,0.0,21
2026-01-01 09:08:16,25493314,abc,123321,none,rate_limit(5/60s),False,0.01,21
2026-01-01 09:08:16,25493314,demo,123321,none,rate_limit(5/60s),False,0.0,21
2026-01-01 09:08:16,25493314,student,123321,none,rate_limit(5/60s),False,0.0,21
2026-01-01 09:08:16,25493314,Student_user,123321,none,rate_limit(5/60s),False,0.01,21
2026-01-01 09:08:16,25493314,user_test,123321,none,rate_limit(5/60s),False,0.0,21
2026-01-01 09:08:16,25493314,bluecat,123321,none,rate_limit(5/60s),False,0.0,21
2026-01-01 09:08:16,25493314,student1,123321,none,rate_limit(5/60s),False,0.01,21
2026-01-01 09:08:16,25493314,login_user,123321,none,rate_limit(5/60s),False,0.0,21
2026-01-01 09:08:16,25493314,pythonfan,123321,none,rate_limit(5/60s),False,0.0,21
2026-01-01 09:08:16,25493314,techgirl,123321,none,rate_limit(5/60s),False,0.0,21
2026-01-01 09:08:16,25493314,cloud_user,123321,none,rate_limit(5/60s),False,0.0,21
2026-01-01 09:08:16,25493314,gamer22,123321,none,rate_limit(5/60s),False,0.0,21
2026-01-01 09:08:16,25493314,webdev,123321,none,rate_limit(5/60s),False,0.0,21
2026-01-01 09:08:16,25493314,sha.sec,123321,none,rate_limit(5/60s),False,0.0,21
2026-01-01 09:08:16,25493314,secure_user,123321,none,rate_limit(5/60s),False,0.0,21
2026-01-01 09:08:16,25493314,cyber.auth,123321,none,rate_limit(5/60s),False,0.0,21
2026-01-01 09:08:16,25493314,dev.access,123321,none,rate_limit(5/60s),False,0.0,21
2026-01-01 09:08:16,25493314,root.guard,123321,none,rate_limit(5/60s),False,0.0,21
2026-01-01 09:08:16,25493314,net.lock,123321,none,rate_limit(5/60s),False,0.0,21
2026-01-01 09:08:16,25493314,auth.master,123321,none,rate_limit(5/60s),False,0.0,21
2026-01-01 09:08:16,25493314,vault_user,123321,none,rate_limit(5/60s),False,0.0,21
2026-01-01 09:08:16,25493314,system.sec,123321,none,rate_limit(5/60s),False,0.0,21
2026-01-01 09:08:16,25493314,secure.login,123321,none,rate_limit(5/60s),False,0.0,21
2026-01-01 09:08:16,25493314,user1,mustang,none,rate_limit(5/60s),False,0.0,22
2026-01-01 09:08:16,25493314,admin,mustang,none,rate_limit(5/60s),False,0.0,22
2026-01-01 09:08:16,25493314,guest,mustang,none,rate_limit(5/60s),False,0.0,22
2026-01-01 09:08:16,25493314,test,mustang,none,rate_limit(5/60s),False,0.0,22
2026-01-01 09:08:16,25493314,hello,mustang,none,rate_limit(5/60s),False,0.0,22
2026-01-01 09:08:16,25493314,name,mustang,none,rate_limit(5/60s),False,0.0,22
2026-01-01 09:08:16,25493314,login,mustang,none,rate_limit(5/60s),False,0.0,22
2026-01-01 09:08:16,25493314,abc,mustang,none,rate_limit(5/60s),False,0.0,22
2026-01-01 09:08:16,25493314,demo,mustang,none,rate_limit(5/60s),False,0.0,22
2026-01-01 09:08:16,25493314,student,mustang,none,rate_limit(5/60s),False,0.0,22
2026-01-01 09:08:16,25493314,Student_user,mustang,none,rate_limit(5/60s),False,0.49,22
2026-01-01 09:08:16,25493314,user_test,mustang,none,rate_limit(5/60s),False,0.23,22
2026-01-01 09:08:16,25493314,bluecat,mustang,none,rate_limit(5/60s),False,0.22,22
2026-01-01 09:08:16,25493314,student1,mustang,none,rate_limit(5/60s),False,0.23,22
2026-01-01 09:08:16,25493314,login_user,mustang,none,rate_limit(5/60s),False,0.23,22
2026-01-01 09:08:16,25493314,pythonfan,mustang,none,rate_limit(5/60s),False,0.0,22
2026-01-01 09:09:15,25493314,techgirl,mustang,none,rate_limit(5/60s),False,0.03,22
2026-01-01 09:09:15,25493314,cloud_user,mustang,none,rate_limit(5/60s),False,0.01,22
2026-01-01 09:09:15,25493314,gamer22,mustang,none,rate_limit(5/60s),False,0.01,22
2026-01-01 09:09:15,25493314,webdev,mustang,none,rate_limit(5/60s),False,0.01,22
2026-01-01 09:09:15,25493314,sha.sec,mustang,none,rate_limit(5/60s),False,0.01,22
2026-01-01 09:09:15,25493314,secure_user,mustang,none,rate_limit(5/60s),False,0.01,22
2026-01-01 09:09:15,25493314,cyber.auth,mustang,none,rate_limit(5/60s),False,0.01,22
2026-01-01 09:09:15,25493314,dev.access,mustang,none,rate_limit(5/60s),False,0.01,22
2026-01-01 09:09:15,25493314,root.guard,mustang,none,rate_limit(5/60s),False,0.01,22
2026-01-01 09:09:15,25493314,net.lock,mustang,none,rate_limit(5/60s),False,0.0,22
2026-01-01 09:09:15,25493314,auth.master,mustang,none,rate_limit(5/60s),False,0.0,22
2026-01-01 09:09:15,25493314,vault_user,mustang,none,rate_limit(5/60s),False,0.0,22
2026-01-01 09:09:15,25493314,system.sec,mustang,none,rate_limit(5/60s),False,0.0,22
2026-01-01 09:09:15,25493314,secure.login,mustang,none,rate_limit(5/60s),False,0.0,22
2026-01-01 09:09:16,25493314,user1,121212,none,rate_limit(5/60s),False,0.0,23
2026-01-01 09:09:16,25493314,admin,121212,none,rate_limit(5/60s),False,0.0,23
2026-01-01 09:09:16,25493314,guest,121212,none,rate_limit(5/60s),False,0.0,23
2026-01-01 09:09:16,25493314,test,121212,none,rate_limit(5/60s),False,0.0,23
2026-01-01 09:09:16,25493314,hello,121212,none,rate_limit(5/60s),False,0.0,23
2026-01-01 09:09:16,25493314,name,121212,none,rate_limit(5/60s),False,0.0,23
2026-01-01 09:09:16,25493314,login,121212,none,rate_limit(5/60s),False,0.0,23
2026-01-01 09:09:16,25493314,abc,121212,none,rate_limit(5/60s),False,0.0,23
2026-01-01 09:09:16,25493314,demo,121212,none,rate_limit(5/60s),False,0.0,23
2026-01-01 09:09:16,25493314,student,121212,none,rate_limit(5/60s),False,0.0,23
2026-01-01 09:09:16,25493314,Student_user,121212,none,rate_limit(5/60s),False,0.0,23
2026-01-01 09:09:16,25493314,user_test,121212,none,rate_limit(5/60s),False,0.0,23
2026-01-01 09:09:16,25493314,bluecat,121212,none,rate_limit(5/60s),False,0.0,23
2026-01-01 09:09:16,25493314,student1,121212,none,rate_limit(5/60s),False,0.0,23
2026-01-01 09:09:16,25493314,login_user,121212,none,rate_limit(5/60s),False,0.0,23
2026-01-01 09:09:16,25493314,pythonfan,121212,none,rate_limit(5/60s),False,0.0,23
2026-01-01 09:09:16,25493314,techgirl,121212,none,rate_limit(5/60s),False,0.0,23
2026-01-01 09:09:16,25493314,cloud_user,121212,none,rate_limit(5/60s),False,0.0,23
2026-01-01 09:09:16,25493314,gamer22,121212,none,rate_limit(5/60s),False,0.0,23
2026-01-01 09:09:16,25493314,webdev,121212,none,rate_limit(5/60s),False,0.0,23
2026-01-01 09:09:16,25493314,sha.sec,121212,none,rate_limit(5/60s),False,0.0,23
2026-01-01 09:09:16,25493314,secure_user,121212,none,rate_limit(5/60s),False,0.0,23
2026-01-01 09:09:16,25493314,cyber.auth,121212,none,rate_limit(5/60s),False,0.0,23
2026-01-01 09:09:16,25493314,dev.access,121212,none,rate_limit(5/60s),False,0.0,23
2026-01-01 09:09:16,25493314,root.guard,121212,none,rate_limit(5/60s),False,0.01,23
2026-01-01 09:09:16,25493314,net.lock,121212,none,rate_limit(5/60s),False,0.0,23
2026-01-01 09:09:16,25493314,auth.master,121212,none,rate_limit(5/60s),False,0.0,23
2026-01-01 09:09:16,25493314,vault_user,121212,none,rate_limit(5/60s),False,0.0,23
2026-01-01 09:09:16,25493314,system.sec,121212,none,rate_limit(5/60s),False,0.0,23
2026-01-01 09:09:16,25493314,secure.login,121212,none,rate_limit(5/60s),False,0.0,23
2026-01-01 09:09:16,25493314,user1,000000,none,rate_limit(5/60s),False,0.0,24
2026-01-01 09:09:16,25493314,admin,000000,none,rate_limit(5/60s),False,0.0,24
2026-01-01 09:09:16,25493314,guest,000000,none,rate_limit(5/60s),False,0.0,24
2026-01-01 09:09:16,25493314,test,000000,none,rate_limit(5/60s),False,0.0,24
2026-01-01 09:09:16,25493314,hello,000000,none,rate_limit(5/60s),False,0.0,24
2026-01-01 09:09:16,25493314,name,000000,none,rate_limit(5/60s),False,0.0,24
2026-01-01 09:09:16,25493314,login,000000,none,rate_limit(5/60s),False,0.01,24
2026-01-01 09:09:16,25493314,abc,000000,none,rate_limit(5/60s),False,0.01,24
2026-01-01 09:09:16,25493314,demo,000000,none,rate_limit(5/60s),False,0.0,24
2026-01-01 09:09:16,25493314,student,000000,none,rate_limit(5/60s),False,0.0,24
2026-01-01 09:09:16,25493314,Student_user,000000,none,rate_limit(5/60s),False,0.0,24
2026-01-01 09:09:16,25493314,user_test,000000,none,rate_limit(5/60s),False,0.41,24
2026-01-01 09:09:16,25493314,bluecat,000000,none,rate_limit(5/60s),False,0.24,24
2026-01-01 09:09:16,25493314,student1,000000,none,rate_limit(5/60s),False,0.22,24
2026-01-01 09:09:16,25493314,login_user,000000,none,rate_limit(5/60s),False,0.23,24
2026-01-01 09:09:16,25493314,pythonfan,000000,none,rate_limit(5/60s),False,0.22,24
2026-01-01 09:09:16,25493314,techgirl,000000,none,rate_limit(5/60s),False,0.0,24
2026-01-01 10:00:21,25493314,cloud_user,000000,none,rate_limit(5/60s),False,0.91,24
2026-01-01 10:00:22,25493314,gamer22,000000,none,rate_limit(5/60s),False,0.32,24
2026-01-01 10:00:22,25493314,webdev,000000,none,rate_limit(5/60s),False,0.27,24
2026-01-01 10:00:22,25493314,sha.sec,000000,none,rate_limit(5/60s),False,0.19,24
2026-01-01 10:00:22,25493314,secure_user,000000,none,rate_limit(5/60s),False,0.17,24
2026-01-01 10:00:22,25493314,cyber.auth,000000,none,rate_limit(5/60s),False,0.0,24
2026-01-01 10:40:24,25493314,dev.access,000000,none,rate_limit(5/60s),False,1.18,24
2026-01-01 10:40:24,25493314,root.guard,000000,none,rate_limit(5/60s),False,0.32,24
2026-01-01 10:40:24,25493314,net.lock,000000,none,rate_limit(5/60s),False,0.28,24
2026-01-01 10:40:24,25493314,auth.master,000000,none,rate_limit(5/60s),False,0.16,24
2026-01-01 10:40:24,25493314,vault_user,000000,none,rate_limit(5/60s),False,0.24,24
2026-01-01 10:40:24,25493314,system.sec,000000,none,rate_limit(5/60s),False,0.0,24
2026-01-01 10:41:23,25493314,secure.login,000000,none,rate_limit(5/60s),False,0.02,24
2026-01-01 10:41:23,25493314,user1,password1,none,rate_limit(5/60s),False,0.01,25
2026-01-01 10:41:23,25493314,admin,password1,none,rate_limit(5/60s),False,0.01,25
2026-01-01 10:41:23,25493314,guest,password1,none,rate_limit(5/60s),False,0.01,25
2026-01-01 10:41:23,25493314,test,password1,none,rate_limit(5/60s),False,0.01,25
2026-01-01 10:41:23,25493314,hello,password1,none,rate_limit(5/60s),False,0.0,25
2026-01-01 10:41:23,25493314,name,password1,none,rate_limit(5/60s),False,0.01,25
2026-01-01 10:41:23,25493314,login,password1,none,rate_limit(5/60s),False,0.0,25
2026-01-01 10:41:23,25493314,abc,password1,none,rate_limit(5/60s),False,0.01,25
2026-01-01 10:41:23,25493314,demo,password1,none,rate_limit(5/60s),False,0.0,25
2026-01-01 10:41:23,25493314,student,password1,none,rate_limit(5/60s),False,0.0,25
2026-01-01 10:41:23,25493314,Student_user,password1,none,rate_limit(5/60s),False,0.01,25
2026-01-01 10:41:23,25493314,user_test,password1,none,rate_limit(5/60s),False,0.0,25
2026-01-01 10:41:23,25493314,bluecat,password1,none,rate_limit(5/60s),False,0.0,25
2026-01-01 10:41:23,25493314,student1,password1,none,rate_limit(5/60s),False,0.0,25
2026-01-01 10:41:23,25493314,login_user,password1,none,rate_limit(5/60s),False,0.0,25
2026-01-01 10:41:23,25493314,pythonfan,password1,none,rate_limit(5/60s),False,0.0,25
2026-01-01 10:41:23,25493314,techgirl,password1,none,rate_limit(5/60s),False,0.0,25
2026-01-01 10:41:23,25493314,cloud_user,password1,none,rate_limit(5/60s),False,0.0,25
2026-01-01 10:41:23,25493314,gamer22,password1,none,rate_limit(5/60s),False,0.0,25
2026-01-01 10:41:23,25493314,webdev,password1,none,rate_limit(5/60s),False,0.01,25
2026-01-01 10:41:23,25493314,sha.sec,password1,none,rate_limit(5/60s),False,0.0,25
2026-01-01 10:41:23,25493314,secure_user,password1,none,rate_limit(5/60s),False,0.01,25
2026-01-01 10:41:23,25493314,cyber.auth,password1,none,rate_limit(5/60s),False,0.0,25
2026-01-01 10:41:23,25493314,dev.access,password1,none,rate_limit(5/60s),False,0.0,25
2026-01-01 10:41:23,25493314,root.guard,password1,none,rate_limit(5/60s),False,0.0,25
2026-01-01 10:41:23,25493314,net.lock,password1,none,rate_limit(5/60s),False,0.0,25
2026-01-01 10:41:23,25493314,auth.master,password1,none,rate_limit(5/60s),False,0.0,25
2026-01-01 10:41:23,25493314,vault_user,password1,none,rate_limit(5/60s),False,0.0,25
2026-01-01 10:41:23,25493314,system.sec,password1,none,rate_limit(5/60s),False,0.0,25
2026-01-01 10:41:23,25493314,secure.login,password1,none,rate_limit(5/60s),False,0.0,25
2026-01-01 10:41:23,25493314,user1,admin,none,rate_limit(5/60s),False,0.0,26
2026-01-01 10:41:23,25493314,admin,admin,none,rate_limit(5/60s),False,0.0,26
2026-01-01 10:41:23,25493314,guest,admin,none,rate_limit(5/60s),False,0.0,26
2026-01-01 10:41:23,25493314,test,admin,none,rate_limit(5/60s),False,0.0,26
2026-01-01 10:41:23,25493314,hello,admin,none,rate_limit(5/60s),False,0.0,26
2026-01-01 10:41:23,25493314,name,admin,none,rate_limit(5/60s),False,0.0,26
2026-01-01 10:41:23,25493314,login,admin,none,rate_limit(5/60s),False,0.01,26
2026-01-01 10:41:23,25493314,abc,admin,none,rate_limit(5/60s),False,0.01,26
2026-01-01 10:41:23,25493314,demo,admin,none,rate_limit(5/60s),False,0.0,26
2026-01-01 10:41:23,25493314,student,admin,none,rate_limit(5/60s),False,0.0,26
2026-01-01 10:41:24,25493314,Student_user,admin,none,rate_limit(5/60s),False,0.0,26
2026-01-01 10:41:24,25493314,user_test,admin,none,rate_limit(5/60s),False,0.0,26
2026-01-01 10:41:24,25493314,bluecat,admin,none,rate_limit(5/60s),False,0.0,26
2026-01-01 10:41:24,25493314,student1,admin,none,rate_limit(5/60s),False,0.0,26
2026-01-01 10:41:24,25493314,login_user,admin,none,rate_limit(5/60s),False,0.0,26
2026-01-01 10:41:24,25493314,pythonfan,admin,none,rate_limit(5/60s),False,0.0,26
2026-01-01 10:41:24,25493314,techgirl,admin,none,rate_limit(5/60s),False,0.0,26
2026-01-01 10:41:24,25493314,cloud_user,admin,none,rate_limit(5/60s),False,0.0,26
2026-01-01 10:41:24,25493314,gamer22,admin,none,rate_limit(5/60s),False,0.0,26
2026-01-01 10:41:24,25493314,webdev,admin,none,rate_limit(5/60s),False,0.48,26
2026-01-01 10:41:24,25493314,sha.sec,admin,none,rate_limit(5/60s),False,0.23,26
2026-01-01 10:41:24,25493314,secure_user,admin,none,rate_limit(5/60s),False,0.24,26
2026-01-01 10:41:24,25493314,cyber.auth,admin,none,rate_limit(5/60s),False,0.33,26
2026-01-01 10:41:24,25493314,dev.access,admin,none,rate_limit(5/60s),False,0.23,26
2026-01-01 10:41:24,25493314,root.guard,admin,none,rate_limit(5/60s),False,0.0,26
2026-01-01 10:42:23,25493314,net.lock,admin,none,rate_limit(5/60s),False,0.02,26
2026-01-01 10:42:23,25493314,auth.master,admin,none,rate_limit(5/60s),False,0.01,26
2026-01-01 10:42:23,25493314,vault_user,admin,none,rate_limit(5/60s),False,0.01,26
2026-01-01 10:42:23,25493314,system.sec,admin,none,rate_limit(5/60s),False,0.01,26
2026-01-01 10:42:23,25493314,secure.login,admin,none,rate_limit(5/60s),False,0.0,26
2026-01-01 10:42:23,25493314,user1,admin123,none,rate_limit(5/60s),False,0.0,27
2026-01-01 10:42:23,25493314,admin,admin123,none,rate_limit(5/60s),False,0.01,27
2026-01-01 10:42:23,25493314,guest,admin123,none,rate_limit(5/60s),False,0.01,27
2026-01-01 10:42:23,25493314,test,admin123,none,rate_limit(5/60s),False,0.0,27
2026-01-01 10:42:23,25493314,hello,admin123,none,rate_limit(5/60s),False,0.0,27
2026-01-01 10:42:23,25493314,name,admin123,none,rate_limit(5/60s),False,0.0,27
2026-01-01 10:42:23,25493314,login,admin123,none,rate_limit(5/60s),False,0.0,27
2026-01-01 10:42:23,25493314,abc,admin123,none,rate_limit(5/60s),False,0.0,27
2026-01-01 10:42:23,25493314,demo,admin123,none,rate_limit(5/60s),False,0.0,27
2026-01-01 10:42:23,25493314,student,admin123,none,rate_limit(5/60s),False,0.0,27
2026-01-01 10:42:23,25493314,Student_user,admin123,none,rate_limit(5/60s),False,0.0,27
2026-01-01 10:42:23,25493314,user_test,admin123,none,rate_limit(5/60s),False,0.0,27
2026-01-01 10:42:23,25493314,bluecat,admin123,none,rate_limit(5/60s),False,0.0,27
2026-01-01 10:42:23,25493314,student1,admin123,none,rate_limit(5/60s),False,0.0,27
2026-01-01 10:42:23,25493314,login_user,admin123,none,rate_limit(5/60s),False,0.0,27
2026-01-01 10:42:23,25493314,pythonfan,admin123,none,rate_limit(5/60s),False,0.0,27
2026-01-01 10:42:23,25493314,techgirl,admin123,none,rate_limit(5/60s),False,0.0,27
2026-01-01 10:42:23,25493314,cloud_user,admin123,none,rate_limit(5/60s),False,0.01,27
2026-01-01 10:42:23,25493314,gamer22,admin123,none,rate_limit(5/60s),False,0.0,27
2026-01-01 10:42:23,25493314,webdev,admin123,none,rate_limit(5/60s),False,0.0,27
2026-01-01 10:42:23,25493314,sha.sec,admin123,none,rate_limit(5/60s),False,0.0,27
2026-01-01 10:42:23,25493314,secure_user,admin123,none,rate_limit(5/60s),False,0.0,27
2026-01-01 10:42:23,25493314,cyber.auth,admin123,none,rate_limit(5/60s),False,0.0,27
2026-01-01 10:42:23,25493314,dev.access,admin123,none,rate_limit(5/60s),False,0.0,27
2026-01-01 10:42:23,25493314,root.guard,admin123,none,rate_limit(5/60s),False,0.0,27
2026-01-01 10:42:23,25493314,net.lock,admin123,none,rate_limit(5/60s),False,0.0,27
2026-01-01 10:42:23,25493314,auth.master,admin123,none,rate_limit(5/60s),False,0.0,27
2026-01-01 10:42:23,25493314,vault_user,admin123,none,rate_limit(5/60s),False,0.0,27
2026-01-01 10:42:23,25493314,system.sec,admin123,none,rate_limit(5/60s),False,0.0,27
2026-01-01 10:42:23,25493314,secure.login,admin123,none,rate_limit(5/60s),False,0.01,27
2026-01-01 10:42:23,25493314,user1,root,none,rate_limit(5/60s),False,0.01,28
2026-01-01 10:42:23,25493314,admin,root,none,rate_limit(5/60s),False,0.0,28
2026-01-01 10:42:24,25493314,guest,root,none,rate_limit(5/60s),False,0.0,28
2026-01-01 10:42:24,25493314,test,root,none,rate_limit(5/60s),False,0.0,28
2026-01-01 10:42:24,25493314,hello,root,none,rate_limit(5/60s),False,0.0,28
2026-01-01 10:42:24,25493314,name,root,none,rate_limit(5/60s),False,0.0,28
2026-01-01 10:42:24,25493314,login,root,none,rate_limit(5/60s),False,0.0,28
2026-01-01 10:42:24,25493314,abc,root,none,rate_limit(5/60s),False,0.0,28
2026-01-01 10:42:24,25493314,demo,root,none,rate_limit(5/60s),False,0.0,28
2026-01-01 10:42:24,25493314,student,root,none,rate_limit(5/60s),False,0.0,28
2026-01-01 10:42:24,25493314,Student_user,root,none,rate_limit(5/60s),False,0.0,28
2026-01-01 10:42:24,25493314,user_test,root,none,rate_limit(5/60s),False,0.0,28
2026-01-01 10:42:24,25493314,bluecat,root,none,rate_limit(5/60s),False,0.01,28
2026-01-01 10:42:24,25493314,student1,root,none,rate_limit(5/60s),False,0.0,28
2026-01-01 10:42:24,25493314,login_user,root,none,rate_limit(5/60s),False,0.48,28
2026-01-01 10:42:24,25493314,pythonfan,root,none,rate_limit(5/60s),False,0.13,28
2026-01-01 10:42:24,25493314,techgirl,root,none,rate_limit(5/60s),False,0.21,28
2026-01-01 10:42:24,25493314,cloud_user,root,none,rate_limit(5/60s),False,0.2,28
2026-01-01 10:42:24,25493314,gamer22,root,none,rate_limit(5/60s),False,0.0,28
2026-01-01 10:42:24,25493314,webdev,root,none,rate_limit(5/60s),False,0.21,28
2026-01-01 10:42:24,25493314,sha.sec,root,none,rate_limit(5/60s),False,0.0,28
2026-01-01 10:43:23,25493314,secure_user,root,none,rate_limit(5/60s),False,0.03,28
2026-01-01 10:43:23,25493314,cyber.auth,root,none,rate_limit(5/60s),False,0.01,28
2026-01-01 10:43:23,25493314,dev.access,root,none,rate_limit(5/60s),False,0.01,28
2026-01-01 10:43:23,25493314,root.guard,root,none,rate_limit(5/60s),False,0.0,28
2026-01-01 10:43:23,25493314,net.lock,root,none,rate_limit(5/60s),False,0.0,28
2026-01-01 10:43:23,25493314,auth.master,root,none,rate_limit(5/60s),False,0.0,28
2026-01-01 10:43:23,25493314,vault_user,root,none,rate_limit(5/60s),False,0.0,28
2026-01-01 10:43:23,25493314,system.sec,root,none,rate_limit(5/60s),False,0.01,28
2026-01-01 10:43:23,25493314,secure.login,root,none,rate_limit(5/60s),False,0.01,28
2026-01-01 10:43:23,25493314,user1,toor,none,rate_limit(5/60s),False,0.0,29
2026-01-01 10:43:23,25493314,admin,toor,none,rate_limit(5/60s),False,0.0,29
2026-01-01 10:43:23,25493314,guest,toor,none,rate_limit(5/60s),False,0.0,29
2026-01-01 10:43:23,25493314,test,toor,none,rate_limit(5/60s),False,0.0,29
2026-01-01 10:43:23,25493314,hello,toor,none,rate_limit(5/60s),False,0.0,29
2026-01-01 10:43:23,25493314,name,toor,none,rate_limit(5/60s),False,0.0,29
2026-01-01 10:43:23,25493314,login,toor,none,rate_limit(5/60s),False,0.0,29
2026-01-01 10:43:23,25493314,abc,toor,none,rate_limit(5/60s),False,0.0,29
2026-01-01 10:43:23,25493314,demo,toor,none,rate_limit(5/60s),False,0.0,29
2026-01-01 10:43:23,25493314,student,toor,none,rate_limit(5/60s),False,0.01,29
2026-01-01 10:43:23,25493314,Student_user,toor,none,rate_limit(5/60s),False,0.0,29
2026-01-01 10:43:23,25493314,user_test,toor,none,rate_limit(5/60s),False,0.0,29
2026-01-01 10:43:23,25493314,bluecat,toor,none,rate_limit(5/60s),False,0.01,29
2026-01-01 10:43:23,25493314,student1,toor,none,rate_limit(5/60s),False,0.0,29
2026-01-01 10:43:23,25493314,login_user,toor,none,rate_limit(5/60s),False,0.0,29
2026-01-01 10:43:23,25493314,pythonfan,toor,none,rate_limit(5/60s),False,0.0,29
2026-01-01 10:43:23,25493314,techgirl,toor,none,rate_limit(5/60s),False,0.01,29
2026-01-01 10:43:23,25493314,cloud_user,toor,none,rate_limit(5/60s),False,0.0,29
2026-01-01 10:43:23,25493314,gamer22,toor,none,rate_limit(5/60s),False,0.01,29
2026-01-01 10:43:23,25493314,webdev,toor,none,rate_limit(5/60s),False,0.0,29
2026-01-01 10:43:23,25493314,sha.sec,toor,none,rate_limit(5/60s),False,0.01,29
2026-01-01 10:43:23,25493314,secure_user,toor,none,rate_limit(5/60s),False,0.0,29
2026-01-01 10:43:23,25493314,cyber.auth,toor,none,rate_limit(5/60s),False,0.0,29
2026-01-01 10:43:23,25493314,dev.access,toor,none,rate_limit(5/60s),False,0.0,29
2026-01-01 10:43:23,25493314,root.guard,toor,none,rate_limit(5/60s),False,0.0,29
2026-01-01 10:43:23,25493314,net.lock,toor,none,rate_limit(5/60s),False,0.0,29
2026-01-01 10:43:23,25493314,auth.master,toor,none,rate_limit(5/60s),False,0.01,29
2026-01-01 10:43:24,25493314,vault_user,toor,none,rate_limit(5/60s),False,0.0,29
2026-01-01 10:43:24,25493314,system.sec,toor,none,rate_limit(5/60s),False,0.01,29
2026-01-01 10:43:24,25493314,secure.login,toor,none,rate_limit(5/60s),False,0.0,29
2026-01-01 10:43:24,25493314,user1,pass,none,rate_limit(5/60s),False,0.0,30
2026-01-01 10:43:24,25493314,admin,pass,none,rate_limit(5/60s),False,0.0,30
2026-01-01 10:43:24,25493314,guest,pass,none,rate_limit(5/60s),False,0.0,30
2026-01-01 10:43:24,25493314,test,pass,none,rate_limit(5/60s),False,0.0,30
2026-01-01 10:43:24,25493314,hello,pass,none,rate_limit(5/60s),False,0.0,30
2026-01-01 10:43:24,25493314,name,pass,none,rate_limit(5/60s),False,0.0,30
2026-01-01 10:43:24,25493314,login,pass,none,rate_limit(5/60s),False,0.01,30
2026-01-01 10:43:24,25493314,abc,pass,none,rate_limit(5/60s),False,0.0,30
2026-01-01 10:43:24,25493314,demo,pass,none,rate_limit(5/60s),False,0.01,30
2026-01-01 10:43:24,25493314,student,pass,none,rate_limit(5/60s),False,0.43,30
2026-01-01 10:43:24,25493314,Student_user,pass,none,rate_limit(5/60s),False,0.35,30
2026-01-01 10:43:24,25493314,user_test,pass,none,rate_limit(5/60s),False,0.13,30
2026-01-01 10:43:24,25493314,bluecat,pass,none,rate_limit(5/60s),False,0.13,30
2026-01-01 10:43:24,25493314,student1,pass,none,rate_limit(5/60s),False,0.0,30
2026-01-01 10:43:24,25493314,login_user,pass,none,rate_limit(5/60s),False,0.22,30
2026-01-01 10:43:24,25493314,pythonfan,pass,none,rate_limit(5/60s),False,0.0,30
2026-01-01 10:44:23,25493314,techgirl,pass,none,rate_limit(5/60s),False,0.02,30
2026-01-01 10:44:23,25493314,cloud_user,pass,none,rate_limit(5/60s),False,0.01,30
2026-01-01 10:44:23,25493314,gamer22,pass,none,rate_limit(5/60s),False,0.01,30
2026-01-01 10:44:23,25493314,webdev,pass,none,rate_limit(5/60s),False,0.0,30
2026-01-01 10:44:23,25493314,sha.sec,pass,none,rate_limit(5/60s),False,0.0,30
2026-01-01 10:44:23,25493314,secure_user,pass,none,rate_limit(5/60s),False,0.01,30
2026-01-01 10:44:23,25493314,cyber.auth,pass,none,rate_limit(5/60s),False,0.0,30
2026-01-01 10:44:23,25493314,dev.access,pass,none,rate_limit(5/60s),False,0.01,30
2026-01-01 10:44:23,25493314,root.guard,pass,none,rate_limit(5/60s),False,0.0,30
2026-01-01 10:44:23,25493314,net.lock,pass,none,rate_limit(5/60s),False,0.01,30
2026-01-01 10:44:23,25493314,auth.master,pass,none,rate_limit(5/60s),False,0.0,30
2026-01-01 10:44:23,25493314,vault_user,pass,none,rate_limit(5/60s),False,0.0,30
2026-01-01 10:44:23,25493314,system.sec,pass,none,rate_limit(5/60s),False,0.0,30
2026-01-01 10:44:23,25493314,secure.login,pass,none,rate_limit(5/60s),False,0.01,30
2026-01-01 10:44:23,25493314,user1,test,none,rate_limit(5/60s),False,0.01,31
2026-01-01 10:44:23,25493314,admin,test,none,rate_limit(5/60s),False,0.0,31
2026-01-01 10:44:23,25493314,guest,test,none,rate_limit(5/60s),False,0.0,31
2026-01-01 10:44:23,25493314,test,test,none,rate_limit(5/60s),False,0.0,31
2026-01-01 10:44:23,25493314,hello,test,none,rate_limit(5/60s),False,0.0,31
2026-01-01 10:44:23,25493314,name,test,none,rate_limit(5/60s),False,0.01,31
2026-01-01 10:44:23,25493314,login,test,none,rate_limit(5/60s),False,0.0,31
2026-01-01 10:44:23,25493314,abc,test,none,rate_limit(5/60s),False,0.0,31
2026-01-01 10:44:23,25493314,demo,test,none,rate_limit(5/60s),False,0.0,31
2026-01-01 10:44:23,25493314,student,test,none,rate_limit(5/60s),False,0.0,31
2026-01-01 10:44:23,25493314,Student_user,test,none,rate_limit(5/60s),False,0.0,31
2026-01-01 10:44:23,25493314,user_test,test,none,rate_limit(5/60s),False,0.0,31
2026-01-01 10:44:23,25493314,bluecat,test,none,rate_limit(5/60s),False,0.0,31
2026-01-01 10:44:23,25493314,student1,test,none,rate_limit(5/60s),False,0.01,31
2026-01-01 10:44:23,25493314,login_user,test,none,rate_limit(5/60s),False,0.0,31
2026-01-01 10:44:23,25493314,pythonfan,test,none,rate_limit(5/60s),False,0.0,31
2026-01-01 10:44:23,25493314,techgirl,test,none,rate_limit(5/60s),False,0.0,31
2026-01-01 10:44:23,25493314,cloud_user,test,none,rate_limit(5/60s),False,0.0,31
2026-01-01 10:44:23,25493314,gamer22,test,none,rate_limit(5/60s),False,0.0,31
2026-01-01 10:44:23,25493314,webdev,test,none,rate_limit(5/60s),False,0.01,31
2026-01-01 10:44:24,25493314,sha.sec,test,none,rate_limit(5/60s),False,0.0,31
2026-01-01 10:44:24,25493314,secure_user,test,none,rate_limit(5/60s),False,0.0,31
2026-01-01 10:44:24,25493314,cyber.auth,test,none,rate_limit(5/60s),False,0.0,31
2026-01-01 10:44:24,25493314,dev.access,test,none,rate_limit(5/60s),False,0.0,31
2026-01-01 10:44:24,25493314,root.guard,test,none,rate_limit(5/60s),False,0.0,31
2026-01-01 10:44:24,25493314,net.lock,test,none,rate_limit(5/60s),False,0.0,31
2026-01-01 10:44:24,25493314,auth.master,test,none,rate_limit(5/60s),False,0.0,31
2026-01-01 10:44:24,25493314,vault_user,test,none,rate_limit(5/60s),False,0.0,31
2026-01-01 10:44:24,25493314,system.sec,test,none,rate_limit(5/60s),False,0.0,31
2026-01-01 10:44:24,25493314,secure.login,test,none,rate_limit(5/60s),False,0.01,31
2026-01-01 10:44:24,25493314,user1,test123,none,rate_limit(5/60s),False,0.22,32
2026-01-01 10:44:24,25493314,admin,test123,none,rate_limit(5/60s),False,0.22,32
2026-01-01 10:44:24,25493314,guest,test123,none,rate_limit(5/60s),False,0.17,32
2026-01-01 10:44:24,25493314,test,test123,none,rate_limit(5/60s),True,0.14,32
2026-01-01 10:44:24,25493314,hello,test123,none,rate_limit(5/60s),False,0.21,32
2026-01-01 10:44:24,25493314,name,test123,none,rate_limit(5/60s),False,0.2,32
2026-01-01 10:44:24,25493314,login,test123,none,rate_limit(5/60s),False,0.2,32
2026-01-01 10:44:24,25493314,abc,test123,none,rate_limit(5/60s),False,0.23,32
2026-01-01 10:44:24,25493314,demo,test123,none,rate_limit(5/60s),False,0.2,32
2026-01-01 10:44:24,25493314,student,test123,none,rate_limit(5/60s),False,0.01,32
2026-01-01 10:45:23,25493314,Student_user,test123,none,rate_limit(5/60s),False,0.03,32
2026-01-01 10:45:23,25493314,user_test,test123,none,rate_limit(5/60s),False,0.01,32
2026-01-01 10:45:23,25493314,bluecat,test123,none,rate_limit(5/60s),False,0.01,32
2026-01-01 10:45:23,25493314,student1,test123,none,rate_limit(5/60s),False,0.0,32
2026-01-01 10:45:23,25493314,login_user,test123,none,rate_limit(5/60s),False,0.0,32
2026-01-01 10:45:23,25493314,pythonfan,test123,none,rate_limit(5/60s),False,0.0,32
2026-01-01 10:45:23,25493314,techgirl,test123,none,rate_limit(5/60s),False,0.0,32
2026-01-01 10:45:23,25493314,cloud_user,test123,none,rate_limit(5/60s),False,0.0,32
2026-01-01 10:45:23,25493314,gamer22,test123,none,rate_limit(5/60s),False,0.0,32
2026-01-01 10:45:23,25493314,webdev,test123,none,rate_limit(5/60s),False,0.0,32
2026-01-01 10:45:23,25493314,sha.sec,test123,none,rate_limit(5/60s),False,0.0,32
2026-01-01 10:45:23,25493314,secure_user,test123,none,rate_limit(5/60s),False,0.0,32
2026-01-01 10:45:23,25493314,cyber.auth,test123,none,rate_limit(5/60s),False,0.0,32
2026-01-01 10:45:23,25493314,dev.access,test123,none,rate_limit(5/60s),False,0.0,32
2026-01-01 10:45:23,25493314,root.guard,test123,none,rate_limit(5/60s),False,0.0,32
2026-01-01 10:45:23,25493314,net.lock,test123,none,rate_limit(5/60s),False,0.0,32
2026-01-01 10:45:23,25493314,auth.master,test123,none,rate_limit(5/60s),False,0.0,32
2026-01-01 10:45:23,25493314,vault_user,test123,none,rate_limit(5/60s),False,0.01,32
2026-01-01 10:45:23,25493314,system.sec,test123,none,rate_limit(5/60s),False,0.0,32
2026-01-01 10:45:23,25493314,secure.login,test123,none,rate_limit(5/60s),False,0.0,32
2026-01-01 10:45:23,25493314,user1,guest,none,rate_limit(5/60s),False,0.0,33
2026-01-01 10:45:23,25493314,admin,guest,none,rate_limit(5/60s),False,0.0,33
2026-01-01 10:45:23,25493314,guest,guest,none,rate_limit(5/60s),False,0.0,33
2026-01-01 10:45:23,25493314,test,guest,none,rate_limit(5/60s),False,0.0,33
2026-01-01 10:45:23,25493314,hello,guest,none,rate_limit(5/60s),False,0.0,33
2026-01-01 10:45:23,25493314,name,guest,none,rate_limit(5/60s),False,0.0,33
2026-01-01 10:45:23,25493314,login,guest,none,rate_limit(5/60s),False,0.0,33
2026-01-01 10:45:23,25493314,abc,guest,none,rate_limit(5/60s),False,0.01,33
2026-01-01 10:45:23,25493314,demo,guest,none,rate_limit(5/60s),False,0.0,33
2026-01-01 10:45:23,25493314,student,guest,none,rate_limit(5/60s),False,0.0,33
2026-01-01 10:45:23,25493314,Student_user,guest,none,rate_limit(5/60s),False,0.0,33
2026-01-01 10:45:24,25493314,user_test,guest,none,rate_limit(5/60s),False,0.0,33
2026-01-01 10:45:24,25493314,bluecat,guest,none,rate_limit(5/60s),False,0.0,33
2026-01-01 10:45:24,25493314,student1,guest,none,rate_limit(5/60s),False,0.0,33
2026-01-01 10:45:24,25493314,login_user,guest,none,rate_limit(5/60s),False,0.0,33
2026-01-01 10:45:24,25493314,pythonfan,guest,none,rate_limit(5/60s),False,0.0,33
2026-01-01 10:45:24,25493314,techgirl,guest,none,rate_limit(5/60s),False,0.0,33
2026-01-01 10:45:24,25493314,cloud_user,guest,none,rate_limit(5/60s),False,0.0,33
2026-01-01 10:45:24,25493314,gamer22,guest,none,rate_limit(5/60s),False,0.0,33
2026-01-01 10:45:24,25493314,webdev,guest,none,rate_limit(5/60s),False,0.0,33
2026-01-01 10:45:24,25493314,sha.sec,guest,none,rate_limit(5/60s),False,0.0,33
2026-01-01 10:45:24,25493314,secure_user,guest,none,rate_limit(5/60s),False,0.0,33
2026-01-01 10:45:24,25493314,cyber.auth,guest,none,rate_limit(5/60s),False,0.0,33
2026-01-01 10:45:24,25493314,dev.access,guest,none,rate_limit(5/60s),False,0.01,33
2026-01-01 10:45:24,25493314,root.guard,guest,none,rate_limit(5/60s),False,0.0,33
2026-01-01 10:45:24,25493314,net.lock,guest,none,rate_limit(5/60s),False,0.0,33
2026-01-01 10:45:24,25493314,auth.master,guest,none,rate_limit(5/60s),False,0.39,33
2026-01-01 10:45:24,25493314,vault_user,guest,none,rate_limit(5/60s),False,0.12,33
2026-01-01 10:45:24,25493314,system.sec,guest,none,rate_limit(5/60s),False,0.21,33
2026-01-01 10:45:24,25493314,secure.login,guest,none,rate_limit(5/60s),False,0.25,33
2026-01-01 10:45:24,25493314,user1,guest123,none,rate_limit(5/60s),False,0.23,34
2026-01-01 10:45:24,25493314,admin,guest123,none,rate_limit(5/60s),False,0.0,34
2026-01-01 10:46:23,25493314,guest,guest123,none,rate_limit(5/60s),False,0.04,34
2026-01-01 10:46:23,25493314,test,guest123,none,rate_limit(5/60s),False,0.01,34
2026-01-01 10:46:23,25493314,hello,guest123,none,rate_limit(5/60s),False,0.01,34
2026-01-01 10:46:23,25493314,name,guest123,none,rate_limit(5/60s),False,0.0,34
2026-01-01 10:46:23,25493314,login,guest123,none,rate_limit(5/60s),False,0.0,34
2026-01-01 10:46:23,25493314,abc,guest123,none,rate_limit(5/60s),False,0.01,34
2026-01-01 10:46:23,25493314,demo,guest123,none,rate_limit(5/60s),False,0.0,34
2026-01-01 10:46:23,25493314,student,guest123,none,rate_limit(5/60s),False,0.0,34
2026-01-01 10:46:23,25493314,Student_user,guest123,none,rate_limit(5/60s),False,0.0,34
2026-01-01 10:46:23,25493314,user_test,guest123,none,rate_limit(5/60s),False,0.0,34
2026-01-01 10:46:23,25493314,bluecat,guest123,none,rate_limit(5/60s),False,0.0,34
2026-01-01 10:46:23,25493314,student1,guest123,none,rate_limit(5/60s),False,0.01,34
2026-01-01 10:46:23,25493314,login_user,guest123,none,rate_limit(5/60s),False,0.0,34
2026-01-01 10:46:23,25493314,pythonfan,guest123,none,rate_limit(5/60s),False,0.0,34
2026-01-01 10:46:23,25493314,techgirl,guest123,none,rate_limit(5/60s),False,0.0,34
2026-01-01 10:46:23,25493314,cloud_user,guest123,none,rate_limit(5/60s),False,0.0,34
2026-01-01 10:46:23,25493314,gamer22,guest123,none,rate_limit(5/60s),False,0.0,34
2026-01-01 10:46:23,25493314,webdev,guest123,none,rate_limit(5/60s),False,0.0,34
2026-01-01 10:46:23,25493314,sha.sec,guest123,none,rate_limit(5/60s),False,0.0,34
2026-01-01 10:46:23,25493314,secure_user,guest123,none,rate_limit(5/60s),False,0.0,34
2026-01-01 10:46:23,25493314,cyber.auth,guest123,none,rate_limit(5/60s),False,0.0,34
2026-01-01 10:46:23,25493314,dev.access,guest123,none,rate_limit(5/60s),False,0.0,34
2026-01-01 10:46:23,25493314,root.guard,guest123,none,rate_limit(5/60s),False,0.01,34
2026-01-01 10:46:23,25493314,net.lock,guest123,none,rate_limit(5/60s),False,0.0,34
2026-01-01 10:46:23,25493314,auth.master,guest123,none,rate_limit(5/60s),False,0.0,34
2026-01-01 10:46:23,25493314,vault_user,guest123,none,rate_limit(5/60s),False,0.0,34
2026-01-01 10:46:23,25493314,system.sec,guest123,none,rate_limit(5/60s),False,0.01,34
2026-01-01 10:46:23,25493314,secure.login,guest123,none,rate_limit(5/60s),False,0.0,34
2026-01-01 10:46:24,25493314,user1,user,none,rate_limit(5/60s),False,0.0,35
2026-01-01 10:46:24,25493314,admin,user,none,rate_limit(5/60s),False,0.0,35
2026-01-01 10:46:24,25493314,guest,user,none,rate_limit(5/60s),False,0.0,35
2026-01-01 10:46:24,25493314,test,user,none,rate_limit(5/60s),False,0.0,35
2026-01-01 10:46:24,25493314,hello,user,none,rate_limit(5/60s),False,0.0,35
2026-01-01 10:46:24,25493314,name,user,none,rate_limit(5/60s),False,0.0,35
2026-01-01 10:46:24,25493314,login,user,none,rate_limit(5/60s),False,0.0,35
2026-01-01 10:46:24,25493314,abc,user,none,rate_limit(5/60s),False,0.0,35
2026-01-01 10:46:24,25493314,demo,user,none,rate_limit(5/60s),False,0.0,35
2026-01-01 10:46:24,25493314,student,user,none,rate_limit(5/60s),False,0.0,35
2026-01-01 10:46:24,25493314,Student_user,user,none,rate_limit(5/60s),False,0.01,35
2026-01-01 10:46:24,25493314,user_test,user,none,rate_limit(5/60s),False,0.0,35
2026-01-01 10:46:24,25493314,bluecat,user,none,rate_limit(5/60s),False,0.01,35
2026-01-01 10:46:24,25493314,student1,user,none,rate_limit(5/60s),False,0.0,35
2026-01-01 10:46:24,25493314,login_user,user,none,rate_limit(5/60s),False,0.0,35
2026-01-01 10:46:24,25493314,pythonfan,user,none,rate_limit(5/60s),False,0.41,35
2026-01-01 10:46:24,25493314,techgirl,user,none,rate_limit(5/60s),False,0.13,35
2026-01-01 10:46:24,25493314,cloud_user,user,none,rate_limit(5/60s),False,0.16,35
2026-01-01 10:46:24,25493314,gamer22,user,none,rate_limit(5/60s),False,0.22,35
2026-01-01 10:46:24,25493314,webdev,user,none,rate_limit(5/60s),False,0.17,35
2026-01-01 10:46:24,25493314,sha.sec,user,none,rate_limit(5/60s),False,0.0,35
2026-01-01 10:47:23,25493314,secure_user,user,none,rate_limit(5/60s),False,0.03,35
2026-01-01 10:47:23,25493314,cyber.auth,user,none,rate_limit(5/60s),False,0.01,35
2026-01-01 10:47:23,25493314,dev.access,user,none,rate_limit(5/60s),False,0.01,35
2026-01-01 10:47:23,25493314,root.guard,user,none,rate_limit(5/60s),False,0.01,35
2026-01-01 10:47:23,25493314,net.lock,user,none,rate_limit(5/60s),False,0.0,35
2026-01-01 10:47:23,25493314,auth.master,user,none,rate_limit(5/60s),False,0.0,35
2026-01-01 10:47:23,25493314,vault_user,user,none,rate_limit(5/60s),False,0.0,35
2026-01-01 10:47:23,25493314,system.sec,user,none,rate_limit(5/60s),False,0.0,35
2026-01-01 10:47:23,25493314,secure.login,user,none,rate_limit(5/60s),False,0.0,35
2026-01-01 10:47:23,25493314,user1,user123,none,rate_limit(5/60s),False,0.0,36
2026-01-01 10:47:23,25493314,admin,user123,none,rate_limit(5/60s),False,0.01,36
2026-01-01 10:47:23,25493314,guest,user123,none,rate_limit(5/60s),False,0.0,36
2026-01-01 10:47:23,25493314,test,user123,none,rate_limit(5/60s),False,0.0,36
2026-01-01 10:47:23,25493314,hello,user123,none,rate_limit(5/60s),False,0.01,36
2026-01-01 10:47:23,25493314,name,user123,none,rate_limit(5/60s),False,0.0,36
2026-01-01 10:47:23,25493314,login,user123,none,rate_limit(5/60s),False,0.0,36
2026-01-01 10:47:23,25493314,abc,user123,none,rate_limit(5/60s),False,0.0,36
2026-01-01 10:47:23,25493314,demo,user123,none,rate_limit(5/60s),False,0.01,36
2026-01-01 10:47:23,25493314,student,user123,none,rate_limit(5/60s),False,0.0,36
2026-01-01 10:47:23,25493314,Student_user,user123,none,rate_limit(5/60s),False,0.0,36
2026-01-01 10:47:23,25493314,user_test,user123,none,rate_limit(5/60s),False,0.0,36
2026-01-01 10:47:23,25493314,bluecat,user123,none,rate_limit(5/60s),False,0.0,36
2026-01-01 10:47:23,25493314,student1,user123,none,rate_limit(5/60s),False,0.01,36
2026-01-01 10:47:23,25493314,login_user,user123,none,rate_limit(5/60s),False,0.01,36
2026-01-01 10:47:23,25493314,pythonfan,user123,none,rate_limit(5/60s),False,0.01,36
2026-01-01 10:47:23,25493314,techgirl,user123,none,rate_limit(5/60s),False,0.01,36
2026-01-01 10:47:23,25493314,cloud_user,user123,none,rate_limit(5/60s),False,0.0,36
2026-01-01 10:47:23,25493314,gamer22,user123,none,rate_limit(5/60s),False,0.01,36
2026-01-01 10:47:24,25493314,webdev,user123,none,rate_limit(5/60s),False,0.0,36
2026-01-01 10:47:24,25493314,sha.sec,user123,none,rate_limit(5/60s),False,0.0,36
2026-01-01 10:47:24,25493314,secure_user,user123,none,rate_limit(5/60s),False,0.0,36
2026-01-01 10:47:24,25493314,cyber.auth,user123,none,rate_limit(5/60s),False,0.01,36
2026-01-01 10:47:24,25493314,dev.access,user123,none,rate_limit(5/60s),False,0.01,36
2026-01-01 10:47:24,25493314,root.guard,user123,none,rate_limit(5/60s),False,0.0,36
2026-01-01 10:47:24,25493314,net.lock,user123,none,rate_limit(5/60s),False,0.0,36
2026-01-01 10:47:24,25493314,auth.master,user123,none,rate_limit(5/60s),False,0.0,36
2026-01-01 10:47:24,25493314,vault_user,user123,none,rate_limit(5/60s),False,0.0,36
2026-01-01 10:47:24,25493314,system.sec,user123,none,rate_limit(5/60s),False,0.01,36
2026-01-01 10:47:24,25493314,secure.login,user123,none,rate_limit(5/60s),False,0.0,36
2026-01-01 10:47:24,25493314,user1,login,none,rate_limit(5/60s),False,0.0,37
2026-01-01 10:47:24,25493314,admin,login,none,rate_limit(5/60s),False,0.0,37
2026-01-01 10:47:24,25493314,guest,login,none,rate_limit(5/60s),False,0.01,37
2026-01-01 10:47:24,25493314,test,login,none,rate_limit(5/60s),False,0.0,37
2026-01-01 10:47:24,25493314,hello,login,none,rate_limit(5/60s),False,0.46,37
2026-01-01 10:47:24,25493314,name,login,none,rate_limit(5/60s),False,0.11,37
2026-01-01 10:47:24,25493314,login,login,none,rate_limit(5/60s),True,0.13,37
2026-01-01 10:47:24,25493314,abc,login,none,rate_limit(5/60s),False,0.18,37
2026-01-01 10:47:24,25493314,demo,login,none,rate_limit(5/60s),False,0.27,37
2026-01-01 10:47:24,25493314,student,login,none,rate_limit(5/60s),False,0.18,37
2026-01-01 10:47:24,25493314,Student_user,login,none,rate_limit(5/60s),False,0.23,37
2026-01-01 10:47:24,25493314,user_test,login,none,rate_limit(5/60s),False,0.26,37
2026-01-01 10:47:24,25493314,bluecat,login,none,rate_limit(5/60s),False,0.01,37
2026-01-01 10:48:23,25493314,student1,login,none,rate_limit(5/60s),False,0.02,37
2026-01-01 10:48:23,25493314,login_user,login,none,rate_limit(5/60s),False,0.01,37
2026-01-01 10:48:23,25493314,pythonfan,login,none,rate_limit(5/60s),False,0.01,37
2026-01-01 10:48:23,25493314,techgirl,login,none,rate_limit(5/60s),False,0.01,37
2026-01-01 10:48:23,25493314,cloud_user,login,none,rate_limit(5/60s),False,0.0,37
2026-01-01 10:48:23,25493314,gamer22,login,none,rate_limit(5/60s),False,0.01,37
2026-01-01 10:48:23,25493314,webdev,login,none,rate_limit(5/60s),False,0.01,37
2026-01-01 10:48:23,25493314,sha.sec,login,none,rate_limit(5/60s),False,0.0,37
2026-01-01 10:48:23,25493314,secure_user,login,none,rate_limit(5/60s),False,0.0,37
2026-01-01 10:48:23,25493314,cyber.auth,login,none,rate_limit(5/60s),False,0.0,37
2026-01-01 10:48:23,25493314,dev.access,login,none,rate_limit(5/60s),False,0.0,37
2026-01-01 10:48:23,25493314,root.guard,login,none,rate_limit(5/60s),False,0.0,37
2026-01-01 10:48:23,25493314,net.lock,login,none,rate_limit(5/60s),False,0.01,37
2026-01-01 10:48:23,25493314,auth.master,login,none,rate_limit(5/60s),False,0.0,37
2026-01-01 10:48:23,25493314,vault_user,login,none,rate_limit(5/60s),False,0.0,37
2026-01-01 10:48:23,25493314,system.sec,login,none,rate_limit(5/60s),False,0.0,37
2026-01-01 10:48:23,25493314,secure.login,login,none,rate_limit(5/60s),False,0.0,37
2026-01-01 10:48:23,25493314,user1,login123,none,rate_limit(5/60s),False,0.0,38
2026-01-01 10:48:23,25493314,admin,login123,none,rate_limit(5/60s),False,0.0,38
2026-01-01 10:48:23,25493314,guest,login123,none,rate_limit(5/60s),False,0.01,38
2026-01-01 10:48:23,25493314,test,login123,none,rate_limit(5/60s),False,0.0,38
2026-01-01 10:48:23,25493314,hello,login123,none,rate_limit(5/60s),False,0.0,38
2026-01-01 10:48:23,25493314,name,login123,none,rate_limit(5/60s),False,0.0,38
2026-01-01 10:48:23,25493314,login,login123,none,rate_limit(5/60s),False,0.0,38
2026-01-01 10:48:23,25493314,abc,login123,none,rate_limit(5/60s),False,0.0,38
2026-01-01 10:48:24,25493314,demo,login123,none,rate_limit(5/60s),False,0.01,38
2026-01-01 10:48:24,25493314,student,login123,none,rate_limit(5/60s),False,0.49,38
2026-01-01 10:48:24,25493314,Student_user,login123,none,rate_limit(5/60s),False,0.0,38
2026-01-01 10:48:24,25493314,user_test,login123,none,rate_limit(5/60s),False,0.0,38
2026-01-01 10:48:24,25493314,bluecat,login123,none,rate_limit(5/60s),False,0.0,38
2026-01-01 10:48:24,25493314,student1,login123,none,rate_limit(5/60s),False,0.0,38
2026-01-01 10:48:24,25493314,login_user,login123,none,rate_limit(5/60s),False,0.0,38
2026-01-01 10:48:24,25493314,pythonfan,login123,none,rate_limit(5/60s),False,0.0,38
2026-01-01 10:48:24,25493314,techgirl,login123,none,rate_limit(5/60s),False,0.0,38
2026-01-01 10:48:24,25493314,cloud_user,login123,none,rate_limit(5/60s),False,0.0,38
2026-01-01 10:48:24,25493314,gamer22,login123,none,rate_limit(5/60s),False,0.0,38
2026-01-01 10:48:24,25493314,webdev,login123,none,rate_limit(5/60s),False,0.0,38
2026-01-01 10:48:24,25493314,sha.sec,login123,none,rate_limit(5/60s),False,0.0,38
2026-01-01 10:48:24,25493314,secure_user,login123,none,rate_limit(5/60s),False,0.0,38
2026-01-01 10:48:24,25493314,cyber.auth,login123,none,rate_limit(5/60s),False,0.0,38
2026-01-01 10:48:24,25493314,dev.access,login123,none,rate_limit(5/60s),False,0.0,38
2026-01-01 10:48:24,25493314,root.guard,login123,none,rate_limit(5/60s),False,0.0,38
2026-01-01 10:48:24,25493314,net.lock,login123,none,rate_limit(5/60s),False,0.25,38
2026-01-01 10:48:24,25493314,auth.master,login123,none,rate_limit(5/60s),False,0.14,38
2026-01-01 10:48:24,25493314,vault_user,login123,none,rate_limit(5/60s),False,0.24,38
2026-01-01 10:48:24,25493314,system.sec,login123,none,rate_limit(5/60s),False,0.2,38
2026-01-01 10:48:24,25493314,secure.login,login123,none,rate_limit(5/60s),False,0.14,38
2026-01-01 10:48:24,25493314,user1,welcome,none,rate_limit(5/60s),False,0.01,39
2026-01-01 10:49:23,25493314,admin,welcome,none,rate_limit(5/60s),False,0.03,39
2026-01-01 10:49:23,25493314,guest,welcome,none,rate_limit(5/60s),False,0.01,39
2026-01-01 10:49:23,25493314,test,welcome,none,rate_limit(5/60s),False,0.0,39
2026-01-01 10:49:23,25493314,hello,welcome,none,rate_limit(5/60s),False,0.01,39
2026-01-01 10:49:23,25493314,name,welcome,none,rate_limit(5/60s),False,0.0,39
2026-01-01 10:49:23,25493314,login,welcome,none,rate_limit(5/60s),False,0.01,39
2026-01-01 10:49:23,25493314,abc,welcome,none,rate_limit(5/60s),False,0.01,39
2026-01-01 10:49:23,25493314,demo,welcome,none,rate_limit(5/60s),False,0.0,39
2026-01-01 10:49:23,25493314,student,welcome,none,rate_limit(5/60s),False,0.0,39
2026-01-01 10:49:23,25493314,Student_user,welcome,none,rate_limit(5/60s),False,0.0,39
2026-01-01 10:49:23,25493314,user_test,welcome,none,rate_limit(5/60s),False,0.0,39
2026-01-01 10:49:23,25493314,bluecat,welcome,none,rate_limit(5/60s),False,0.01,39
2026-01-01 10:49:23,25493314,student1,welcome,none,rate_limit(5/60s),False,0.0,39
2026-01-01 10:49:23,25493314,login_user,welcome,none,rate_limit(5/60s),False,0.01,39
2026-01-01 10:49:23,25493314,pythonfan,welcome,none,rate_limit(5/60s),False,0.01,39
2026-01-01 10:49:23,25493314,techgirl,welcome,none,rate_limit(5/60s),False,0.0,39
2026-01-01 10:49:23,25493314,cloud_user,welcome,none,rate_limit(5/60s),False,0.01,39
2026-01-01 10:49:23,25493314,gamer22,welcome,none,rate_limit(5/60s),False,0.0,39
2026-01-01 10:49:23,25493314,webdev,welcome,none,rate_limit(5/60s),False,0.0,39
2026-01-01 10:49:23,25493314,sha.sec,welcome,none,rate_limit(5/60s),False,0.01,39
2026-01-01 10:49:23,25493314,secure_user,welcome,none,rate_limit(5/60s),False,0.0,39
2026-01-01 10:49:23,25493314,cyber.auth,welcome,none,rate_limit(5/60s),False,0.01,39
2026-01-01 10:49:23,25493314,dev.access,welcome,none,rate_limit(5/60s),False,0.0,39
2026-01-01 10:49:24,25493314,root.guard,welcome,none,rate_limit(5/60s),False,0.01,39
2026-01-01 10:49:24,25493314,net.lock,welcome,none,rate_limit(5/60s),False,0.0,39
2026-01-01 10:49:24,25493314,auth.master,welcome,none,rate_limit(5/60s),False,0.0,39
2026-01-01 10:49:24,25493314,vault_user,welcome,none,rate_limit(5/60s),False,0.0,39
2026-01-01 10:49:24,25493314,system.sec,welcome,none,rate_limit(5/60s),False,0.0,39
2026-01-01 10:49:24,25493314,secure.login,welcome,none,rate_limit(5/60s),False,0.0,39
2026-01-01 10:49:24,25493314,user1,welcome1,none,rate_limit(5/60s),False,0.01,40
2026-01-01 10:49:24,25493314,admin,welcome1,none,rate_limit(5/60s),False,0.0,40
2026-01-01 10:49:24,25493314,guest,welcome1,none,rate_limit(5/60s),False,0.01,40
2026-01-01 10:49:24,25493314,test,welcome1,none,rate_limit(5/60s),False,0.01,40
2026-01-01 10:49:24,25493314,hello,welcome1,none,rate_limit(5/60s),False,0.0,40
2026-01-01 10:49:24,25493314,name,welcome1,none,rate_limit(5/60s),False,0.0,40
2026-01-01 10:49:24,25493314,login,welcome1,none,rate_limit(5/60s),False,0.0,40
2026-01-01 10:49:24,25493314,abc,welcome1,none,rate_limit(5/60s),False,0.0,40
2026-01-01 10:49:24,25493314,demo,welcome1,none,rate_limit(5/60s),False,0.0,40
2026-01-01 10:49:24,25493314,student,welcome1,none,rate_limit(5/60s),False,0.01,40
2026-01-01 10:49:24,25493314,Student_user,welcome1,none,rate_limit(5/60s),False,0.0,40
2026-01-01 10:49:24,25493314,user_test,welcome1,none,rate_limit(5/60s),False,0.36,40
2026-01-01 10:49:24,25493314,bluecat,welcome1,none,rate_limit(5/60s),False,0.15,40
2026-01-01 10:49:24,25493314,student1,welcome1,none,rate_limit(5/60s),False,0.11,40
2026-01-01 10:49:24,25493314,login_user,welcome1,none,rate_limit(5/60s),False,0.29,40
2026-01-01 10:49:24,25493314,pythonfan,welcome1,none,rate_limit(5/60s),False,0.24,40
2026-01-01 10:49:24,25493314,techgirl,welcome1,none,rate_limit(5/60s),False,0.0,40
2026-01-01 10:50:23,25493314,cloud_user,welcome1,none,rate_limit(5/60s),False,0.03,40
2026-01-01 10:50:23,25493314,gamer22,welcome1,none,rate_limit(5/60s),False,0.01,40
2026-01-01 10:50:23,25493314,webdev,welcome1,none,rate_limit(5/60s),False,0.01,40
2026-01-01 10:50:23,25493314,sha.sec,welcome1,none,rate_limit(5/60s),False,0.0,40
2026-01-01 10:50:23,25493314,secure_user,welcome1,none,rate_limit(5/60s),False,0.0,40
2026-01-01 10:50:23,25493314,cyber.auth,welcome1,none,rate_limit(5/60s),False,0.0,40
2026-01-01 10:50:23,25493314,dev.access,welcome1,none,rate_limit(5/60s),False,0.0,40
2026-01-01 10:50:23,25493314,root.guard,welcome1,none,rate_limit(5/60s),False,0.01,40
2026-01-01 10:50:23,25493314,net.lock,welcome1,none,rate_limit(5/60s),False,0.0,40
2026-01-01 10:50:23,25493314,auth.master,welcome1,none,rate_limit(5/60s),False,0.0,40
2026-01-01 10:50:23,25493314,vault_user,welcome1,none,rate_limit(5/60s),False,0.0,40
2026-01-01 10:50:23,25493314,system.sec,welcome1,none,rate_limit(5/60s),False,0.0,40
2026-01-01 10:50:23,25493314,secure.login,welcome1,none,rate_limit(5/60s),False,0.0,40
2026-01-01 10:50:23,25493314,user1,password123,none,rate_limit(5/60s),False,0.0,41
2026-01-01 10:50:23,25493314,admin,password123,none,rate_limit(5/60s),False,0.01,41
2026-01-01 10:50:23,25493314,guest,password123,none,rate_limit(5/60s),False,0.01,41
2026-01-01 10:50:23,25493314,test,password123,none,rate_limit(5/60s),False,0.0,41
2026-01-01 10:50:23,25493314,hello,password123,none,rate_limit(5/60s),False,0.01,41
2026-01-01 10:50:23,25493314,name,password123,none,rate_limit(5/60s),False,0.0,41
2026-01-01 10:50:23,25493314,login,password123,none,rate_limit(5/60s),False,0.01,41
2026-01-01 10:50:23,25493314,abc,password123,none,rate_limit(5/60s),False,0.0,41
2026-01-01 10:50:24,25493314,demo,password123,none,rate_limit(5/60s),False,0.0,41
2026-01-01 10:50:24,25493314,student,password123,none,rate_limit(5/60s),False,0.01,41
2026-01-01 10:50:24,25493314,Student_user,password123,none,rate_limit(5/60s),False,0.01,41
2026-01-01 10:50:24,25493314,user_test,password123,none,rate_limit(5/60s),False,0.0,41
2026-01-01 10:50:24,25493314,bluecat,password123,none,rate_limit(5/60s),False,0.0,41
2026-01-01 10:50:24,25493314,student1,password123,none,rate_limit(5/60s),False,0.0,41
2026-01-01 10:50:24,25493314,login_user,password123,none,rate_limit(5/60s),False,0.01,41
2026-01-01 10:50:24,25493314,pythonfan,password123,none,rate_limit(5/60s),False,0.01,41
2026-01-01 10:50:24,25493314,techgirl,password123,none,rate_limit(5/60s),False,0.0,41
2026-01-01 10:50:24,25493314,cloud_user,password123,none,rate_limit(5/60s),False,0.0,41
2026-01-01 10:50:24,25493314,gamer22,password123,none,rate_limit(5/60s),False,0.0,41
2026-01-01 10:50:24,25493314,webdev,password123,none,rate_limit(5/60s),False,0.01,41
2026-01-01 10:50:24,25493314,sha.sec,password123,none,rate_limit(5/60s),False,0.01,41
2026-01-01 10:50:24,25493314,secure_user,password123,none,rate_limit(5/60s),False,0.0,41
2026-01-01 10:50:24,25493314,cyber.auth,password123,none,rate_limit(5/60s),False,0.0,41
2026-01-01 10:50:24,25493314,dev.access,password123,none,rate_limit(5/60s),False,0.0,41
2026-01-01 10:50:24,25493314,root.guard,password123,none,rate_limit(5/60s),False,0.27,41
2026-01-01 10:50:24,25493314,net.lock,password123,none,rate_limit(5/60s),False,0.3,41
2026-01-01 10:50:24,25493314,auth.master,password123,none,rate_limit(5/60s),False,0.23,41
2026-01-01 10:50:24,25493314,vault_user,password123,none,rate_limit(5/60s),False,0.14,41
2026-01-01 10:50:24,25493314,system.sec,password123,none,rate_limit(5/60s),False,0.23,41
2026-01-01 10:50:24,25493314,secure.login,password123,none,rate_limit(5/60s),False,0.01,41
2026-01-01 10:51:23,25493314,user1,admin1,none,rate_limit(5/60s),False,0.03,42
2026-01-01 10:51:23,25493314,admin,admin1,none,rate_limit(5/60s),False,0.01,42
2026-01-01 10:51:23,25493314,guest,admin1,none,rate_limit(5/60s),False,0.01,42
2026-01-01 10:51:23,25493314,test,admin1,none,rate_limit(5/60s),False,0.0,42
2026-01-01 10:51:23,25493314,hello,admin1,none,rate_limit(5/60s),False,0.0,42
2026-01-01 10:51:23,25493314,name,admin1,none,rate_limit(5/60s),False,0.01,42
2026-01-01 10:51:23,25493314,login,admin1,none,rate_limit(5/60s),False,0.0,42
2026-01-01 10:51:23,25493314,abc,admin1,none,rate_limit(5/60s),False,0.01,42
2026-01-01 10:51:23,25493314,demo,admin1,none,rate_limit(5/60s),False,0.0,42
2026-01-01 10:51:23,25493314,student,admin1,none,rate_limit(5/60s),False,0.0,42
2026-01-01 10:51:23,25493314,Student_user,admin1,none,rate_limit(5/60s),False,0.0,42
2026-01-01 10:51:23,25493314,user_test,admin1,none,rate_limit(5/60s),False,0.0,42
2026-01-01 10:51:23,25493314,bluecat,admin1,none,rate_limit(5/60s),False,0.0,42
2026-01-01 10:51:23,25493314,student1,admin1,none,rate_limit(5/60s),False,0.0,42
2026-01-01 10:51:23,25493314,login_user,admin1,none,rate_limit(5/60s),False,0.01,42
2026-01-01 10:51:23,25493314,pythonfan,admin1,none,rate_limit(5/60s),False,0.0,42
2026-01-01 10:51:23,25493314,techgirl,admin1,none,rate_limit(5/60s),False,0.0,42
2026-01-01 10:51:23,25493314,cloud_user,admin1,none,rate_limit(5/60s),False,0.01,42
2026-01-01 10:51:23,25493314,gamer22,admin1,none,rate_limit(5/60s),False,0.01,42
2026-01-01 10:51:24,25493314,webdev,admin1,none,rate_limit(5/60s),False,0.0,42
2026-01-01 10:51:24,25493314,sha.sec,admin1,none,rate_limit(5/60s),False,0.0,42
2026-01-01 10:51:24,25493314,secure_user,admin1,none,rate_limit(5/60s),False,0.0,42
2026-01-01 10:51:24,25493314,cyber.auth,admin1,none,rate_limit(5/60s),False,0.0,42
2026-01-01 10:51:24,25493314,dev.access,admin1,none,rate_limit(5/60s),False,0.0,42
2026-01-01 10:51:24,25493314,root.guard,admin1,none,rate_limit(5/60s),False,0.0,42
2026-01-01 10:51:24,25493314,net.lock,admin1,none,rate_limit(5/60s),False,0.0,42
2026-01-01 10:51:24,25493314,auth.master,admin1,none,rate_limit(5/60s),False,0.01,42
2026-01-01 10:51:24,25493314,vault_user,admin1,none,rate_limit(5/60s),False,0.0,42
2026-01-01 10:51:24,25493314,system.sec,admin1,none,rate_limit(5/60s),False,0.0,42
2026-01-01 10:51:24,25493314,secure.login,admin1,none,rate_limit(5/60s),False,0.0,42
2026-01-01 10:51:24,25493314,user1,root123,none,rate_limit(5/60s),False,0.0,43
2026-01-01 10:51:24,25493314,admin,root123,none,rate_limit(5/60s),False,0.0,43
2026-01-01 10:51:24,25493314,guest,root123,none,rate_limit(5/60s),False,0.0,43
2026-01-01 10:51:24,25493314,test,root123,none,rate_limit(5/60s),False,0.0,43
2026-01-01 10:51:24,25493314,hello,root123,none,rate_limit(5/60s),False,0.0,43
2026-01-01 10:51:24,25493314,name,root123,none,rate_limit(5/60s),False,0.0,43
2026-01-01 10:51:24,25493314,login,root123,none,rate_limit(5/60s),False,0.51,43
2026-01-01 10:51:24,25493314,abc,root123,none,rate_limit(5/60s),False,0.17,43
2026-01-01 10:51:24,25493314,demo,root123,none,rate_limit(5/60s),False,0.17,43
2026-01-01 10:51:24,25493314,student,root123,none,rate_limit(5/60s),False,0.15,43
2026-01-01 10:51:24,25493314,Student_user,root123,none,rate_limit(5/60s),False,0.28,43
2026-01-01 10:51:24,25493314,user_test,root123,none,rate_limit(5/60s),False,0.0,43
2026-01-01 10:52:23,25493314,bluecat,root123,none,rate_limit(5/60s),False,0.03,43
2026-01-01 10:52:23,25493314,student1,root123,none,rate_limit(5/60s),False,0.01,43
2026-01-01 10:52:23,25493314,login_user,root123,none,rate_limit(5/60s),False,0.0,43
2026-01-01 10:52:23,25493314,pythonfan,root123,none,rate_limit(5/60s),False,0.0,43
2026-01-01 10:52:23,25493314,techgirl,root123,none,rate_limit(5/60s),False,0.0,43
2026-01-01 10:52:23,25493314,cloud_user,root123,none,rate_limit(5/60s),False,0.01,43
2026-01-01 10:52:23,25493314,gamer22,root123,none,rate_limit(5/60s),False,0.0,43
2026-01-01 10:52:23,25493314,webdev,root123,none,rate_limit(5/60s),False,0.01,43
2026-01-01 10:52:23,25493314,sha.sec,root123,none,rate_limit(5/60s),False,0.0,43
2026-01-01 10:52:23,25493314,secure_user,root123,none,rate_limit(5/60s),False,0.0,43
2026-01-01 10:52:23,25493314,cyber.auth,root123,none,rate_limit(5/60s),False,0.0,43
2026-01-01 10:52:23,25493314,dev.access,root123,none,rate_limit(5/60s),False,0.0,43
2026-01-01 10:52:23,25493314,root.guard,root123,none,rate_limit(5/60s),False,0.0,43
2026-01-01 10:52:23,25493314,net.lock,root123,none,rate_limit(5/60s),False,0.01,43
2026-01-01 10:52:23,25493314,auth.master,root123,none,rate_limit(5/60s),False,0.0,43
2026-01-01 10:52:23,25493314,vault_user,root123,none,rate_limit(5/60s),False,0.0,43
2026-01-01 10:52:23,25493314,system.sec,root123,none,rate_limit(5/60s),False,0.01,43
2026-01-01 10:52:23,25493314,secure.login,root123,none,rate_limit(5/60s),False,0.0,43
2026-01-01 10:52:23,25493314,user1,pass123,none,rate_limit(5/60s),False,0.0,44
2026-01-01 10:52:24,25493314,admin,pass123,none,rate_limit(5/60s),False,0.0,44
2026-01-01 10:52:24,25493314,guest,pass123,none,rate_limit(5/60s),False,0.01,44
2026-01-01 10:52:24,25493314,test,pass123,none,rate_limit(5/60s),False,0.0,44
2026-01-01 10:52:24,25493314,hello,pass123,none,rate_limit(5/60s),False,0.0,44
2026-01-01 10:52:24,25493314,name,pass123,none,rate_limit(5/60s),False,0.01,44
2026-01-01 10:52:24,25493314,login,pass123,none,rate_limit(5/60s),False,0.0,44
2026-01-01 10:52:24,25493314,abc,pass123,none,rate_limit(5/60s),False,0.01,44
2026-01-01 10:52:24,25493314,demo,pass123,none,rate_limit(5/60s),False,0.0,44
2026-01-01 10:52:24,25493314,student,pass123,none,rate_limit(5/60s),False,0.01,44
2026-01-01 10:52:24,25493314,Student_user,pass123,none,rate_limit(5/60s),False,0.01,44
2026-01-01 10:52:24,25493314,user_test,pass123,none,rate_limit(5/60s),False,0.01,44
2026-01-01 10:52:24,25493314,bluecat,pass123,none,rate_limit(5/60s),False,0.0,44
2026-01-01 10:52:24,25493314,student1,pass123,none,rate_limit(5/60s),False,0.0,44
2026-01-01 10:52:24,25493314,login_user,pass123,none,rate_limit(5/60s),False,0.0,44
2026-01-01 10:52:24,25493314,pythonfan,pass123,none,rate_limit(5/60s),False,0.0,44
2026-01-01 10:52:24,25493314,techgirl,pass123,none,rate_limit(5/60s),False,0.0,44
2026-01-01 10:52:24,25493314,cloud_user,pass123,none,rate_limit(5/60s),False,0.46,44
2026-01-01 10:52:24,25493314,gamer22,pass123,none,rate_limit(5/60s),False,0.21,44
2026-01-01 10:52:24,25493314,webdev,pass123,none,rate_limit(5/60s),False,0.17,44
2026-01-01 10:52:24,25493314,sha.sec,pass123,none,rate_limit(5/60s),False,0.19,44
2026-01-01 10:52:24,25493314,secure_user,pass123,none,rate_limit(5/60s),False,0.12,44
2026-01-01 10:52:24,25493314,cyber.auth,pass123,none,rate_limit(5/60s),False,0.0,44
2026-01-01 10:53:23,25493314,dev.access,pass123,none,rate_limit(5/60s),False,0.03,44
2026-01-01 10:53:23,25493314,root.guard,pass123,none,rate_limit(5/60s),False,0.01,44
2026-01-01 10:53:23,25493314,net.lock,pass123,none,rate_limit(5/60s),False,0.0,44
2026-01-01 10:53:23,25493314,auth.master,pass123,none,rate_limit(5/60s),False,0.01,44
2026-01-01 10:53:23,25493314,vault_user,pass123,none,rate_limit(5/60s),False,0.0,44
2026-01-01 10:53:23,25493314,system.sec,pass123,none,rate_limit(5/60s),False,0.0,44
2026-01-01 10:53:23,25493314,secure.login,pass123,none,rate_limit(5/60s),False,0.01,44
2026-01-01 10:53:23,25493314,user1,1q2w3e4r,none,rate_limit(5/60s),False,0.0,45
2026-01-01 10:53:23,25493314,admin,1q2w3e4r,none,rate_limit(5/60s),False,0.0,45
2026-01-01 10:53:23,25493314,guest,1q2w3e4r,none,rate_limit(5/60s),False,0.0,45
2026-01-01 10:53:23,25493314,test,1q2w3e4r,none,rate_limit(5/60s),False,0.0,45
2026-01-01 10:53:23,25493314,hello,1q2w3e4r,none,rate_limit(5/60s),False,0.0,45
2026-01-01 10:53:23,25493314,name,1q2w3e4r,none,rate_limit(5/60s),False,0.0,45
2026-01-01 10:53:23,25493314,login,1q2w3e4r,none,rate_limit(5/60s),False,0.0,45
2026-01-01 10:53:23,25493314,abc,1q2w3e4r,none,rate_limit(5/60s),False,0.01,45
2026-01-01 10:53:23,25493314,demo,1q2w3e4r,none,rate_limit(5/60s),False,0.0,45
2026-01-01 10:53:23,25493314,student,1q2w3e4r,none,rate_limit(5/60s),False,0.0,45
2026-01-01 10:53:24,25493314,Student_user,1q2w3e4r,none,rate_limit(5/60s),False,0.0,45
2026-01-01 10:53:24,25493314,user_test,1q2w3e4r,none,rate_limit(5/60s),False,0.0,45
2026-01-01 10:53:24,25493314,bluecat,1q2w3e4r,none,rate_limit(5/60s),False,0.01,45
2026-01-01 10:53:24,25493314,student1,1q2w3e4r,none,rate_limit(5/60s),False,0.0,45
2026-01-01 10:53:24,25493314,login_user,1q2w3e4r,none,rate_limit(5/60s),False,0.0,45
2026-01-01 10:53:24,25493314,pythonfan,1q2w3e4r,none,rate_limit(5/60s),False,0.01,45
2026-01-01 10:53:24,25493314,techgirl,1q2w3e4r,none,rate_limit(5/60s),False,0.0,45
2026-01-01 10:53:24,25493314,cloud_user,1q2w3e4r,none,rate_limit(5/60s),False,0.0,45
2026-01-01 10:53:24,25493314,gamer22,1q2w3e4r,none,rate_limit(5/60s),False,0.0,45
2026-01-01 10:53:24,25493314,webdev,1q2w3e4r,none,rate_limit(5/60s),False,0.0,45
2026-01-01 10:53:24,25493314,sha.sec,1q2w3e4r,none,rate_limit(5/60s),False,0.0,45
2026-01-01 10:53:24,25493314,secure_user,1q2w3e4r,none,rate_limit(5/60s),False,0.01,45
2026-01-01 10:53:24,25493314,cyber.auth,1q2w3e4r,none,rate_limit(5/60s),False,0.0,45
2026-01-01 10:53:24,25493314,dev.access,1q2w3e4r,none,rate_limit(5/60s),False,0.0,45
2026-01-01 10:53:24,25493314,root.guard,1q2w3e4r,none,rate_limit(5/60s),False,0.0,45
2026-01-01 10:53:24,25493314,net.lock,1q2w3e4r,none,rate_limit(5/60s),False,0.0,45
2026-01-01 10:53:24,25493314,auth.master,1q2w3e4r,none,rate_limit(5/60s),False,0.0,45
2026-01-01 10:53:24,25493314,vault_user,1q2w3e4r,none,rate_limit(5/60s),False,0.45,45
2026-01-01 10:53:24,25493314,system.sec,1q2w3e4r,none,rate_limit(5/60s),False,0.21,45
2026-01-01 10:53:24,25493314,secure.login,1q2w3e4r,none,rate_limit(5/60s),False,0.19,45
2026-01-01 10:53:24,25493314,user1,qwerty123,none,rate_limit(5/60s),False,0.01,46
2026-01-01 10:53:24,25493314,admin,qwerty123,none,rate_limit(5/60s),False,0.21,46
2026-01-01 10:53:24,25493314,guest,qwerty123,none,rate_limit(5/60s),False,0.21,46
2026-01-01 10:53:24,25493314,test,qwerty123,none,rate_limit(5/60s),False,0.0,46
2026-01-01 10:54:23,25493314,hello,qwerty123,none,rate_limit(5/60s),False,0.02,46
2026-01-01 10:54:23,25493314,name,qwerty123,none,rate_limit(5/60s),False,0.01,46
2026-01-01 10:54:23,25493314,login,qwerty123,none,rate_limit(5/60s),False,0.01,46
2026-01-01 10:54:23,25493314,abc,qwerty123,none,rate_limit(5/60s),False,0.0,46
2026-01-01 10:54:23,25493314,demo,qwerty123,none,rate_limit(5/60s),False,0.01,46
2026-01-01 10:54:23,25493314,student,qwerty123,none,rate_limit(5/60s),False,0.01,46
2026-01-01 10:54:23,25493314,Student_user,qwerty123,none,rate_limit(5/60s),False,0.0,46
2026-01-01 10:54:23,25493314,user_test,qwerty123,none,rate_limit(5/60s),False,0.0,46
2026-01-01 10:54:23,25493314,bluecat,qwerty123,none,rate_limit(5/60s),False,0.0,46
2026-01-01 10:54:23,25493314,student1,qwerty123,none,rate_limit(5/60s),False,0.01,46
2026-01-01 10:54:23,25493314,login_user,qwerty123,none,rate_limit(5/60s),False,0.0,46
2026-01-01 10:54:23,25493314,pythonfan,qwerty123,none,rate_limit(5/60s),False,0.0,46
2026-01-01 10:54:23,25493314,techgirl,qwerty123,none,rate_limit(5/60s),False,0.0,46
2026-01-01 10:54:23,25493314,cloud_user,qwerty123,none,rate_limit(5/60s),False,0.0,46
2026-01-01 10:54:23,25493314,gamer22,qwerty123,none,rate_limit(5/60s),False,0.0,46
2026-01-01 10:54:23,25493314,webdev,qwerty123,none,rate_limit(5/60s),False,0.01,46
2026-01-01 10:54:24,25493314,sha.sec,qwerty123,none,rate_limit(5/60s),False,0.0,46
2026-01-01 10:54:24,25493314,secure_user,qwerty123,none,rate_limit(5/60s),False,0.01,46
2026-01-01 10:54:24,25493314,cyber.auth,qwerty123,none,rate_limit(5/60s),False,0.0,46
2026-01-01 10:54:24,25493314,dev.access,qwerty123,none,rate_limit(5/60s),False,0.0,46
2026-01-01 10:54:24,25493314,root.guard,qwerty123,none,rate_limit(5/60s),False,0.01,46
2026-01-01 10:54:24,25493314,net.lock,qwerty123,none,rate_limit(5/60s),False,0.0,46
2026-01-01 10:54:24,25493314,auth.master,qwerty123,none,rate_limit(5/60s),False,0.0,46
2026-01-01 10:54:24,25493314,vault_user,qwerty123,none,rate_limit(5/60s),False,0.0,46
2026-01-01 10:54:24,25493314,system.sec,qwerty123,none,rate_limit(5/60s),False,0.0,46
2026-01-01 10:54:24,25493314,secure.login,qwerty123,none,rate_limit(5/60s),False,0.01,46
2026-01-01 10:54:24,25493314,user1,1234567890,none,rate_limit(5/60s),False,0.0,47
2026-01-01 10:54:24,25493314,admin,1234567890,none,rate_limit(5/60s),False,0.0,47
2026-01-01 10:54:24,25493314,guest,1234567890,none,rate_limit(5/60s),False,0.0,47
2026-01-01 10:54:24,25493314,test,1234567890,none,rate_limit(5/60s),False,0.0,47
2026-01-01 10:54:24,25493314,hello,1234567890,none,rate_limit(5/60s),False,0.0,47
2026-01-01 10:54:24,25493314,name,1234567890,none,rate_limit(5/60s),False,0.01,47
2026-01-01 10:54:24,25493314,login,1234567890,none,rate_limit(5/60s),False,0.26,47
2026-01-01 10:54:24,25493314,abc,1234567890,none,rate_limit(5/60s),False,0.22,47
2026-01-01 10:54:24,25493314,demo,1234567890,none,rate_limit(5/60s),False,0.21,47
2026-01-01 10:54:24,25493314,student,1234567890,none,rate_limit(5/60s),False,0.0,47
2026-01-01 10:54:24,25493314,Student_user,1234567890,none,rate_limit(5/60s),False,0.25,47
2026-01-01 10:54:24,25493314,user_test,1234567890,none,rate_limit(5/60s),False,0.27,47
2026-01-01 10:54:24,25493314,bluecat,1234567890,none,rate_limit(5/60s),False,0.0,47
2026-01-01 10:55:23,25493314,student1,1234567890,none,rate_limit(5/60s),False,0.03,47
2026-01-01 10:55:23,25493314,login_user,1234567890,none,rate_limit(5/60s),False,0.01,47
2026-01-01 10:55:23,25493314,pythonfan,1234567890,none,rate_limit(5/60s),False,0.01,47
2026-01-01 10:55:23,25493314,techgirl,1234567890,none,rate_limit(5/60s),False,0.01,47
2026-01-01 10:55:23,25493314,cloud_user,1234567890,none,rate_limit(5/60s),False,0.0,47
2026-01-01 10:55:23,25493314,gamer22,1234567890,none,rate_limit(5/60s),False,0.01,47
2026-01-01 10:55:23,25493314,webdev,1234567890,none,rate_limit(5/60s),False,0.0,47
2026-01-01 10:55:23,25493314,sha.sec,1234567890,none,rate_limit(5/60s),False,0.0,47
2026-01-01 10:55:23,25493314,secure_user,1234567890,none,rate_limit(5/60s),False,0.0,47
2026-01-01 10:55:23,25493314,cyber.auth,1234567890,none,rate_limit(5/60s),False,0.0,47
2026-01-01 10:55:23,25493314,dev.access,1234567890,none,rate_limit(5/60s),False,0.01,47
2026-01-01 10:55:23,25493314,root.guard,1234567890,none,rate_limit(5/60s),False,0.01,47
2026-01-01 10:55:23,25493314,net.lock,1234567890,none,rate_limit(5/60s),False,0.0,47
2026-01-01 10:55:23,25493314,auth.master,1234567890,none,rate_limit(5/60s),False,0.0,47
2026-01-01 10:55:24,25493314,vault_user,1234567890,none,rate_limit(5/60s),False,0.01,47
2026-01-01 10:55:24,25493314,system.sec,1234567890,none,rate_limit(5/60s),False,0.0,47
2026-01-01 10:55:24,25493314,secure.login,1234567890,none,rate_limit(5/60s),False,0.0,47
2026-01-01 10:55:24,25493314,user1,987654321,none,rate_limit(5/60s),False,0.0,48
2026-01-01 10:55:24,25493314,admin,987654321,none,rate_limit(5/60s),False,0.01,48
2026-01-01 10:55:24,25493314,guest,987654321,none,rate_limit(5/60s),False,0.0,48
2026-01-01 10:55:24,25493314,test,987654321,none,rate_limit(5/60s),False,0.0,48
2026-01-01 10:55:24,25493314,hello,987654321,none,rate_limit(5/60s),False,0.01,48
2026-01-01 10:55:24,25493314,name,987654321,none,rate_limit(5/60s),False,0.01,48
2026-01-01 10:55:24,25493314,login,987654321,none,rate_limit(5/60s),False,0.0,48
2026-01-01 10:55:24,25493314,abc,987654321,none,rate_limit(5/60s),False,0.0,48
2026-01-01 10:55:24,25493314,demo,987654321,none,rate_limit(5/60s),False,0.01,48
2026-01-01 10:55:24,25493314,student,987654321,none,rate_limit(5/60s),False,0.0,48
2026-01-01 10:55:24,25493314,Student_user,987654321,none,rate_limit(5/60s),False,0.0,48
2026-01-01 10:55:24,25493314,user_test,987654321,none,rate_limit(5/60s),False,0.0,48
2026-01-01 10:55:24,25493314,bluecat,987654321,none,rate_limit(5/60s),False,0.0,48
2026-01-01 10:55:24,25493314,student1,987654321,none,rate_limit(5/60s),False,0.01,48
2026-01-01 10:55:24,25493314,login_user,987654321,none,rate_limit(5/60s),False,0.61,48
2026-01-01 10:55:24,25493314,pythonfan,987654321,none,rate_limit(5/60s),False,0.24,48
2026-01-01 10:55:24,25493314,techgirl,987654321,none,rate_limit(5/60s),False,0.24,48
2026-01-01 10:55:24,25493314,cloud_user,987654321,none,rate_limit(5/60s),False,0.0,48
2026-01-01 10:55:24,25493314,gamer22,987654321,none,rate_limit(5/60s),False,0.23,48
2026-01-01 10:55:24,25493314,webdev,987654321,none,rate_limit(5/60s),False,0.22,48
2026-01-01 10:55:24,25493314,sha.sec,987654321,none,rate_limit(5/60s),False,0.0,48
2026-01-01 10:56:23,25493314,secure_user,987654321,none,rate_limit(5/60s),False,0.03,48
2026-01-01 10:56:23,25493314,cyber.auth,987654321,none,rate_limit(5/60s),False,0.01,48
2026-01-01 10:56:23,25493314,dev.access,987654321,none,rate_limit(5/60s),False,0.01,48
2026-01-01 10:56:23,25493314,root.guard,987654321,none,rate_limit(5/60s),False,0.01,48
2026-01-01 10:56:23,25493314,net.lock,987654321,none,rate_limit(5/60s),False,0.0,48
2026-01-01 10:56:23,25493314,auth.master,987654321,none,rate_limit(5/60s),False,0.01,48
2026-01-01 10:56:23,25493314,vault_user,987654321,none,rate_limit(5/60s),False,0.0,48
2026-01-01 10:56:23,25493314,system.sec,987654321,none,rate_limit(5/60s),False,0.0,48
2026-01-01 10:56:23,25493314,secure.login,987654321,none,rate_limit(5/60s),False,0.01,48
2026-01-01 10:56:23,25493314,user1,hello,none,rate_limit(5/60s),False,0.01,49
2026-01-01 10:56:23,25493314,admin,hello,none,rate_limit(5/60s),False,0.01,49
2026-01-01 10:56:23,25493314,guest,hello,none,rate_limit(5/60s),False,0.0,49
2026-01-01 10:56:23,25493314,test,hello,none,rate_limit(5/60s),False,0.01,49
2026-01-01 10:56:23,25493314,hello,hello,none,rate_limit(5/60s),False,0.01,49
2026-01-01 10:56:24,25493314,name,hello,none,rate_limit(5/60s),False,0.0,49
2026-01-01 10:56:24,25493314,login,hello,none,rate_limit(5/60s),False,0.01,49
2026-01-01 10:56:24,25493314,abc,hello,none,rate_limit(5/60s),False,0.01,49
2026-01-01 10:56:24,25493314,demo,hello,none,rate_limit(5/60s),False,0.01,49
2026-01-01 10:56:24,25493314,student,hello,none,rate_limit(5/60s),False,0.0,49
2026-01-01 10:56:24,25493314,Student_user,hello,none,rate_limit(5/60s),False,0.0,49
2026-01-01 10:56:24,25493314,user_test,hello,none,rate_limit(5/60s),False,0.0,49
2026-01-01 10:56:24,25493314,bluecat,hello,none,rate_limit(5/60s),False,0.0,49
2026-01-01 10:56:24,25493314,student1,hello,none,rate_limit(5/60s),False,0.0,49
2026-01-01 10:56:24,25493314,login_user,hello,none,rate_limit(5/60s),False,0.0,49
2026-01-01 10:56:24,25493314,pythonfan,hello,none,rate_limit(5/60s),False,0.0,49
2026-01-01 10:56:24,25493314,techgirl,hello,none,rate_limit(5/60s),False,0.01,49
2026-01-01 10:56:24,25493314,cloud_user,hello,none,rate_limit(5/60s),False,0.01,49
2026-01-01 10:56:24,25493314,gamer22,hello,none,rate_limit(5/60s),False,0.01,49
2026-01-01 10:56:24,25493314,webdev,hello,none,rate_limit(5/60s),False,0.0,49
2026-01-01 10:56:24,25493314,sha.sec,hello,none,rate_limit(5/60s),False,0.0,49
2026-01-01 10:56:24,25493314,secure_user,hello,none,rate_limit(5/60s),False,0.0,49
2026-01-01 10:56:24,25493314,cyber.auth,hello,none,rate_limit(5/60s),False,0.42,49
2026-01-01 10:56:24,25493314,dev.access,hello,none,rate_limit(5/60s),False,0.24,49
2026-01-01 10:56:24,25493314,root.guard,hello,none,rate_limit(5/60s),False,0.0,49
2026-01-01 10:56:24,25493314,net.lock,hello,none,rate_limit(5/60s),False,0.26,49
2026-01-01 10:56:24,25493314,auth.master,hello,none,rate_limit(5/60s),False,0.01,49
2026-01-01 10:56:24,25493314,vault_user,hello,none,rate_limit(5/60s),False,0.19,49
2026-01-01 10:56:24,25493314,system.sec,hello,none,rate_limit(5/60s),False,0.2,49
2026-01-01 10:56:24,25493314,secure.login,hello,none,rate_limit(5/60s),False,0.0,49
2026-01-01 10:57:23,25493314,user1,hello123,none,rate_limit(5/60s),False,0.03,50
2026-01-01 10:57:23,25493314,admin,hello123,none,rate_limit(5/60s),False,0.01,50
2026-01-01 10:57:23,25493314,guest,hello123,none,rate_limit(5/60s),False,0.01,50
2026-01-01 10:57:23,25493314,test,hello123,none,rate_limit(5/60s),False,0.0,50
2026-01-01 10:57:23,25493314,hello,hello123,none,rate_limit(5/60s),False,0.01,50
2026-01-01 10:57:23,25493314,name,hello123,none,rate_limit(5/60s),False,0.01,50
2026-01-01 10:57:23,25493314,login,hello123,none,rate_limit(5/60s),False,0.0,50
2026-01-01 10:57:23,25493314,abc,hello123,none,rate_limit(5/60s),False,0.0,50
2026-01-01 10:57:23,25493314,demo,hello123,none,rate_limit(5/60s),False,0.01,50
2026-01-01 10:57:23,25493314,student,hello123,none,rate_limit(5/60s),False,0.0,50
2026-01-01 10:57:23,25493314,Student_user,hello123,none,rate_limit(5/60s),False,0.01,50
2026-01-01 10:57:23,25493314,user_test,hello123,none,rate_limit(5/60s),False,0.0,50
2026-01-01 10:57:24,25493314,bluecat,hello123,none,rate_limit(5/60s),False,0.0,50
2026-01-01 10:57:24,25493314,student1,hello123,none,rate_limit(5/60s),False,0.0,50
2026-01-01 10:57:24,25493314,login_user,hello123,none,rate_limit(5/60s),False,0.0,50
2026-01-01 10:57:24,25493314,pythonfan,hello123,none,rate_limit(5/60s),False,0.0,50
2026-01-01 10:57:24,25493314,techgirl,hello123,none,rate_limit(5/60s),False,0.0,50
2026-01-01 10:57:24,25493314,cloud_user,hello123,none,rate_limit(5/60s),False,0.0,50
2026-01-01 10:57:24,25493314,gamer22,hello123,none,rate_limit(5/60s),False,0.0,50
2026-01-01 10:57:24,25493314,webdev,hello123,none,rate_limit(5/60s),False,0.0,50
2026-01-01 10:57:24,25493314,sha.sec,hello123,none,rate_limit(5/60s),False,0.01,50
2026-01-01 10:57:24,25493314,secure_user,hello123,none,rate_limit(5/60s),False,0.0,50
2026-01-01 10:57:24,25493314,cyber.auth,hello123,none,rate_limit(5/60s),False,0.0,50
2026-01-01 10:57:24,25493314,dev.access,hello123,none,rate_limit(5/60s),False,0.01,50
2026-01-01 10:57:24,25493314,root.guard,hello123,none,rate_limit(5/60s),False,0.0,50
2026-01-01 10:57:24,25493314,net.lock,hello123,none,rate_limit(5/60s),False,0.0,50
2026-01-01 10:57:24,25493314,auth.master,hello123,none,rate_limit(5/60s),False,0.0,50
2026-01-01 10:57:24,25493314,vault_user,hello123,none,rate_limit(5/60s),False,0.01,50
2026-01-01 10:57:24,25493314,system.sec,hello123,none,rate_limit(5/60s),False,0.0,50
2026-01-01 10:57:24,25493314,secure.login,hello123,none,rate_limit(5/60s),False,0.25,50
2026-01-01 10:57:24,25493314,user1,iloveyou,none,rate_limit(5/60s),False,0.2,51
2026-01-01 10:57:24,25493314,admin,iloveyou,none,rate_limit(5/60s),False,0.0,51
2026-01-01 10:57:24,25493314,guest,iloveyou,none,rate_limit(5/60s),False,0.25,51
2026-01-01 10:57:24,25493314,test,iloveyou,none,rate_limit(5/60s),False,0.0,51
2026-01-01 10:57:24,25493314,hello,iloveyou,none,rate_limit(5/60s),False,0.23,51
2026-01-01 10:57:24,25493314,name,iloveyou,none,rate_limit(5/60s),False,0.24,51
2026-01-01 10:57:24,25493314,login,iloveyou,none,rate_limit(5/60s),False,0.01,51
2026-01-01 10:58:23,25493314,abc,iloveyou,none,rate_limit(5/60s),False,0.03,51
2026-01-01 10:58:23,25493314,demo,iloveyou,none,rate_limit(5/60s),False,0.01,51
2026-01-01 10:58:23,25493314,student,iloveyou,none,rate_limit(5/60s),False,0.0,51
2026-01-01 10:58:23,25493314,Student_user,iloveyou,none,rate_limit(5/60s),False,0.0,51
2026-01-01 10:58:23,25493314,user_test,iloveyou,none,rate_limit(5/60s),False,0.01,51
2026-01-01 10:58:23,25493314,bluecat,iloveyou,none,rate_limit(5/60s),False,0.01,51
2026-01-01 10:58:23,25493314,student1,iloveyou,none,rate_limit(5/60s),False,0.0,51
2026-01-01 10:58:23,25493314,login_user,iloveyou,none,rate_limit(5/60s),False,0.0,51
2026-01-01 10:58:23,25493314,pythonfan,iloveyou,none,rate_limit(5/60s),False,0.0,51
2026-01-01 10:58:23,25493314,techgirl,iloveyou,none,rate_limit(5/60s),False,0.0,51
2026-01-01 10:58:23,25493314,cloud_user,iloveyou,none,rate_limit(5/60s),False,0.0,51
2026-01-01 10:58:23,25493314,gamer22,iloveyou,none,rate_limit(5/60s),False,0.0,51
2026-01-01 10:58:24,25493314,webdev,iloveyou,none,rate_limit(5/60s),False,0.02,51
2026-01-01 10:58:24,25493314,sha.sec,iloveyou,none,rate_limit(5/60s),False,0.01,51
2026-01-01 10:58:24,25493314,secure_user,iloveyou,none,rate_limit(5/60s),False,0.0,51
2026-01-01 10:58:24,25493314,cyber.auth,iloveyou,none,rate_limit(5/60s),False,0.0,51
2026-01-01 10:58:24,25493314,dev.access,iloveyou,none,rate_limit(5/60s),False,0.0,51
2026-01-01 10:58:24,25493314,root.guard,iloveyou,none,rate_limit(5/60s),False,0.0,51
2026-01-01 10:58:24,25493314,net.lock,iloveyou,none,rate_limit(5/60s),False,0.0,51
2026-01-01 10:58:24,25493314,auth.master,iloveyou,none,rate_limit(5/60s),False,0.0,51
2026-01-01 10:58:24,25493314,vault_user,iloveyou,none,rate_limit(5/60s),False,0.0,51
2026-01-01 10:58:24,25493314,system.sec,iloveyou,none,rate_limit(5/60s),False,0.01,51
2026-01-01 10:58:24,25493314,secure.login,iloveyou,none,rate_limit(5/60s),False,0.01,51
2026-01-01 10:58:24,25493314,user1,sunshine,none,rate_limit(5/60s),False,0.02,52
2026-01-01 10:58:24,25493314,admin,sunshine,none,rate_limit(5/60s),False,0.0,52
2026-01-01 10:58:24,25493314,guest,sunshine,none,rate_limit(5/60s),False,0.0,52
2026-01-01 10:58:24,25493314,test,sunshine,none,rate_limit(5/60s),False,0.0,52
2026-01-01 10:58:24,25493314,hello,sunshine,none,rate_limit(5/60s),False,0.0,52
2026-01-01 10:58:24,25493314,name,sunshine,none,rate_limit(5/60s),False,0.25,52
2026-01-01 10:58:24,25493314,login,sunshine,none,rate_limit(5/60s),False,0.21,52
2026-01-01 10:58:24,25493314,abc,sunshine,none,rate_limit(5/60s),False,0.0,52
2026-01-01 10:58:24,25493314,demo,sunshine,none,rate_limit(5/60s),False,0.32,52
2026-01-01 10:58:24,25493314,student,sunshine,none,rate_limit(5/60s),False,0.0,52
2026-01-01 10:58:24,25493314,Student_user,sunshine,none,rate_limit(5/60s),False,0.19,52
2026-01-01 10:58:24,25493314,user_test,sunshine,none,rate_limit(5/60s),False,0.23,52
2026-01-01 10:58:24,25493314,bluecat,sunshine,none,rate_limit(5/60s),False,0.0,52
2026-01-01 10:59:23,25493314,student1,sunshine,none,rate_limit(5/60s),False,0.03,52
2026-01-01 10:59:23,25493314,login_user,sunshine,none,rate_limit(5/60s),False,0.01,52
2026-01-01 10:59:23,25493314,pythonfan,sunshine,none,rate_limit(5/60s),False,0.0,52
2026-01-01 10:59:23,25493314,techgirl,sunshine,none,rate_limit(5/60s),False,0.0,52
2026-01-01 10:59:23,25493314,cloud_user,sunshine,none,rate_limit(5/60s),False,0.0,52
2026-01-01 10:59:23,25493314,gamer22,sunshine,none,rate_limit(5/60s),False,0.01,52
2026-01-01 10:59:23,25493314,webdev,sunshine,none,rate_limit(5/60s),False,0.0,52
2026-01-01 10:59:23,25493314,sha.sec,sunshine,none,rate_limit(5/60s),False,0.01,52
2026-01-01 10:59:23,25493314,secure_user,sunshine,none,rate_limit(5/60s),False,0.0,52
2026-01-01 10:59:23,25493314,cyber.auth,sunshine,none,rate_limit(5/60s),False,0.01,52
2026-01-01 10:59:23,25493314,dev.access,sunshine,none,rate_limit(5/60s),False,0.0,52
2026-01-01 10:59:24,25493314,root.guard,sunshine,none,rate_limit(5/60s),False,0.0,52
2026-01-01 10:59:24,25493314,net.lock,sunshine,none,rate_limit(5/60s),False,0.01,52
2026-01-01 10:59:24,25493314,auth.master,sunshine,none,rate_limit(5/60s),False,0.0,52
2026-01-01 10:59:24,25493314,vault_user,sunshine,none,rate_limit(5/60s),False,0.0,52
2026-01-01 10:59:24,25493314,system.sec,sunshine,none,rate_limit(5/60s),False,0.0,52
2026-01-01 10:59:24,25493314,secure.login,sunshine,none,rate_limit(5/60s),False,0.0,52
2026-01-01 10:59:24,25493314,user1,princess,none,rate_limit(5/60s),False,0.0,53
2026-01-01 10:59:24,25493314,admin,princess,none,rate_limit(5/60s),False,0.01,53
2026-01-01 10:59:24,25493314,guest,princess,none,rate_limit(5/60s),False,0.01,53
2026-01-01 10:59:24,25493314,test,princess,none,rate_limit(5/60s),False,0.01,53
2026-01-01 10:59:24,25493314,hello,princess,none,rate_limit(5/60s),False,0.0,53
2026-01-01 10:59:24,25493314,name,princess,none,rate_limit(5/60s),False,0.0,53
2026-01-01 10:59:24,25493314,login,princess,none,rate_limit(5/60s),False,0.0,53
2026-01-01 10:59:24,25493314,abc,princess,none,rate_limit(5/60s),False,0.0,53
2026-01-01 10:59:24,25493314,demo,princess,none,rate_limit(5/60s),False,0.01,53
2026-01-01 10:59:24,25493314,student,princess,none,rate_limit(5/60s),False,0.0,53
2026-01-01 10:59:24,25493314,Student_user,princess,none,rate_limit(5/60s),False,0.0,53
2026-01-01 10:59:24,25493314,user_test,princess,none,rate_limit(5/60s),False,0.24,53
2026-01-01 10:59:24,25493314,bluecat,princess,none,rate_limit(5/60s),False,0.23,53
2026-01-01 10:59:24,25493314,student1,princess,none,rate_limit(5/60s),False,0.0,53
2026-01-01 10:59:24,25493314,login_user,princess,none,rate_limit(5/60s),False,0.19,53
2026-01-01 10:59:24,25493314,pythonfan,princess,none,rate_limit(5/60s),False,0.0,53
2026-01-01 10:59:24,25493314,techgirl,princess,none,rate_limit(5/60s),False,0.22,53
2026-01-01 10:59:24,25493314,cloud_user,princess,none,rate_limit(5/60s),False,0.2,53
2026-01-01 10:59:24,25493314,gamer22,princess,none,rate_limit(5/60s),False,0.0,53
2026-01-01 11:00:23,25493314,webdev,princess,none,rate_limit(5/60s),False,0.03,53
2026-01-01 11:00:23,25493314,sha.sec,princess,none,rate_limit(5/60s),False,0.01,53
2026-01-01 11:00:23,25493314,secure_user,princess,none,rate_limit(5/60s),False,0.01,53
2026-01-01 11:00:23,25493314,cyber.auth,princess,none,rate_limit(5/60s),False,0.0,53
2026-01-01 11:00:23,25493314,dev.access,princess,none,rate_limit(5/60s),False,0.0,53
2026-01-01 11:00:23,25493314,root.guard,princess,none,rate_limit(5/60s),False,0.0,53
2026-01-01 11:00:23,25493314,net.lock,princess,none,rate_limit(5/60s),False,0.0,53
2026-01-01 11:00:23,25493314,auth.master,princess,none,rate_limit(5/60s),False,0.0,53
2026-01-01 11:00:23,25493314,vault_user,princess,none,rate_limit(5/60s),False,0.01,53
2026-01-01 11:00:24,25493314,system.sec,princess,none,rate_limit(5/60s),False,0.0,53
2026-01-01 11:00:24,25493314,secure.login,princess,none,rate_limit(5/60s),False,0.0,53
2026-01-01 11:00:24,25493314,user1,Password1,none,rate_limit(5/60s),False,0.0,54
2026-01-01 11:00:24,25493314,admin,Password1,none,rate_limit(5/60s),False,0.01,54
2026-01-01 11:00:24,25493314,guest,Password1,none,rate_limit(5/60s),False,0.0,54
2026-01-01 11:00:24,25493314,test,Password1,none,rate_limit(5/60s),False,0.0,54
2026-01-01 11:00:24,25493314,hello,Password1,none,rate_limit(5/60s),False,0.0,54
2026-01-01 11:00:24,25493314,name,Password1,none,rate_limit(5/60s),False,0.0,54
2026-01-01 11:00:24,25493314,login,Password1,none,rate_limit(5/60s),False,0.0,54
2026-01-01 11:00:24,25493314,abc,Password1,none,rate_limit(5/60s),False,0.0,54
2026-01-01 11:00:24,25493314,demo,Password1,none,rate_limit(5/60s),False,0.0,54
2026-01-01 11:00:24,25493314,student,Password1,none,rate_limit(5/60s),False,0.0,54
2026-01-01 11:00:24,25493314,Student_user,Password1,none,rate_limit(5/60s),False,0.01,54
2026-01-01 11:00:24,25493314,user_test,Password1,none,rate_limit(5/60s),False,0.0,54
2026-01-01 11:00:24,25493314,bluecat,Password1,none,rate_limit(5/60s),False,0.01,54
2026-01-01 11:00:24,25493314,student1,Password1,none,rate_limit(5/60s),False,0.0,54
2026-01-01 11:00:24,25493314,login_user,Password1,none,rate_limit(5/60s),False,0.0,54
2026-01-01 11:00:24,25493314,pythonfan,Password1,none,rate_limit(5/60s),False,0.01,54
2026-01-01 11:00:24,25493314,techgirl,Password1,none,rate_limit(5/60s),False,0.23,54
2026-01-01 11:00:24,25493314,cloud_user,Password1,none,rate_limit(5/60s),False,1.01,54
2026-01-01 11:00:24,25493314,gamer22,Password1,none,rate_limit(5/60s),False,0.0,54
2026-01-01 11:00:24,25493314,webdev,Password1,none,rate_limit(5/60s),False,0.29,54
2026-01-01 11:00:24,25493314,sha.sec,Password1,none,rate_limit(5/60s),False,0.0,54
2026-01-01 11:00:24,25493314,secure_user,Password1,none,rate_limit(5/60s),False,0.21,54
2026-01-01 11:00:24,25493314,cyber.auth,Password1,none,rate_limit(5/60s),False,0.27,54
2026-01-01 11:00:24,25493314,dev.access,Password1,none,rate_limit(5/60s),False,0.0,54
2026-01-01 11:01:23,25493314,root.guard,Password1,none,rate_limit(5/60s),False,0.02,54
2026-01-01 11:01:23,25493314,net.lock,Password1,none,rate_limit(5/60s),False,0.01,54
2026-01-01 11:01:23,25493314,auth.master,Password1,none,rate_limit(5/60s),False,0.01,54
2026-01-01 11:01:23,25493314,vault_user,Password1,none,rate_limit(5/60s),False,0.0,54
2026-01-01 11:01:23,25493314,system.sec,Password1,none,rate_limit(5/60s),False,0.0,54
2026-01-01 11:01:23,25493314,secure.login,Password1,none,rate_limit(5/60s),False,0.01,54
2026-01-01 11:01:23,25493314,user1,Password123,none,rate_limit(5/60s),False,0.0,55
2026-01-01 11:01:23,25493314,admin,Password123,none,rate_limit(5/60s),False,0.01,55
2026-01-01 11:01:23,25493314,guest,Password123,none,rate_limit(5/60s),False,0.01,55
2026-01-01 11:01:24,25493314,test,Password123,none,rate_limit(5/60s),False,0.0,55
2026-01-01 11:01:24,25493314,hello,Password123,none,rate_limit(5/60s),False,0.0,55
2026-01-01 11:01:24,25493314,name,Password123,none,rate_limit(5/60s),False,0.0,55
2026-01-01 11:01:24,25493314,login,Password123,none,rate_limit(5/60s),False,0.0,55
2026-01-01 11:01:24,25493314,abc,Password123,none,rate_limit(5/60s),False,0.0,55
2026-01-01 11:01:24,25493314,demo,Password123,none,rate_limit(5/60s),False,0.0,55
2026-01-01 11:01:24,25493314,student,Password123,none,rate_limit(5/60s),False,0.0,55
2026-01-01 11:01:24,25493314,Student_user,Password123,none,rate_limit(5/60s),False,0.04,55
2026-01-01 11:01:24,25493314,user_test,Password123,none,rate_limit(5/60s),False,0.0,55
2026-01-01 11:01:24,25493314,bluecat,Password123,none,rate_limit(5/60s),False,0.01,55
2026-01-01 11:01:24,25493314,student1,Password123,none,rate_limit(5/60s),False,0.01,55
2026-01-01 11:01:24,25493314,login_user,Password123,none,rate_limit(5/60s),False,0.0,55
2026-01-01 11:01:24,25493314,pythonfan,Password123,none,rate_limit(5/60s),False,0.01,55
2026-01-01 11:01:24,25493314,techgirl,Password123,none,rate_limit(5/60s),False,0.0,55
2026-01-01 11:01:24,25493314,cloud_user,Password123,none,rate_limit(5/60s),False,0.0,55
2026-01-01 11:01:24,25493314,gamer22,Password123,none,rate_limit(5/60s),False,0.0,55
2026-01-01 11:01:24,25493314,webdev,Password123,none,rate_limit(5/60s),False,0.0,55
2026-01-01 11:01:24,25493314,sha.sec,Password123,none,rate_limit(5/60s),False,0.39,55
2026-01-01 11:01:24,25493314,secure_user,Password123,none,rate_limit(5/60s),False,0.15,55
2026-01-01 11:01:24,25493314,cyber.auth,Password123,none,rate_limit(5/60s),False,0.0,55
2026-01-01 11:01:24,25493314,dev.access,Password123,none,rate_limit(5/60s),False,0.2,55
2026-01-01 11:01:24,25493314,root.guard,Password123,none,rate_limit(5/60s),False,0.01,55
2026-01-01 11:01:24,25493314,net.lock,Password123,none,rate_limit(5/60s),False,0.14,55
2026-01-01 11:01:24,25493314,auth.master,Password123,none,rate_limit(5/60s),False,0.14,55
2026-01-01 11:01:24,25493314,vault_user,Password123,none,rate_limit(5/60s),False,0.03,55

====================,SUMMARY STATISTICS,====================

Metric,Value
Total Attempts,1648
Successful Attempts,2
Failed Attempts,1646
Success Rate (%),0.12

Unique Usernames Tested,30
Unique Passwords Tested,55

Latency Statistics (ms)
Sum (Total Latency),46.69
Average Latency,0.03
Median Latency (P50),0.00
Min Latency,0.00
Max Latency,1.18

Percentiles (ms)
10th Percentile (P10),0.00
25th Percentile (P25),0.00
75th Percentile (P75),0.01
90th Percentile (P90),0.04
95th Percentile (P95),0.22
99th Percentile (P99),0.41

Time Range
First Attempt,2026-01-01 09:02:16
Last Attempt,2026-01-01 11:01:24

Report Generated,2026-01-01 11:15:57
