timestamp,group_seed,username,password,hash_mode,protection_flags,result,latency_ms,attempt_number
2025-12-30 14:10:16,25493314,user1,123456,sha256_salt,none,False,0.78,1
2025-12-30 14:10:18,25493314,user1,password,sha256_salt,none,False,0.46,2
2025-12-30 14:10:20,25493314,user1,12345678,sha256_salt,none,False,0.97,3
2025-12-30 14:10:22,25493314,user1,qwerty,sha256_salt,none,False,0.43,4
2025-12-30 14:10:24,25493314,user1,123456789,sha256_salt,none,False,0.59,5
2025-12-30 14:10:26,25493314,user1,12345,sha256_salt,none,False,0.72,6
2025-12-30 14:10:28,25493314,user1,1234,sha256_salt,none,True,0.87,7
2025-12-30 14:10:30,25493314,admin,123456,sha256_salt,none,False,0.66,1
2025-12-30 14:10:32,25493314,admin,password,sha256_salt,none,False,0.44,2
2025-12-30 14:10:34,25493314,admin,12345678,sha256_salt,none,False,0.59,3
2025-12-30 14:10:36,25493314,admin,qwerty,sha256_salt,none,False,0.63,4
2025-12-30 14:10:38,25493314,admin,123456789,sha256_salt,none,False,0.4,5
2025-12-30 14:10:40,25493314,admin,12345,sha256_salt,none,False,0.4,6
2025-12-30 14:10:42,25493314,admin,1234,sha256_salt,none,False,0.92,7
2025-12-30 14:10:44,25493314,admin,111111,sha256_salt,none,False,0.75,8
2025-12-30 14:10:46,25493314,admin,1234567,sha256_salt,none,False,0.55,9
2025-12-30 14:10:49,25493314,admin,dragon,sha256_salt,none,False,0.55,10
2025-12-30 14:10:51,25493314,admin,123123,sha256_salt,none,False,0.74,11
2025-12-30 14:10:53,25493314,admin,baseball,sha256_salt,none,False,0.72,12
2025-12-30 14:10:55,25493314,admin,abc123,sha256_salt,none,False,0.85,13
2025-12-30 14:10:57,25493314,admin,football,sha256_salt,none,False,0.62,14
2025-12-30 14:10:59,25493314,admin,monkey,sha256_salt,none,False,0.66,15
2025-12-30 14:11:01,25493314,admin,letmein,sha256_salt,none,False,0.56,16
2025-12-30 14:11:03,25493314,admin,shadow,sha256_salt,none,False,0.59,17
2025-12-30 14:11:05,25493314,admin,master,sha256_salt,none,False,0.63,18
2025-12-30 14:11:07,25493314,admin,666666,sha256_salt,none,False,0.62,19
2025-12-30 14:11:09,25493314,admin,qwertyuiop,sha256_salt,none,False,0.37,20
2025-12-30 14:11:11,25493314,admin,123321,sha256_salt,none,False,0.63,21
2025-12-30 14:11:13,25493314,admin,mustang,sha256_salt,none,False,0.61,22
2025-12-30 14:11:15,25493314,admin,121212,sha256_salt,none,False,0.64,23
2025-12-30 14:11:17,25493314,admin,000000,sha256_salt,none,False,0.59,24
2025-12-30 14:11:19,25493314,admin,password1,sha256_salt,none,False,0.44,25
2025-12-30 14:11:22,25493314,admin,admin,sha256_salt,none,True,0.56,26
2025-12-30 14:11:24,25493314,guest,123456,sha256_salt,none,False,0.59,1
2025-12-30 14:11:26,25493314,guest,password,sha256_salt,none,False,0.6,2
2025-12-30 14:11:28,25493314,guest,12345678,sha256_salt,none,False,0.6,3
2025-12-30 14:11:30,25493314,guest,qwerty,sha256_salt,none,False,0.62,4
2025-12-30 14:11:32,25493314,guest,123456789,sha256_salt,none,False,0.91,5
2025-12-30 14:11:34,25493314,guest,12345,sha256_salt,none,False,0.59,6
2025-12-30 14:11:36,25493314,guest,1234,sha256_salt,none,False,0.58,7
2025-12-30 14:11:38,25493314,guest,111111,sha256_salt,none,False,0.64,8
2025-12-30 14:11:40,25493314,guest,1234567,sha256_salt,none,False,0.62,9
2025-12-30 14:11:42,25493314,guest,dragon,sha256_salt,none,False,0.56,10
2025-12-30 14:11:44,25493314,guest,123123,sha256_salt,none,False,0.81,11
2025-12-30 14:11:46,25493314,guest,baseball,sha256_salt,none,False,0.85,12
2025-12-30 14:11:48,25493314,guest,abc123,sha256_salt,none,False,0.38,13
2025-12-30 14:11:50,25493314,guest,football,sha256_salt,none,False,0.48,14
2025-12-30 14:11:52,25493314,guest,monkey,sha256_salt,none,False,0.67,15
2025-12-30 14:11:55,25493314,guest,letmein,sha256_salt,none,False,0.72,16
2025-12-30 14:11:57,25493314,guest,shadow,sha256_salt,none,False,0.56,17
2025-12-30 14:11:59,25493314,guest,master,sha256_salt,none,False,0.57,18
2025-12-30 14:12:01,25493314,guest,666666,sha256_salt,none,False,0.46,19
2025-12-30 14:12:03,25493314,guest,qwertyuiop,sha256_salt,none,False,0.28,20
2025-12-30 14:12:05,25493314,guest,123321,sha256_salt,none,False,0.59,21
2025-12-30 14:12:07,25493314,guest,mustang,sha256_salt,none,False,0.39,22
2025-12-30 14:12:09,25493314,guest,121212,sha256_salt,none,False,0.6,23
2025-12-30 14:12:11,25493314,guest,000000,sha256_salt,none,False,0.89,24
2025-12-30 14:12:13,25493314,guest,password1,sha256_salt,none,False,0.61,25
2025-12-30 14:12:15,25493314,guest,admin,sha256_salt,none,False,0.45,26
2025-12-30 14:12:17,25493314,guest,admin123,sha256_salt,none,False,0.49,27
2025-12-30 14:12:19,25493314,guest,root,sha256_salt,none,False,0.55,28
2025-12-30 14:12:21,25493314,guest,toor,sha256_salt,none,False,0.58,29
2025-12-30 14:12:23,25493314,guest,pass,sha256_salt,none,False,0.36,30
2025-12-30 14:12:25,25493314,guest,25493314test,sha256_salt,none,False,0.79,31
2025-12-30 14:12:27,25493314,guest,test123,sha256_salt,none,False,0.56,32
2025-12-30 14:12:29,25493314,guest,guest,sha256_salt,none,True,0.61,33
2025-12-30 14:12:32,25493314,test,123456,sha256_salt,none,False,0.69,1
2025-12-30 14:12:34,25493314,test,password,sha256_salt,none,False,0.3,2
2025-12-30 14:12:36,25493314,test,12345678,sha256_salt,none,False,0.56,3
2025-12-30 14:12:38,25493314,test,qwerty,sha256_salt,none,False,0.46,4
2025-12-30 14:12:40,25493314,test,123456789,sha256_salt,none,False,0.56,5
2025-12-30 14:12:42,25493314,test,12345,sha256_salt,none,False,0.34,6
2025-12-30 14:12:44,25493314,test,1234,sha256_salt,none,False,0.61,7
2025-12-30 14:12:46,25493314,test,111111,sha256_salt,none,False,0.64,8
2025-12-30 14:12:48,25493314,test,1234567,sha256_salt,none,False,0.65,9
2025-12-30 14:12:50,25493314,test,dragon,sha256_salt,none,False,0.59,10
2025-12-30 14:12:52,25493314,test,123123,sha256_salt,none,False,0.44,11
2025-12-30 14:12:54,25493314,test,baseball,sha256_salt,none,False,0.55,12
2025-12-30 14:12:56,25493314,test,abc123,sha256_salt,none,False,0.58,13
2025-12-30 14:12:58,25493314,test,football,sha256_salt,none,False,0.57,14
2025-12-30 14:13:00,25493314,test,monkey,sha256_salt,none,False,0.67,15
2025-12-30 14:13:02,25493314,test,letmein,sha256_salt,none,False,0.58,16
2025-12-30 14:13:04,25493314,test,shadow,sha256_salt,none,False,0.65,17
2025-12-30 14:13:06,25493314,test,master,sha256_salt,none,False,0.59,18
2025-12-30 14:13:09,25493314,test,666666,sha256_salt,none,False,0.51,19
2025-12-30 14:13:11,25493314,test,qwertyuiop,sha256_salt,none,False,0.27,20
2025-12-30 14:13:13,25493314,test,123321,sha256_salt,none,False,0.26,21
2025-12-30 14:13:15,25493314,test,mustang,sha256_salt,none,False,0.4,22
2025-12-30 14:13:17,25493314,test,121212,sha256_salt,none,False,0.38,23
2025-12-30 14:13:19,25493314,test,000000,sha256_salt,none,False,0.64,24
2025-12-30 14:13:21,25493314,test,password1,sha256_salt,none,False,0.3,25
2025-12-30 14:13:23,25493314,test,admin,sha256_salt,none,False,0.33,26
2025-12-30 14:13:25,25493314,test,admin123,sha256_salt,none,False,0.73,27
2025-12-30 14:13:27,25493314,test,root,sha256_salt,none,False,0.56,28
2025-12-30 14:13:29,25493314,test,toor,sha256_salt,none,False,0.59,29
2025-12-30 14:13:31,25493314,test,pass,sha256_salt,none,False,0.6,30
2025-12-30 14:13:33,25493314,test,25493314test,sha256_salt,none,False,0.58,31
2025-12-30 14:13:35,25493314,test,test123,sha256_salt,none,True,0.62,32
2025-12-30 14:13:37,25493314,hello,123456,sha256_salt,none,False,0.58,1
2025-12-30 14:13:39,25493314,hello,password,sha256_salt,none,False,0.56,2
2025-12-30 14:13:41,25493314,hello,12345678,sha256_salt,none,False,0.57,3
2025-12-30 14:13:44,25493314,hello,qwerty,sha256_salt,none,False,0.56,4
2025-12-30 14:13:46,25493314,hello,123456789,sha256_salt,none,False,0.68,5
2025-12-30 14:13:48,25493314,hello,12345,sha256_salt,none,False,0.6,6
2025-12-30 14:13:50,25493314,hello,1234,sha256_salt,none,False,0.72,7
2025-12-30 14:13:52,25493314,hello,111111,sha256_salt,none,False,0.42,8
2025-12-30 14:13:54,25493314,hello,1234567,sha256_salt,none,False,0.6,9
2025-12-30 14:13:56,25493314,hello,dragon,sha256_salt,none,False,0.59,10
2025-12-30 14:13:58,25493314,hello,123123,sha256_salt,none,False,0.59,11
2025-12-30 14:14:00,25493314,hello,baseball,sha256_salt,none,False,0.58,12
2025-12-30 14:14:02,25493314,hello,abc123,sha256_salt,none,False,0.75,13
2025-12-30 14:14:04,25493314,hello,football,sha256_salt,none,False,0.65,14
2025-12-30 14:14:06,25493314,hello,monkey,sha256_salt,none,False,0.75,15
2025-12-30 14:14:08,25493314,hello,letmein,sha256_salt,none,False,0.59,16
2025-12-30 14:14:10,25493314,hello,shadow,sha256_salt,none,False,0.6,17
2025-12-30 14:14:12,25493314,hello,master,sha256_salt,none,False,0.59,18
2025-12-30 14:14:15,25493314,hello,666666,sha256_salt,none,False,0.39,19
2025-12-30 14:14:17,25493314,hello,qwertyuiop,sha256_salt,none,False,0.62,20
2025-12-30 14:14:19,25493314,hello,123321,sha256_salt,none,False,0.6,21
2025-12-30 14:14:21,25493314,hello,mustang,sha256_salt,none,False,0.55,22
2025-12-30 14:14:23,25493314,hello,121212,sha256_salt,none,False,0.66,23
2025-12-30 14:14:25,25493314,hello,000000,sha256_salt,none,False,0.7,24
2025-12-30 14:14:27,25493314,hello,password1,sha256_salt,none,False,0.39,25
2025-12-30 14:14:29,25493314,hello,admin,sha256_salt,none,False,0.63,26
2025-12-30 14:14:31,25493314,hello,admin123,sha256_salt,none,False,0.59,27
2025-12-30 14:14:33,25493314,hello,root,sha256_salt,none,False,0.29,28
2025-12-30 14:14:35,25493314,hello,toor,sha256_salt,none,False,0.61,29
2025-12-30 14:14:37,25493314,hello,pass,sha256_salt,none,False,0.66,30
2025-12-30 14:14:39,25493314,hello,25493314test,sha256_salt,none,False,0.31,31
2025-12-30 14:14:41,25493314,hello,test123,sha256_salt,none,False,0.37,32
2025-12-30 14:14:43,25493314,hello,guest,sha256_salt,none,False,0.33,33
2025-12-30 14:14:45,25493314,hello,guest123,sha256_salt,none,False,0.36,34
2025-12-30 14:14:47,25493314,hello,user,sha256_salt,none,False,0.31,35
2025-12-30 14:14:50,25493314,hello,user123,sha256_salt,none,False,0.6,36
2025-12-30 14:14:52,25493314,hello,login,sha256_salt,none,False,0.56,37
2025-12-30 14:14:54,25493314,hello,login123,sha256_salt,none,False,0.61,38
2025-12-30 14:14:56,25493314,hello,welcome,sha256_salt,none,False,0.58,39
2025-12-30 14:14:58,25493314,hello,welcome1,sha256_salt,none,False,0.59,40
2025-12-30 14:15:00,25493314,hello,password123,sha256_salt,none,False,0.59,41
2025-12-30 14:15:02,25493314,hello,admin1,sha256_salt,none,False,0.48,42
2025-12-30 14:15:04,25493314,hello,root123,sha256_salt,none,False,0.61,43
2025-12-30 14:15:06,25493314,hello,pass123,sha256_salt,none,False,0.55,44
2025-12-30 14:15:08,25493314,hello,1q2w3e4r,sha256_salt,none,False,0.79,45
2025-12-30 14:15:10,25493314,hello,qwerty123,sha256_salt,none,False,0.48,46
2025-12-30 14:15:12,25493314,hello,1234567890,sha256_salt,none,False,0.55,47
2025-12-30 14:15:14,25493314,hello,987654321,sha256_salt,none,False,0.62,48
2025-12-30 14:15:16,25493314,hello,hello,sha256_salt,none,True,0.61,49
2025-12-30 14:15:18,25493314,name,123456,sha256_salt,none,False,0.65,1
2025-12-30 14:15:20,25493314,name,password,sha256_salt,none,False,0.58,2
2025-12-30 14:15:22,25493314,name,12345678,sha256_salt,none,False,1.08,3
2025-12-30 14:15:25,25493314,name,qwerty,sha256_salt,none,False,0.65,4
2025-12-30 14:15:27,25493314,name,123456789,sha256_salt,none,False,0.5,5
2025-12-30 14:15:29,25493314,name,12345,sha256_salt,none,False,0.73,6
2025-12-30 14:15:31,25493314,name,1234,sha256_salt,none,False,0.39,7
2025-12-30 14:15:33,25493314,name,111111,sha256_salt,none,False,0.61,8
2025-12-30 14:15:35,25493314,name,1234567,sha256_salt,none,False,0.67,9
2025-12-30 14:15:37,25493314,name,dragon,sha256_salt,none,False,0.68,10
2025-12-30 14:15:39,25493314,name,123123,sha256_salt,none,False,0.68,11
2025-12-30 14:15:41,25493314,name,baseball,sha256_salt,none,False,0.62,12
2025-12-30 14:15:43,25493314,name,abc123,sha256_salt,none,False,0.59,13
2025-12-30 14:15:45,25493314,name,football,sha256_salt,none,False,0.41,14
2025-12-30 14:15:47,25493314,name,monkey,sha256_salt,none,False,0.7,15
2025-12-30 14:15:49,25493314,name,letmein,sha256_salt,none,False,0.6,16
2025-12-30 14:15:51,25493314,name,shadow,sha256_salt,none,False,0.6,17
2025-12-30 14:15:54,25493314,name,master,sha256_salt,none,False,0.69,18
2025-12-30 14:15:56,25493314,name,666666,sha256_salt,none,False,0.73,19
2025-12-30 14:15:58,25493314,name,qwertyuiop,sha256_salt,none,False,0.34,20
2025-12-30 14:16:00,25493314,name,123321,sha256_salt,none,False,0.4,21
2025-12-30 14:16:02,25493314,name,mustang,sha256_salt,none,False,0.84,22
2025-12-30 14:16:04,25493314,name,121212,sha256_salt,none,False,0.75,23
2025-12-30 14:16:06,25493314,name,000000,sha256_salt,none,False,0.79,24
2025-12-30 14:16:08,25493314,name,password1,sha256_salt,none,False,0.69,25
2025-12-30 14:16:10,25493314,name,admin,sha256_salt,none,False,0.4,26
2025-12-30 14:16:12,25493314,name,admin123,sha256_salt,none,False,0.67,27
2025-12-30 14:16:14,25493314,name,root,sha256_salt,none,False,0.49,28
2025-12-30 14:16:16,25493314,name,toor,sha256_salt,none,False,0.46,29
2025-12-30 14:16:18,25493314,name,pass,sha256_salt,none,False,0.83,30
2025-12-30 14:16:21,25493314,name,25493314test,sha256_salt,none,False,0.8,31
2025-12-30 14:16:23,25493314,name,test123,sha256_salt,none,False,0.6,32
2025-12-30 14:16:25,25493314,name,guest,sha256_salt,none,False,0.64,33
2025-12-30 14:16:27,25493314,name,guest123,sha256_salt,none,False,0.79,34
2025-12-30 14:16:29,25493314,name,user,sha256_salt,none,False,0.36,35
2025-12-30 14:16:31,25493314,name,user123,sha256_salt,none,False,0.8,36
2025-12-30 14:16:33,25493314,name,login,sha256_salt,none,False,0.71,37
2025-12-30 14:16:35,25493314,name,login123,sha256_salt,none,False,0.73,38
2025-12-30 14:16:37,25493314,name,welcome,sha256_salt,none,False,0.49,39
2025-12-30 14:16:39,25493314,name,welcome1,sha256_salt,none,False,0.68,40
2025-12-30 14:16:41,25493314,name,password123,sha256_salt,none,False,0.73,41
2025-12-30 14:16:43,25493314,name,admin1,sha256_salt,none,False,0.73,42
2025-12-30 14:16:45,25493314,name,root123,sha256_salt,none,False,0.62,43
2025-12-30 14:16:47,25493314,name,pass123,sha256_salt,none,False,0.75,44
2025-12-30 14:16:50,25493314,name,1q2w3e4r,sha256_salt,none,False,0.73,45
2025-12-30 14:16:52,25493314,name,qwerty123,sha256_salt,none,False,0.8,46
2025-12-30 14:16:54,25493314,name,1234567890,sha256_salt,none,False,0.63,47
2025-12-30 14:16:56,25493314,name,987654321,sha256_salt,none,False,0.69,48
2025-12-30 14:16:58,25493314,name,hello,sha256_salt,none,False,0.63,49
2025-12-30 14:17:00,25493314,name,hello123,sha256_salt,none,False,0.77,50
2025-12-30 14:17:02,25493314,name,iloveyou,sha256_salt,none,False,0.78,51
2025-12-30 14:17:04,25493314,name,sunshine,sha256_salt,none,False,0.77,52
2025-12-30 14:17:06,25493314,name,princess,sha256_salt,none,False,0.68,53
2025-12-30 14:17:08,25493314,name,Password1,sha256_salt,none,False,0.76,54
2025-12-30 14:17:10,25493314,name,Password123,sha256_salt,none,False,0.81,55
2025-12-30 14:17:12,25493314,name,Admin123,sha256_salt,none,False,0.69,56
2025-12-30 14:17:14,25493314,name,Welcome1,sha256_salt,none,False,0.74,57
2025-12-30 14:17:17,25493314,name,Student123,sha256_salt,none,False,0.88,58
2025-12-30 14:17:19,25493314,name,Student99,sha256_salt,none,False,0.79,59
2025-12-30 14:17:21,25493314,name,Test2024,sha256_salt,none,False,0.71,60
2025-12-30 14:17:23,25493314,name,Login456,sha256_salt,none,False,0.94,61
2025-12-30 14:17:25,25493314,name,Python101,sha256_salt,none,False,0.72,62
2025-12-30 14:17:27,25493314,name,demo,sha256_salt,none,False,0.68,63
2025-12-30 14:17:29,25493314,name,student,sha256_salt,none,False,0.63,64
2025-12-30 14:17:31,25493314,name,name,sha256_salt,none,False,0.71,65
2025-12-30 14:17:33,25493314,name,1111,sha256_salt,none,True,0.74,66
2025-12-30 14:17:35,25493314,login,123456,sha256_salt,none,False,0.76,1
2025-12-30 14:17:37,25493314,login,password,sha256_salt,none,False,0.67,2
2025-12-30 14:17:39,25493314,login,12345678,sha256_salt,none,False,0.6,3
2025-12-30 14:17:41,25493314,login,qwerty,sha256_salt,none,False,0.65,4
2025-12-30 14:17:44,25493314,login,123456789,sha256_salt,none,False,0.6,5
2025-12-30 14:17:46,25493314,login,12345,sha256_salt,none,False,0.45,6
2025-12-30 14:17:48,25493314,login,1234,sha256_salt,none,False,0.29,7
2025-12-30 14:17:50,25493314,login,111111,sha256_salt,none,False,0.96,8
2025-12-30 14:17:52,25493314,login,1234567,sha256_salt,none,False,0.42,9
2025-12-30 14:17:54,25493314,login,dragon,sha256_salt,none,False,0.73,10
2025-12-30 14:17:56,25493314,login,123123,sha256_salt,none,False,0.88,11
2025-12-30 14:17:58,25493314,login,baseball,sha256_salt,none,False,2.41,12
2025-12-30 14:18:00,25493314,login,abc123,sha256_salt,none,False,0.7,13
2025-12-30 14:18:02,25493314,login,football,sha256_salt,none,False,1.76,14
2025-12-30 14:18:04,25493314,login,monkey,sha256_salt,none,False,0.71,15
2025-12-30 14:18:06,25493314,login,letmein,sha256_salt,none,False,1.19,16
2025-12-30 14:18:08,25493314,login,shadow,sha256_salt,none,False,0.72,17
2025-12-30 14:18:11,25493314,login,master,sha256_salt,none,False,0.7,18
2025-12-30 14:18:13,25493314,login,666666,sha256_salt,none,False,0.72,19
2025-12-30 14:18:15,25493314,login,qwertyuiop,sha256_salt,none,False,0.68,20
2025-12-30 14:18:17,25493314,login,123321,sha256_salt,none,False,0.7,21
2025-12-30 14:18:19,25493314,login,mustang,sha256_salt,none,False,0.63,22
2025-12-30 14:18:21,25493314,login,121212,sha256_salt,none,False,0.8,23
2025-12-30 14:18:23,25493314,login,000000,sha256_salt,none,False,0.64,24
2025-12-30 14:18:25,25493314,login,password1,sha256_salt,none,False,0.65,25
2025-12-30 14:18:27,25493314,login,admin,sha256_salt,none,False,0.67,26
2025-12-30 14:18:29,25493314,login,admin123,sha256_salt,none,False,0.8,27
2025-12-30 14:18:31,25493314,login,root,sha256_salt,none,False,0.69,28
2025-12-30 14:18:33,25493314,login,toor,sha256_salt,none,False,0.58,29
2025-12-30 14:18:35,25493314,login,pass,sha256_salt,none,False,0.74,30
2025-12-30 14:18:38,25493314,login,25493314test,sha256_salt,none,False,0.66,31
2025-12-30 14:18:40,25493314,login,test123,sha256_salt,none,False,0.75,32
2025-12-30 14:18:42,25493314,login,guest,sha256_salt,none,False,0.78,33
2025-12-30 14:18:44,25493314,login,guest123,sha256_salt,none,False,0.74,34
2025-12-30 14:18:46,25493314,login,user,sha256_salt,none,False,0.78,35
2025-12-30 14:18:48,25493314,login,user123,sha256_salt,none,False,0.75,36
2025-12-30 14:18:50,25493314,login,login,sha256_salt,none,True,1.25,37
2025-12-30 14:18:52,25493314,abc,123456,sha256_salt,none,False,0.74,1
2025-12-30 14:18:54,25493314,abc,password,sha256_salt,none,False,0.81,2
2025-12-30 14:18:56,25493314,abc,12345678,sha256_salt,none,False,0.73,3
2025-12-30 14:18:58,25493314,abc,qwerty,sha256_salt,none,False,0.74,4
2025-12-30 14:19:00,25493314,abc,123456789,sha256_salt,none,False,0.75,5
2025-12-30 14:19:03,25493314,abc,12345,sha256_salt,none,False,0.69,6
2025-12-30 14:19:05,25493314,abc,1234,sha256_salt,none,False,0.69,7
2025-12-30 14:19:07,25493314,abc,111111,sha256_salt,none,False,0.75,8
2025-12-30 14:19:09,25493314,abc,1234567,sha256_salt,none,False,0.57,9
2025-12-30 14:19:11,25493314,abc,dragon,sha256_salt,none,False,0.85,10
2025-12-30 14:19:13,25493314,abc,123123,sha256_salt,none,False,0.72,11
2025-12-30 14:19:15,25493314,abc,baseball,sha256_salt,none,False,0.57,12
2025-12-30 14:19:17,25493314,abc,abc123,sha256_salt,none,True,0.65,13
2025-12-30 14:19:19,25493314,demo,123456,sha256_salt,none,False,0.95,1
2025-12-30 14:19:21,25493314,demo,password,sha256_salt,none,False,0.64,2
2025-12-30 14:19:23,25493314,demo,12345678,sha256_salt,none,False,0.78,3
2025-12-30 14:19:25,25493314,demo,qwerty,sha256_salt,none,False,0.72,4
2025-12-30 14:19:27,25493314,demo,123456789,sha256_salt,none,False,0.77,5
2025-12-30 14:19:29,25493314,demo,12345,sha256_salt,none,False,0.74,6
2025-12-30 14:19:32,25493314,demo,1234,sha256_salt,none,False,0.74,7
2025-12-30 14:19:34,25493314,demo,111111,sha256_salt,none,False,0.81,8
2025-12-30 14:19:36,25493314,demo,1234567,sha256_salt,none,False,0.66,9
2025-12-30 14:19:38,25493314,demo,dragon,sha256_salt,none,False,0.67,10
2025-12-30 14:19:40,25493314,demo,123123,sha256_salt,none,False,0.8,11
2025-12-30 14:19:42,25493314,demo,baseball,sha256_salt,none,False,0.46,12
2025-12-30 14:19:44,25493314,demo,abc123,sha256_salt,none,False,0.49,13
2025-12-30 14:19:46,25493314,demo,football,sha256_salt,none,False,0.86,14
2025-12-30 14:19:48,25493314,demo,monkey,sha256_salt,none,False,0.5,15
2025-12-30 14:19:50,25493314,demo,letmein,sha256_salt,none,False,0.73,16
2025-12-30 14:19:52,25493314,demo,shadow,sha256_salt,none,False,0.77,17
2025-12-30 14:19:54,25493314,demo,master,sha256_salt,none,False,0.89,18
2025-12-30 14:19:57,25493314,demo,666666,sha256_salt,none,False,0.72,19
2025-12-30 14:19:59,25493314,demo,qwertyuiop,sha256_salt,none,False,0.99,20
2025-12-30 14:20:01,25493314,demo,123321,sha256_salt,none,False,0.6,21
2025-12-30 14:20:03,25493314,demo,mustang,sha256_salt,none,False,0.49,22
2025-12-30 14:20:05,25493314,demo,121212,sha256_salt,none,False,0.63,23
2025-12-30 14:20:07,25493314,demo,000000,sha256_salt,none,False,0.35,24
2025-12-30 14:20:09,25493314,demo,password1,sha256_salt,none,False,0.35,25
2025-12-30 14:20:11,25493314,demo,admin,sha256_salt,none,False,0.67,26
2025-12-30 14:20:13,25493314,demo,admin123,sha256_salt,none,False,0.7,27
2025-12-30 14:20:15,25493314,demo,root,sha256_salt,none,False,0.87,28
2025-12-30 14:20:17,25493314,demo,toor,sha256_salt,none,False,0.67,29
2025-12-30 14:20:20,25493314,demo,pass,sha256_salt,none,False,0.69,30
2025-12-30 14:20:22,25493314,demo,25493314test,sha256_salt,none,False,0.65,31
2025-12-30 14:20:24,25493314,demo,test123,sha256_salt,none,False,0.6,32
2025-12-30 14:20:26,25493314,demo,guest,sha256_salt,none,False,0.37,33
2025-12-30 14:20:28,25493314,demo,guest123,sha256_salt,none,False,0.53,34
2025-12-30 14:20:30,25493314,demo,user,sha256_salt,none,False,0.86,35
2025-12-30 14:20:32,25493314,demo,user123,sha256_salt,none,False,0.73,36
2025-12-30 14:20:34,25493314,demo,login,sha256_salt,none,False,0.63,37
2025-12-30 14:20:36,25493314,demo,login123,sha256_salt,none,False,0.35,38
2025-12-30 14:20:38,25493314,demo,welcome,sha256_salt,none,False,0.8,39
2025-12-30 14:20:40,25493314,demo,welcome1,sha256_salt,none,False,0.86,40
2025-12-30 14:20:42,25493314,demo,password123,sha256_salt,none,False,0.36,41
2025-12-30 14:20:44,25493314,demo,admin1,sha256_salt,none,False,0.6,42
2025-12-30 14:20:47,25493314,demo,root123,sha256_salt,none,False,0.72,43
2025-12-30 14:20:49,25493314,demo,pass123,sha256_salt,none,False,0.72,44
2025-12-30 14:20:51,25493314,demo,1q2w3e4r,sha256_salt,none,False,0.64,45
2025-12-30 14:20:53,25493314,demo,qwerty123,sha256_salt,none,False,0.83,46
2025-12-30 14:20:55,25493314,demo,1234567890,sha256_salt,none,False,0.41,47
2025-12-30 14:20:57,25493314,demo,987654321,sha256_salt,none,False,0.46,48
2025-12-30 14:20:59,25493314,demo,hello,sha256_salt,none,False,0.63,49
2025-12-30 14:21:01,25493314,demo,hello123,sha256_salt,none,False,0.74,50
2025-12-30 14:21:03,25493314,demo,iloveyou,sha256_salt,none,False,0.6,51
2025-12-30 14:21:05,25493314,demo,sunshine,sha256_salt,none,False,0.73,52
2025-12-30 14:21:07,25493314,demo,princess,sha256_salt,none,False,0.77,53
2025-12-30 14:21:09,25493314,demo,Password1,sha256_salt,none,False,0.61,54
2025-12-30 14:21:11,25493314,demo,Password123,sha256_salt,none,False,0.62,55
2025-12-30 14:21:13,25493314,demo,Admin123,sha256_salt,none,False,0.7,56
2025-12-30 14:21:16,25493314,demo,Welcome1,sha256_salt,none,False,0.73,57
2025-12-30 14:21:18,25493314,demo,Student123,sha256_salt,none,False,0.75,58
2025-12-30 14:21:20,25493314,demo,Student99,sha256_salt,none,False,0.39,59
2025-12-30 14:21:22,25493314,demo,Test2024,sha256_salt,none,False,0.74,60
2025-12-30 14:21:24,25493314,demo,Login456,sha256_salt,none,False,0.69,61
2025-12-30 14:21:26,25493314,demo,Python101,sha256_salt,none,False,0.76,62
2025-12-30 14:21:28,25493314,demo,demo,sha256_salt,none,True,0.71,63
2025-12-30 14:21:30,25493314,student,123456,sha256_salt,none,False,0.82,1
2025-12-30 14:21:32,25493314,student,password,sha256_salt,none,False,0.77,2
2025-12-30 14:21:34,25493314,student,12345678,sha256_salt,none,False,0.7,3
2025-12-30 14:21:36,25493314,student,qwerty,sha256_salt,none,False,0.73,4
2025-12-30 14:21:38,25493314,student,123456789,sha256_salt,none,False,0.74,5
2025-12-30 14:21:41,25493314,student,12345,sha256_salt,none,False,0.77,6
2025-12-30 14:21:43,25493314,student,1234,sha256_salt,none,False,0.68,7
2025-12-30 14:21:45,25493314,student,111111,sha256_salt,none,False,0.84,8
2025-12-30 14:21:47,25493314,student,1234567,sha256_salt,none,False,0.68,9
2025-12-30 14:21:49,25493314,student,dragon,sha256_salt,none,False,0.73,10
2025-12-30 14:21:51,25493314,student,123123,sha256_salt,none,False,0.82,11
2025-12-30 14:21:53,25493314,student,baseball,sha256_salt,none,False,0.7,12
2025-12-30 14:21:55,25493314,student,abc123,sha256_salt,none,False,0.68,13
2025-12-30 14:21:57,25493314,student,football,sha256_salt,none,False,0.66,14
2025-12-30 14:21:59,25493314,student,monkey,sha256_salt,none,False,0.72,15
2025-12-30 14:22:01,25493314,student,letmein,sha256_salt,none,False,0.86,16
2025-12-30 14:22:03,25493314,student,shadow,sha256_salt,none,False,0.63,17
2025-12-30 14:22:06,25493314,student,master,sha256_salt,none,False,0.81,18
2025-12-30 14:22:08,25493314,student,666666,sha256_salt,none,False,0.84,19
2025-12-30 14:22:10,25493314,student,qwertyuiop,sha256_salt,none,False,0.73,20
2025-12-30 14:22:12,25493314,student,123321,sha256_salt,none,False,0.62,21
2025-12-30 14:22:14,25493314,student,mustang,sha256_salt,none,False,0.64,22
2025-12-30 14:22:16,25493314,student,121212,sha256_salt,none,False,0.63,23
2025-12-30 14:22:18,25493314,student,000000,sha256_salt,none,False,0.62,24
2025-12-30 14:22:20,25493314,student,password1,sha256_salt,none,False,0.71,25
2025-12-30 14:22:22,25493314,student,admin,sha256_salt,none,False,0.76,26
2025-12-30 14:22:24,25493314,student,admin123,sha256_salt,none,False,0.79,27
2025-12-30 14:22:26,25493314,student,root,sha256_salt,none,False,0.72,28
2025-12-30 14:22:28,25493314,student,toor,sha256_salt,none,False,0.73,29
2025-12-30 14:22:30,25493314,student,pass,sha256_salt,none,False,0.74,30
2025-12-30 14:22:33,25493314,student,25493314test,sha256_salt,none,False,0.55,31
2025-12-30 14:22:35,25493314,student,test123,sha256_salt,none,False,0.36,32
2025-12-30 14:22:37,25493314,student,guest,sha256_salt,none,False,0.69,33
2025-12-30 14:22:39,25493314,student,guest123,sha256_salt,none,False,0.37,34
2025-12-30 14:22:41,25493314,student,user,sha256_salt,none,False,0.7,35
2025-12-30 14:22:43,25493314,student,user123,sha256_salt,none,False,0.67,36
2025-12-30 14:22:45,25493314,student,login,sha256_salt,none,False,0.92,37
2025-12-30 14:22:47,25493314,student,login123,sha256_salt,none,False,0.9,38
2025-12-30 14:22:49,25493314,student,welcome,sha256_salt,none,False,0.74,39
2025-12-30 14:22:51,25493314,student,welcome1,sha256_salt,none,False,0.97,40
2025-12-30 14:22:53,25493314,student,password123,sha256_salt,none,False,0.69,41
2025-12-30 14:22:55,25493314,student,admin1,sha256_salt,none,False,0.5,42
2025-12-30 14:22:58,25493314,student,root123,sha256_salt,none,False,0.76,43
2025-12-30 14:23:00,25493314,student,pass123,sha256_salt,none,False,0.66,44
2025-12-30 14:23:02,25493314,student,1q2w3e4r,sha256_salt,none,False,0.76,45
2025-12-30 14:23:04,25493314,student,qwerty123,sha256_salt,none,False,0.83,46
2025-12-30 14:23:06,25493314,student,1234567890,sha256_salt,none,False,0.73,47
2025-12-30 14:23:08,25493314,student,987654321,sha256_salt,none,False,0.73,48
2025-12-30 14:23:10,25493314,student,hello,sha256_salt,none,False,0.83,49
2025-12-30 14:23:12,25493314,student,hello123,sha256_salt,none,False,0.82,50
2025-12-30 14:23:14,25493314,student,iloveyou,sha256_salt,none,False,0.75,51
2025-12-30 14:23:16,25493314,student,sunshine,sha256_salt,none,False,0.68,52
2025-12-30 14:23:18,25493314,student,princess,sha256_salt,none,False,0.34,53
2025-12-30 14:23:20,25493314,student,Password1,sha256_salt,none,False,0.7,54
2025-12-30 14:23:22,25493314,student,Password123,sha256_salt,none,False,0.63,55
2025-12-30 14:23:25,25493314,student,Admin123,sha256_salt,none,False,0.68,56
2025-12-30 14:23:27,25493314,student,Welcome1,sha256_salt,none,False,0.67,57
2025-12-30 14:23:29,25493314,student,Student123,sha256_salt,none,False,0.68,58
2025-12-30 14:23:31,25493314,student,Student99,sha256_salt,none,False,0.69,59
2025-12-30 14:23:33,25493314,student,Test2024,sha256_salt,none,False,0.64,60
2025-12-30 14:23:35,25493314,student,Login456,sha256_salt,none,False,0.91,61
2025-12-30 14:23:37,25493314,student,Python101,sha256_salt,none,False,0.67,62
2025-12-30 14:23:39,25493314,student,demo,sha256_salt,none,False,0.7,63
2025-12-30 14:23:41,25493314,student,student,sha256_salt,none,True,0.77,64
2025-12-30 14:23:43,25493314,Student_user,123456,sha256_salt,none,False,0.59,1
2025-12-30 14:23:45,25493314,Student_user,password,sha256_salt,none,False,0.53,2
2025-12-30 14:23:47,25493314,Student_user,12345678,sha256_salt,none,False,0.83,3
2025-12-30 14:23:49,25493314,Student_user,qwerty,sha256_salt,none,False,0.73,4
2025-12-30 14:23:52,25493314,Student_user,123456789,sha256_salt,none,False,0.77,5
2025-12-30 14:23:54,25493314,Student_user,12345,sha256_salt,none,False,0.75,6
2025-12-30 14:23:56,25493314,Student_user,1234,sha256_salt,none,False,0.59,7
2025-12-30 14:23:58,25493314,Student_user,111111,sha256_salt,none,False,0.56,8
2025-12-30 14:24:00,25493314,Student_user,1234567,sha256_salt,none,False,0.68,9
2025-12-30 14:24:02,25493314,Student_user,dragon,sha256_salt,none,False,0.75,10
2025-12-30 14:24:04,25493314,Student_user,123123,sha256_salt,none,False,0.67,11
2025-12-30 14:24:06,25493314,Student_user,baseball,sha256_salt,none,False,0.69,12
2025-12-30 14:24:08,25493314,Student_user,abc123,sha256_salt,none,False,0.7,13
2025-12-30 14:24:10,25493314,Student_user,football,sha256_salt,none,False,0.62,14
2025-12-30 14:24:12,25493314,Student_user,monkey,sha256_salt,none,False,0.6,15
2025-12-30 14:24:14,25493314,Student_user,letmein,sha256_salt,none,False,0.34,16
2025-12-30 14:24:16,25493314,Student_user,shadow,sha256_salt,none,False,0.71,17
2025-12-30 14:24:18,25493314,Student_user,master,sha256_salt,none,False,0.9,18
2025-12-30 14:24:21,25493314,Student_user,666666,sha256_salt,none,False,0.78,19
2025-12-30 14:24:23,25493314,Student_user,qwertyuiop,sha256_salt,none,False,0.8,20
2025-12-30 14:24:25,25493314,Student_user,123321,sha256_salt,none,False,0.77,21
2025-12-30 14:24:27,25493314,Student_user,mustang,sha256_salt,none,False,0.61,22
2025-12-30 14:24:29,25493314,Student_user,121212,sha256_salt,none,False,0.77,23
2025-12-30 14:24:31,25493314,Student_user,000000,sha256_salt,none,False,0.65,24
2025-12-30 14:24:33,25493314,Student_user,password1,sha256_salt,none,False,0.65,25
2025-12-30 14:24:35,25493314,Student_user,admin,sha256_salt,none,False,0.72,26
2025-12-30 14:24:37,25493314,Student_user,admin123,sha256_salt,none,False,0.7,27
2025-12-30 14:24:39,25493314,Student_user,root,sha256_salt,none,False,0.7,28
2025-12-30 14:24:41,25493314,Student_user,toor,sha256_salt,none,False,0.72,29
2025-12-30 14:24:44,25493314,Student_user,pass,sha256_salt,none,False,0.68,30
2025-12-30 14:24:46,25493314,Student_user,25493314test,sha256_salt,none,False,0.75,31
2025-12-30 14:24:48,25493314,Student_user,test123,sha256_salt,none,False,0.72,32
2025-12-30 14:24:50,25493314,Student_user,guest,sha256_salt,none,False,0.67,33
2025-12-30 14:24:52,25493314,Student_user,guest123,sha256_salt,none,False,0.62,34
2025-12-30 14:24:54,25493314,Student_user,user,sha256_salt,none,False,0.41,35
2025-12-30 14:24:56,25493314,Student_user,user123,sha256_salt,none,False,0.52,36
2025-12-30 14:24:58,25493314,Student_user,login,sha256_salt,none,False,0.75,37
2025-12-30 14:25:00,25493314,Student_user,login123,sha256_salt,none,False,0.75,38
2025-12-30 14:25:02,25493314,Student_user,welcome,sha256_salt,none,False,0.64,39
2025-12-30 14:25:04,25493314,Student_user,welcome1,sha256_salt,none,False,0.97,40
2025-12-30 14:25:07,25493314,Student_user,password123,sha256_salt,none,False,0.77,41
2025-12-30 14:25:09,25493314,Student_user,admin1,sha256_salt,none,False,0.72,42
2025-12-30 14:25:11,25493314,Student_user,root123,sha256_salt,none,False,0.7,43
2025-12-30 14:25:13,25493314,Student_user,pass123,sha256_salt,none,False,0.8,44
2025-12-30 14:25:15,25493314,Student_user,1q2w3e4r,sha256_salt,none,False,0.64,45
2025-12-30 14:25:17,25493314,Student_user,qwerty123,sha256_salt,none,False,0.72,46
2025-12-30 14:25:19,25493314,Student_user,1234567890,sha256_salt,none,False,0.7,47
2025-12-30 14:25:21,25493314,Student_user,987654321,sha256_salt,none,False,0.68,48
2025-12-30 14:25:23,25493314,Student_user,hello,sha256_salt,none,False,0.71,49
2025-12-30 14:25:25,25493314,Student_user,hello123,sha256_salt,none,False,0.73,50
2025-12-30 14:25:27,25493314,Student_user,iloveyou,sha256_salt,none,False,0.64,51
2025-12-30 14:25:29,25493314,Student_user,sunshine,sha256_salt,none,False,0.68,52
2025-12-30 14:25:31,25493314,Student_user,princess,sha256_salt,none,False,0.75,53
2025-12-30 14:25:34,25493314,Student_user,Password1,sha256_salt,none,False,0.88,54
2025-12-30 14:25:36,25493314,Student_user,Password123,sha256_salt,none,False,0.74,55
2025-12-30 14:25:38,25493314,Student_user,Admin123,sha256_salt,none,False,0.63,56
2025-12-30 14:25:40,25493314,Student_user,Welcome1,sha256_salt,none,False,0.65,57
2025-12-30 14:25:42,25493314,Student_user,Student123,sha256_salt,none,True,0.74,58
2025-12-30 14:25:44,25493314,user_test,123456,sha256_salt,none,False,0.65,1
2025-12-30 14:25:46,25493314,user_test,password,sha256_salt,none,False,0.71,2
2025-12-30 14:25:48,25493314,user_test,12345678,sha256_salt,none,False,0.6,3
2025-12-30 14:25:50,25493314,user_test,qwerty,sha256_salt,none,False,0.66,4
2025-12-30 14:25:52,25493314,user_test,123456789,sha256_salt,none,False,0.83,5
2025-12-30 14:25:54,25493314,user_test,12345,sha256_salt,none,False,0.63,6
2025-12-30 14:25:57,25493314,user_test,1234,sha256_salt,none,False,0.7,7
2025-12-30 14:25:59,25493314,user_test,111111,sha256_salt,none,False,0.72,8
2025-12-30 14:26:01,25493314,user_test,1234567,sha256_salt,none,False,0.72,9
2025-12-30 14:26:03,25493314,user_test,dragon,sha256_salt,none,False,0.86,10
2025-12-30 14:26:05,25493314,user_test,123123,sha256_salt,none,False,0.69,11
2025-12-30 14:26:07,25493314,user_test,baseball,sha256_salt,none,False,0.59,12
2025-12-30 14:26:09,25493314,user_test,abc123,sha256_salt,none,False,0.74,13
2025-12-30 14:26:11,25493314,user_test,football,sha256_salt,none,False,0.8,14
2025-12-30 14:26:13,25493314,user_test,monkey,sha256_salt,none,False,0.74,15
2025-12-30 14:26:15,25493314,user_test,letmein,sha256_salt,none,False,0.72,16
2025-12-30 14:26:17,25493314,user_test,shadow,sha256_salt,none,False,0.66,17
2025-12-30 14:26:19,25493314,user_test,master,sha256_salt,none,False,0.72,18
2025-12-30 14:26:22,25493314,user_test,666666,sha256_salt,none,False,0.43,19
2025-12-30 14:26:24,25493314,user_test,qwertyuiop,sha256_salt,none,False,0.79,20
2025-12-30 14:26:26,25493314,user_test,123321,sha256_salt,none,False,0.6,21
2025-12-30 14:26:28,25493314,user_test,mustang,sha256_salt,none,False,0.73,22
2025-12-30 14:26:30,25493314,user_test,121212,sha256_salt,none,False,0.75,23
2025-12-30 14:26:32,25493314,user_test,000000,sha256_salt,none,False,0.68,24
2025-12-30 14:26:34,25493314,user_test,password1,sha256_salt,none,False,0.6,25
2025-12-30 14:26:36,25493314,user_test,admin,sha256_salt,none,False,0.88,26
2025-12-30 14:26:38,25493314,user_test,admin123,sha256_salt,none,False,0.52,27
2025-12-30 14:26:40,25493314,user_test,root,sha256_salt,none,False,0.51,28
2025-12-30 14:26:42,25493314,user_test,toor,sha256_salt,none,False,0.4,29
2025-12-30 14:26:44,25493314,user_test,pass,sha256_salt,none,False,0.72,30
2025-12-30 14:26:46,25493314,user_test,25493314test,sha256_salt,none,False,0.72,31
2025-12-30 14:26:49,25493314,user_test,test123,sha256_salt,none,False,0.45,32
2025-12-30 14:26:51,25493314,user_test,guest,sha256_salt,none,False,0.69,33
2025-12-30 14:26:53,25493314,user_test,guest123,sha256_salt,none,False,0.73,34
2025-12-30 14:26:55,25493314,user_test,user,sha256_salt,none,False,0.74,35
2025-12-30 14:26:57,25493314,user_test,user123,sha256_salt,none,False,0.76,36
2025-12-30 14:26:59,25493314,user_test,login,sha256_salt,none,False,0.72,37
2025-12-30 14:27:01,25493314,user_test,login123,sha256_salt,none,False,0.65,38
2025-12-30 14:27:03,25493314,user_test,welcome,sha256_salt,none,False,0.72,39
2025-12-30 14:27:05,25493314,user_test,welcome1,sha256_salt,none,False,0.67,40
2025-12-30 14:27:07,25493314,user_test,password123,sha256_salt,none,False,0.74,41
2025-12-30 14:27:09,25493314,user_test,admin1,sha256_salt,none,False,0.73,42
2025-12-30 14:27:12,25493314,user_test,root123,sha256_salt,none,False,0.74,43
2025-12-30 14:27:14,25493314,user_test,pass123,sha256_salt,none,False,0.81,44
2025-12-30 14:27:16,25493314,user_test,1q2w3e4r,sha256_salt,none,False,0.94,45
2025-12-30 14:27:18,25493314,user_test,qwerty123,sha256_salt,none,False,0.72,46
2025-12-30 14:27:20,25493314,user_test,1234567890,sha256_salt,none,False,0.87,47
2025-12-30 14:27:22,25493314,user_test,987654321,sha256_salt,none,False,0.72,48
2025-12-30 14:27:24,25493314,user_test,hello,sha256_salt,none,False,0.83,49
2025-12-30 14:27:26,25493314,user_test,hello123,sha256_salt,none,False,0.75,50
2025-12-30 14:27:28,25493314,user_test,iloveyou,sha256_salt,none,False,0.79,51
2025-12-30 14:27:30,25493314,user_test,sunshine,sha256_salt,none,False,0.48,52
2025-12-30 14:27:32,25493314,user_test,princess,sha256_salt,none,False,0.72,53
2025-12-30 14:27:34,25493314,user_test,Password1,sha256_salt,none,False,0.69,54
2025-12-30 14:27:37,25493314,user_test,Password123,sha256_salt,none,False,0.68,55
2025-12-30 14:27:39,25493314,user_test,Admin123,sha256_salt,none,False,0.85,56
2025-12-30 14:27:41,25493314,user_test,Welcome1,sha256_salt,none,False,0.77,57
2025-12-30 14:27:43,25493314,user_test,Student123,sha256_salt,none,False,0.63,58
2025-12-30 14:27:45,25493314,user_test,Student99,sha256_salt,none,False,0.76,59
2025-12-30 14:27:47,25493314,user_test,Test2024,sha256_salt,none,True,0.74,60
2025-12-30 14:27:49,25493314,bluecat,123456,sha256_salt,none,False,0.79,1
2025-12-30 14:27:51,25493314,bluecat,password,sha256_salt,none,False,0.69,2
2025-12-30 14:27:53,25493314,bluecat,12345678,sha256_salt,none,False,0.78,3
2025-12-30 14:27:55,25493314,bluecat,qwerty,sha256_salt,none,False,0.74,4
2025-12-30 14:27:57,25493314,bluecat,123456789,sha256_salt,none,False,0.69,5
2025-12-30 14:28:00,25493314,bluecat,12345,sha256_salt,none,False,0.76,6
2025-12-30 14:28:02,25493314,bluecat,1234,sha256_salt,none,False,0.71,7
2025-12-30 14:28:04,25493314,bluecat,111111,sha256_salt,none,False,0.28,8
2025-12-30 14:28:06,25493314,bluecat,1234567,sha256_salt,none,False,0.53,9
2025-12-30 14:28:08,25493314,bluecat,dragon,sha256_salt,none,False,0.84,10
2025-12-30 14:28:10,25493314,bluecat,123123,sha256_salt,none,False,0.68,11
2025-12-30 14:28:12,25493314,bluecat,baseball,sha256_salt,none,False,0.73,12
2025-12-30 14:28:14,25493314,bluecat,abc123,sha256_salt,none,False,0.65,13
2025-12-30 14:28:16,25493314,bluecat,football,sha256_salt,none,False,0.71,14
2025-12-30 14:28:18,25493314,bluecat,monkey,sha256_salt,none,False,0.73,15
2025-12-30 14:28:20,25493314,bluecat,letmein,sha256_salt,none,False,0.71,16
2025-12-30 14:28:23,25493314,bluecat,shadow,sha256_salt,none,False,0.74,17
2025-12-30 14:28:25,25493314,bluecat,master,sha256_salt,none,False,0.69,18
2025-12-30 14:28:27,25493314,bluecat,666666,sha256_salt,none,False,0.37,19
2025-12-30 14:28:29,25493314,bluecat,qwertyuiop,sha256_salt,none,False,0.84,20
2025-12-30 14:28:31,25493314,bluecat,123321,sha256_salt,none,False,0.63,21
2025-12-30 14:28:33,25493314,bluecat,mustang,sha256_salt,none,False,0.84,22
2025-12-30 14:28:35,25493314,bluecat,121212,sha256_salt,none,False,0.78,23
2025-12-30 14:28:37,25493314,bluecat,000000,sha256_salt,none,False,0.7,24
2025-12-30 14:28:39,25493314,bluecat,password1,sha256_salt,none,False,0.87,25
2025-12-30 14:28:41,25493314,bluecat,admin,sha256_salt,none,False,0.63,26
2025-12-30 14:28:43,25493314,bluecat,admin123,sha256_salt,none,False,0.76,27
2025-12-30 14:28:45,25493314,bluecat,root,sha256_salt,none,False,0.64,28
2025-12-30 14:28:48,25493314,bluecat,toor,sha256_salt,none,False,0.85,29
2025-12-30 14:28:50,25493314,bluecat,pass,sha256_salt,none,False,0.66,30
2025-12-30 14:28:52,25493314,bluecat,25493314test,sha256_salt,none,False,0.89,31
2025-12-30 14:28:54,25493314,bluecat,test123,sha256_salt,none,False,0.7,32
2025-12-30 14:28:56,25493314,bluecat,guest,sha256_salt,none,False,0.69,33
2025-12-30 14:28:58,25493314,bluecat,guest123,sha256_salt,none,False,0.88,34
2025-12-30 14:29:00,25493314,bluecat,user,sha256_salt,none,False,0.74,35
2025-12-30 14:29:02,25493314,bluecat,user123,sha256_salt,none,False,0.76,36
2025-12-30 14:29:04,25493314,bluecat,login,sha256_salt,none,False,0.83,37
2025-12-30 14:29:06,25493314,bluecat,login123,sha256_salt,none,False,0.47,38
2025-12-30 14:29:08,25493314,bluecat,welcome,sha256_salt,none,False,0.59,39
2025-12-30 14:29:11,25493314,bluecat,welcome1,sha256_salt,none,False,0.75,40
2025-12-30 14:29:13,25493314,bluecat,password123,sha256_salt,none,False,0.61,41
2025-12-30 14:29:15,25493314,bluecat,admin1,sha256_salt,none,False,0.5,42
2025-12-30 14:29:17,25493314,bluecat,root123,sha256_salt,none,False,0.75,43
2025-12-30 14:29:19,25493314,bluecat,pass123,sha256_salt,none,False,0.71,44
2025-12-30 14:30:34,25493314,bluecat,1q2w3e4r,sha256_salt,none,False,0.91,45
2025-12-30 14:30:37,25493314,bluecat,qwerty123,sha256_salt,none,False,0.29,46
2025-12-30 14:30:39,25493314,bluecat,1234567890,sha256_salt,none,False,0.39,47
2025-12-30 14:30:41,25493314,bluecat,987654321,sha256_salt,none,False,0.67,48
2025-12-30 14:30:43,25493314,bluecat,hello,sha256_salt,none,False,0.85,49
2025-12-30 14:30:45,25493314,bluecat,hello123,sha256_salt,none,False,0.55,50
2025-12-30 14:30:47,25493314,bluecat,iloveyou,sha256_salt,none,False,0.34,51
2025-12-30 14:30:49,25493314,bluecat,sunshine,sha256_salt,none,False,0.43,52
2025-12-30 14:30:51,25493314,bluecat,princess,sha256_salt,none,False,0.63,53
2025-12-30 14:30:53,25493314,bluecat,Password1,sha256_salt,none,False,0.79,54
2025-12-30 14:30:55,25493314,bluecat,Password123,sha256_salt,none,False,0.6,55
2025-12-30 14:30:57,25493314,bluecat,Admin123,sha256_salt,none,False,0.64,56
2025-12-30 14:30:59,25493314,bluecat,Welcome1,sha256_salt,none,False,0.59,57
2025-12-30 14:31:01,25493314,bluecat,Student123,sha256_salt,none,False,0.44,58
2025-12-30 14:31:03,25493314,bluecat,Student99,sha256_salt,none,False,0.25,59
2025-12-30 14:31:05,25493314,bluecat,Test2024,sha256_salt,none,False,0.58,60
2025-12-30 14:31:07,25493314,bluecat,Login456,sha256_salt,none,False,0.58,61
2025-12-30 14:31:09,25493314,bluecat,Python101,sha256_salt,none,False,0.4,62
2025-12-30 14:31:12,25493314,bluecat,demo,sha256_salt,none,False,0.76,63
2025-12-30 14:31:14,25493314,bluecat,student,sha256_salt,none,False,0.39,64
2025-12-30 14:31:16,25493314,bluecat,name,sha256_salt,none,False,0.5,65
2025-12-30 14:31:18,25493314,bluecat,1111,sha256_salt,none,False,0.73,66
2025-12-30 14:31:20,25493314,bluecat,BlueCat12,sha256_salt,none,True,0.59,67
2025-12-30 14:31:22,25493314,student1,123456,sha256_salt,none,False,0.7,1
2025-12-30 14:31:24,25493314,student1,password,sha256_salt,none,False,0.63,2
2025-12-30 14:31:26,25493314,student1,12345678,sha256_salt,none,False,0.72,3
2025-12-30 14:31:28,25493314,student1,qwerty,sha256_salt,none,False,0.77,4
2025-12-30 14:31:30,25493314,student1,123456789,sha256_salt,none,False,0.35,5
2025-12-30 14:31:32,25493314,student1,12345,sha256_salt,none,False,0.43,6
2025-12-30 14:31:34,25493314,student1,1234,sha256_salt,none,False,0.91,7
2025-12-30 14:31:36,25493314,student1,111111,sha256_salt,none,False,0.66,8
2025-12-30 14:31:38,25493314,student1,1234567,sha256_salt,none,False,0.65,9
2025-12-30 14:31:41,25493314,student1,dragon,sha256_salt,none,False,0.69,10
2025-12-30 14:31:43,25493314,student1,123123,sha256_salt,none,False,0.63,11
2025-12-30 14:31:45,25493314,student1,baseball,sha256_salt,none,False,0.71,12
2025-12-30 14:31:47,25493314,student1,abc123,sha256_salt,none,False,0.74,13
2025-12-30 14:31:49,25493314,student1,football,sha256_salt,none,False,0.83,14
2025-12-30 14:31:51,25493314,student1,monkey,sha256_salt,none,False,0.72,15
2025-12-30 14:31:53,25493314,student1,letmein,sha256_salt,none,False,0.8,16
2025-12-30 14:31:55,25493314,student1,shadow,sha256_salt,none,False,0.76,17
2025-12-30 14:31:57,25493314,student1,master,sha256_salt,none,False,0.68,18
2025-12-30 14:31:59,25493314,student1,666666,sha256_salt,none,False,0.68,19
2025-12-30 14:32:01,25493314,student1,qwertyuiop,sha256_salt,none,False,0.82,20
2025-12-30 14:32:03,25493314,student1,123321,sha256_salt,none,False,0.61,21
2025-12-30 14:32:06,25493314,student1,mustang,sha256_salt,none,False,0.61,22
2025-12-30 14:32:08,25493314,student1,121212,sha256_salt,none,False,0.57,23
2025-12-30 14:32:10,25493314,student1,000000,sha256_salt,none,False,0.65,24
2025-12-30 14:32:12,25493314,student1,password1,sha256_salt,none,False,0.69,25
2025-12-30 14:32:14,25493314,student1,admin,sha256_salt,none,False,0.43,26
2025-12-30 14:32:16,25493314,student1,admin123,sha256_salt,none,False,0.82,27
2025-12-30 14:32:18,25493314,student1,root,sha256_salt,none,False,0.56,28
2025-12-30 14:32:20,25493314,student1,toor,sha256_salt,none,False,0.46,29
2025-12-30 14:32:22,25493314,student1,pass,sha256_salt,none,False,0.51,30
2025-12-30 14:32:24,25493314,student1,25493314test,sha256_salt,none,False,0.57,31
2025-12-30 14:32:26,25493314,student1,test123,sha256_salt,none,False,0.95,32
2025-12-30 14:32:28,25493314,student1,guest,sha256_salt,none,False,0.61,33
2025-12-30 14:32:30,25493314,student1,guest123,sha256_salt,none,False,0.55,34
2025-12-30 14:32:33,25493314,student1,user,sha256_salt,none,False,0.57,35
2025-12-30 14:32:35,25493314,student1,user123,sha256_salt,none,False,0.47,36
2025-12-30 14:32:37,25493314,student1,login,sha256_salt,none,False,0.63,37
2025-12-30 14:32:39,25493314,student1,login123,sha256_salt,none,False,0.67,38
2025-12-30 14:32:41,25493314,student1,welcome,sha256_salt,none,False,0.39,39
2025-12-30 14:32:43,25493314,student1,welcome1,sha256_salt,none,False,0.69,40
2025-12-30 14:32:45,25493314,student1,password123,sha256_salt,none,False,0.6,41
2025-12-30 14:32:47,25493314,student1,admin1,sha256_salt,none,False,0.6,42
2025-12-30 14:32:49,25493314,student1,root123,sha256_salt,none,False,0.7,43
2025-12-30 14:32:51,25493314,student1,pass123,sha256_salt,none,False,0.58,44
2025-12-30 14:32:53,25493314,student1,1q2w3e4r,sha256_salt,none,False,0.59,45
2025-12-30 14:32:55,25493314,student1,qwerty123,sha256_salt,none,False,0.37,46
2025-12-30 14:32:57,25493314,student1,1234567890,sha256_salt,none,False,0.49,47
2025-12-30 14:32:59,25493314,student1,987654321,sha256_salt,none,False,0.53,48
2025-12-30 14:33:01,25493314,student1,hello,sha256_salt,none,False,0.57,49
2025-12-30 14:33:03,25493314,student1,hello123,sha256_salt,none,False,0.74,50
2025-12-30 14:33:05,25493314,student1,iloveyou,sha256_salt,none,False,0.54,51
2025-12-30 14:33:07,25493314,student1,sunshine,sha256_salt,none,False,0.56,52
2025-12-30 14:33:10,25493314,student1,princess,sha256_salt,none,False,0.44,53
2025-12-30 14:33:12,25493314,student1,Password1,sha256_salt,none,False,0.62,54
2025-12-30 14:33:14,25493314,student1,Password123,sha256_salt,none,False,0.63,55
2025-12-30 14:33:16,25493314,student1,Admin123,sha256_salt,none,False,0.71,56
2025-12-30 14:33:18,25493314,student1,Welcome1,sha256_salt,none,False,0.58,57
2025-12-30 14:33:20,25493314,student1,Student123,sha256_salt,none,False,0.64,58
2025-12-30 14:33:22,25493314,student1,Student99,sha256_salt,none,True,0.74,59
2025-12-30 14:33:24,25493314,login_user,123456,sha256_salt,none,False,0.37,1
2025-12-30 14:33:26,25493314,login_user,password,sha256_salt,none,False,0.59,2
2025-12-30 14:33:28,25493314,login_user,12345678,sha256_salt,none,False,0.88,3
2025-12-30 14:33:30,25493314,login_user,qwerty,sha256_salt,none,False,0.45,4
2025-12-30 14:33:32,25493314,login_user,123456789,sha256_salt,none,False,0.39,5
2025-12-30 14:33:34,25493314,login_user,12345,sha256_salt,none,False,0.67,6
2025-12-30 14:33:36,25493314,login_user,1234,sha256_salt,none,False,0.67,7
2025-12-30 14:33:39,25493314,login_user,111111,sha256_salt,none,False,0.6,8
2025-12-30 14:33:41,25493314,login_user,1234567,sha256_salt,none,False,0.44,9
2025-12-30 14:33:43,25493314,login_user,dragon,sha256_salt,none,False,0.46,10
2025-12-30 14:33:45,25493314,login_user,123123,sha256_salt,none,False,0.57,11
2025-12-30 14:33:47,25493314,login_user,baseball,sha256_salt,none,False,0.6,12
2025-12-30 14:33:49,25493314,login_user,abc123,sha256_salt,none,False,0.46,13
2025-12-30 14:33:51,25493314,login_user,football,sha256_salt,none,False,0.66,14
2025-12-30 14:33:53,25493314,login_user,monkey,sha256_salt,none,False,0.73,15
2025-12-30 14:33:55,25493314,login_user,letmein,sha256_salt,none,False,0.91,16
2025-12-30 14:33:57,25493314,login_user,shadow,sha256_salt,none,False,0.51,17
2025-12-30 14:33:59,25493314,login_user,master,sha256_salt,none,False,0.63,18
2025-12-30 14:34:01,25493314,login_user,666666,sha256_salt,none,False,0.58,19
2025-12-30 14:34:04,25493314,login_user,qwertyuiop,sha256_salt,none,False,0.75,20
2025-12-30 14:34:06,25493314,login_user,123321,sha256_salt,none,False,1.46,21
2025-12-30 14:34:08,25493314,login_user,mustang,sha256_salt,none,False,0.58,22
2025-12-30 14:34:10,25493314,login_user,121212,sha256_salt,none,False,0.44,23
2025-12-30 14:34:12,25493314,login_user,000000,sha256_salt,none,False,0.48,24
2025-12-30 14:34:14,25493314,login_user,password1,sha256_salt,none,False,0.68,25
2025-12-30 14:34:16,25493314,login_user,admin,sha256_salt,none,False,0.73,26
2025-12-30 14:34:18,25493314,login_user,admin123,sha256_salt,none,False,0.72,27
2025-12-30 14:34:20,25493314,login_user,root,sha256_salt,none,False,0.87,28
2025-12-30 14:34:22,25493314,login_user,toor,sha256_salt,none,False,0.65,29
2025-12-30 14:34:24,25493314,login_user,pass,sha256_salt,none,False,0.72,30
2025-12-30 14:34:26,25493314,login_user,25493314test,sha256_salt,none,False,0.66,31
2025-12-30 14:34:29,25493314,login_user,test123,sha256_salt,none,False,0.71,32
2025-12-30 14:34:31,25493314,login_user,guest,sha256_salt,none,False,0.53,33
2025-12-30 14:34:33,25493314,login_user,guest123,sha256_salt,none,False,0.37,34
2025-12-30 14:34:35,25493314,login_user,user,sha256_salt,none,False,0.5,35
2025-12-30 14:34:37,25493314,login_user,user123,sha256_salt,none,False,0.65,36
2025-12-30 14:34:39,25493314,login_user,login,sha256_salt,none,False,0.56,37
2025-12-30 14:34:41,25493314,login_user,login123,sha256_salt,none,False,0.57,38
2025-12-30 14:34:43,25493314,login_user,welcome,sha256_salt,none,False,0.6,39
2025-12-30 14:34:45,25493314,login_user,welcome1,sha256_salt,none,False,0.67,40
2025-12-30 14:34:47,25493314,login_user,password123,sha256_salt,none,False,0.6,41
2025-12-30 14:34:49,25493314,login_user,admin1,sha256_salt,none,False,0.44,42
2025-12-30 14:34:51,25493314,login_user,root123,sha256_salt,none,False,0.38,43
2025-12-30 14:34:53,25493314,login_user,pass123,sha256_salt,none,False,0.76,44
2025-12-30 14:34:55,25493314,login_user,1q2w3e4r,sha256_salt,none,False,0.6,45
2025-12-30 14:34:57,25493314,login_user,qwerty123,sha256_salt,none,False,0.59,46
2025-12-30 14:35:00,25493314,login_user,1234567890,sha256_salt,none,False,0.69,47
2025-12-30 14:35:02,25493314,login_user,987654321,sha256_salt,none,False,0.6,48
2025-12-30 14:35:04,25493314,login_user,hello,sha256_salt,none,False,0.57,49
2025-12-30 14:35:06,25493314,login_user,hello123,sha256_salt,none,False,0.69,50
2025-12-30 14:35:08,25493314,login_user,iloveyou,sha256_salt,none,False,0.59,51
2025-12-30 14:35:10,25493314,login_user,sunshine,sha256_salt,none,False,0.63,52
2025-12-30 14:35:12,25493314,login_user,princess,sha256_salt,none,False,0.53,53
2025-12-30 14:35:14,25493314,login_user,Password1,sha256_salt,none,False,0.73,54
2025-12-30 14:35:16,25493314,login_user,Password123,sha256_salt,none,False,0.6,55
2025-12-30 14:35:18,25493314,login_user,Admin123,sha256_salt,none,False,0.59,56
2025-12-30 14:35:20,25493314,login_user,Welcome1,sha256_salt,none,False,0.57,57
2025-12-30 14:35:22,25493314,login_user,Student123,sha256_salt,none,False,0.61,58
2025-12-30 14:35:24,25493314,login_user,Student99,sha256_salt,none,False,0.59,59
2025-12-30 14:35:26,25493314,login_user,Test2024,sha256_salt,none,False,0.59,60
2025-12-30 14:35:28,25493314,login_user,Login456,sha256_salt,none,True,0.59,61
2025-12-30 14:35:30,25493314,pythonfan,123456,sha256_salt,none,False,0.53,1
2025-12-30 14:35:33,25493314,pythonfan,password,sha256_salt,none,False,0.72,2
2025-12-30 14:35:35,25493314,pythonfan,12345678,sha256_salt,none,False,0.66,3
2025-12-30 14:35:37,25493314,pythonfan,qwerty,sha256_salt,none,False,0.59,4
2025-12-30 14:35:39,25493314,pythonfan,123456789,sha256_salt,none,False,0.57,5
2025-12-30 14:35:41,25493314,pythonfan,12345,sha256_salt,none,False,0.49,6
2025-12-30 14:35:43,25493314,pythonfan,1234,sha256_salt,none,False,0.62,7
2025-12-30 14:35:45,25493314,pythonfan,111111,sha256_salt,none,False,0.36,8
2025-12-30 14:35:47,25493314,pythonfan,1234567,sha256_salt,none,False,0.56,9
2025-12-30 14:35:49,25493314,pythonfan,dragon,sha256_salt,none,False,0.35,10
2025-12-30 14:35:51,25493314,pythonfan,123123,sha256_salt,none,False,0.58,11
2025-12-30 14:35:53,25493314,pythonfan,baseball,sha256_salt,none,False,0.51,12
2025-12-30 14:35:55,25493314,pythonfan,abc123,sha256_salt,none,False,0.57,13
2025-12-30 14:35:57,25493314,pythonfan,football,sha256_salt,none,False,0.6,14
2025-12-30 14:35:59,25493314,pythonfan,monkey,sha256_salt,none,False,0.61,15
2025-12-30 14:36:02,25493314,pythonfan,letmein,sha256_salt,none,False,0.59,16
2025-12-30 14:36:04,25493314,pythonfan,shadow,sha256_salt,none,False,0.51,17
2025-12-30 14:36:06,25493314,pythonfan,master,sha256_salt,none,False,0.6,18
2025-12-30 14:36:08,25493314,pythonfan,666666,sha256_salt,none,False,0.6,19
2025-12-30 14:36:10,25493314,pythonfan,qwertyuiop,sha256_salt,none,False,0.57,20
2025-12-30 14:36:12,25493314,pythonfan,123321,sha256_salt,none,False,0.57,21
2025-12-30 14:36:14,25493314,pythonfan,mustang,sha256_salt,none,False,0.61,22
2025-12-30 14:36:16,25493314,pythonfan,121212,sha256_salt,none,False,0.65,23
2025-12-30 14:36:18,25493314,pythonfan,000000,sha256_salt,none,False,0.59,24
2025-12-30 14:36:20,25493314,pythonfan,password1,sha256_salt,none,False,0.6,25
2025-12-30 14:36:22,25493314,pythonfan,admin,sha256_salt,none,False,0.54,26
2025-12-30 14:36:24,25493314,pythonfan,admin123,sha256_salt,none,False,0.59,27
2025-12-30 14:36:26,25493314,pythonfan,root,sha256_salt,none,False,0.67,28
2025-12-30 14:36:28,25493314,pythonfan,toor,sha256_salt,none,False,0.66,29
2025-12-30 14:36:30,25493314,pythonfan,pass,sha256_salt,none,False,0.77,30
2025-12-30 14:36:33,25493314,pythonfan,25493314test,sha256_salt,none,False,0.65,31
2025-12-30 14:36:35,25493314,pythonfan,test123,sha256_salt,none,False,0.59,32
2025-12-30 14:36:37,25493314,pythonfan,guest,sha256_salt,none,False,0.57,33
2025-12-30 14:36:39,25493314,pythonfan,guest123,sha256_salt,none,False,0.82,34
2025-12-30 14:36:41,25493314,pythonfan,user,sha256_salt,none,False,0.62,35
2025-12-30 14:36:43,25493314,pythonfan,user123,sha256_salt,none,False,0.62,36
2025-12-30 14:36:45,25493314,pythonfan,login,sha256_salt,none,False,0.57,37
2025-12-30 14:36:47,25493314,pythonfan,login123,sha256_salt,none,False,0.54,38
2025-12-30 14:36:49,25493314,pythonfan,welcome,sha256_salt,none,False,0.55,39
2025-12-30 14:36:51,25493314,pythonfan,welcome1,sha256_salt,none,False,0.57,40
2025-12-30 14:36:53,25493314,pythonfan,password123,sha256_salt,none,False,0.62,41
2025-12-30 14:36:55,25493314,pythonfan,admin1,sha256_salt,none,False,0.69,42
2025-12-30 14:36:57,25493314,pythonfan,root123,sha256_salt,none,False,0.59,43
2025-12-30 14:36:59,25493314,pythonfan,pass123,sha256_salt,none,False,0.52,44
2025-12-30 14:37:02,25493314,pythonfan,1q2w3e4r,sha256_salt,none,False,0.69,45
2025-12-30 14:37:04,25493314,pythonfan,qwerty123,sha256_salt,none,False,0.41,46
2025-12-30 14:37:06,25493314,pythonfan,1234567890,sha256_salt,none,False,0.74,47
2025-12-30 14:37:08,25493314,pythonfan,987654321,sha256_salt,none,False,0.71,48
2025-12-30 14:37:10,25493314,pythonfan,hello,sha256_salt,none,False,0.64,49
2025-12-30 14:37:12,25493314,pythonfan,hello123,sha256_salt,none,False,0.71,50
2025-12-30 14:37:14,25493314,pythonfan,iloveyou,sha256_salt,none,False,0.55,51
2025-12-30 14:37:16,25493314,pythonfan,sunshine,sha256_salt,none,False,0.64,52
2025-12-30 14:37:18,25493314,pythonfan,princess,sha256_salt,none,False,0.67,53
2025-12-30 14:37:20,25493314,pythonfan,Password1,sha256_salt,none,False,0.38,54
2025-12-30 14:37:22,25493314,pythonfan,Password123,sha256_salt,none,False,0.57,55
2025-12-30 14:37:24,25493314,pythonfan,Admin123,sha256_salt,none,False,0.61,56
2025-12-30 14:37:26,25493314,pythonfan,Welcome1,sha256_salt,none,False,0.58,57
2025-12-30 14:37:28,25493314,pythonfan,Student123,sha256_salt,none,False,0.59,58
2025-12-30 14:37:30,25493314,pythonfan,Student99,sha256_salt,none,False,0.57,59
2025-12-30 14:37:33,25493314,pythonfan,Test2024,sha256_salt,none,False,0.66,60
2025-12-30 14:37:35,25493314,pythonfan,Login456,sha256_salt,none,False,0.59,61
2025-12-30 14:37:37,25493314,pythonfan,Python101,sha256_salt,none,True,0.58,62
2025-12-30 14:37:39,25493314,techgirl,123456,sha256_salt,none,False,0.65,1
2025-12-30 14:37:41,25493314,techgirl,password,sha256_salt,none,False,0.63,2
2025-12-30 14:37:43,25493314,techgirl,12345678,sha256_salt,none,False,0.6,3
2025-12-30 14:37:45,25493314,techgirl,qwerty,sha256_salt,none,False,0.55,4
2025-12-30 14:37:47,25493314,techgirl,123456789,sha256_salt,none,False,0.56,5
2025-12-30 14:37:49,25493314,techgirl,12345,sha256_salt,none,False,0.34,6
2025-12-30 14:37:51,25493314,techgirl,1234,sha256_salt,none,False,0.58,7
2025-12-30 14:37:53,25493314,techgirl,111111,sha256_salt,none,False,0.6,8
2025-12-30 14:37:55,25493314,techgirl,1234567,sha256_salt,none,False,0.58,9
2025-12-30 14:37:57,25493314,techgirl,dragon,sha256_salt,none,False,0.55,10
2025-12-30 14:38:00,25493314,techgirl,123123,sha256_salt,none,False,0.56,11
2025-12-30 14:38:02,25493314,techgirl,baseball,sha256_salt,none,False,0.28,12
2025-12-30 14:38:04,25493314,techgirl,abc123,sha256_salt,none,False,0.27,13
2025-12-30 14:38:06,25493314,techgirl,football,sha256_salt,none,False,0.45,14
2025-12-30 14:38:08,25493314,techgirl,monkey,sha256_salt,none,False,0.35,15
2025-12-30 14:38:10,25493314,techgirl,letmein,sha256_salt,none,False,0.53,16
2025-12-30 14:38:12,25493314,techgirl,shadow,sha256_salt,none,False,0.52,17
2025-12-30 14:38:14,25493314,techgirl,master,sha256_salt,none,False,0.34,18
2025-12-30 14:38:16,25493314,techgirl,666666,sha256_salt,none,False,0.55,19
2025-12-30 14:38:18,25493314,techgirl,qwertyuiop,sha256_salt,none,False,0.62,20
2025-12-30 14:38:20,25493314,techgirl,123321,sha256_salt,none,False,0.61,21
2025-12-30 14:38:22,25493314,techgirl,mustang,sha256_salt,none,False,0.64,22
2025-12-30 14:38:24,25493314,techgirl,121212,sha256_salt,none,False,0.59,23
2025-12-30 14:38:26,25493314,techgirl,000000,sha256_salt,none,False,0.38,24
2025-12-30 14:38:28,25493314,techgirl,password1,sha256_salt,none,False,0.58,25
2025-12-30 14:38:31,25493314,techgirl,admin,sha256_salt,none,False,0.32,26
2025-12-30 14:38:33,25493314,techgirl,admin123,sha256_salt,none,False,0.59,27
2025-12-30 14:38:35,25493314,techgirl,root,sha256_salt,none,False,0.59,28
2025-12-30 14:38:37,25493314,techgirl,toor,sha256_salt,none,False,0.6,29
2025-12-30 14:38:39,25493314,techgirl,pass,sha256_salt,none,False,0.65,30
2025-12-30 14:38:41,25493314,techgirl,25493314test,sha256_salt,none,False,0.42,31
2025-12-30 14:38:43,25493314,techgirl,test123,sha256_salt,none,False,0.3,32
2025-12-30 14:38:45,25493314,techgirl,guest,sha256_salt,none,False,0.32,33
2025-12-30 14:38:47,25493314,techgirl,guest123,sha256_salt,none,False,0.48,34
2025-12-30 14:38:49,25493314,techgirl,user,sha256_salt,none,False,0.65,35
2025-12-30 14:38:51,25493314,techgirl,user123,sha256_salt,none,False,0.59,36
2025-12-30 14:38:53,25493314,techgirl,login,sha256_salt,none,False,0.6,37
2025-12-30 14:38:55,25493314,techgirl,login123,sha256_salt,none,False,0.67,38
2025-12-30 14:38:57,25493314,techgirl,welcome,sha256_salt,none,False,0.6,39
2025-12-30 14:38:59,25493314,techgirl,welcome1,sha256_salt,none,False,0.56,40
2025-12-30 14:39:02,25493314,techgirl,password123,sha256_salt,none,False,0.56,41
2025-12-30 14:39:04,25493314,techgirl,admin1,sha256_salt,none,False,0.79,42
2025-12-30 14:39:06,25493314,techgirl,root123,sha256_salt,none,False,0.59,43
2025-12-30 14:39:08,25493314,techgirl,pass123,sha256_salt,none,False,0.72,44
2025-12-30 14:39:10,25493314,techgirl,1q2w3e4r,sha256_salt,none,False,0.66,45
2025-12-30 14:39:12,25493314,techgirl,qwerty123,sha256_salt,none,False,0.56,46
2025-12-30 14:39:14,25493314,techgirl,1234567890,sha256_salt,none,False,0.56,47
2025-12-30 14:39:16,25493314,techgirl,987654321,sha256_salt,none,False,0.54,48
2025-12-30 14:39:18,25493314,techgirl,hello,sha256_salt,none,False,0.39,49
2025-12-30 14:39:20,25493314,techgirl,hello123,sha256_salt,none,False,0.37,50
2025-12-30 14:39:22,25493314,techgirl,iloveyou,sha256_salt,none,False,0.29,51
2025-12-30 14:39:24,25493314,techgirl,sunshine,sha256_salt,none,False,0.58,52
2025-12-30 14:39:26,25493314,techgirl,princess,sha256_salt,none,False,0.55,53
2025-12-30 14:39:28,25493314,techgirl,Password1,sha256_salt,none,False,0.58,54
2025-12-30 14:39:31,25493314,techgirl,Password123,sha256_salt,none,False,0.78,55
2025-12-30 14:39:33,25493314,techgirl,Admin123,sha256_salt,none,False,0.57,56
2025-12-30 14:39:35,25493314,techgirl,Welcome1,sha256_salt,none,False,0.6,57
2025-12-30 14:39:37,25493314,techgirl,Student123,sha256_salt,none,False,0.57,58
2025-12-30 14:39:39,25493314,techgirl,Student99,sha256_salt,none,False,0.57,59
2025-12-30 14:39:41,25493314,techgirl,Test2024,sha256_salt,none,False,0.74,60
2025-12-30 14:39:43,25493314,techgirl,Login456,sha256_salt,none,False,0.5,61
2025-12-30 14:39:45,25493314,techgirl,Python101,sha256_salt,none,False,0.59,62
2025-12-30 14:39:47,25493314,techgirl,demo,sha256_salt,none,False,0.59,63
2025-12-30 14:39:49,25493314,techgirl,student,sha256_salt,none,False,0.59,64
2025-12-30 14:39:51,25493314,techgirl,name,sha256_salt,none,False,0.33,65
2025-12-30 14:39:53,25493314,techgirl,1111,sha256_salt,none,False,0.58,66
2025-12-30 14:39:55,25493314,techgirl,BlueCat12,sha256_salt,none,False,0.62,67
2025-12-30 14:39:57,25493314,techgirl,TechGirl7,sha256_salt,none,True,0.65,68
2025-12-30 14:39:59,25493314,cloud_user,123456,sha256_salt,none,False,0.59,1
2025-12-30 14:40:02,25493314,cloud_user,password,sha256_salt,none,False,0.6,2
2025-12-30 14:40:04,25493314,cloud_user,12345678,sha256_salt,none,False,0.61,3
2025-12-30 14:40:06,25493314,cloud_user,qwerty,sha256_salt,none,False,0.58,4
2025-12-30 14:40:08,25493314,cloud_user,123456789,sha256_salt,none,False,0.61,5
2025-12-30 14:40:10,25493314,cloud_user,12345,sha256_salt,none,False,0.6,6
2025-12-30 14:40:12,25493314,cloud_user,1234,sha256_salt,none,False,0.66,7
2025-12-30 14:40:14,25493314,cloud_user,111111,sha256_salt,none,False,0.53,8
2025-12-30 14:40:16,25493314,cloud_user,1234567,sha256_salt,none,False,0.59,9
2025-12-30 14:40:18,25493314,cloud_user,dragon,sha256_salt,none,False,0.59,10
2025-12-30 14:40:20,25493314,cloud_user,123123,sha256_salt,none,False,0.58,11
2025-12-30 14:40:22,25493314,cloud_user,baseball,sha256_salt,none,False,0.58,12
2025-12-30 14:40:24,25493314,cloud_user,abc123,sha256_salt,none,False,0.59,13
2025-12-30 14:40:26,25493314,cloud_user,football,sha256_salt,none,False,0.57,14
2025-12-30 14:40:28,25493314,cloud_user,monkey,sha256_salt,none,False,0.64,15
2025-12-30 14:40:30,25493314,cloud_user,letmein,sha256_salt,none,False,0.54,16
2025-12-30 14:40:32,25493314,cloud_user,shadow,sha256_salt,none,False,0.55,17
2025-12-30 14:40:35,25493314,cloud_user,master,sha256_salt,none,False,0.5,18
2025-12-30 14:40:37,25493314,cloud_user,666666,sha256_salt,none,False,0.44,19
2025-12-30 14:40:39,25493314,cloud_user,qwertyuiop,sha256_salt,none,False,0.73,20
2025-12-30 14:40:41,25493314,cloud_user,123321,sha256_salt,none,False,0.56,21
2025-12-30 14:40:43,25493314,cloud_user,mustang,sha256_salt,none,False,0.59,22
2025-12-30 14:40:45,25493314,cloud_user,121212,sha256_salt,none,False,0.57,23
2025-12-30 14:40:47,25493314,cloud_user,000000,sha256_salt,none,False,0.57,24
2025-12-30 14:40:49,25493314,cloud_user,password1,sha256_salt,none,False,0.59,25
2025-12-30 14:40:51,25493314,cloud_user,admin,sha256_salt,none,False,0.29,26
2025-12-30 14:40:53,25493314,cloud_user,admin123,sha256_salt,none,False,0.54,27
2025-12-30 14:40:55,25493314,cloud_user,root,sha256_salt,none,False,0.43,28
2025-12-30 14:40:57,25493314,cloud_user,toor,sha256_salt,none,False,0.58,29
2025-12-30 14:40:59,25493314,cloud_user,pass,sha256_salt,none,False,0.6,30
2025-12-30 14:41:02,25493314,cloud_user,25493314test,sha256_salt,none,False,0.34,31
2025-12-30 14:41:04,25493314,cloud_user,test123,sha256_salt,none,False,0.57,32
2025-12-30 14:41:06,25493314,cloud_user,guest,sha256_salt,none,False,0.55,33
2025-12-30 14:41:08,25493314,cloud_user,guest123,sha256_salt,none,False,0.73,34
2025-12-30 14:41:10,25493314,cloud_user,user,sha256_salt,none,False,0.7,35
2025-12-30 14:41:12,25493314,cloud_user,user123,sha256_salt,none,False,0.57,36
2025-12-30 14:41:14,25493314,cloud_user,login,sha256_salt,none,False,0.56,37
2025-12-30 14:41:16,25493314,cloud_user,login123,sha256_salt,none,False,0.61,38
2025-12-30 14:41:18,25493314,cloud_user,welcome,sha256_salt,none,False,0.69,39
2025-12-30 14:41:20,25493314,cloud_user,welcome1,sha256_salt,none,False,0.53,40
2025-12-30 14:41:22,25493314,cloud_user,password123,sha256_salt,none,False,0.43,41
2025-12-30 14:41:24,25493314,cloud_user,admin1,sha256_salt,none,False,0.37,42
2025-12-30 14:41:26,25493314,cloud_user,root123,sha256_salt,none,False,1.07,43
2025-12-30 14:41:28,25493314,cloud_user,pass123,sha256_salt,none,False,0.66,44
2025-12-30 14:41:30,25493314,cloud_user,1q2w3e4r,sha256_salt,none,False,0.58,45
2025-12-30 14:41:33,25493314,cloud_user,qwerty123,sha256_salt,none,False,0.32,46
2025-12-30 14:41:35,25493314,cloud_user,1234567890,sha256_salt,none,False,0.48,47
2025-12-30 14:41:37,25493314,cloud_user,987654321,sha256_salt,none,False,0.76,48
2025-12-30 14:41:39,25493314,cloud_user,hello,sha256_salt,none,False,0.59,49
2025-12-30 14:41:41,25493314,cloud_user,hello123,sha256_salt,none,False,0.59,50
2025-12-30 14:41:43,25493314,cloud_user,iloveyou,sha256_salt,none,False,0.57,51
2025-12-30 14:41:45,25493314,cloud_user,sunshine,sha256_salt,none,False,0.59,52
2025-12-30 14:41:47,25493314,cloud_user,princess,sha256_salt,none,False,0.59,53
2025-12-30 14:41:49,25493314,cloud_user,Password1,sha256_salt,none,False,0.6,54
2025-12-30 14:41:51,25493314,cloud_user,Password123,sha256_salt,none,False,0.73,55
2025-12-30 14:41:53,25493314,cloud_user,Admin123,sha256_salt,none,False,0.56,56
2025-12-30 14:41:55,25493314,cloud_user,Welcome1,sha256_salt,none,False,0.54,57
2025-12-30 14:41:57,25493314,cloud_user,Student123,sha256_salt,none,False,0.61,58
2025-12-30 14:41:59,25493314,cloud_user,Student99,sha256_salt,none,False,0.71,59
2025-12-30 14:42:01,25493314,cloud_user,Test2024,sha256_salt,none,False,0.59,60
2025-12-30 14:42:03,25493314,cloud_user,Login456,sha256_salt,none,False,0.6,61
2025-12-30 14:42:06,25493314,cloud_user,Python101,sha256_salt,none,False,0.65,62
2025-12-30 14:42:08,25493314,cloud_user,demo,sha256_salt,none,False,0.58,63
2025-12-30 14:42:10,25493314,cloud_user,student,sha256_salt,none,False,0.59,64
2025-12-30 14:42:12,25493314,cloud_user,name,sha256_salt,none,False,0.66,65
2025-12-30 14:42:14,25493314,cloud_user,1111,sha256_salt,none,False,0.74,66
2025-12-30 14:42:16,25493314,cloud_user,BlueCat12,sha256_salt,none,False,0.97,67
2025-12-30 14:42:18,25493314,cloud_user,TechGirl7,sha256_salt,none,False,0.66,68
2025-12-30 14:42:20,25493314,cloud_user,Cloud123,sha256_salt,none,True,0.75,69
2025-12-30 14:42:22,25493314,gamer22,123456,sha256_salt,none,False,0.67,1
2025-12-30 14:42:24,25493314,gamer22,password,sha256_salt,none,False,0.56,2
2025-12-30 14:42:26,25493314,gamer22,12345678,sha256_salt,none,False,0.39,3
2025-12-30 14:42:28,25493314,gamer22,qwerty,sha256_salt,none,False,0.6,4
2025-12-30 14:42:30,25493314,gamer22,123456789,sha256_salt,none,False,0.65,5
2025-12-30 14:42:32,25493314,gamer22,12345,sha256_salt,none,False,0.72,6
2025-12-30 14:42:35,25493314,gamer22,1234,sha256_salt,none,False,0.46,7
2025-12-30 14:42:37,25493314,gamer22,111111,sha256_salt,none,False,0.64,8
2025-12-30 14:42:39,25493314,gamer22,1234567,sha256_salt,none,False,0.55,9
2025-12-30 14:42:41,25493314,gamer22,dragon,sha256_salt,none,False,0.63,10
2025-12-30 14:42:43,25493314,gamer22,123123,sha256_salt,none,False,0.58,11
2025-12-30 14:42:45,25493314,gamer22,baseball,sha256_salt,none,False,0.59,12
2025-12-30 14:42:47,25493314,gamer22,abc123,sha256_salt,none,False,0.82,13
2025-12-30 14:42:49,25493314,gamer22,football,sha256_salt,none,False,0.62,14
2025-12-30 14:42:51,25493314,gamer22,monkey,sha256_salt,none,False,0.68,15
2025-12-30 14:42:53,25493314,gamer22,letmein,sha256_salt,none,False,0.57,16
2025-12-30 14:42:55,25493314,gamer22,shadow,sha256_salt,none,False,0.59,17
2025-12-30 14:42:57,25493314,gamer22,master,sha256_salt,none,False,0.62,18
2025-12-30 14:42:59,25493314,gamer22,666666,sha256_salt,none,False,0.6,19
2025-12-30 14:43:01,25493314,gamer22,qwertyuiop,sha256_salt,none,False,0.4,20
2025-12-30 14:43:03,25493314,gamer22,123321,sha256_salt,none,False,0.29,21
2025-12-30 14:43:05,25493314,gamer22,mustang,sha256_salt,none,False,0.37,22
2025-12-30 14:43:08,25493314,gamer22,121212,sha256_salt,none,False,0.59,23
2025-12-30 14:43:10,25493314,gamer22,000000,sha256_salt,none,False,0.54,24
2025-12-30 14:43:12,25493314,gamer22,password1,sha256_salt,none,False,0.61,25
2025-12-30 14:43:14,25493314,gamer22,admin,sha256_salt,none,False,0.78,26
2025-12-30 14:43:16,25493314,gamer22,admin123,sha256_salt,none,False,0.59,27
2025-12-30 14:43:18,25493314,gamer22,root,sha256_salt,none,False,0.8,28
2025-12-30 14:43:20,25493314,gamer22,toor,sha256_salt,none,False,0.58,29
2025-12-30 14:43:22,25493314,gamer22,pass,sha256_salt,none,False,0.56,30
2025-12-30 14:43:24,25493314,gamer22,25493314test,sha256_salt,none,False,0.58,31
2025-12-30 14:43:26,25493314,gamer22,test123,sha256_salt,none,False,0.6,32
2025-12-30 14:43:28,25493314,gamer22,guest,sha256_salt,none,False,0.54,33
2025-12-30 14:43:30,25493314,gamer22,guest123,sha256_salt,none,False,0.71,34
2025-12-30 14:43:32,25493314,gamer22,user,sha256_salt,none,False,0.62,35
2025-12-30 14:43:34,25493314,gamer22,user123,sha256_salt,none,False,0.71,36
2025-12-30 14:43:37,25493314,gamer22,login,sha256_salt,none,False,0.57,37
2025-12-30 14:43:39,25493314,gamer22,login123,sha256_salt,none,False,0.57,38
2025-12-30 14:43:41,25493314,gamer22,welcome,sha256_salt,none,False,0.4,39
2025-12-30 14:43:43,25493314,gamer22,welcome1,sha256_salt,none,False,0.48,40
2025-12-30 14:43:45,25493314,gamer22,password123,sha256_salt,none,False,0.66,41
2025-12-30 14:43:47,25493314,gamer22,admin1,sha256_salt,none,False,0.67,42
2025-12-30 14:43:49,25493314,gamer22,root123,sha256_salt,none,False,0.65,43
2025-12-30 14:43:51,25493314,gamer22,pass123,sha256_salt,none,False,0.71,44
2025-12-30 14:43:53,25493314,gamer22,1q2w3e4r,sha256_salt,none,False,0.64,45
2025-12-30 14:43:55,25493314,gamer22,qwerty123,sha256_salt,none,False,0.58,46
2025-12-30 14:43:57,25493314,gamer22,1234567890,sha256_salt,none,False,0.6,47
2025-12-30 14:43:59,25493314,gamer22,987654321,sha256_salt,none,False,0.55,48
2025-12-30 14:44:01,25493314,gamer22,hello,sha256_salt,none,False,0.75,49
2025-12-30 14:44:03,25493314,gamer22,hello123,sha256_salt,none,False,0.59,50
2025-12-30 14:44:05,25493314,gamer22,iloveyou,sha256_salt,none,False,0.61,51
2025-12-30 14:44:08,25493314,gamer22,sunshine,sha256_salt,none,False,0.55,52
2025-12-30 14:44:10,25493314,gamer22,princess,sha256_salt,none,False,0.61,53
2025-12-30 14:44:12,25493314,gamer22,Password1,sha256_salt,none,False,0.55,54
2025-12-30 14:44:14,25493314,gamer22,Password123,sha256_salt,none,False,0.57,55
2025-12-30 14:44:16,25493314,gamer22,Admin123,sha256_salt,none,False,0.56,56
2025-12-30 14:44:18,25493314,gamer22,Welcome1,sha256_salt,none,False,0.64,57
2025-12-30 14:44:20,25493314,gamer22,Student123,sha256_salt,none,False,0.58,58
2025-12-30 14:44:22,25493314,gamer22,Student99,sha256_salt,none,False,0.79,59
2025-12-30 14:44:24,25493314,gamer22,Test2024,sha256_salt,none,False,0.35,60
2025-12-30 14:44:26,25493314,gamer22,Login456,sha256_salt,none,False,0.53,61
2025-12-30 14:44:28,25493314,gamer22,Python101,sha256_salt,none,False,0.56,62
2025-12-30 14:44:30,25493314,gamer22,demo,sha256_salt,none,False,0.57,63
2025-12-30 14:44:32,25493314,gamer22,student,sha256_salt,none,False,0.92,64
2025-12-30 14:44:34,25493314,gamer22,name,sha256_salt,none,False,0.94,65
2025-12-30 14:44:37,25493314,gamer22,1111,sha256_salt,none,False,0.77,66
2025-12-30 14:44:39,25493314,gamer22,BlueCat12,sha256_salt,none,False,0.68,67
2025-12-30 14:44:41,25493314,gamer22,TechGirl7,sha256_salt,none,False,0.7,68
2025-12-30 14:44:43,25493314,gamer22,Cloud123,sha256_salt,none,False,0.69,69
2025-12-30 14:47:16,25493314,gamer22,GameOn22,sha256_salt,none,True,0.9,70
2025-12-30 14:47:18,25493314,webdev,123456,sha256_salt,none,False,0.42,1
2025-12-30 14:47:20,25493314,webdev,password,sha256_salt,none,False,0.52,2
2025-12-30 14:47:22,25493314,webdev,12345678,sha256_salt,none,False,0.64,3
2025-12-30 14:47:24,25493314,webdev,qwerty,sha256_salt,none,False,0.57,4
2025-12-30 14:47:26,25493314,webdev,123456789,sha256_salt,none,False,0.83,5
2025-12-30 14:47:28,25493314,webdev,12345,sha256_salt,none,False,0.55,6
2025-12-30 14:47:31,25493314,webdev,1234,sha256_salt,none,False,0.52,7
2025-12-30 14:47:33,25493314,webdev,111111,sha256_salt,none,False,0.73,8
2025-12-30 14:47:35,25493314,webdev,1234567,sha256_salt,none,False,0.72,9
2025-12-30 14:47:37,25493314,webdev,dragon,sha256_salt,none,False,0.85,10
2025-12-30 14:47:39,25493314,webdev,123123,sha256_salt,none,False,0.61,11
2025-12-30 14:47:41,25493314,webdev,baseball,sha256_salt,none,False,0.32,12
2025-12-30 14:47:43,25493314,webdev,abc123,sha256_salt,none,False,0.84,13
2025-12-30 14:47:45,25493314,webdev,football,sha256_salt,none,False,0.74,14
2025-12-30 14:47:47,25493314,webdev,monkey,sha256_salt,none,False,0.85,15
2025-12-30 14:47:49,25493314,webdev,letmein,sha256_salt,none,False,0.62,16
2025-12-30 14:47:51,25493314,webdev,shadow,sha256_salt,none,False,0.71,17
2025-12-30 14:47:53,25493314,webdev,master,sha256_salt,none,False,0.49,18
2025-12-30 14:47:55,25493314,webdev,666666,sha256_salt,none,False,0.69,19
2025-12-30 14:47:58,25493314,webdev,qwertyuiop,sha256_salt,none,False,0.68,20
2025-12-30 14:48:00,25493314,webdev,123321,sha256_salt,none,False,0.65,21
2025-12-30 14:48:02,25493314,webdev,mustang,sha256_salt,none,False,0.68,22
2025-12-30 14:48:04,25493314,webdev,121212,sha256_salt,none,False,0.67,23
2025-12-30 14:48:06,25493314,webdev,000000,sha256_salt,none,False,0.67,24
2025-12-30 14:48:08,25493314,webdev,password1,sha256_salt,none,False,0.7,25
2025-12-30 14:48:10,25493314,webdev,admin,sha256_salt,none,False,0.66,26
2025-12-30 14:48:12,25493314,webdev,admin123,sha256_salt,none,False,0.86,27
2025-12-30 14:48:14,25493314,webdev,root,sha256_salt,none,False,0.75,28
2025-12-30 14:48:17,25493314,webdev,toor,sha256_salt,none,False,0.69,29
2025-12-30 14:48:19,25493314,webdev,pass,sha256_salt,none,False,0.54,30
2025-12-30 14:48:21,25493314,webdev,25493314test,sha256_salt,none,False,0.69,31
2025-12-30 14:48:23,25493314,webdev,test123,sha256_salt,none,False,0.74,32
2025-12-30 14:48:25,25493314,webdev,guest,sha256_salt,none,False,0.87,33
2025-12-30 14:48:27,25493314,webdev,guest123,sha256_salt,none,False,0.61,34
2025-12-30 14:48:29,25493314,webdev,user,sha256_salt,none,False,0.67,35
2025-12-30 14:48:31,25493314,webdev,user123,sha256_salt,none,False,0.73,36
2025-12-30 14:48:33,25493314,webdev,login,sha256_salt,none,False,0.71,37
2025-12-30 14:48:36,25493314,webdev,login123,sha256_salt,none,False,0.75,38
2025-12-30 14:48:38,25493314,webdev,welcome,sha256_salt,none,False,0.71,39
2025-12-30 14:48:40,25493314,webdev,welcome1,sha256_salt,none,False,0.96,40
2025-12-30 14:48:42,25493314,webdev,password123,sha256_salt,none,False,0.71,41
2025-12-30 14:48:44,25493314,webdev,admin1,sha256_salt,none,False,0.63,42
2025-12-30 14:48:46,25493314,webdev,root123,sha256_salt,none,False,0.64,43
2025-12-30 14:48:48,25493314,webdev,pass123,sha256_salt,none,False,0.66,44
2025-12-30 14:48:50,25493314,webdev,1q2w3e4r,sha256_salt,none,False,0.65,45
2025-12-30 14:48:52,25493314,webdev,qwerty123,sha256_salt,none,False,0.69,46
2025-12-30 14:48:55,25493314,webdev,1234567890,sha256_salt,none,False,0.72,47
2025-12-30 14:48:57,25493314,webdev,987654321,sha256_salt,none,False,0.71,48
2025-12-30 14:48:59,25493314,webdev,hello,sha256_salt,none,False,0.62,49
2025-12-30 14:49:01,25493314,webdev,hello123,sha256_salt,none,False,0.65,50
2025-12-30 14:49:03,25493314,webdev,iloveyou,sha256_salt,none,False,0.65,51
2025-12-30 14:49:05,25493314,webdev,sunshine,sha256_salt,none,False,0.68,52
2025-12-30 14:49:07,25493314,webdev,princess,sha256_salt,none,False,0.69,53
2025-12-30 14:49:09,25493314,webdev,Password1,sha256_salt,none,False,0.7,54
2025-12-30 14:49:11,25493314,webdev,Password123,sha256_salt,none,False,0.7,55
2025-12-30 14:49:14,25493314,webdev,Admin123,sha256_salt,none,False,0.95,56
2025-12-30 14:49:16,25493314,webdev,Welcome1,sha256_salt,none,False,0.7,57
2025-12-30 14:49:18,25493314,webdev,Student123,sha256_salt,none,False,0.69,58
2025-12-30 14:49:20,25493314,webdev,Student99,sha256_salt,none,False,0.68,59
2025-12-30 14:49:22,25493314,webdev,Test2024,sha256_salt,none,False,0.71,60
2025-12-30 14:49:24,25493314,webdev,Login456,sha256_salt,none,False,0.73,61
2025-12-30 14:49:26,25493314,webdev,Python101,sha256_salt,none,False,0.72,62
2025-12-30 14:49:28,25493314,webdev,demo,sha256_salt,none,False,0.71,63
2025-12-30 14:49:31,25493314,webdev,student,sha256_salt,none,False,0.74,64
2025-12-30 14:49:33,25493314,webdev,name,sha256_salt,none,False,0.42,65
2025-12-30 14:49:35,25493314,webdev,1111,sha256_salt,none,False,0.89,66
2025-12-30 14:49:37,25493314,webdev,BlueCat12,sha256_salt,none,False,0.7,67
2025-12-30 14:49:39,25493314,webdev,TechGirl7,sha256_salt,none,False,0.74,68
2025-12-30 14:49:41,25493314,webdev,Cloud123,sha256_salt,none,False,0.72,69
2025-12-30 14:49:43,25493314,webdev,GameOn22,sha256_salt,none,False,0.71,70
2025-12-30 14:49:45,25493314,webdev,WebDev88,sha256_salt,none,True,0.41,71
2025-12-30 14:49:47,25493314,sha.sec,123456,sha256_salt,none,False,0.73,1
2025-12-30 14:49:50,25493314,sha.sec,password,sha256_salt,none,False,0.72,2
2025-12-30 14:49:52,25493314,sha.sec,12345678,sha256_salt,none,False,0.37,3
2025-12-30 14:49:54,25493314,sha.sec,qwerty,sha256_salt,none,False,0.58,4
2025-12-30 14:49:56,25493314,sha.sec,123456789,sha256_salt,none,False,0.69,5
2025-12-30 14:49:58,25493314,sha.sec,12345,sha256_salt,none,False,0.7,6
2025-12-30 14:50:00,25493314,sha.sec,1234,sha256_salt,none,False,0.75,7
2025-12-30 14:50:02,25493314,sha.sec,111111,sha256_salt,none,False,0.77,8
2025-12-30 14:50:04,25493314,sha.sec,1234567,sha256_salt,none,False,0.76,9
2025-12-30 14:50:06,25493314,sha.sec,dragon,sha256_salt,none,False,0.72,10
2025-12-30 14:50:09,25493314,sha.sec,123123,sha256_salt,none,False,0.73,11
2025-12-30 14:50:11,25493314,sha.sec,baseball,sha256_salt,none,False,0.79,12
2025-12-30 14:50:13,25493314,sha.sec,abc123,sha256_salt,none,False,0.71,13
2025-12-30 14:50:15,25493314,sha.sec,football,sha256_salt,none,False,0.74,14
2025-12-30 14:50:17,25493314,sha.sec,monkey,sha256_salt,none,False,0.72,15
2025-12-30 14:50:19,25493314,sha.sec,letmein,sha256_salt,none,False,0.79,16
2025-12-30 14:50:21,25493314,sha.sec,shadow,sha256_salt,none,False,0.65,17
2025-12-30 14:50:23,25493314,sha.sec,master,sha256_salt,none,False,0.59,18
2025-12-30 14:50:25,25493314,sha.sec,666666,sha256_salt,none,False,0.72,19
2025-12-30 14:50:28,25493314,sha.sec,qwertyuiop,sha256_salt,none,False,0.7,20
2025-12-30 14:50:30,25493314,sha.sec,123321,sha256_salt,none,False,0.71,21
2025-12-30 14:50:32,25493314,sha.sec,mustang,sha256_salt,none,False,0.69,22
2025-12-30 14:50:34,25493314,sha.sec,121212,sha256_salt,none,False,0.73,23
2025-12-30 14:50:36,25493314,sha.sec,000000,sha256_salt,none,False,0.7,24
2025-12-30 14:50:38,25493314,sha.sec,password1,sha256_salt,none,False,0.7,25
2025-12-30 14:50:40,25493314,sha.sec,admin,sha256_salt,none,False,0.6,26
2025-12-30 14:50:42,25493314,sha.sec,admin123,sha256_salt,none,False,0.63,27
2025-12-30 14:50:45,25493314,sha.sec,root,sha256_salt,none,False,0.39,28
2025-12-30 14:50:47,25493314,sha.sec,toor,sha256_salt,none,False,0.77,29
2025-12-30 14:50:49,25493314,sha.sec,pass,sha256_salt,none,False,1.12,30
2025-12-30 14:50:51,25493314,sha.sec,25493314test,sha256_salt,none,False,0.74,31
2025-12-30 14:50:53,25493314,sha.sec,test123,sha256_salt,none,False,0.7,32
2025-12-30 14:50:55,25493314,sha.sec,guest,sha256_salt,none,False,0.73,33
2025-12-30 14:50:57,25493314,sha.sec,guest123,sha256_salt,none,False,0.72,34
2025-12-30 14:50:59,25493314,sha.sec,user,sha256_salt,none,False,0.84,35
2025-12-30 14:51:01,25493314,sha.sec,user123,sha256_salt,none,False,0.69,36
2025-12-30 14:51:04,25493314,sha.sec,login,sha256_salt,none,False,0.73,37
2025-12-30 14:51:06,25493314,sha.sec,login123,sha256_salt,none,False,0.72,38
2025-12-30 14:51:08,25493314,sha.sec,welcome,sha256_salt,none,False,0.71,39
2025-12-30 14:51:10,25493314,sha.sec,welcome1,sha256_salt,none,False,0.74,40
2025-12-30 14:51:12,25493314,sha.sec,password123,sha256_salt,none,False,0.65,41
2025-12-30 14:51:14,25493314,sha.sec,admin1,sha256_salt,none,False,0.63,42
2025-12-30 14:51:16,25493314,sha.sec,root123,sha256_salt,none,False,0.82,43
2025-12-30 14:51:18,25493314,sha.sec,pass123,sha256_salt,none,False,0.72,44
2025-12-30 14:51:20,25493314,sha.sec,1q2w3e4r,sha256_salt,none,False,0.79,45
2025-12-30 14:51:23,25493314,sha.sec,qwerty123,sha256_salt,none,False,0.51,46
2025-12-30 14:51:25,25493314,sha.sec,1234567890,sha256_salt,none,False,0.38,47
2025-12-30 14:51:27,25493314,sha.sec,987654321,sha256_salt,none,False,0.3,48
2025-12-30 14:51:29,25493314,sha.sec,hello,sha256_salt,none,False,0.71,49
2025-12-30 14:51:31,25493314,sha.sec,hello123,sha256_salt,none,False,0.7,50
2025-12-30 14:51:33,25493314,sha.sec,iloveyou,sha256_salt,none,False,0.65,51
2025-12-30 14:51:35,25493314,sha.sec,sunshine,sha256_salt,none,False,0.72,52
2025-12-30 14:51:37,25493314,sha.sec,princess,sha256_salt,none,False,0.76,53
2025-12-30 14:51:39,25493314,sha.sec,Password1,sha256_salt,none,False,0.66,54
2025-12-30 14:51:41,25493314,sha.sec,Password123,sha256_salt,none,False,0.7,55
2025-12-30 14:51:44,25493314,sha.sec,Admin123,sha256_salt,none,False,0.52,56
2025-12-30 14:51:46,25493314,sha.sec,Welcome1,sha256_salt,none,False,0.5,57
2025-12-30 14:51:48,25493314,sha.sec,Student123,sha256_salt,none,False,0.82,58
2025-12-30 14:51:50,25493314,sha.sec,Student99,sha256_salt,none,False,0.69,59
2025-12-30 14:51:52,25493314,sha.sec,Test2024,sha256_salt,none,False,0.49,60
2025-12-30 14:51:54,25493314,sha.sec,Login456,sha256_salt,none,False,0.48,61
2025-12-30 14:51:56,25493314,sha.sec,Python101,sha256_salt,none,False,0.52,62
2025-12-30 14:51:58,25493314,sha.sec,demo,sha256_salt,none,False,0.43,63
2025-12-30 14:52:00,25493314,sha.sec,student,sha256_salt,none,False,0.38,64
2025-12-30 14:52:02,25493314,sha.sec,name,sha256_salt,none,False,0.53,65
2025-12-30 14:52:04,25493314,sha.sec,1111,sha256_salt,none,False,0.38,66
2025-12-30 14:52:06,25493314,sha.sec,BlueCat12,sha256_salt,none,False,0.59,67
2025-12-30 14:52:08,25493314,sha.sec,TechGirl7,sha256_salt,none,False,0.56,68
2025-12-30 14:52:10,25493314,sha.sec,Cloud123,sha256_salt,none,False,0.66,69
2025-12-30 14:52:13,25493314,sha.sec,GameOn22,sha256_salt,none,False,0.55,70
2025-12-30 14:52:15,25493314,sha.sec,WebDev88,sha256_salt,none,False,0.65,71
2025-12-30 14:52:17,25493314,secure_user,123456,sha256_salt,none,False,0.77,1
2025-12-30 14:52:19,25493314,secure_user,password,sha256_salt,none,False,0.6,2
2025-12-30 14:52:21,25493314,secure_user,12345678,sha256_salt,none,False,0.59,3
2025-12-30 14:52:23,25493314,secure_user,qwerty,sha256_salt,none,False,0.78,4
2025-12-30 14:52:25,25493314,secure_user,123456789,sha256_salt,none,False,0.52,5
2025-12-30 14:52:27,25493314,secure_user,12345,sha256_salt,none,False,0.55,6
2025-12-30 14:52:29,25493314,secure_user,1234,sha256_salt,none,False,0.57,7
2025-12-30 14:52:31,25493314,secure_user,111111,sha256_salt,none,False,0.59,8
2025-12-30 14:52:33,25493314,secure_user,1234567,sha256_salt,none,False,0.57,9
2025-12-30 14:52:35,25493314,secure_user,dragon,sha256_salt,none,False,0.61,10
2025-12-30 14:52:37,25493314,secure_user,123123,sha256_salt,none,False,0.59,11
2025-12-30 14:52:39,25493314,secure_user,baseball,sha256_salt,none,False,0.62,12
2025-12-30 14:52:41,25493314,secure_user,abc123,sha256_salt,none,False,0.65,13
2025-12-30 14:52:44,25493314,secure_user,football,sha256_salt,none,False,0.57,14
2025-12-30 14:52:46,25493314,secure_user,monkey,sha256_salt,none,False,0.6,15
2025-12-30 14:52:48,25493314,secure_user,letmein,sha256_salt,none,False,0.59,16
2025-12-30 14:52:50,25493314,secure_user,shadow,sha256_salt,none,False,0.55,17
2025-12-30 14:52:52,25493314,secure_user,master,sha256_salt,none,False,0.43,18
2025-12-30 14:52:54,25493314,secure_user,666666,sha256_salt,none,False,0.68,19
2025-12-30 14:52:56,25493314,secure_user,qwertyuiop,sha256_salt,none,False,0.54,20
2025-12-30 14:52:58,25493314,secure_user,123321,sha256_salt,none,False,0.71,21
2025-12-30 14:53:00,25493314,secure_user,mustang,sha256_salt,none,False,0.59,22
2025-12-30 14:53:02,25493314,secure_user,121212,sha256_salt,none,False,0.59,23
2025-12-30 14:53:04,25493314,secure_user,000000,sha256_salt,none,False,0.66,24
2025-12-30 14:53:06,25493314,secure_user,password1,sha256_salt,none,False,0.56,25
2025-12-30 14:53:08,25493314,secure_user,admin,sha256_salt,none,False,0.56,26
2025-12-30 14:53:10,25493314,secure_user,admin123,sha256_salt,none,False,0.56,27
2025-12-30 14:53:13,25493314,secure_user,root,sha256_salt,none,False,0.63,28
2025-12-30 14:53:15,25493314,secure_user,toor,sha256_salt,none,False,0.61,29
2025-12-30 14:53:17,25493314,secure_user,pass,sha256_salt,none,False,0.43,30
2025-12-30 14:53:19,25493314,secure_user,25493314test,sha256_salt,none,False,0.67,31
2025-12-30 14:53:21,25493314,secure_user,test123,sha256_salt,none,False,0.57,32
2025-12-30 14:53:23,25493314,secure_user,guest,sha256_salt,none,False,0.59,33
2025-12-30 14:53:25,25493314,secure_user,guest123,sha256_salt,none,False,0.43,34
2025-12-30 14:53:27,25493314,secure_user,user,sha256_salt,none,False,0.43,35
2025-12-30 14:53:29,25493314,secure_user,user123,sha256_salt,none,False,0.66,36
2025-12-30 14:53:31,25493314,secure_user,login,sha256_salt,none,False,0.67,37
2025-12-30 14:53:33,25493314,secure_user,login123,sha256_salt,none,False,0.45,38
2025-12-30 14:53:35,25493314,secure_user,welcome,sha256_salt,none,False,0.57,39
2025-12-30 14:53:37,25493314,secure_user,welcome1,sha256_salt,none,False,0.54,40
2025-12-30 14:53:39,25493314,secure_user,password123,sha256_salt,none,False,0.57,41
2025-12-30 14:53:42,25493314,secure_user,admin1,sha256_salt,none,False,0.54,42
2025-12-30 14:53:44,25493314,secure_user,root123,sha256_salt,none,False,0.57,43
2025-12-30 14:53:46,25493314,secure_user,pass123,sha256_salt,none,False,0.44,44
2025-12-30 14:53:48,25493314,secure_user,1q2w3e4r,sha256_salt,none,False,0.58,45
2025-12-30 14:53:50,25493314,secure_user,qwerty123,sha256_salt,none,False,0.6,46
2025-12-30 14:53:52,25493314,secure_user,1234567890,sha256_salt,none,False,0.58,47
2025-12-30 14:53:54,25493314,secure_user,987654321,sha256_salt,none,False,0.57,48
2025-12-30 14:53:56,25493314,secure_user,hello,sha256_salt,none,False,0.64,49
2025-12-30 14:53:58,25493314,secure_user,hello123,sha256_salt,none,False,0.54,50
2025-12-30 14:54:00,25493314,secure_user,iloveyou,sha256_salt,none,False,0.63,51
2025-12-30 14:54:02,25493314,secure_user,sunshine,sha256_salt,none,False,0.52,52
2025-12-30 14:54:04,25493314,secure_user,princess,sha256_salt,none,False,0.42,53
2025-12-30 14:54:06,25493314,secure_user,Password1,sha256_salt,none,False,0.73,54
2025-12-30 14:54:08,25493314,secure_user,Password123,sha256_salt,none,False,0.83,55
2025-12-30 14:54:11,25493314,secure_user,Admin123,sha256_salt,none,False,0.58,56
2025-12-30 14:54:13,25493314,secure_user,Welcome1,sha256_salt,none,False,0.56,57
2025-12-30 14:54:15,25493314,secure_user,Student123,sha256_salt,none,False,0.63,58
2025-12-30 14:54:17,25493314,secure_user,Student99,sha256_salt,none,False,0.58,59
2025-12-30 14:54:19,25493314,secure_user,Test2024,sha256_salt,none,False,0.64,60
2025-12-30 14:54:21,25493314,secure_user,Login456,sha256_salt,none,False,0.6,61
2025-12-30 14:54:23,25493314,secure_user,Python101,sha256_salt,none,False,0.56,62
2025-12-30 14:54:25,25493314,secure_user,demo,sha256_salt,none,False,0.56,63
2025-12-30 14:54:27,25493314,secure_user,student,sha256_salt,none,False,0.59,64
2025-12-30 14:54:29,25493314,secure_user,name,sha256_salt,none,False,0.59,65
2025-12-30 14:54:31,25493314,secure_user,1111,sha256_salt,none,False,0.77,66
2025-12-30 14:54:33,25493314,secure_user,BlueCat12,sha256_salt,none,False,0.47,67
2025-12-30 14:54:35,25493314,secure_user,TechGirl7,sha256_salt,none,False,0.57,68
2025-12-30 14:54:37,25493314,secure_user,Cloud123,sha256_salt,none,False,0.61,69
2025-12-30 14:54:40,25493314,secure_user,GameOn22,sha256_salt,none,False,0.82,70
2025-12-30 14:54:42,25493314,secure_user,WebDev88,sha256_salt,none,False,0.66,71
2025-12-30 14:54:44,25493314,cyber.auth,123456,sha256_salt,none,False,0.69,1
2025-12-30 14:54:46,25493314,cyber.auth,password,sha256_salt,none,False,0.84,2
2025-12-30 14:54:48,25493314,cyber.auth,12345678,sha256_salt,none,False,0.7,3
2025-12-30 14:54:50,25493314,cyber.auth,qwerty,sha256_salt,none,False,0.79,4
2025-12-30 14:54:52,25493314,cyber.auth,123456789,sha256_salt,none,False,0.59,5
2025-12-30 14:54:54,25493314,cyber.auth,12345,sha256_salt,none,False,0.42,6
2025-12-30 14:54:56,25493314,cyber.auth,1234,sha256_salt,none,False,0.74,7
2025-12-30 14:54:58,25493314,cyber.auth,111111,sha256_salt,none,False,0.47,8
2025-12-30 14:55:00,25493314,cyber.auth,1234567,sha256_salt,none,False,0.48,9
2025-12-30 14:55:03,25493314,cyber.auth,dragon,sha256_salt,none,False,0.53,10
2025-12-30 14:55:05,25493314,cyber.auth,123123,sha256_salt,none,False,0.37,11
2025-12-30 14:55:07,25493314,cyber.auth,baseball,sha256_salt,none,False,0.59,12
2025-12-30 14:55:09,25493314,cyber.auth,abc123,sha256_salt,none,False,0.43,13
2025-12-30 14:55:11,25493314,cyber.auth,football,sha256_salt,none,False,0.32,14
2025-12-30 14:55:13,25493314,cyber.auth,monkey,sha256_salt,none,False,0.35,15
2025-12-30 14:55:15,25493314,cyber.auth,letmein,sha256_salt,none,False,0.36,16
2025-12-30 14:55:17,25493314,cyber.auth,shadow,sha256_salt,none,False,0.39,17
2025-12-30 14:55:19,25493314,cyber.auth,master,sha256_salt,none,False,0.33,18
2025-12-30 14:55:21,25493314,cyber.auth,666666,sha256_salt,none,False,0.29,19
2025-12-30 14:55:23,25493314,cyber.auth,qwertyuiop,sha256_salt,none,False,0.34,20
2025-12-30 14:55:26,25493314,cyber.auth,123321,sha256_salt,none,False,0.9,21
2025-12-30 14:55:28,25493314,cyber.auth,mustang,sha256_salt,none,False,0.55,22
2025-12-30 14:55:30,25493314,cyber.auth,121212,sha256_salt,none,False,0.95,23
2025-12-30 14:55:32,25493314,cyber.auth,000000,sha256_salt,none,False,0.37,24
2025-12-30 14:55:34,25493314,cyber.auth,password1,sha256_salt,none,False,0.75,25
2025-12-30 14:55:36,25493314,cyber.auth,admin,sha256_salt,none,False,0.37,26
2025-12-30 14:55:38,25493314,cyber.auth,admin123,sha256_salt,none,False,0.61,27
2025-12-30 14:55:40,25493314,cyber.auth,root,sha256_salt,none,False,0.67,28
2025-12-30 14:55:42,25493314,cyber.auth,toor,sha256_salt,none,False,0.34,29
2025-12-30 14:55:45,25493314,cyber.auth,pass,sha256_salt,none,False,0.71,30
2025-12-30 14:55:47,25493314,cyber.auth,25493314test,sha256_salt,none,False,0.79,31
2025-12-30 14:55:49,25493314,cyber.auth,test123,sha256_salt,none,False,0.75,32
2025-12-30 14:55:51,25493314,cyber.auth,guest,sha256_salt,none,False,0.97,33
2025-12-30 14:55:53,25493314,cyber.auth,guest123,sha256_salt,none,False,0.75,34
2025-12-30 14:55:55,25493314,cyber.auth,user,sha256_salt,none,False,0.64,35
2025-12-30 14:55:57,25493314,cyber.auth,user123,sha256_salt,none,False,0.54,36
2025-12-30 14:55:59,25493314,cyber.auth,login,sha256_salt,none,False,0.67,37
2025-12-30 14:56:01,25493314,cyber.auth,login123,sha256_salt,none,False,0.68,38
2025-12-30 14:56:04,25493314,cyber.auth,welcome,sha256_salt,none,False,0.72,39
2025-12-30 14:56:06,25493314,cyber.auth,welcome1,sha256_salt,none,False,0.39,40
2025-12-30 14:56:08,25493314,cyber.auth,password123,sha256_salt,none,False,0.47,41
2025-12-30 14:56:10,25493314,cyber.auth,admin1,sha256_salt,none,False,0.56,42
2025-12-30 14:56:12,25493314,cyber.auth,root123,sha256_salt,none,False,0.64,43
2025-12-30 14:56:14,25493314,cyber.auth,pass123,sha256_salt,none,False,0.85,44
2025-12-30 14:56:16,25493314,cyber.auth,1q2w3e4r,sha256_salt,none,False,0.64,45
2025-12-30 14:56:18,25493314,cyber.auth,qwerty123,sha256_salt,none,False,0.76,46
2025-12-30 14:56:20,25493314,cyber.auth,1234567890,sha256_salt,none,False,0.77,47
2025-12-30 14:56:23,25493314,cyber.auth,987654321,sha256_salt,none,False,0.72,48
2025-12-30 14:56:25,25493314,cyber.auth,hello,sha256_salt,none,False,0.77,49
2025-12-30 14:56:27,25493314,cyber.auth,hello123,sha256_salt,none,False,0.66,50
2025-12-30 14:56:29,25493314,cyber.auth,iloveyou,sha256_salt,none,False,0.8,51
2025-12-30 14:56:31,25493314,cyber.auth,sunshine,sha256_salt,none,False,0.79,52
2025-12-30 14:56:33,25493314,cyber.auth,princess,sha256_salt,none,False,0.51,53
2025-12-30 14:56:35,25493314,cyber.auth,Password1,sha256_salt,none,False,0.71,54
2025-12-30 14:56:37,25493314,cyber.auth,Password123,sha256_salt,none,False,0.77,55
2025-12-30 14:56:39,25493314,cyber.auth,Admin123,sha256_salt,none,False,0.84,56
2025-12-30 14:56:42,25493314,cyber.auth,Welcome1,sha256_salt,none,False,0.74,57
2025-12-30 14:56:44,25493314,cyber.auth,Student123,sha256_salt,none,False,0.74,58
2025-12-30 14:56:46,25493314,cyber.auth,Student99,sha256_salt,none,False,0.75,59
2025-12-30 14:56:48,25493314,cyber.auth,Test2024,sha256_salt,none,False,0.99,60
2025-12-30 14:56:50,25493314,cyber.auth,Login456,sha256_salt,none,False,0.66,61
2025-12-30 14:56:52,25493314,cyber.auth,Python101,sha256_salt,none,False,0.7,62
2025-12-30 14:56:54,25493314,cyber.auth,demo,sha256_salt,none,False,0.65,63
2025-12-30 14:56:56,25493314,cyber.auth,student,sha256_salt,none,False,0.69,64
2025-12-30 14:56:59,25493314,cyber.auth,name,sha256_salt,none,False,0.71,65
2025-12-30 14:57:01,25493314,cyber.auth,1111,sha256_salt,none,False,0.74,66
2025-12-30 14:57:03,25493314,cyber.auth,BlueCat12,sha256_salt,none,False,0.73,67
2025-12-30 14:57:05,25493314,cyber.auth,TechGirl7,sha256_salt,none,False,0.74,68
2025-12-30 14:57:07,25493314,cyber.auth,Cloud123,sha256_salt,none,False,0.67,69
2025-12-30 14:57:09,25493314,cyber.auth,GameOn22,sha256_salt,none,False,0.8,70
2025-12-30 14:57:11,25493314,cyber.auth,WebDev88,sha256_salt,none,False,0.72,71
2025-12-30 14:57:13,25493314,dev.access,123456,sha256_salt,none,False,1.14,1
2025-12-30 14:57:15,25493314,dev.access,password,sha256_salt,none,False,0.72,2
2025-12-30 14:57:18,25493314,dev.access,12345678,sha256_salt,none,False,0.7,3
2025-12-30 14:57:20,25493314,dev.access,qwerty,sha256_salt,none,False,1.0,4
2025-12-30 14:57:22,25493314,dev.access,123456789,sha256_salt,none,False,0.69,5
2025-12-30 14:57:24,25493314,dev.access,12345,sha256_salt,none,False,0.67,6
2025-12-30 14:57:26,25493314,dev.access,1234,sha256_salt,none,False,0.56,7
2025-12-30 14:57:28,25493314,dev.access,111111,sha256_salt,none,False,1.17,8
2025-12-30 14:57:30,25493314,dev.access,1234567,sha256_salt,none,False,0.73,9
2025-12-30 14:57:32,25493314,dev.access,dragon,sha256_salt,none,False,0.79,10
2025-12-30 14:57:35,25493314,dev.access,123123,sha256_salt,none,False,0.66,11
2025-12-30 14:57:37,25493314,dev.access,baseball,sha256_salt,none,False,0.98,12
2025-12-30 14:57:39,25493314,dev.access,abc123,sha256_salt,none,False,0.67,13
2025-12-30 14:57:41,25493314,dev.access,football,sha256_salt,none,False,0.69,14
2025-12-30 14:57:43,25493314,dev.access,monkey,sha256_salt,none,False,0.71,15
2025-12-30 14:57:45,25493314,dev.access,letmein,sha256_salt,none,False,1.08,16
2025-12-30 14:57:47,25493314,dev.access,shadow,sha256_salt,none,False,0.68,17
2025-12-30 14:57:49,25493314,dev.access,master,sha256_salt,none,False,0.58,18
2025-12-30 14:57:51,25493314,dev.access,666666,sha256_salt,none,False,0.58,19
2025-12-30 14:57:54,25493314,dev.access,qwertyuiop,sha256_salt,none,False,0.67,20
2025-12-30 14:57:56,25493314,dev.access,123321,sha256_salt,none,False,0.67,21
2025-12-30 14:57:58,25493314,dev.access,mustang,sha256_salt,none,False,0.34,22
2025-12-30 14:58:00,25493314,dev.access,121212,sha256_salt,none,False,0.8,23
2025-12-30 14:58:02,25493314,dev.access,000000,sha256_salt,none,False,0.93,24
2025-12-30 14:58:04,25493314,dev.access,password1,sha256_salt,none,False,0.54,25
2025-12-30 14:58:06,25493314,dev.access,admin,sha256_salt,none,False,0.7,26
2025-12-30 14:58:08,25493314,dev.access,admin123,sha256_salt,none,False,0.87,27
2025-12-30 14:58:10,25493314,dev.access,root,sha256_salt,none,False,0.7,28
2025-12-30 14:58:13,25493314,dev.access,toor,sha256_salt,none,False,0.74,29
2025-12-30 14:58:15,25493314,dev.access,pass,sha256_salt,none,False,0.77,30
2025-12-30 14:58:17,25493314,dev.access,25493314test,sha256_salt,none,False,0.73,31
2025-12-30 14:58:19,25493314,dev.access,test123,sha256_salt,none,False,0.61,32
2025-12-30 14:58:21,25493314,dev.access,guest,sha256_salt,none,False,0.89,33
2025-12-30 14:58:23,25493314,dev.access,guest123,sha256_salt,none,False,0.63,34
2025-12-30 14:58:25,25493314,dev.access,user,sha256_salt,none,False,0.71,35
2025-12-30 14:58:27,25493314,dev.access,user123,sha256_salt,none,False,0.42,36
2025-12-30 14:58:30,25493314,dev.access,login,sha256_salt,none,False,0.7,37
2025-12-30 14:58:32,25493314,dev.access,login123,sha256_salt,none,False,0.49,38
2025-12-30 14:58:34,25493314,dev.access,welcome,sha256_salt,none,False,0.29,39
2025-12-30 14:58:36,25493314,dev.access,welcome1,sha256_salt,none,False,0.51,40
2025-12-30 14:58:38,25493314,dev.access,password123,sha256_salt,none,False,0.78,41
2025-12-30 14:58:40,25493314,dev.access,admin1,sha256_salt,none,False,0.72,42
2025-12-30 14:58:42,25493314,dev.access,root123,sha256_salt,none,False,0.69,43
2025-12-30 14:58:44,25493314,dev.access,pass123,sha256_salt,none,False,0.72,44
2025-12-30 14:58:46,25493314,dev.access,1q2w3e4r,sha256_salt,none,False,0.72,45
2025-12-30 14:58:49,25493314,dev.access,qwerty123,sha256_salt,none,False,0.74,46
2025-12-30 14:58:51,25493314,dev.access,1234567890,sha256_salt,none,False,0.66,47
2025-12-30 14:58:53,25493314,dev.access,987654321,sha256_salt,none,False,0.7,48
2025-12-30 14:58:55,25493314,dev.access,hello,sha256_salt,none,False,0.66,49
2025-12-30 14:58:57,25493314,dev.access,hello123,sha256_salt,none,False,0.78,50
2025-12-30 14:58:59,25493314,dev.access,iloveyou,sha256_salt,none,False,0.76,51
2025-12-30 14:59:01,25493314,dev.access,sunshine,sha256_salt,none,False,0.72,52
2025-12-30 14:59:03,25493314,dev.access,princess,sha256_salt,none,False,1.01,53
2025-12-30 14:59:06,25493314,dev.access,Password1,sha256_salt,none,False,0.71,54
2025-12-30 14:59:08,25493314,dev.access,Password123,sha256_salt,none,False,0.65,55
2025-12-30 14:59:10,25493314,dev.access,Admin123,sha256_salt,none,False,0.89,56
2025-12-30 14:59:12,25493314,dev.access,Welcome1,sha256_salt,none,False,0.69,57
2025-12-30 14:59:14,25493314,dev.access,Student123,sha256_salt,none,False,0.71,58
2025-12-30 14:59:16,25493314,dev.access,Student99,sha256_salt,none,False,0.6,59
2025-12-30 14:59:18,25493314,dev.access,Test2024,sha256_salt,none,False,0.71,60
2025-12-30 14:59:20,25493314,dev.access,Login456,sha256_salt,none,False,0.74,61
2025-12-30 14:59:23,25493314,dev.access,Python101,sha256_salt,none,False,0.7,62
2025-12-30 14:59:25,25493314,dev.access,demo,sha256_salt,none,False,0.65,63
2025-12-30 14:59:27,25493314,dev.access,student,sha256_salt,none,False,0.71,64
2025-12-30 14:59:29,25493314,dev.access,name,sha256_salt,none,False,0.71,65
2025-12-30 14:59:31,25493314,dev.access,1111,sha256_salt,none,False,0.74,66
2025-12-30 14:59:33,25493314,dev.access,BlueCat12,sha256_salt,none,False,0.67,67
2025-12-30 14:59:35,25493314,dev.access,TechGirl7,sha256_salt,none,False,0.85,68
2025-12-30 14:59:37,25493314,dev.access,Cloud123,sha256_salt,none,False,0.77,69
2025-12-30 14:59:39,25493314,dev.access,GameOn22,sha256_salt,none,False,0.7,70
2025-12-30 14:59:42,25493314,dev.access,WebDev88,sha256_salt,none,False,0.72,71
2025-12-30 14:59:44,25493314,root.guard,123456,sha256_salt,none,False,0.62,1
2025-12-30 14:59:46,25493314,root.guard,password,sha256_salt,none,False,0.62,2
2025-12-30 14:59:48,25493314,root.guard,12345678,sha256_salt,none,False,0.71,3
2025-12-30 14:59:50,25493314,root.guard,qwerty,sha256_salt,none,False,0.74,4
2025-12-30 14:59:52,25493314,root.guard,123456789,sha256_salt,none,False,0.73,5
2025-12-30 14:59:54,25493314,root.guard,12345,sha256_salt,none,False,0.89,6
2025-12-30 14:59:56,25493314,root.guard,1234,sha256_salt,none,False,0.9,7
2025-12-30 14:59:59,25493314,root.guard,111111,sha256_salt,none,False,0.77,8
2025-12-30 15:00:01,25493314,root.guard,1234567,sha256_salt,none,False,0.7,9
2025-12-30 15:00:03,25493314,root.guard,dragon,sha256_salt,none,False,0.8,10
2025-12-30 15:00:05,25493314,root.guard,123123,sha256_salt,none,False,0.74,11
2025-12-30 15:00:07,25493314,root.guard,baseball,sha256_salt,none,False,0.62,12
2025-12-30 15:00:09,25493314,root.guard,abc123,sha256_salt,none,False,0.68,13
2025-12-30 15:00:11,25493314,root.guard,football,sha256_salt,none,False,0.36,14
2025-12-30 15:00:14,25493314,root.guard,monkey,sha256_salt,none,False,0.72,15
2025-12-30 15:00:16,25493314,root.guard,letmein,sha256_salt,none,False,0.58,16
2025-12-30 15:00:18,25493314,root.guard,shadow,sha256_salt,none,False,0.75,17
2025-12-30 15:00:20,25493314,root.guard,master,sha256_salt,none,False,0.68,18
2025-12-30 15:00:22,25493314,root.guard,666666,sha256_salt,none,False,0.64,19
2025-12-30 15:00:24,25493314,root.guard,qwertyuiop,sha256_salt,none,False,0.61,20
2025-12-30 15:00:26,25493314,root.guard,123321,sha256_salt,none,False,1.02,21
2025-12-30 15:00:28,25493314,root.guard,mustang,sha256_salt,none,False,0.8,22
2025-12-30 15:00:31,25493314,root.guard,121212,sha256_salt,none,False,0.71,23
2025-12-30 15:00:33,25493314,root.guard,000000,sha256_salt,none,False,0.67,24
2025-12-30 15:00:35,25493314,root.guard,password1,sha256_salt,none,False,0.67,25
2025-12-30 15:00:37,25493314,root.guard,admin,sha256_salt,none,False,0.7,26
2025-12-30 15:00:39,25493314,root.guard,admin123,sha256_salt,none,False,0.71,27
2025-12-30 15:00:41,25493314,root.guard,root,sha256_salt,none,False,0.71,28
2025-12-30 15:00:43,25493314,root.guard,toor,sha256_salt,none,False,0.74,29
2025-12-30 15:00:45,25493314,root.guard,pass,sha256_salt,none,False,0.87,30
2025-12-30 15:00:47,25493314,root.guard,25493314test,sha256_salt,none,False,0.68,31
2025-12-30 15:00:50,25493314,root.guard,test123,sha256_salt,none,False,0.34,32
2025-12-30 15:00:52,25493314,root.guard,guest,sha256_salt,none,False,0.55,33
2025-12-30 15:00:54,25493314,root.guard,guest123,sha256_salt,none,False,0.74,34
2025-12-30 15:00:56,25493314,root.guard,user,sha256_salt,none,False,0.89,35
2025-12-30 15:00:58,25493314,root.guard,user123,sha256_salt,none,False,0.77,36
2025-12-30 15:01:00,25493314,root.guard,login,sha256_salt,none,False,0.63,37
2025-12-30 15:01:02,25493314,root.guard,login123,sha256_salt,none,False,0.63,38
2025-12-30 15:01:04,25493314,root.guard,welcome,sha256_salt,none,False,0.61,39
2025-12-30 15:01:07,25493314,root.guard,welcome1,sha256_salt,none,False,0.66,40
2025-12-30 15:01:09,25493314,root.guard,password123,sha256_salt,none,False,0.6,41
2025-12-30 15:01:11,25493314,root.guard,admin1,sha256_salt,none,False,0.75,42
2025-12-30 15:01:13,25493314,root.guard,root123,sha256_salt,none,False,0.72,43
2025-12-30 15:01:15,25493314,root.guard,pass123,sha256_salt,none,False,0.72,44
2025-12-30 15:01:17,25493314,root.guard,1q2w3e4r,sha256_salt,none,False,0.73,45
2025-12-30 15:01:19,25493314,root.guard,qwerty123,sha256_salt,none,False,0.73,46
2025-12-30 15:01:21,25493314,root.guard,1234567890,sha256_salt,none,False,0.55,47
2025-12-30 15:01:24,25493314,root.guard,987654321,sha256_salt,none,False,0.3,48
2025-12-30 15:01:26,25493314,root.guard,hello,sha256_salt,none,False,0.43,49
2025-12-30 15:01:28,25493314,root.guard,hello123,sha256_salt,none,False,0.52,50
2025-12-30 15:01:30,25493314,root.guard,iloveyou,sha256_salt,none,False,0.67,51
2025-12-30 15:01:32,25493314,root.guard,sunshine,sha256_salt,none,False,0.63,52
2025-12-30 15:01:34,25493314,root.guard,princess,sha256_salt,none,False,0.65,53
2025-12-30 15:01:36,25493314,root.guard,Password1,sha256_salt,none,False,0.65,54
2025-12-30 15:01:38,25493314,root.guard,Password123,sha256_salt,none,False,0.68,55
2025-12-30 15:01:40,25493314,root.guard,Admin123,sha256_salt,none,False,0.69,56
2025-12-30 15:01:43,25493314,root.guard,Welcome1,sha256_salt,none,False,0.59,57
2025-12-30 15:01:45,25493314,root.guard,Student123,sha256_salt,none,False,0.65,58
2025-12-30 15:01:47,25493314,root.guard,Student99,sha256_salt,none,False,0.79,59
2025-12-30 15:01:49,25493314,root.guard,Test2024,sha256_salt,none,False,0.5,60
2025-12-30 15:01:51,25493314,root.guard,Login456,sha256_salt,none,False,0.76,61
2025-12-30 15:01:53,25493314,root.guard,Python101,sha256_salt,none,False,0.9,62
2025-12-30 15:01:55,25493314,root.guard,demo,sha256_salt,none,False,0.65,63
2025-12-30 15:01:57,25493314,root.guard,student,sha256_salt,none,False,0.48,64
2025-12-30 15:02:00,25493314,root.guard,name,sha256_salt,none,False,0.98,65
2025-12-30 15:02:02,25493314,root.guard,1111,sha256_salt,none,False,0.86,66
2025-12-30 15:02:04,25493314,root.guard,BlueCat12,sha256_salt,none,False,0.73,67
2025-12-30 15:02:06,25493314,root.guard,TechGirl7,sha256_salt,none,False,0.76,68
2025-12-30 15:02:08,25493314,root.guard,Cloud123,sha256_salt,none,False,0.68,69
2025-12-30 15:02:10,25493314,root.guard,GameOn22,sha256_salt,none,False,0.24,70
2025-12-30 15:02:12,25493314,root.guard,WebDev88,sha256_salt,none,False,0.28,71
2025-12-30 15:02:14,25493314,net.lock,123456,sha256_salt,none,False,0.73,1
2025-12-30 15:02:16,25493314,net.lock,password,sha256_salt,none,False,0.54,2
2025-12-30 15:02:19,25493314,net.lock,12345678,sha256_salt,none,False,0.62,3
2025-12-30 15:02:21,25493314,net.lock,qwerty,sha256_salt,none,False,0.59,4
2025-12-30 15:02:23,25493314,net.lock,123456789,sha256_salt,none,False,0.66,5
2025-12-30 15:02:25,25493314,net.lock,12345,sha256_salt,none,False,0.77,6
2025-12-30 15:02:27,25493314,net.lock,1234,sha256_salt,none,False,0.57,7
2025-12-30 15:02:29,25493314,net.lock,111111,sha256_salt,none,False,0.76,8
2025-12-30 15:02:31,25493314,net.lock,1234567,sha256_salt,none,False,0.85,9
2025-12-30 15:02:33,25493314,net.lock,dragon,sha256_salt,none,False,0.76,10
2025-12-30 15:02:35,25493314,net.lock,123123,sha256_salt,none,False,0.62,11
2025-12-30 15:02:38,25493314,net.lock,baseball,sha256_salt,none,False,0.67,12
2025-12-30 15:02:40,25493314,net.lock,abc123,sha256_salt,none,False,1.08,13
2025-12-30 15:02:42,25493314,net.lock,football,sha256_salt,none,False,0.31,14
2025-12-30 15:02:44,25493314,net.lock,monkey,sha256_salt,none,False,0.81,15
2025-12-30 15:02:46,25493314,net.lock,letmein,sha256_salt,none,False,0.96,16
2025-12-30 15:02:48,25493314,net.lock,shadow,sha256_salt,none,False,0.81,17
2025-12-30 15:02:50,25493314,net.lock,master,sha256_salt,none,False,0.59,18
2025-12-30 15:02:52,25493314,net.lock,666666,sha256_salt,none,False,0.78,19
2025-12-30 15:02:55,25493314,net.lock,qwertyuiop,sha256_salt,none,False,0.73,20
2025-12-30 15:02:57,25493314,net.lock,123321,sha256_salt,none,False,0.57,21
2025-12-30 15:02:59,25493314,net.lock,mustang,sha256_salt,none,False,0.78,22
2025-12-30 15:03:01,25493314,net.lock,121212,sha256_salt,none,False,0.78,23
2025-12-30 15:03:03,25493314,net.lock,000000,sha256_salt,none,False,0.3,24
2025-12-30 15:03:05,25493314,net.lock,password1,sha256_salt,none,False,0.6,25
2025-12-30 15:03:07,25493314,net.lock,admin,sha256_salt,none,False,0.79,26
2025-12-30 15:03:09,25493314,net.lock,admin123,sha256_salt,none,False,0.64,27
2025-12-30 15:03:11,25493314,net.lock,root,sha256_salt,none,False,0.79,28
2025-12-30 15:03:14,25493314,net.lock,toor,sha256_salt,none,False,0.76,29
2025-12-30 15:03:16,25493314,net.lock,pass,sha256_salt,none,False,0.72,30
2025-12-30 15:03:18,25493314,net.lock,25493314test,sha256_salt,none,False,0.72,31
2025-12-30 15:03:20,25493314,net.lock,test123,sha256_salt,none,False,0.82,32
2025-12-30 15:03:22,25493314,net.lock,guest,sha256_salt,none,False,0.73,33
2025-12-30 15:03:24,25493314,net.lock,guest123,sha256_salt,none,False,0.55,34
2025-12-30 15:03:26,25493314,net.lock,user,sha256_salt,none,False,1.39,35
2025-12-30 15:03:28,25493314,net.lock,user123,sha256_salt,none,False,0.57,36
2025-12-30 15:03:30,25493314,net.lock,login,sha256_salt,none,False,0.75,37
2025-12-30 15:03:33,25493314,net.lock,login123,sha256_salt,none,False,0.4,38
2025-12-30 15:03:35,25493314,net.lock,welcome,sha256_salt,none,False,0.43,39
2025-12-30 15:03:37,25493314,net.lock,welcome1,sha256_salt,none,False,0.83,40
2025-12-30 15:03:39,25493314,net.lock,password123,sha256_salt,none,False,0.65,41
2025-12-30 15:03:41,25493314,net.lock,admin1,sha256_salt,none,False,0.45,42
2025-12-30 15:03:43,25493314,net.lock,root123,sha256_salt,none,False,0.34,43
2025-12-30 15:03:45,25493314,net.lock,pass123,sha256_salt,none,False,0.31,44
2025-12-30 15:03:47,25493314,net.lock,1q2w3e4r,sha256_salt,none,False,0.91,45
2025-12-30 15:03:49,25493314,net.lock,qwerty123,sha256_salt,none,False,1.32,46
2025-12-30 15:03:52,25493314,net.lock,1234567890,sha256_salt,none,False,0.46,47
2025-12-30 15:03:54,25493314,net.lock,987654321,sha256_salt,none,False,0.52,48
2025-12-30 15:03:56,25493314,net.lock,hello,sha256_salt,none,False,0.43,49
2025-12-30 15:03:58,25493314,net.lock,hello123,sha256_salt,none,False,0.58,50
2025-12-30 15:04:00,25493314,net.lock,iloveyou,sha256_salt,none,False,0.88,51
2025-12-30 15:04:02,25493314,net.lock,sunshine,sha256_salt,none,False,0.67,52
2025-12-30 15:04:04,25493314,net.lock,princess,sha256_salt,none,False,0.33,53
2025-12-30 15:04:06,25493314,net.lock,Password1,sha256_salt,none,False,0.84,54
2025-12-30 15:04:08,25493314,net.lock,Password123,sha256_salt,none,False,0.8,55
2025-12-30 15:04:11,25493314,net.lock,Admin123,sha256_salt,none,False,0.43,56
2025-12-30 15:04:13,25493314,net.lock,Welcome1,sha256_salt,none,False,0.8,57
2025-12-30 15:04:15,25493314,net.lock,Student123,sha256_salt,none,False,0.71,58
2025-12-30 15:04:17,25493314,net.lock,Student99,sha256_salt,none,False,0.76,59
2025-12-30 15:04:19,25493314,net.lock,Test2024,sha256_salt,none,False,0.67,60
2025-12-30 15:04:21,25493314,net.lock,Login456,sha256_salt,none,False,0.28,61
2025-12-30 15:04:23,25493314,net.lock,Python101,sha256_salt,none,False,0.62,62
2025-12-30 15:04:25,25493314,net.lock,demo,sha256_salt,none,False,0.69,63
2025-12-30 15:04:28,25493314,net.lock,student,sha256_salt,none,False,0.3,64
2025-12-30 15:04:30,25493314,net.lock,name,sha256_salt,none,False,0.93,65
2025-12-30 15:04:32,25493314,net.lock,1111,sha256_salt,none,False,0.3,66
2025-12-30 15:04:34,25493314,net.lock,BlueCat12,sha256_salt,none,False,0.73,67
2025-12-30 15:04:36,25493314,net.lock,TechGirl7,sha256_salt,none,False,0.62,68
2025-12-30 15:04:38,25493314,net.lock,Cloud123,sha256_salt,none,False,0.58,69
2025-12-30 15:04:40,25493314,net.lock,GameOn22,sha256_salt,none,False,0.68,70
2025-12-30 15:04:42,25493314,net.lock,WebDev88,sha256_salt,none,False,0.7,71
2025-12-30 15:04:45,25493314,auth.master,123456,sha256_salt,none,False,0.51,1
2025-12-30 15:04:47,25493314,auth.master,password,sha256_salt,none,False,0.61,2
2025-12-30 15:04:49,25493314,auth.master,12345678,sha256_salt,none,False,0.86,3
2025-12-30 15:04:51,25493314,auth.master,qwerty,sha256_salt,none,False,0.49,4
2025-12-30 15:04:53,25493314,auth.master,123456789,sha256_salt,none,False,0.58,5
2025-12-30 15:04:55,25493314,auth.master,12345,sha256_salt,none,False,0.62,6
2025-12-30 15:04:57,25493314,auth.master,1234,sha256_salt,none,False,0.67,7
2025-12-30 15:04:59,25493314,auth.master,111111,sha256_salt,none,False,0.43,8
2025-12-30 15:05:02,25493314,auth.master,1234567,sha256_salt,none,False,1.09,9
2025-12-30 15:05:04,25493314,auth.master,dragon,sha256_salt,none,False,0.59,10
2025-12-30 15:05:06,25493314,auth.master,123123,sha256_salt,none,False,0.4,11
2025-12-30 15:05:08,25493314,auth.master,baseball,sha256_salt,none,False,0.42,12
2025-12-30 15:05:10,25493314,auth.master,abc123,sha256_salt,none,False,0.52,13
2025-12-30 15:05:12,25493314,auth.master,football,sha256_salt,none,False,0.88,14
2025-12-30 15:05:14,25493314,auth.master,monkey,sha256_salt,none,False,0.49,15
2025-12-30 15:05:16,25493314,auth.master,letmein,sha256_salt,none,False,0.87,16
2025-12-30 15:05:18,25493314,auth.master,shadow,sha256_salt,none,False,0.82,17
2025-12-30 15:05:21,25493314,auth.master,master,sha256_salt,none,False,0.31,18
2025-12-30 15:05:23,25493314,auth.master,666666,sha256_salt,none,False,0.7,19
2025-12-30 15:05:25,25493314,auth.master,qwertyuiop,sha256_salt,none,False,0.73,20
2025-12-30 15:05:27,25493314,auth.master,123321,sha256_salt,none,False,0.83,21
2025-12-30 15:05:29,25493314,auth.master,mustang,sha256_salt,none,False,0.74,22
2025-12-30 15:05:31,25493314,auth.master,121212,sha256_salt,none,False,0.59,23
2025-12-30 15:05:33,25493314,auth.master,000000,sha256_salt,none,False,0.87,24
2025-12-30 15:05:35,25493314,auth.master,password1,sha256_salt,none,False,0.72,25
2025-12-30 15:05:38,25493314,auth.master,admin,sha256_salt,none,False,0.77,26
2025-12-30 15:05:40,25493314,auth.master,admin123,sha256_salt,none,False,0.59,27
2025-12-30 15:05:42,25493314,auth.master,root,sha256_salt,none,False,0.65,28
2025-12-30 15:05:44,25493314,auth.master,toor,sha256_salt,none,False,0.41,29
2025-12-30 15:05:46,25493314,auth.master,pass,sha256_salt,none,False,0.6,30
2025-12-30 15:05:48,25493314,auth.master,25493314test,sha256_salt,none,False,0.63,31
2025-12-30 15:05:50,25493314,auth.master,test123,sha256_salt,none,False,0.79,32
2025-12-30 15:05:52,25493314,auth.master,guest,sha256_salt,none,False,0.31,33
2025-12-30 15:05:54,25493314,auth.master,guest123,sha256_salt,none,False,0.84,34
2025-12-30 15:05:57,25493314,auth.master,user,sha256_salt,none,False,0.59,35
2025-12-30 15:05:59,25493314,auth.master,user123,sha256_salt,none,False,0.69,36
2025-12-30 15:06:01,25493314,auth.master,login,sha256_salt,none,False,0.59,37
2025-12-30 15:06:03,25493314,auth.master,login123,sha256_salt,none,False,0.44,38
2025-12-30 15:06:05,25493314,auth.master,welcome,sha256_salt,none,False,0.7,39
2025-12-30 15:06:07,25493314,auth.master,welcome1,sha256_salt,none,False,0.71,40
2025-12-30 15:06:09,25493314,auth.master,password123,sha256_salt,none,False,1.33,41
2025-12-30 15:06:11,25493314,auth.master,admin1,sha256_salt,none,False,0.71,42
2025-12-30 15:06:14,25493314,auth.master,root123,sha256_salt,none,False,0.75,43
2025-12-30 15:06:16,25493314,auth.master,pass123,sha256_salt,none,False,0.74,44
2025-12-30 15:06:18,25493314,auth.master,1q2w3e4r,sha256_salt,none,False,0.69,45
2025-12-30 15:06:20,25493314,auth.master,qwerty123,sha256_salt,none,False,0.68,46
2025-12-30 15:06:22,25493314,auth.master,1234567890,sha256_salt,none,False,0.71,47
2025-12-30 15:06:24,25493314,auth.master,987654321,sha256_salt,none,False,0.8,48
2025-12-30 15:06:26,25493314,auth.master,hello,sha256_salt,none,False,0.72,49
2025-12-30 15:06:29,25493314,auth.master,hello123,sha256_salt,none,False,0.74,50
2025-12-30 15:06:31,25493314,auth.master,iloveyou,sha256_salt,none,False,0.68,51
2025-12-30 15:06:33,25493314,auth.master,sunshine,sha256_salt,none,False,0.62,52
2025-12-30 15:06:35,25493314,auth.master,princess,sha256_salt,none,False,0.66,53
2025-12-30 15:06:37,25493314,auth.master,Password1,sha256_salt,none,False,0.48,54
2025-12-30 15:06:39,25493314,auth.master,Password123,sha256_salt,none,False,0.68,55
2025-12-30 15:06:41,25493314,auth.master,Admin123,sha256_salt,none,False,0.64,56
2025-12-30 15:06:43,25493314,auth.master,Welcome1,sha256_salt,none,False,0.76,57
2025-12-30 15:06:45,25493314,auth.master,Student123,sha256_salt,none,False,0.67,58
2025-12-30 15:06:48,25493314,auth.master,Student99,sha256_salt,none,False,1.24,59
2025-12-30 15:06:50,25493314,auth.master,Test2024,sha256_salt,none,False,0.79,60
2025-12-30 15:06:52,25493314,auth.master,Login456,sha256_salt,none,False,0.68,61
2025-12-30 15:06:54,25493314,auth.master,Python101,sha256_salt,none,False,0.76,62
2025-12-30 15:06:56,25493314,auth.master,demo,sha256_salt,none,False,0.74,63
2025-12-30 15:06:58,25493314,auth.master,student,sha256_salt,none,False,0.71,64
2025-12-30 15:07:00,25493314,auth.master,name,sha256_salt,none,False,0.8,65
2025-12-30 15:07:03,25493314,auth.master,1111,sha256_salt,none,False,1.17,66
2025-12-30 15:07:05,25493314,auth.master,BlueCat12,sha256_salt,none,False,0.74,67
2025-12-30 15:07:07,25493314,auth.master,TechGirl7,sha256_salt,none,False,0.66,68
2025-12-30 15:07:09,25493314,auth.master,Cloud123,sha256_salt,none,False,0.85,69
2025-12-30 15:07:11,25493314,auth.master,GameOn22,sha256_salt,none,False,0.76,70
2025-12-30 15:07:13,25493314,auth.master,WebDev88,sha256_salt,none,False,0.71,71
2025-12-30 15:07:15,25493314,vault_user,123456,sha256_salt,none,False,0.68,1
2025-12-30 15:07:17,25493314,vault_user,password,sha256_salt,none,False,0.7,2
2025-12-30 15:07:20,25493314,vault_user,12345678,sha256_salt,none,False,0.84,3
2025-12-30 15:07:22,25493314,vault_user,qwerty,sha256_salt,none,False,0.7,4
2025-12-30 15:07:24,25493314,vault_user,123456789,sha256_salt,none,False,0.79,5
2025-12-30 15:07:26,25493314,vault_user,12345,sha256_salt,none,False,0.68,6
2025-12-30 15:07:28,25493314,vault_user,1234,sha256_salt,none,False,0.38,7
2025-12-30 15:07:30,25493314,vault_user,111111,sha256_salt,none,False,0.82,8
2025-12-30 15:07:32,25493314,vault_user,1234567,sha256_salt,none,False,0.41,9
2025-12-30 15:07:34,25493314,vault_user,dragon,sha256_salt,none,False,0.55,10
2025-12-30 15:07:36,25493314,vault_user,123123,sha256_salt,none,False,0.43,11
2025-12-30 15:07:38,25493314,vault_user,baseball,sha256_salt,none,False,0.6,12
2025-12-30 15:07:41,25493314,vault_user,abc123,sha256_salt,none,False,0.58,13
2025-12-30 15:07:43,25493314,vault_user,football,sha256_salt,none,False,0.56,14
2025-12-30 15:07:45,25493314,vault_user,monkey,sha256_salt,none,False,0.38,15
2025-12-30 15:07:47,25493314,vault_user,letmein,sha256_salt,none,False,0.37,16
2025-12-30 15:07:49,25493314,vault_user,shadow,sha256_salt,none,False,0.62,17
2025-12-30 15:07:51,25493314,vault_user,master,sha256_salt,none,False,0.79,18
2025-12-30 15:07:53,25493314,vault_user,666666,sha256_salt,none,False,0.54,19
2025-12-30 15:07:55,25493314,vault_user,qwertyuiop,sha256_salt,none,False,0.41,20
2025-12-30 15:07:57,25493314,vault_user,123321,sha256_salt,none,False,0.36,21
2025-12-30 15:07:59,25493314,vault_user,mustang,sha256_salt,none,False,0.6,22
2025-12-30 15:08:01,25493314,vault_user,121212,sha256_salt,none,False,0.3,23
2025-12-30 15:08:03,25493314,vault_user,000000,sha256_salt,none,False,0.35,24
2025-12-30 15:08:05,25493314,vault_user,password1,sha256_salt,none,False,0.57,25
2025-12-30 15:08:07,25493314,vault_user,admin,sha256_salt,none,False,0.56,26
2025-12-30 15:08:09,25493314,vault_user,admin123,sha256_salt,none,False,0.58,27

====================,SUMMARY STATISTICS,====================

Metric,Value
Total Attempts,1559
Successful Attempts,20
Failed Attempts,1539
Success Rate (%),1.28

Unique Usernames Tested,28
Unique Passwords Tested,71

Latency Statistics (ms)
Sum (Total Latency),1007.07
Average Latency,0.65
Median Latency (P50),0.65
Min Latency,0.24
Max Latency,2.41

Percentiles (ms)
10th Percentile (P10),0.43
25th Percentile (P25),0.57
75th Percentile (P75),0.73
90th Percentile (P90),0.80
95th Percentile (P95),0.87
99th Percentile (P99),1.08

Time Range
First Attempt,2025-12-30 14:10:16
Last Attempt,2025-12-30 15:08:09

Report Generated,2025-12-30 20:44:16
