timestamp,group_seed,username,password,hash_mode,protection_flags,result,latency_ms,attempt_number
2025-12-30 15:10:02,25493314,vault_user,Admin123,sha256_salt,none,False,0.43,1
2025-12-30 15:10:04,25493314,vault_user,Welcome1,sha256_salt,none,False,0.65,2
2025-12-30 15:10:06,25493314,vault_user,Student123,sha256_salt,none,False,0.67,3
2025-12-30 15:10:06,25493314,user1,123456,sha256_salt,none,False,0.64,1
2025-12-30 15:10:08,25493314,vault_user,Student99,sha256_salt,none,False,0.31,4
2025-12-30 15:10:08,25493314,admin,123456,sha256_salt,none,False,0.58,1
2025-12-30 15:10:10,25493314,vault_user,Test2024,sha256_salt,none,False,0.43,5
2025-12-30 15:10:11,25493314,guest,123456,sha256_salt,none,False,0.63,1
2025-12-30 15:10:12,25493314,vault_user,Login456,sha256_salt,none,False,0.4,6
2025-12-30 15:10:13,25493314,test,123456,sha256_salt,none,False,0.58,1
2025-12-30 15:10:14,25493314,vault_user,Python101,sha256_salt,none,False,1.1,7
2025-12-30 15:10:15,25493314,hello,123456,sha256_salt,none,False,0.57,1
2025-12-30 15:10:16,25493314,vault_user,demo,sha256_salt,none,False,0.48,8
2025-12-30 15:10:17,25493314,name,123456,sha256_salt,none,False,0.71,1
2025-12-30 15:10:18,25493314,vault_user,student,sha256_salt,none,False,0.82,9
2025-12-30 15:10:19,25493314,login,123456,sha256_salt,none,False,0.64,1
2025-12-30 15:10:20,25493314,vault_user,name,sha256_salt,none,False,0.61,10
2025-12-30 15:10:21,25493314,abc,123456,sha256_salt,none,False,0.87,1
2025-12-30 15:10:22,25493314,vault_user,1111,sha256_salt,none,False,0.69,11
2025-12-30 15:10:23,25493314,demo,123456,sha256_salt,none,False,0.7,1
2025-12-30 15:10:24,25493314,vault_user,BlueCat12,sha256_salt,none,False,0.69,12
2025-12-30 15:10:25,25493314,student,123456,sha256_salt,none,False,0.58,1
2025-12-30 15:10:26,25493314,vault_user,TechGirl7,sha256_salt,none,False,0.48,13
2025-12-30 15:10:27,25493314,Student_user,123456,sha256_salt,none,False,0.69,1
2025-12-30 15:10:28,25493314,vault_user,Cloud123,sha256_salt,none,False,0.68,14
2025-12-30 15:10:29,25493314,user_test,123456,sha256_salt,none,False,0.58,1
2025-12-30 15:10:31,25493314,vault_user,GameOn22,sha256_salt,none,False,1.53,15
2025-12-30 15:10:31,25493314,bluecat,123456,sha256_salt,none,False,0.67,1
2025-12-30 15:10:33,25493314,vault_user,WebDev88,sha256_salt,none,False,0.37,16
2025-12-30 15:10:33,25493314,student1,123456,sha256_salt,none,False,0.37,1
2025-12-30 15:10:35,25493314,system.sec,123456,sha256_salt,none,False,0.5,1
2025-12-30 15:10:35,25493314,login_user,123456,sha256_salt,none,False,0.37,1
2025-12-30 15:10:37,25493314,system.sec,password,sha256_salt,none,False,0.5,2
2025-12-30 15:10:37,25493314,pythonfan,123456,sha256_salt,none,False,0.77,1
2025-12-30 15:10:39,25493314,system.sec,12345678,sha256_salt,none,False,0.9,3
2025-12-30 15:10:39,25493314,techgirl,123456,sha256_salt,none,False,0.57,1
2025-12-30 15:10:41,25493314,system.sec,qwerty,sha256_salt,none,False,0.87,4
2025-12-30 15:10:42,25493314,cloud_user,123456,sha256_salt,none,False,0.66,1
2025-12-30 15:10:43,25493314,system.sec,123456789,sha256_salt,none,False,1.47,5
2025-12-30 15:10:44,25493314,gamer22,123456,sha256_salt,none,False,0.62,1
2025-12-30 15:10:45,25493314,system.sec,12345,sha256_salt,none,False,0.29,6
2025-12-30 15:10:46,25493314,webdev,123456,sha256_salt,none,False,0.66,1
2025-12-30 15:10:47,25493314,system.sec,1234,sha256_salt,none,False,0.99,7
2025-12-30 15:10:48,25493314,sha.sec,123456,sha256_salt,none,False,0.63,1
2025-12-30 15:10:49,25493314,system.sec,111111,sha256_salt,none,False,0.87,8
2025-12-30 15:10:50,25493314,secure_user,123456,sha256_salt,none,False,0.66,1
2025-12-30 15:10:51,25493314,system.sec,1234567,sha256_salt,none,False,0.69,9
2025-12-30 15:10:52,25493314,cyber.auth,123456,sha256_salt,none,False,0.65,1
2025-12-30 15:10:53,25493314,system.sec,dragon,sha256_salt,none,False,0.38,10
2025-12-30 15:10:54,25493314,dev.access,123456,sha256_salt,none,False,0.8,1
2025-12-30 15:10:55,25493314,system.sec,123123,sha256_salt,none,False,0.58,11
2025-12-30 15:10:56,25493314,root.guard,123456,sha256_salt,none,False,0.76,1
2025-12-30 15:10:57,25493314,system.sec,baseball,sha256_salt,none,False,0.66,12
2025-12-30 15:10:58,25493314,net.lock,123456,sha256_salt,none,False,0.34,1
2025-12-30 15:10:59,25493314,system.sec,abc123,sha256_salt,none,False,0.39,13
2025-12-30 15:11:00,25493314,auth.master,123456,sha256_salt,none,False,0.91,1
2025-12-30 15:11:01,25493314,system.sec,football,sha256_salt,none,False,0.33,14
2025-12-30 15:11:02,25493314,vault_user,123456,sha256_salt,none,False,0.35,17
2025-12-30 15:11:04,25493314,system.sec,monkey,sha256_salt,none,False,0.78,15
2025-12-30 15:11:04,25493314,system.sec,123456,sha256_salt,none,False,0.76,16
2025-12-30 15:11:06,25493314,system.sec,letmein,sha256_salt,none,False,0.61,17
2025-12-30 15:11:06,25493314,secure.login,123456,sha256_salt,none,False,0.71,1
2025-12-30 15:11:08,25493314,system.sec,shadow,sha256_salt,none,False,0.47,18
2025-12-30 15:11:08,25493314,user1,password,sha256_salt,none,False,0.58,2
2025-12-30 15:11:10,25493314,system.sec,master,sha256_salt,none,False,0.76,19
2025-12-30 15:11:10,25493314,admin,password,sha256_salt,none,False,0.78,2
2025-12-30 15:11:12,25493314,system.sec,666666,sha256_salt,none,False,0.9,20
2025-12-30 15:11:13,25493314,guest,password,sha256_salt,none,False,0.69,2
2025-12-30 15:11:14,25493314,system.sec,qwertyuiop,sha256_salt,none,False,0.72,21
2025-12-30 15:11:15,25493314,test,password,sha256_salt,none,False,0.73,2
2025-12-30 15:11:16,25493314,system.sec,123321,sha256_salt,none,False,0.73,22
2025-12-30 15:11:17,25493314,hello,password,sha256_salt,none,False,0.68,2
2025-12-30 15:11:18,25493314,system.sec,mustang,sha256_salt,none,False,0.77,23
2025-12-30 15:11:19,25493314,name,password,sha256_salt,none,False,0.72,2
2025-12-30 15:11:20,25493314,system.sec,121212,sha256_salt,none,False,0.72,24
2025-12-30 15:11:21,25493314,login,password,sha256_salt,none,False,0.79,2
2025-12-30 15:11:22,25493314,system.sec,000000,sha256_salt,none,False,0.84,25
2025-12-30 15:11:23,25493314,abc,password,sha256_salt,none,False,0.73,2
2025-12-30 15:11:24,25493314,system.sec,password1,sha256_salt,none,False,0.69,26
2025-12-30 15:11:25,25493314,demo,password,sha256_salt,none,False,0.68,2
2025-12-30 15:11:26,25493314,system.sec,admin,sha256_salt,none,False,0.71,27
2025-12-30 15:11:27,25493314,student,password,sha256_salt,none,False,0.34,2
2025-12-30 15:11:28,25493314,system.sec,admin123,sha256_salt,none,False,0.72,28
2025-12-30 15:11:29,25493314,Student_user,password,sha256_salt,none,False,0.58,2
2025-12-30 15:11:30,25493314,system.sec,root,sha256_salt,none,False,0.28,29
2025-12-30 15:11:31,25493314,user_test,password,sha256_salt,none,False,0.42,2
2025-12-30 15:11:32,25493314,system.sec,toor,sha256_salt,none,False,0.4,30
2025-12-30 15:11:33,25493314,bluecat,password,sha256_salt,none,False,0.41,2
2025-12-30 15:11:35,25493314,system.sec,pass,sha256_salt,none,False,0.51,31
2025-12-30 15:11:35,25493314,student1,password,sha256_salt,none,False,0.73,2
2025-12-30 15:11:37,25493314,system.sec,25493314test,sha256_salt,none,False,0.42,32
2025-12-30 15:11:37,25493314,login_user,password,sha256_salt,none,False,0.34,2
2025-12-30 15:11:39,25493314,system.sec,test123,sha256_salt,none,False,0.35,33
2025-12-30 15:11:39,25493314,pythonfan,password,sha256_salt,none,False,0.89,2
2025-12-30 15:11:41,25493314,system.sec,guest,sha256_salt,none,False,0.46,34
2025-12-30 15:11:42,25493314,techgirl,password,sha256_salt,none,False,0.48,2
2025-12-30 15:11:43,25493314,system.sec,guest123,sha256_salt,none,False,0.43,35
2025-12-30 15:11:44,25493314,cloud_user,password,sha256_salt,none,False,0.8,2
2025-12-30 15:11:45,25493314,system.sec,user,sha256_salt,none,False,0.35,36
2025-12-30 15:11:46,25493314,gamer22,password,sha256_salt,none,False,0.44,2
2025-12-30 15:11:47,25493314,system.sec,user123,sha256_salt,none,False,0.46,37
2025-12-30 15:11:48,25493314,webdev,password,sha256_salt,none,False,0.43,2
2025-12-30 15:11:49,25493314,system.sec,login,sha256_salt,none,False,0.46,38
2025-12-30 15:11:50,25493314,sha.sec,password,sha256_salt,none,False,0.67,2
2025-12-30 15:11:51,25493314,system.sec,login123,sha256_salt,none,False,0.57,39
2025-12-30 15:11:52,25493314,secure_user,password,sha256_salt,none,False,0.39,2
2025-12-30 15:11:53,25493314,system.sec,welcome,sha256_salt,none,False,0.32,40
2025-12-30 15:11:54,25493314,cyber.auth,password,sha256_salt,none,False,0.36,2
2025-12-30 15:11:55,25493314,system.sec,welcome1,sha256_salt,none,False,0.76,41
2025-12-30 15:11:56,25493314,dev.access,password,sha256_salt,none,False,0.59,2
2025-12-30 15:11:57,25493314,system.sec,password123,sha256_salt,none,False,0.33,42
2025-12-30 15:11:58,25493314,root.guard,password,sha256_salt,none,False,0.28,2
2025-12-30 15:11:59,25493314,system.sec,admin1,sha256_salt,none,False,0.75,43
2025-12-30 15:12:00,25493314,net.lock,password,sha256_salt,none,False,0.45,2
2025-12-30 15:12:01,25493314,system.sec,root123,sha256_salt,none,False,0.62,44
2025-12-30 15:12:02,25493314,auth.master,password,sha256_salt,none,False,0.58,2
2025-12-30 15:12:03,25493314,system.sec,pass123,sha256_salt,none,False,0.52,45
2025-12-30 15:12:04,25493314,vault_user,password,sha256_salt,none,False,0.53,18
2025-12-30 15:12:06,25493314,system.sec,1q2w3e4r,sha256_salt,none,False,0.65,46
2025-12-30 15:12:06,25493314,system.sec,password,sha256_salt,none,False,0.41,47
2025-12-30 15:12:08,25493314,system.sec,qwerty123,sha256_salt,none,False,0.31,48
2025-12-30 15:12:08,25493314,secure.login,password,sha256_salt,none,False,0.9,2
2025-12-30 15:12:10,25493314,system.sec,1234567890,sha256_salt,none,False,0.6,49
2025-12-30 15:12:10,25493314,user1,12345678,sha256_salt,none,False,0.74,3
2025-12-30 15:12:12,25493314,system.sec,987654321,sha256_salt,none,False,0.29,50
2025-12-30 15:12:13,25493314,admin,12345678,sha256_salt,none,False,0.32,3
2025-12-30 15:12:14,25493314,system.sec,hello,sha256_salt,none,False,0.81,51
2025-12-30 15:12:15,25493314,guest,12345678,sha256_salt,none,False,1.0,3
2025-12-30 15:12:16,25493314,system.sec,hello123,sha256_salt,none,False,0.45,52
2025-12-30 15:12:17,25493314,test,12345678,sha256_salt,none,False,0.68,3
2025-12-30 15:12:18,25493314,system.sec,iloveyou,sha256_salt,none,False,0.62,53
2025-12-30 15:12:19,25493314,hello,12345678,sha256_salt,none,False,0.77,3
2025-12-30 15:12:20,25493314,system.sec,sunshine,sha256_salt,none,False,0.58,54
2025-12-30 15:12:21,25493314,name,12345678,sha256_salt,none,False,0.29,3
2025-12-30 15:12:22,25493314,system.sec,princess,sha256_salt,none,False,0.66,55
2025-12-30 15:12:23,25493314,login,12345678,sha256_salt,none,False,0.71,3
2025-12-30 15:12:24,25493314,system.sec,Password1,sha256_salt,none,False,0.38,56
2025-12-30 15:12:25,25493314,abc,12345678,sha256_salt,none,False,0.61,3
2025-12-30 15:12:26,25493314,system.sec,Password123,sha256_salt,none,False,0.58,57
2025-12-30 15:12:27,25493314,demo,12345678,sha256_salt,none,False,0.46,3
2025-12-30 15:12:28,25493314,system.sec,Admin123,sha256_salt,none,False,0.79,58
2025-12-30 15:12:29,25493314,student,12345678,sha256_salt,none,False,0.58,3
2025-12-30 15:12:30,25493314,system.sec,Welcome1,sha256_salt,none,False,0.81,59
2025-12-30 15:12:31,25493314,Student_user,12345678,sha256_salt,none,False,0.79,3
2025-12-30 15:12:32,25493314,system.sec,Student123,sha256_salt,none,False,0.75,60
2025-12-30 15:12:33,25493314,user_test,12345678,sha256_salt,none,False,0.41,3
2025-12-30 15:12:34,25493314,system.sec,Student99,sha256_salt,none,False,0.65,61
2025-12-30 15:12:35,25493314,bluecat,12345678,sha256_salt,none,False,0.5,3
2025-12-30 15:12:36,25493314,system.sec,Test2024,sha256_salt,none,False,0.71,62
2025-12-30 15:12:37,25493314,student1,12345678,sha256_salt,none,False,0.79,3
2025-12-30 15:12:39,25493314,system.sec,Login456,sha256_salt,none,False,0.71,63
2025-12-30 15:12:39,25493314,login_user,12345678,sha256_salt,none,False,0.75,3
2025-12-30 15:12:41,25493314,system.sec,Python101,sha256_salt,none,False,0.88,64
2025-12-30 15:12:41,25493314,pythonfan,12345678,sha256_salt,none,False,0.75,3
2025-12-30 15:12:43,25493314,system.sec,demo,sha256_salt,none,False,0.32,65
2025-12-30 15:12:44,25493314,techgirl,12345678,sha256_salt,none,False,0.7,3
2025-12-30 15:12:45,25493314,system.sec,student,sha256_salt,none,False,0.88,66
2025-12-30 15:12:46,25493314,cloud_user,12345678,sha256_salt,none,False,0.69,3
2025-12-30 15:12:47,25493314,system.sec,name,sha256_salt,none,False,0.87,67
2025-12-30 15:12:48,25493314,gamer22,12345678,sha256_salt,none,False,0.6,3
2025-12-30 15:12:49,25493314,system.sec,1111,sha256_salt,none,False,0.69,68
2025-12-30 15:12:50,25493314,webdev,12345678,sha256_salt,none,False,0.64,3
2025-12-30 15:12:51,25493314,system.sec,BlueCat12,sha256_salt,none,False,0.71,69
2025-12-30 15:12:52,25493314,sha.sec,12345678,sha256_salt,none,False,0.77,3
2025-12-30 15:12:53,25493314,system.sec,TechGirl7,sha256_salt,none,False,0.92,70
2025-12-30 15:12:54,25493314,secure_user,12345678,sha256_salt,none,False,0.75,3
2025-12-30 15:12:55,25493314,system.sec,Cloud123,sha256_salt,none,False,0.82,71
2025-12-30 15:12:56,25493314,cyber.auth,12345678,sha256_salt,none,False,0.8,3
2025-12-30 15:12:57,25493314,system.sec,GameOn22,sha256_salt,none,False,0.62,72
2025-12-30 15:12:58,25493314,dev.access,12345678,sha256_salt,none,False,0.87,3
2025-12-30 15:12:59,25493314,system.sec,WebDev88,sha256_salt,none,False,0.41,73
2025-12-30 15:13:00,25493314,root.guard,12345678,sha256_salt,none,False,0.73,3
2025-12-30 15:13:01,25493314,secure.login,123456,sha256_salt,none,False,0.92,3
2025-12-30 15:13:02,25493314,net.lock,12345678,sha256_salt,none,False,0.78,3
2025-12-30 15:13:03,25493314,secure.login,password,sha256_salt,none,False,0.71,4
2025-12-30 15:13:04,25493314,auth.master,12345678,sha256_salt,none,False,0.64,3
2025-12-30 15:13:06,25493314,secure.login,12345678,sha256_salt,none,False,0.68,5
2025-12-30 15:13:06,25493314,vault_user,12345678,sha256_salt,none,False,0.64,19
2025-12-30 15:13:08,25493314,secure.login,qwerty,sha256_salt,none,False,0.65,6
2025-12-30 15:13:08,25493314,system.sec,12345678,sha256_salt,none,False,0.72,74
2025-12-30 15:13:10,25493314,secure.login,123456789,sha256_salt,none,False,0.76,7
2025-12-30 15:13:10,25493314,secure.login,12345678,sha256_salt,none,False,0.78,8
2025-12-30 15:13:12,25493314,secure.login,12345,sha256_salt,none,False,0.75,9
2025-12-30 15:13:13,25493314,user1,qwerty,sha256_salt,none,False,0.69,4
2025-12-30 15:13:14,25493314,secure.login,1234,sha256_salt,none,False,0.73,10
2025-12-30 15:13:15,25493314,admin,qwerty,sha256_salt,none,False,0.62,4
2025-12-30 15:13:16,25493314,secure.login,111111,sha256_salt,none,False,0.63,11
2025-12-30 15:13:17,25493314,guest,qwerty,sha256_salt,none,False,0.83,4
2025-12-30 15:13:18,25493314,secure.login,1234567,sha256_salt,none,False,0.76,12
2025-12-30 15:13:19,25493314,test,qwerty,sha256_salt,none,False,0.33,4
2025-12-30 15:13:20,25493314,secure.login,dragon,sha256_salt,none,False,0.69,13
2025-12-30 15:13:21,25493314,hello,qwerty,sha256_salt,none,False,0.87,4
2025-12-30 15:13:22,25493314,secure.login,123123,sha256_salt,none,False,0.88,14
2025-12-30 15:13:23,25493314,name,qwerty,sha256_salt,none,False,0.58,4
2025-12-30 15:13:24,25493314,secure.login,baseball,sha256_salt,none,False,0.66,15
2025-12-30 15:13:25,25493314,login,qwerty,sha256_salt,none,False,0.67,4
2025-12-30 15:13:26,25493314,secure.login,abc123,sha256_salt,none,False,0.61,16
2025-12-30 15:13:27,25493314,abc,qwerty,sha256_salt,none,False,0.42,4
2025-12-30 15:13:28,25493314,secure.login,football,sha256_salt,none,False,0.67,17
2025-12-30 15:13:29,25493314,demo,qwerty,sha256_salt,none,False,0.66,4
2025-12-30 15:13:31,25493314,secure.login,monkey,sha256_salt,none,False,0.59,18
2025-12-30 15:13:31,25493314,student,qwerty,sha256_salt,none,False,0.53,4
2025-12-30 15:13:33,25493314,secure.login,letmein,sha256_salt,none,False,0.65,19
2025-12-30 15:13:33,25493314,Student_user,qwerty,sha256_salt,none,False,0.75,4
2025-12-30 15:13:35,25493314,secure.login,shadow,sha256_salt,none,False,0.76,20
2025-12-30 15:13:35,25493314,user_test,qwerty,sha256_salt,none,False,0.66,4
2025-12-30 15:13:37,25493314,secure.login,master,sha256_salt,none,False,0.39,21
2025-12-30 15:13:37,25493314,bluecat,qwerty,sha256_salt,none,False,0.72,4
2025-12-30 15:13:39,25493314,secure.login,666666,sha256_salt,none,False,0.58,22
2025-12-30 15:13:40,25493314,student1,qwerty,sha256_salt,none,False,0.61,4
2025-12-30 15:13:41,25493314,secure.login,qwertyuiop,sha256_salt,none,False,0.65,23
2025-12-30 15:13:42,25493314,login_user,qwerty,sha256_salt,none,False,0.73,4
2025-12-30 15:13:43,25493314,secure.login,123321,sha256_salt,none,False,0.72,24
2025-12-30 15:13:44,25493314,pythonfan,qwerty,sha256_salt,none,False,0.77,4
2025-12-30 15:13:45,25493314,secure.login,mustang,sha256_salt,none,False,0.72,25
2025-12-30 15:13:46,25493314,techgirl,qwerty,sha256_salt,none,False,0.71,4
2025-12-30 15:13:47,25493314,secure.login,121212,sha256_salt,none,False,0.7,26
2025-12-30 15:13:48,25493314,cloud_user,qwerty,sha256_salt,none,False,0.73,4
2025-12-30 15:13:49,25493314,secure.login,000000,sha256_salt,none,False,1.09,27
2025-12-30 15:13:50,25493314,gamer22,qwerty,sha256_salt,none,False,0.73,4
2025-12-30 15:13:51,25493314,secure.login,password1,sha256_salt,none,False,0.79,28
2025-12-30 15:13:52,25493314,webdev,qwerty,sha256_salt,none,False,0.69,4
2025-12-30 15:13:53,25493314,secure.login,admin,sha256_salt,none,False,0.62,29
2025-12-30 15:13:54,25493314,sha.sec,qwerty,sha256_salt,none,False,0.83,4
2025-12-30 15:13:55,25493314,secure.login,admin123,sha256_salt,none,False,0.63,30
2025-12-30 15:13:56,25493314,secure_user,qwerty,sha256_salt,none,False,0.43,4
2025-12-30 15:13:58,25493314,secure.login,root,sha256_salt,none,False,0.77,31
2025-12-30 15:13:58,25493314,cyber.auth,qwerty,sha256_salt,none,False,0.74,4
2025-12-30 15:14:00,25493314,secure.login,toor,sha256_salt,none,False,0.88,32
2025-12-30 15:14:00,25493314,dev.access,qwerty,sha256_salt,none,False,0.66,4
2025-12-30 15:14:02,25493314,secure.login,pass,sha256_salt,none,False,0.72,33
2025-12-30 15:14:02,25493314,root.guard,qwerty,sha256_salt,none,False,0.52,4
2025-12-30 15:14:04,25493314,secure.login,25493314test,sha256_salt,none,False,0.79,34
2025-12-30 15:14:04,25493314,net.lock,qwerty,sha256_salt,none,False,0.33,4
2025-12-30 15:14:06,25493314,secure.login,test123,sha256_salt,none,False,0.64,35
2025-12-30 15:14:06,25493314,auth.master,qwerty,sha256_salt,none,False,0.42,4
2025-12-30 15:14:08,25493314,secure.login,guest,sha256_salt,none,False,0.58,36
2025-12-30 15:14:09,25493314,vault_user,qwerty,sha256_salt,none,False,0.8,20
2025-12-30 15:14:10,25493314,secure.login,guest123,sha256_salt,none,False,0.86,37
2025-12-30 15:14:11,25493314,system.sec,qwerty,sha256_salt,none,False,0.65,75
2025-12-30 15:14:12,25493314,secure.login,user,sha256_salt,none,False,0.82,38
2025-12-30 15:14:13,25493314,secure.login,qwerty,sha256_salt,none,False,0.74,39
2025-12-30 15:14:14,25493314,secure.login,user123,sha256_salt,none,False,0.62,40
2025-12-30 15:14:15,25493314,user1,123456789,sha256_salt,none,False,0.72,5
2025-12-30 15:14:16,25493314,secure.login,login,sha256_salt,none,False,0.77,41
2025-12-30 15:14:17,25493314,admin,123456789,sha256_salt,none,False,0.72,5
2025-12-30 15:14:18,25493314,secure.login,login123,sha256_salt,none,False,0.72,42
2025-12-30 15:14:19,25493314,guest,123456789,sha256_salt,none,False,0.71,5
2025-12-30 15:14:20,25493314,secure.login,welcome,sha256_salt,none,False,0.67,43
2025-12-30 15:14:21,25493314,test,123456789,sha256_salt,none,False,0.7,5
2025-12-30 15:14:22,25493314,secure.login,welcome1,sha256_salt,none,False,0.66,44
2025-12-30 15:14:23,25493314,hello,123456789,sha256_salt,none,False,0.83,5
2025-12-30 15:14:24,25493314,secure.login,password123,sha256_salt,none,False,0.7,45
2025-12-30 15:14:25,25493314,name,123456789,sha256_salt,none,False,0.71,5
2025-12-30 15:14:27,25493314,secure.login,admin1,sha256_salt,none,False,0.71,46
2025-12-30 15:14:27,25493314,login,123456789,sha256_salt,none,False,0.77,5
2025-12-30 15:14:29,25493314,secure.login,root123,sha256_salt,none,False,0.72,47
2025-12-30 15:14:29,25493314,abc,123456789,sha256_salt,none,False,0.65,5
2025-12-30 15:14:31,25493314,secure.login,pass123,sha256_salt,none,False,0.69,48
2025-12-30 15:14:31,25493314,demo,123456789,sha256_salt,none,False,0.71,5
2025-12-30 15:14:33,25493314,secure.login,1q2w3e4r,sha256_salt,none,False,0.65,49
2025-12-30 15:14:33,25493314,student,123456789,sha256_salt,none,False,0.88,5
2025-12-30 15:14:35,25493314,secure.login,qwerty123,sha256_salt,none,False,0.72,50
2025-12-30 15:14:36,25493314,Student_user,123456789,sha256_salt,none,False,0.7,5
2025-12-30 15:14:37,25493314,secure.login,1234567890,sha256_salt,none,False,0.75,51
2025-12-30 15:14:38,25493314,user_test,123456789,sha256_salt,none,False,0.69,5
2025-12-30 15:14:39,25493314,secure.login,987654321,sha256_salt,none,False,0.44,52
2025-12-30 15:14:40,25493314,bluecat,123456789,sha256_salt,none,False,0.74,5
2025-12-30 15:14:41,25493314,secure.login,hello,sha256_salt,none,False,0.55,53
2025-12-30 15:14:42,25493314,student1,123456789,sha256_salt,none,False,0.66,5
2025-12-30 15:14:43,25493314,secure.login,hello123,sha256_salt,none,False,0.72,54
2025-12-30 15:14:44,25493314,login_user,123456789,sha256_salt,none,False,0.72,5
2025-12-30 15:14:45,25493314,secure.login,iloveyou,sha256_salt,none,False,0.86,55
2025-12-30 15:14:46,25493314,pythonfan,123456789,sha256_salt,none,False,0.75,5
2025-12-30 15:14:47,25493314,secure.login,sunshine,sha256_salt,none,False,0.33,56
2025-12-30 15:14:48,25493314,techgirl,123456789,sha256_salt,none,False,0.77,5
2025-12-30 15:14:49,25493314,secure.login,princess,sha256_salt,none,False,0.71,57
2025-12-30 15:14:50,25493314,cloud_user,123456789,sha256_salt,none,False,0.67,5
2025-12-30 15:14:52,25493314,secure.login,Password1,sha256_salt,none,False,0.69,58
2025-12-30 15:14:52,25493314,gamer22,123456789,sha256_salt,none,False,0.71,5
2025-12-30 15:14:54,25493314,secure.login,Password123,sha256_salt,none,False,0.73,59
2025-12-30 15:14:54,25493314,webdev,123456789,sha256_salt,none,False,0.4,5
2025-12-30 15:14:56,25493314,secure.login,Admin123,sha256_salt,none,False,0.69,60
2025-12-30 15:14:56,25493314,sha.sec,123456789,sha256_salt,none,False,0.87,5
2025-12-30 15:14:58,25493314,secure.login,Welcome1,sha256_salt,none,False,0.71,61
2025-12-30 15:14:58,25493314,secure_user,123456789,sha256_salt,none,False,0.48,5
2025-12-30 15:15:00,25493314,secure.login,Student123,sha256_salt,none,False,0.92,62
2025-12-30 15:15:01,25493314,cyber.auth,123456789,sha256_salt,none,False,0.57,5
2025-12-30 15:15:02,25493314,secure.login,Student99,sha256_salt,none,False,0.75,63
2025-12-30 15:15:03,25493314,dev.access,123456789,sha256_salt,none,False,0.56,5
2025-12-30 15:15:04,25493314,secure.login,Test2024,sha256_salt,none,False,0.72,64
2025-12-30 15:15:05,25493314,root.guard,123456789,sha256_salt,none,False,0.65,5
2025-12-30 15:15:06,25493314,secure.login,Login456,sha256_salt,none,False,0.65,65
2025-12-30 15:15:07,25493314,net.lock,123456789,sha256_salt,none,False,0.7,5
2025-12-30 15:15:08,25493314,secure.login,Python101,sha256_salt,none,False,0.63,66
2025-12-30 15:15:09,25493314,auth.master,123456789,sha256_salt,none,False,0.71,5
2025-12-30 15:15:10,25493314,secure.login,demo,sha256_salt,none,False,0.67,67
2025-12-30 15:15:11,25493314,vault_user,123456789,sha256_salt,none,False,0.94,21
2025-12-30 15:15:12,25493314,secure.login,student,sha256_salt,none,False,0.8,68
2025-12-30 15:15:13,25493314,system.sec,123456789,sha256_salt,none,False,0.67,76
2025-12-30 15:15:14,25493314,secure.login,name,sha256_salt,none,False,0.88,69
2025-12-30 15:15:15,25493314,secure.login,123456789,sha256_salt,none,False,0.72,70
2025-12-30 15:15:17,25493314,secure.login,1111,sha256_salt,none,False,0.78,71
2025-12-30 15:15:17,25493314,user1,12345,sha256_salt,none,False,0.71,6
2025-12-30 15:15:19,25493314,secure.login,BlueCat12,sha256_salt,none,False,0.61,72
2025-12-30 15:15:19,25493314,admin,12345,sha256_salt,none,False,0.72,6
2025-12-30 15:15:21,25493314,secure.login,TechGirl7,sha256_salt,none,False,0.65,73
2025-12-30 15:15:21,25493314,guest,12345,sha256_salt,none,False,0.74,6
2025-12-30 15:15:23,25493314,secure.login,Cloud123,sha256_salt,none,False,0.71,74
2025-12-30 15:15:23,25493314,test,12345,sha256_salt,none,False,0.71,6
2025-12-30 15:15:25,25493314,secure.login,GameOn22,sha256_salt,none,False,0.63,75
2025-12-30 15:15:26,25493314,hello,12345,sha256_salt,none,False,0.69,6
2025-12-30 15:15:27,25493314,secure.login,WebDev88,sha256_salt,none,False,0.62,76
2025-12-30 15:15:28,25493314,name,12345,sha256_salt,none,False,0.5,6
2025-12-30 15:15:30,25493314,login,12345,sha256_salt,none,False,0.83,6
2025-12-30 15:15:32,25493314,abc,12345,sha256_salt,none,False,0.67,6
2025-12-30 15:15:34,25493314,demo,12345,sha256_salt,none,False,0.69,6
2025-12-30 15:15:36,25493314,student,12345,sha256_salt,none,False,0.61,6
2025-12-30 15:15:38,25493314,Student_user,12345,sha256_salt,none,False,0.72,6
2025-12-30 15:15:40,25493314,user_test,12345,sha256_salt,none,False,0.69,6
2025-12-30 15:15:42,25493314,bluecat,12345,sha256_salt,none,False,0.7,6
2025-12-30 15:15:44,25493314,student1,12345,sha256_salt,none,False,0.63,6
2025-12-30 15:15:46,25493314,login_user,12345,sha256_salt,none,False,0.58,6
2025-12-30 15:15:48,25493314,pythonfan,12345,sha256_salt,none,False,0.78,6
2025-12-30 15:15:51,25493314,techgirl,12345,sha256_salt,none,False,0.71,6
2025-12-30 15:15:53,25493314,cloud_user,12345,sha256_salt,none,False,0.7,6
2025-12-30 15:15:55,25493314,gamer22,12345,sha256_salt,none,False,0.48,6
2025-12-30 15:15:57,25493314,webdev,12345,sha256_salt,none,False,0.65,6
2025-12-30 15:15:59,25493314,sha.sec,12345,sha256_salt,none,False,0.68,6
2025-12-30 15:16:01,25493314,secure_user,12345,sha256_salt,none,False,0.71,6
2025-12-30 15:16:03,25493314,cyber.auth,12345,sha256_salt,none,False,0.72,6
2025-12-30 15:16:05,25493314,dev.access,12345,sha256_salt,none,False,0.7,6
2025-12-30 15:16:07,25493314,root.guard,12345,sha256_salt,none,False,0.78,6
2025-12-30 15:16:09,25493314,net.lock,12345,sha256_salt,none,False,1.15,6
2025-12-30 15:16:11,25493314,auth.master,12345,sha256_salt,none,False,0.79,6
2025-12-30 15:16:13,25493314,vault_user,12345,sha256_salt,none,False,0.72,22
2025-12-30 15:16:16,25493314,system.sec,12345,sha256_salt,none,False,0.6,77
2025-12-30 15:16:18,25493314,secure.login,12345,sha256_salt,none,False,0.62,77
2025-12-30 15:16:20,25493314,user1,1234,sha256_salt,none,True,0.62,7
2025-12-30 15:16:22,25493314,admin,1234,sha256_salt,none,False,0.95,7
2025-12-30 15:16:24,25493314,guest,1234,sha256_salt,none,False,0.68,7
2025-12-30 15:16:26,25493314,test,1234,sha256_salt,none,False,0.76,7
2025-12-30 15:16:28,25493314,hello,1234,sha256_salt,none,False,0.73,7
2025-12-30 15:16:30,25493314,name,1234,sha256_salt,none,False,0.39,7
2025-12-30 15:16:32,25493314,login,1234,sha256_salt,none,False,0.59,7
2025-12-30 15:16:34,25493314,abc,1234,sha256_salt,none,False,0.56,7
2025-12-30 15:16:36,25493314,demo,1234,sha256_salt,none,False,0.63,7
2025-12-30 15:16:39,25493314,student,1234,sha256_salt,none,False,0.65,7
2025-12-30 15:16:41,25493314,Student_user,1234,sha256_salt,none,False,0.61,7
2025-12-30 15:16:43,25493314,user_test,1234,sha256_salt,none,False,0.73,7
2025-12-30 15:16:45,25493314,bluecat,1234,sha256_salt,none,False,0.71,7
2025-12-30 15:16:47,25493314,student1,1234,sha256_salt,none,False,0.67,7
2025-12-30 15:16:49,25493314,login_user,1234,sha256_salt,none,False,0.67,7
2025-12-30 15:16:51,25493314,pythonfan,1234,sha256_salt,none,False,0.71,7
2025-12-30 15:16:53,25493314,techgirl,1234,sha256_salt,none,False,0.94,7
2025-12-30 15:16:55,25493314,cloud_user,1234,sha256_salt,none,False,0.83,7
2025-12-30 15:16:57,25493314,gamer22,1234,sha256_salt,none,False,0.73,7
2025-12-30 15:16:59,25493314,webdev,1234,sha256_salt,none,False,0.74,7
2025-12-30 15:17:01,25493314,sha.sec,1234,sha256_salt,none,False,0.68,7
2025-12-30 15:17:04,25493314,secure_user,1234,sha256_salt,none,False,0.68,7
2025-12-30 15:17:06,25493314,cyber.auth,1234,sha256_salt,none,False,0.7,7
2025-12-30 15:17:08,25493314,dev.access,1234,sha256_salt,none,False,0.9,7
2025-12-30 15:17:10,25493314,root.guard,1234,sha256_salt,none,False,0.75,7
2025-12-30 15:17:12,25493314,net.lock,1234,sha256_salt,none,False,0.75,7
2025-12-30 15:17:14,25493314,auth.master,1234,sha256_salt,none,False,0.71,7
2025-12-30 15:17:16,25493314,vault_user,1234,sha256_salt,none,False,0.79,23
2025-12-30 15:17:18,25493314,system.sec,1234,sha256_salt,none,False,0.73,78
2025-12-30 15:17:20,25493314,secure.login,1234,sha256_salt,none,False,0.8,78
2025-12-30 15:17:22,25493314,user1,111111,sha256_salt,none,False,0.81,8
2025-12-30 15:17:24,25493314,admin,111111,sha256_salt,none,False,0.9,8
2025-12-30 15:17:27,25493314,guest,111111,sha256_salt,none,False,0.83,8
2025-12-30 15:17:29,25493314,test,111111,sha256_salt,none,False,0.71,8
2025-12-30 15:17:31,25493314,hello,111111,sha256_salt,none,False,0.62,8
2025-12-30 15:17:33,25493314,name,111111,sha256_salt,none,False,0.48,8
2025-12-30 15:17:35,25493314,login,111111,sha256_salt,none,False,0.4,8
2025-12-30 15:17:37,25493314,abc,111111,sha256_salt,none,False,0.59,8
2025-12-30 15:17:39,25493314,demo,111111,sha256_salt,none,False,0.73,8
2025-12-30 15:17:41,25493314,student,111111,sha256_salt,none,False,0.74,8
2025-12-30 15:17:43,25493314,Student_user,111111,sha256_salt,none,False,0.75,8
2025-12-30 15:17:45,25493314,user_test,111111,sha256_salt,none,False,0.65,8
2025-12-30 15:17:47,25493314,bluecat,111111,sha256_salt,none,False,0.76,8
2025-12-30 15:17:50,25493314,student1,111111,sha256_salt,none,False,0.66,8
2025-12-30 15:17:52,25493314,login_user,111111,sha256_salt,none,False,0.73,8
2025-12-30 15:17:54,25493314,pythonfan,111111,sha256_salt,none,False,0.64,8
2025-12-30 15:17:56,25493314,techgirl,111111,sha256_salt,none,False,0.77,8
2025-12-30 15:17:58,25493314,cloud_user,111111,sha256_salt,none,False,0.63,8
2025-12-30 15:18:00,25493314,gamer22,111111,sha256_salt,none,False,0.64,8
2025-12-30 15:18:02,25493314,webdev,111111,sha256_salt,none,False,0.79,8
2025-12-30 15:18:04,25493314,sha.sec,111111,sha256_salt,none,False,0.67,8
2025-12-30 15:18:06,25493314,secure_user,111111,sha256_salt,none,False,0.69,8
2025-12-30 15:18:08,25493314,cyber.auth,111111,sha256_salt,none,False,0.74,8
2025-12-30 15:18:10,25493314,dev.access,111111,sha256_salt,none,False,0.8,8
2025-12-30 15:18:12,25493314,root.guard,111111,sha256_salt,none,False,0.73,8
2025-12-30 15:18:15,25493314,net.lock,111111,sha256_salt,none,False,0.66,8
2025-12-30 15:18:17,25493314,auth.master,111111,sha256_salt,none,False,0.72,8
2025-12-30 15:18:19,25493314,vault_user,111111,sha256_salt,none,False,0.72,24
2025-12-30 15:18:21,25493314,system.sec,111111,sha256_salt,none,False,1.07,79
2025-12-30 15:18:23,25493314,secure.login,111111,sha256_salt,none,False,0.61,79
2025-12-30 15:18:25,25493314,user1,1234567,sha256_salt,none,False,0.6,9
2025-12-30 15:18:27,25493314,admin,1234567,sha256_salt,none,False,0.68,9
2025-12-30 15:18:29,25493314,guest,1234567,sha256_salt,none,False,0.72,9
2025-12-30 15:18:31,25493314,test,1234567,sha256_salt,none,False,0.67,9
2025-12-30 15:18:33,25493314,hello,1234567,sha256_salt,none,False,0.7,9
2025-12-30 15:18:35,25493314,name,1234567,sha256_salt,none,False,0.94,9
2025-12-30 15:18:37,25493314,login,1234567,sha256_salt,none,False,0.69,9
2025-12-30 15:18:40,25493314,abc,1234567,sha256_salt,none,False,0.79,9
2025-12-30 15:18:42,25493314,demo,1234567,sha256_salt,none,False,0.78,9
2025-12-30 15:18:44,25493314,student,1234567,sha256_salt,none,False,0.61,9
2025-12-30 15:18:46,25493314,Student_user,1234567,sha256_salt,none,False,0.72,9
2025-12-30 15:18:48,25493314,user_test,1234567,sha256_salt,none,False,0.77,9
2025-12-30 15:18:50,25493314,bluecat,1234567,sha256_salt,none,False,0.81,9
2025-12-30 15:18:52,25493314,student1,1234567,sha256_salt,none,False,0.65,9
2025-12-30 15:18:54,25493314,login_user,1234567,sha256_salt,none,False,0.74,9
2025-12-30 15:18:56,25493314,pythonfan,1234567,sha256_salt,none,False,0.57,9
2025-12-30 15:18:58,25493314,techgirl,1234567,sha256_salt,none,False,0.56,9
2025-12-30 15:19:00,25493314,cloud_user,1234567,sha256_salt,none,False,0.74,9
2025-12-30 15:19:03,25493314,gamer22,1234567,sha256_salt,none,False,0.8,9
2025-12-30 15:19:05,25493314,webdev,1234567,sha256_salt,none,False,0.66,9
2025-12-30 15:19:07,25493314,sha.sec,1234567,sha256_salt,none,False,0.65,9
2025-12-30 15:19:09,25493314,secure_user,1234567,sha256_salt,none,False,0.7,9
2025-12-30 15:19:11,25493314,cyber.auth,1234567,sha256_salt,none,False,0.74,9
2025-12-30 15:19:13,25493314,dev.access,1234567,sha256_salt,none,False,0.95,9
2025-12-30 15:19:15,25493314,root.guard,1234567,sha256_salt,none,False,0.59,9
2025-12-30 15:19:17,25493314,net.lock,1234567,sha256_salt,none,False,0.77,9
2025-12-30 15:19:19,25493314,auth.master,1234567,sha256_salt,none,False,0.66,9
2025-12-30 15:19:21,25493314,vault_user,1234567,sha256_salt,none,False,0.91,25
2025-12-30 15:19:23,25493314,system.sec,1234567,sha256_salt,none,False,0.76,80
2025-12-30 15:19:25,25493314,secure.login,1234567,sha256_salt,none,False,0.69,80
2025-12-30 15:19:28,25493314,user1,dragon,sha256_salt,none,False,0.72,10
2025-12-30 15:19:30,25493314,admin,dragon,sha256_salt,none,False,0.73,10
2025-12-30 15:19:32,25493314,guest,dragon,sha256_salt,none,False,1.08,10
2025-12-30 15:19:34,25493314,test,dragon,sha256_salt,none,False,0.83,10
2025-12-30 15:19:36,25493314,hello,dragon,sha256_salt,none,False,0.65,10
2025-12-30 15:19:38,25493314,name,dragon,sha256_salt,none,False,0.76,10
2025-12-30 15:19:40,25493314,login,dragon,sha256_salt,none,False,0.68,10
2025-12-30 15:19:42,25493314,abc,dragon,sha256_salt,none,False,0.65,10
2025-12-30 15:19:44,25493314,demo,dragon,sha256_salt,none,False,0.69,10
2025-12-30 15:19:46,25493314,student,dragon,sha256_salt,none,False,0.81,10
2025-12-30 15:19:48,25493314,Student_user,dragon,sha256_salt,none,False,0.72,10
2025-12-30 15:19:51,25493314,user_test,dragon,sha256_salt,none,False,0.62,10
2025-12-30 15:19:53,25493314,bluecat,dragon,sha256_salt,none,False,0.62,10
2025-12-30 15:19:55,25493314,student1,dragon,sha256_salt,none,False,0.7,10
2025-12-30 15:19:57,25493314,login_user,dragon,sha256_salt,none,False,1.04,10
2025-12-30 15:19:59,25493314,pythonfan,dragon,sha256_salt,none,False,0.75,10
2025-12-30 15:20:01,25493314,techgirl,dragon,sha256_salt,none,False,0.62,10
2025-12-30 15:20:03,25493314,cloud_user,dragon,sha256_salt,none,False,0.69,10
2025-12-30 15:20:05,25493314,gamer22,dragon,sha256_salt,none,False,0.65,10
2025-12-30 15:20:07,25493314,webdev,dragon,sha256_salt,none,False,0.72,10
2025-12-30 15:20:09,25493314,sha.sec,dragon,sha256_salt,none,False,0.82,10
2025-12-30 15:20:11,25493314,secure_user,dragon,sha256_salt,none,False,0.65,10
2025-12-30 15:20:13,25493314,cyber.auth,dragon,sha256_salt,none,False,0.46,10
2025-12-30 15:20:15,25493314,dev.access,dragon,sha256_salt,none,False,0.7,10
2025-12-30 15:20:18,25493314,root.guard,dragon,sha256_salt,none,False,0.83,10
2025-12-30 15:20:20,25493314,net.lock,dragon,sha256_salt,none,False,0.45,10
2025-12-30 15:20:22,25493314,auth.master,dragon,sha256_salt,none,False,0.61,10
2025-12-30 15:20:24,25493314,vault_user,dragon,sha256_salt,none,False,0.66,26
2025-12-30 15:20:26,25493314,system.sec,dragon,sha256_salt,none,False,0.74,81
2025-12-30 15:20:28,25493314,secure.login,dragon,sha256_salt,none,False,0.73,81
2025-12-30 15:20:30,25493314,user1,123123,sha256_salt,none,False,0.6,11
2025-12-30 15:20:32,25493314,admin,123123,sha256_salt,none,False,0.65,11
2025-12-30 15:20:34,25493314,guest,123123,sha256_salt,none,False,0.84,11
2025-12-30 15:20:36,25493314,test,123123,sha256_salt,none,False,0.71,11
2025-12-30 15:20:38,25493314,hello,123123,sha256_salt,none,False,0.75,11
2025-12-30 15:20:41,25493314,name,123123,sha256_salt,none,False,0.71,11
2025-12-30 15:20:43,25493314,login,123123,sha256_salt,none,False,0.87,11
2025-12-30 15:20:45,25493314,abc,123123,sha256_salt,none,False,0.7,11
2025-12-30 15:20:47,25493314,demo,123123,sha256_salt,none,False,0.65,11
2025-12-30 15:20:49,25493314,student,123123,sha256_salt,none,False,0.67,11
2025-12-30 15:20:51,25493314,Student_user,123123,sha256_salt,none,False,0.58,11
2025-12-30 15:20:53,25493314,user_test,123123,sha256_salt,none,False,0.64,11
2025-12-30 15:20:55,25493314,bluecat,123123,sha256_salt,none,False,0.67,11
2025-12-30 15:20:57,25493314,student1,123123,sha256_salt,none,False,0.64,11
2025-12-30 15:20:59,25493314,login_user,123123,sha256_salt,none,False,1.12,11
2025-12-30 15:21:01,25493314,pythonfan,123123,sha256_salt,none,False,0.66,11
2025-12-30 15:21:04,25493314,techgirl,123123,sha256_salt,none,False,0.39,11
2025-12-30 15:21:06,25493314,cloud_user,123123,sha256_salt,none,False,0.56,11
2025-12-30 15:21:08,25493314,gamer22,123123,sha256_salt,none,False,0.67,11
2025-12-30 15:21:10,25493314,webdev,123123,sha256_salt,none,False,0.66,11
2025-12-30 15:21:12,25493314,sha.sec,123123,sha256_salt,none,False,0.74,11
2025-12-30 15:21:14,25493314,secure_user,123123,sha256_salt,none,False,1.1,11
2025-12-30 15:21:16,25493314,cyber.auth,123123,sha256_salt,none,False,0.63,11
2025-12-30 15:21:18,25493314,dev.access,123123,sha256_salt,none,False,0.66,11
2025-12-30 15:21:20,25493314,root.guard,123123,sha256_salt,none,False,0.57,11
2025-12-30 15:21:22,25493314,net.lock,123123,sha256_salt,none,False,0.47,11
2025-12-30 15:21:24,25493314,auth.master,123123,sha256_salt,none,False,0.71,11
2025-12-30 15:21:26,25493314,vault_user,123123,sha256_salt,none,False,0.71,27
2025-12-30 15:21:29,25493314,system.sec,123123,sha256_salt,none,False,0.64,82
2025-12-30 15:21:31,25493314,secure.login,123123,sha256_salt,none,False,0.8,82
2025-12-30 15:21:33,25493314,user1,baseball,sha256_salt,none,False,0.59,12
2025-12-30 15:21:35,25493314,admin,baseball,sha256_salt,none,False,0.67,12
2025-12-30 15:21:37,25493314,guest,baseball,sha256_salt,none,False,0.35,12
2025-12-30 15:21:39,25493314,test,baseball,sha256_salt,none,False,0.61,12
2025-12-30 15:21:41,25493314,hello,baseball,sha256_salt,none,False,0.76,12
2025-12-30 15:21:43,25493314,name,baseball,sha256_salt,none,False,0.43,12
2025-12-30 15:21:45,25493314,login,baseball,sha256_salt,none,False,0.58,12
2025-12-30 15:21:47,25493314,abc,baseball,sha256_salt,none,False,0.73,12
2025-12-30 15:21:49,25493314,demo,baseball,sha256_salt,none,False,0.71,12
2025-12-30 15:21:51,25493314,student,baseball,sha256_salt,none,False,0.6,12
2025-12-30 15:21:54,25493314,Student_user,baseball,sha256_salt,none,False,0.59,12
2025-12-30 15:21:56,25493314,user_test,baseball,sha256_salt,none,False,0.67,12
2025-12-30 15:21:58,25493314,bluecat,baseball,sha256_salt,none,False,0.59,12
2025-12-30 15:22:00,25493314,student1,baseball,sha256_salt,none,False,0.86,12
2025-12-30 15:22:02,25493314,login_user,baseball,sha256_salt,none,False,0.72,12
2025-12-30 15:22:04,25493314,pythonfan,baseball,sha256_salt,none,False,0.65,12
2025-12-30 15:22:06,25493314,techgirl,baseball,sha256_salt,none,False,0.7,12
2025-12-30 15:22:08,25493314,cloud_user,baseball,sha256_salt,none,False,0.66,12
2025-12-30 15:22:10,25493314,gamer22,baseball,sha256_salt,none,False,0.76,12
2025-12-30 15:22:12,25493314,webdev,baseball,sha256_salt,none,False,0.68,12
2025-12-30 15:22:14,25493314,sha.sec,baseball,sha256_salt,none,False,0.79,12
2025-12-30 15:22:16,25493314,secure_user,baseball,sha256_salt,none,False,0.85,12
2025-12-30 15:22:19,25493314,cyber.auth,baseball,sha256_salt,none,False,0.66,12
2025-12-30 15:22:21,25493314,dev.access,baseball,sha256_salt,none,False,0.63,12
2025-12-30 15:22:23,25493314,root.guard,baseball,sha256_salt,none,False,0.72,12
2025-12-30 15:22:25,25493314,net.lock,baseball,sha256_salt,none,False,0.86,12
2025-12-30 15:22:27,25493314,auth.master,baseball,sha256_salt,none,False,0.66,12
2025-12-30 15:22:29,25493314,vault_user,baseball,sha256_salt,none,False,0.77,28
2025-12-30 15:22:31,25493314,system.sec,baseball,sha256_salt,none,False,0.69,83
2025-12-30 15:22:33,25493314,secure.login,baseball,sha256_salt,none,False,0.75,83
2025-12-30 15:22:35,25493314,user1,abc123,sha256_salt,none,False,0.97,13
2025-12-30 15:22:37,25493314,admin,abc123,sha256_salt,none,False,0.77,13
2025-12-30 15:22:39,25493314,guest,abc123,sha256_salt,none,False,0.79,13
2025-12-30 15:22:41,25493314,test,abc123,sha256_salt,none,False,0.65,13
2025-12-30 15:22:44,25493314,hello,abc123,sha256_salt,none,False,0.76,13
2025-12-30 15:22:46,25493314,name,abc123,sha256_salt,none,False,0.63,13
2025-12-30 15:22:48,25493314,login,abc123,sha256_salt,none,False,0.77,13
2025-12-30 15:22:50,25493314,abc,abc123,sha256_salt,none,True,0.64,13
2025-12-30 15:22:52,25493314,demo,abc123,sha256_salt,none,False,0.87,13
2025-12-30 15:22:54,25493314,student,abc123,sha256_salt,none,False,0.87,13
2025-12-30 15:22:56,25493314,Student_user,abc123,sha256_salt,none,False,0.73,13
2025-12-30 15:22:58,25493314,user_test,abc123,sha256_salt,none,False,0.72,13
2025-12-30 15:23:00,25493314,bluecat,abc123,sha256_salt,none,False,0.77,13
2025-12-30 15:23:02,25493314,student1,abc123,sha256_salt,none,False,0.7,13
2025-12-30 15:23:04,25493314,login_user,abc123,sha256_salt,none,False,0.65,13
2025-12-30 15:23:07,25493314,pythonfan,abc123,sha256_salt,none,False,0.65,13
2025-12-30 15:23:09,25493314,techgirl,abc123,sha256_salt,none,False,0.73,13
2025-12-30 15:23:11,25493314,cloud_user,abc123,sha256_salt,none,False,0.61,13
2025-12-30 15:23:13,25493314,gamer22,abc123,sha256_salt,none,False,0.72,13
2025-12-30 15:23:15,25493314,webdev,abc123,sha256_salt,none,False,0.69,13
2025-12-30 15:23:17,25493314,sha.sec,abc123,sha256_salt,none,False,0.74,13
2025-12-30 15:23:19,25493314,secure_user,abc123,sha256_salt,none,False,0.7,13
2025-12-30 15:23:21,25493314,cyber.auth,abc123,sha256_salt,none,False,0.69,13
2025-12-30 15:23:23,25493314,dev.access,abc123,sha256_salt,none,False,0.65,13
2025-12-30 15:23:25,25493314,root.guard,abc123,sha256_salt,none,False,0.67,13
2025-12-30 15:23:27,25493314,net.lock,abc123,sha256_salt,none,False,0.63,13
2025-12-30 15:23:30,25493314,auth.master,abc123,sha256_salt,none,False,0.71,13
2025-12-30 15:23:32,25493314,vault_user,abc123,sha256_salt,none,False,0.7,29
2025-12-30 15:23:34,25493314,system.sec,abc123,sha256_salt,none,False,0.79,84
2025-12-30 15:23:36,25493314,secure.login,abc123,sha256_salt,none,False,0.81,84
2025-12-30 15:23:38,25493314,user1,football,sha256_salt,none,False,0.91,14
2025-12-30 15:23:40,25493314,admin,football,sha256_salt,none,False,0.7,14
2025-12-30 15:23:42,25493314,guest,football,sha256_salt,none,False,0.74,14
2025-12-30 15:23:44,25493314,test,football,sha256_salt,none,False,0.89,14
2025-12-30 15:23:46,25493314,hello,football,sha256_salt,none,False,0.42,14
2025-12-30 15:23:48,25493314,name,football,sha256_salt,none,False,1.0,14
2025-12-30 15:23:50,25493314,login,football,sha256_salt,none,False,0.7,14
2025-12-30 15:23:53,25493314,abc,football,sha256_salt,none,False,0.7,14
2025-12-30 15:23:55,25493314,demo,football,sha256_salt,none,False,0.66,14
2025-12-30 15:23:57,25493314,student,football,sha256_salt,none,False,0.68,14
2025-12-30 15:23:59,25493314,Student_user,football,sha256_salt,none,False,0.73,14
2025-12-30 15:24:01,25493314,user_test,football,sha256_salt,none,False,0.83,14
2025-12-30 15:24:03,25493314,bluecat,football,sha256_salt,none,False,0.61,14
2025-12-30 15:24:05,25493314,student1,football,sha256_salt,none,False,0.85,14
2025-12-30 15:24:07,25493314,login_user,football,sha256_salt,none,False,0.67,14
2025-12-30 15:24:09,25493314,pythonfan,football,sha256_salt,none,False,0.73,14
2025-12-30 15:24:11,25493314,techgirl,football,sha256_salt,none,False,0.69,14
2025-12-30 15:24:13,25493314,cloud_user,football,sha256_salt,none,False,0.72,14
2025-12-30 15:24:16,25493314,gamer22,football,sha256_salt,none,False,0.67,14
2025-12-30 15:24:18,25493314,webdev,football,sha256_salt,none,False,0.57,14
2025-12-30 15:24:20,25493314,sha.sec,football,sha256_salt,none,False,0.68,14
2025-12-30 15:24:22,25493314,secure_user,football,sha256_salt,none,False,0.6,14
2025-12-30 15:24:24,25493314,cyber.auth,football,sha256_salt,none,False,0.9,14
2025-12-30 15:24:26,25493314,dev.access,football,sha256_salt,none,False,0.69,14
2025-12-30 15:24:28,25493314,root.guard,football,sha256_salt,none,False,0.56,14
2025-12-30 15:24:30,25493314,net.lock,football,sha256_salt,none,False,0.75,14
2025-12-30 15:24:32,25493314,auth.master,football,sha256_salt,none,False,0.69,14
2025-12-30 15:24:34,25493314,vault_user,football,sha256_salt,none,False,0.8,30
2025-12-30 15:24:37,25493314,system.sec,football,sha256_salt,none,False,0.88,85
2025-12-30 15:24:39,25493314,secure.login,football,sha256_salt,none,False,0.68,85
2025-12-30 15:24:41,25493314,user1,monkey,sha256_salt,none,False,0.64,15
2025-12-30 15:24:43,25493314,admin,monkey,sha256_salt,none,False,0.66,15
2025-12-30 15:24:45,25493314,guest,monkey,sha256_salt,none,False,0.51,15
2025-12-30 15:24:47,25493314,test,monkey,sha256_salt,none,False,0.47,15
2025-12-30 15:24:49,25493314,hello,monkey,sha256_salt,none,False,0.79,15
2025-12-30 15:24:51,25493314,name,monkey,sha256_salt,none,False,0.75,15
2025-12-30 15:24:53,25493314,login,monkey,sha256_salt,none,False,0.75,15
2025-12-30 15:24:55,25493314,abc,monkey,sha256_salt,none,False,0.75,15
2025-12-30 15:24:58,25493314,demo,monkey,sha256_salt,none,False,0.77,15
2025-12-30 15:25:00,25493314,student,monkey,sha256_salt,none,False,0.78,15
2025-12-30 15:25:02,25493314,Student_user,monkey,sha256_salt,none,False,0.62,15
2025-12-30 15:25:04,25493314,user_test,monkey,sha256_salt,none,False,0.77,15
2025-12-30 15:25:06,25493314,bluecat,monkey,sha256_salt,none,False,0.63,15
2025-12-30 15:25:08,25493314,student1,monkey,sha256_salt,none,False,0.73,15
2025-12-30 15:25:10,25493314,login_user,monkey,sha256_salt,none,False,0.71,15
2025-12-30 15:25:12,25493314,pythonfan,monkey,sha256_salt,none,False,0.75,15
2025-12-30 15:25:14,25493314,techgirl,monkey,sha256_salt,none,False,0.84,15
2025-12-30 15:25:16,25493314,cloud_user,monkey,sha256_salt,none,False,0.64,15
2025-12-30 15:25:19,25493314,gamer22,monkey,sha256_salt,none,False,0.7,15
2025-12-30 15:25:21,25493314,webdev,monkey,sha256_salt,none,False,0.8,15
2025-12-30 15:25:23,25493314,sha.sec,monkey,sha256_salt,none,False,0.75,15
2025-12-30 15:25:25,25493314,secure_user,monkey,sha256_salt,none,False,0.76,15
2025-12-30 15:25:27,25493314,cyber.auth,monkey,sha256_salt,none,False,1.3,15
2025-12-30 15:25:29,25493314,dev.access,monkey,sha256_salt,none,False,0.79,15
2025-12-30 15:25:31,25493314,root.guard,monkey,sha256_salt,none,False,0.7,15
2025-12-30 15:25:33,25493314,net.lock,monkey,sha256_salt,none,False,0.72,15
2025-12-30 15:25:35,25493314,auth.master,monkey,sha256_salt,none,False,0.72,15
2025-12-30 15:25:37,25493314,vault_user,monkey,sha256_salt,none,False,0.78,31
2025-12-30 15:25:40,25493314,system.sec,monkey,sha256_salt,none,False,0.77,86
2025-12-30 15:25:42,25493314,secure.login,monkey,sha256_salt,none,False,0.72,86
2025-12-30 15:25:44,25493314,user1,letmein,sha256_salt,none,False,0.66,16
2025-12-30 15:25:46,25493314,admin,letmein,sha256_salt,none,False,0.76,16
2025-12-30 15:25:48,25493314,guest,letmein,sha256_salt,none,False,0.67,16
2025-12-30 15:25:50,25493314,test,letmein,sha256_salt,none,False,0.64,16
2025-12-30 15:25:52,25493314,hello,letmein,sha256_salt,none,False,0.86,16
2025-12-30 15:25:54,25493314,name,letmein,sha256_salt,none,False,0.54,16
2025-12-30 15:25:56,25493314,login,letmein,sha256_salt,none,False,0.64,16
2025-12-30 15:25:58,25493314,abc,letmein,sha256_salt,none,False,0.7,16
2025-12-30 15:26:00,25493314,demo,letmein,sha256_salt,none,False,0.76,16
2025-12-30 15:26:03,25493314,student,letmein,sha256_salt,none,False,0.63,16
2025-12-30 15:26:05,25493314,Student_user,letmein,sha256_salt,none,False,0.73,16
2025-12-30 15:26:07,25493314,user_test,letmein,sha256_salt,none,False,0.56,16
2025-12-30 15:26:09,25493314,bluecat,letmein,sha256_salt,none,False,0.78,16
2025-12-30 15:26:11,25493314,student1,letmein,sha256_salt,none,False,0.78,16
2025-12-30 15:26:13,25493314,login_user,letmein,sha256_salt,none,False,0.76,16
2025-12-30 15:26:15,25493314,pythonfan,letmein,sha256_salt,none,False,1.06,16
2025-12-30 15:26:17,25493314,techgirl,letmein,sha256_salt,none,False,0.72,16
2025-12-30 15:26:19,25493314,cloud_user,letmein,sha256_salt,none,False,0.74,16
2025-12-30 15:26:21,25493314,gamer22,letmein,sha256_salt,none,False,0.71,16
2025-12-30 15:26:24,25493314,webdev,letmein,sha256_salt,none,False,0.94,16
2025-12-30 15:26:26,25493314,sha.sec,letmein,sha256_salt,none,False,0.68,16
2025-12-30 15:26:28,25493314,secure_user,letmein,sha256_salt,none,False,0.8,16
2025-12-30 15:26:30,25493314,cyber.auth,letmein,sha256_salt,none,False,0.77,16
2025-12-30 15:26:32,25493314,dev.access,letmein,sha256_salt,none,False,0.7,16
2025-12-30 15:26:34,25493314,root.guard,letmein,sha256_salt,none,False,0.76,16
2025-12-30 15:26:36,25493314,net.lock,letmein,sha256_salt,none,False,0.7,16
2025-12-30 15:26:38,25493314,auth.master,letmein,sha256_salt,none,False,0.52,16
2025-12-30 15:26:40,25493314,vault_user,letmein,sha256_salt,none,False,0.87,32
2025-12-30 15:26:42,25493314,system.sec,letmein,sha256_salt,none,False,0.62,87
2025-12-30 15:26:44,25493314,secure.login,letmein,sha256_salt,none,False,0.73,87
2025-12-30 15:26:47,25493314,user1,shadow,sha256_salt,none,False,0.78,17
2025-12-30 15:26:49,25493314,admin,shadow,sha256_salt,none,False,0.74,17
2025-12-30 15:26:51,25493314,guest,shadow,sha256_salt,none,False,0.89,17
2025-12-30 15:26:53,25493314,test,shadow,sha256_salt,none,False,0.42,17
2025-12-30 15:26:55,25493314,hello,shadow,sha256_salt,none,False,0.79,17
2025-12-30 15:26:57,25493314,name,shadow,sha256_salt,none,False,0.35,17
2025-12-30 15:26:59,25493314,login,shadow,sha256_salt,none,False,0.86,17
2025-12-30 15:27:01,25493314,abc,shadow,sha256_salt,none,False,0.67,17
2025-12-30 15:27:03,25493314,demo,shadow,sha256_salt,none,False,0.81,17
2025-12-30 15:27:05,25493314,student,shadow,sha256_salt,none,False,0.87,17
2025-12-30 15:27:08,25493314,Student_user,shadow,sha256_salt,none,False,0.68,17
2025-12-30 15:27:10,25493314,user_test,shadow,sha256_salt,none,False,0.7,17
2025-12-30 15:27:12,25493314,bluecat,shadow,sha256_salt,none,False,0.76,17
2025-12-30 15:27:14,25493314,student1,shadow,sha256_salt,none,False,0.73,17
2025-12-30 15:27:16,25493314,login_user,shadow,sha256_salt,none,False,0.94,17
2025-12-30 15:27:18,25493314,pythonfan,shadow,sha256_salt,none,False,0.63,17
2025-12-30 15:27:20,25493314,techgirl,shadow,sha256_salt,none,False,0.77,17
2025-12-30 15:27:22,25493314,cloud_user,shadow,sha256_salt,none,False,0.71,17
2025-12-30 15:27:24,25493314,gamer22,shadow,sha256_salt,none,False,0.74,17
2025-12-30 15:27:26,25493314,webdev,shadow,sha256_salt,none,False,1.14,17
2025-12-30 15:27:28,25493314,sha.sec,shadow,sha256_salt,none,False,0.44,17
2025-12-30 15:27:31,25493314,secure_user,shadow,sha256_salt,none,False,0.59,17
2025-12-30 15:27:33,25493314,cyber.auth,shadow,sha256_salt,none,False,0.75,17
2025-12-30 15:27:35,25493314,dev.access,shadow,sha256_salt,none,False,0.72,17
2025-12-30 15:27:37,25493314,root.guard,shadow,sha256_salt,none,False,0.71,17
2025-12-30 15:27:39,25493314,net.lock,shadow,sha256_salt,none,False,0.61,17
2025-12-30 15:27:41,25493314,auth.master,shadow,sha256_salt,none,False,0.95,17
2025-12-30 15:27:43,25493314,vault_user,shadow,sha256_salt,none,False,0.71,33
2025-12-30 15:27:45,25493314,system.sec,shadow,sha256_salt,none,False,0.73,88
2025-12-30 15:27:47,25493314,secure.login,shadow,sha256_salt,none,False,0.89,88
2025-12-30 15:27:49,25493314,user1,master,sha256_salt,none,False,0.69,18
2025-12-30 15:27:52,25493314,admin,master,sha256_salt,none,False,1.07,18
2025-12-30 15:27:54,25493314,guest,master,sha256_salt,none,False,0.69,18
2025-12-30 15:27:56,25493314,test,master,sha256_salt,none,False,0.84,18
2025-12-30 15:27:58,25493314,hello,master,sha256_salt,none,False,1.05,18
2025-12-30 15:28:00,25493314,name,master,sha256_salt,none,False,0.85,18
2025-12-30 15:28:02,25493314,login,master,sha256_salt,none,False,0.66,18
2025-12-30 15:28:04,25493314,abc,master,sha256_salt,none,False,0.72,18
2025-12-30 15:28:06,25493314,demo,master,sha256_salt,none,False,0.63,18
2025-12-30 15:28:08,25493314,student,master,sha256_salt,none,False,0.89,18
2025-12-30 15:28:10,25493314,Student_user,master,sha256_salt,none,False,0.66,18
2025-12-30 15:28:13,25493314,user_test,master,sha256_salt,none,False,0.79,18
2025-12-30 15:28:15,25493314,bluecat,master,sha256_salt,none,False,0.82,18
2025-12-30 15:28:17,25493314,student1,master,sha256_salt,none,False,0.57,18
2025-12-30 15:28:19,25493314,login_user,master,sha256_salt,none,False,0.69,18
2025-12-30 15:28:21,25493314,pythonfan,master,sha256_salt,none,False,0.6,18
2025-12-30 15:28:23,25493314,techgirl,master,sha256_salt,none,False,0.52,18
2025-12-30 15:28:25,25493314,cloud_user,master,sha256_salt,none,False,0.67,18
2025-12-30 15:28:27,25493314,gamer22,master,sha256_salt,none,False,0.8,18
2025-12-30 15:28:29,25493314,webdev,master,sha256_salt,none,False,0.64,18
2025-12-30 15:28:31,25493314,sha.sec,master,sha256_salt,none,False,0.51,18
2025-12-30 15:28:33,25493314,secure_user,master,sha256_salt,none,False,0.75,18
2025-12-30 15:28:36,25493314,cyber.auth,master,sha256_salt,none,False,0.79,18
2025-12-30 15:28:38,25493314,dev.access,master,sha256_salt,none,False,0.84,18
2025-12-30 15:28:40,25493314,root.guard,master,sha256_salt,none,False,0.8,18
2025-12-30 15:28:42,25493314,net.lock,master,sha256_salt,none,False,0.72,18
2025-12-30 15:28:44,25493314,auth.master,master,sha256_salt,none,False,0.66,18
2025-12-30 15:28:46,25493314,vault_user,master,sha256_salt,none,False,0.64,34
2025-12-30 15:28:48,25493314,system.sec,master,sha256_salt,none,False,0.66,89
2025-12-30 15:28:50,25493314,secure.login,master,sha256_salt,none,False,0.72,89
2025-12-30 15:28:52,25493314,user1,666666,sha256_salt,none,False,0.72,19
2025-12-30 15:28:54,25493314,admin,666666,sha256_salt,none,False,0.74,19
2025-12-30 15:28:57,25493314,guest,666666,sha256_salt,none,False,0.79,19
2025-12-30 15:28:59,25493314,test,666666,sha256_salt,none,False,0.35,19
2025-12-30 15:29:01,25493314,hello,666666,sha256_salt,none,False,0.64,19
2025-12-30 15:29:03,25493314,name,666666,sha256_salt,none,False,0.59,19
2025-12-30 15:29:05,25493314,login,666666,sha256_salt,none,False,0.61,19
2025-12-30 15:29:07,25493314,abc,666666,sha256_salt,none,False,0.71,19
2025-12-30 15:29:09,25493314,demo,666666,sha256_salt,none,False,0.67,19
2025-12-30 15:29:11,25493314,student,666666,sha256_salt,none,False,0.63,19
2025-12-30 15:29:13,25493314,Student_user,666666,sha256_salt,none,False,0.74,19
2025-12-30 15:29:15,25493314,user_test,666666,sha256_salt,none,False,0.73,19
2025-12-30 15:29:18,25493314,bluecat,666666,sha256_salt,none,False,0.7,19
2025-12-30 15:29:20,25493314,student1,666666,sha256_salt,none,False,0.71,19
2025-12-30 15:29:22,25493314,login_user,666666,sha256_salt,none,False,0.78,19
2025-12-30 15:29:24,25493314,pythonfan,666666,sha256_salt,none,False,0.74,19
2025-12-30 15:29:26,25493314,techgirl,666666,sha256_salt,none,False,1.09,19
2025-12-30 15:29:28,25493314,cloud_user,666666,sha256_salt,none,False,0.46,19
2025-12-30 15:29:30,25493314,gamer22,666666,sha256_salt,none,False,3.64,19
2025-12-30 15:29:32,25493314,webdev,666666,sha256_salt,none,False,0.89,19
2025-12-30 15:29:34,25493314,sha.sec,666666,sha256_salt,none,False,0.68,19
2025-12-30 15:29:36,25493314,secure_user,666666,sha256_salt,none,False,0.78,19
2025-12-30 15:29:39,25493314,cyber.auth,666666,sha256_salt,none,False,0.72,19
2025-12-30 15:29:41,25493314,dev.access,666666,sha256_salt,none,False,0.73,19
2025-12-30 15:29:43,25493314,root.guard,666666,sha256_salt,none,False,0.7,19
2025-12-30 15:29:45,25493314,net.lock,666666,sha256_salt,none,False,0.72,19
2025-12-30 15:29:47,25493314,auth.master,666666,sha256_salt,none,False,0.74,19
2025-12-30 15:29:49,25493314,vault_user,666666,sha256_salt,none,False,0.69,35
2025-12-30 15:29:51,25493314,system.sec,666666,sha256_salt,none,False,0.75,90
2025-12-30 15:29:53,25493314,secure.login,666666,sha256_salt,none,False,0.64,90
2025-12-30 15:29:55,25493314,user1,qwertyuiop,sha256_salt,none,False,0.71,20
2025-12-30 15:29:58,25493314,admin,qwertyuiop,sha256_salt,none,False,0.67,20
2025-12-30 15:30:00,25493314,guest,qwertyuiop,sha256_salt,none,False,0.71,20
2025-12-30 15:30:02,25493314,test,qwertyuiop,sha256_salt,none,False,0.7,20
2025-12-30 15:30:04,25493314,hello,qwertyuiop,sha256_salt,none,False,0.9,20
2025-12-30 15:30:06,25493314,name,qwertyuiop,sha256_salt,none,False,0.63,20
2025-12-30 15:30:08,25493314,login,qwertyuiop,sha256_salt,none,False,0.61,20
2025-12-30 15:30:10,25493314,abc,qwertyuiop,sha256_salt,none,False,0.58,20
2025-12-30 15:30:12,25493314,demo,qwertyuiop,sha256_salt,none,False,0.55,20
2025-12-30 15:30:14,25493314,student,qwertyuiop,sha256_salt,none,False,0.84,20
2025-12-30 15:30:16,25493314,Student_user,qwertyuiop,sha256_salt,none,False,0.64,20
2025-12-30 15:30:19,25493314,user_test,qwertyuiop,sha256_salt,none,False,0.67,20
2025-12-30 15:30:21,25493314,bluecat,qwertyuiop,sha256_salt,none,False,0.76,20
2025-12-30 15:30:23,25493314,student1,qwertyuiop,sha256_salt,none,False,0.44,20
2025-12-30 15:30:25,25493314,login_user,qwertyuiop,sha256_salt,none,False,0.73,20
2025-12-30 15:30:27,25493314,pythonfan,qwertyuiop,sha256_salt,none,False,0.86,20
2025-12-30 15:30:29,25493314,techgirl,qwertyuiop,sha256_salt,none,False,0.67,20
2025-12-30 15:30:31,25493314,cloud_user,qwertyuiop,sha256_salt,none,False,0.94,20
2025-12-30 15:30:33,25493314,gamer22,qwertyuiop,sha256_salt,none,False,0.69,20
2025-12-30 15:30:35,25493314,webdev,qwertyuiop,sha256_salt,none,False,0.74,20
2025-12-30 15:30:38,25493314,sha.sec,qwertyuiop,sha256_salt,none,False,0.7,20
2025-12-30 15:30:40,25493314,secure_user,qwertyuiop,sha256_salt,none,False,0.73,20
2025-12-30 15:30:42,25493314,cyber.auth,qwertyuiop,sha256_salt,none,False,0.8,20
2025-12-30 15:30:44,25493314,dev.access,qwertyuiop,sha256_salt,none,False,0.74,20
2025-12-30 15:30:46,25493314,root.guard,qwertyuiop,sha256_salt,none,False,0.7,20
2025-12-30 15:30:48,25493314,net.lock,qwertyuiop,sha256_salt,none,False,0.92,20
2025-12-30 15:30:50,25493314,auth.master,qwertyuiop,sha256_salt,none,False,0.92,20
2025-12-30 15:30:52,25493314,vault_user,qwertyuiop,sha256_salt,none,False,0.71,36
2025-12-30 15:30:54,25493314,system.sec,qwertyuiop,sha256_salt,none,False,0.8,91
2025-12-30 15:30:56,25493314,secure.login,qwertyuiop,sha256_salt,none,False,0.71,91
2025-12-30 15:30:59,25493314,user1,123321,sha256_salt,none,False,0.97,21
2025-12-30 15:31:01,25493314,admin,123321,sha256_salt,none,False,0.79,21
2025-12-30 15:31:03,25493314,guest,123321,sha256_salt,none,False,0.68,21
2025-12-30 15:31:05,25493314,test,123321,sha256_salt,none,False,0.63,21
2025-12-30 15:31:07,25493314,hello,123321,sha256_salt,none,False,0.85,21
2025-12-30 15:31:09,25493314,name,123321,sha256_salt,none,False,0.72,21
2025-12-30 15:31:11,25493314,login,123321,sha256_salt,none,False,1.03,21
2025-12-30 15:31:13,25493314,abc,123321,sha256_salt,none,False,0.54,21
2025-12-30 15:31:15,25493314,demo,123321,sha256_salt,none,False,0.72,21
2025-12-30 15:31:17,25493314,student,123321,sha256_salt,none,False,0.75,21
2025-12-30 15:31:20,25493314,Student_user,123321,sha256_salt,none,False,0.4,21
2025-12-30 15:31:22,25493314,user_test,123321,sha256_salt,none,False,0.59,21
2025-12-30 15:31:24,25493314,bluecat,123321,sha256_salt,none,False,1.05,21
2025-12-30 15:31:26,25493314,student1,123321,sha256_salt,none,False,0.57,21
2025-12-30 15:31:28,25493314,login_user,123321,sha256_salt,none,False,0.92,21
2025-12-30 15:31:30,25493314,pythonfan,123321,sha256_salt,none,False,0.75,21
2025-12-30 15:31:32,25493314,techgirl,123321,sha256_salt,none,False,0.29,21
2025-12-30 15:31:34,25493314,cloud_user,123321,sha256_salt,none,False,0.76,21
2025-12-30 15:31:36,25493314,gamer22,123321,sha256_salt,none,False,0.72,21
2025-12-30 15:31:38,25493314,webdev,123321,sha256_salt,none,False,0.69,21
2025-12-30 15:31:41,25493314,sha.sec,123321,sha256_salt,none,False,0.89,21
2025-12-30 15:31:43,25493314,secure_user,123321,sha256_salt,none,False,0.85,21
2025-12-30 15:31:45,25493314,cyber.auth,123321,sha256_salt,none,False,0.61,21
2025-12-30 15:31:47,25493314,dev.access,123321,sha256_salt,none,False,0.88,21
2025-12-30 15:31:49,25493314,root.guard,123321,sha256_salt,none,False,1.18,21
2025-12-30 15:31:51,25493314,net.lock,123321,sha256_salt,none,False,0.71,21
2025-12-30 15:31:53,25493314,auth.master,123321,sha256_salt,none,False,0.88,21
2025-12-30 15:31:55,25493314,vault_user,123321,sha256_salt,none,False,0.71,37
2025-12-30 15:31:57,25493314,system.sec,123321,sha256_salt,none,False,0.72,92
2025-12-30 15:32:00,25493314,secure.login,123321,sha256_salt,none,False,0.58,92
2025-12-30 15:32:02,25493314,user1,mustang,sha256_salt,none,False,0.72,22
2025-12-30 15:32:04,25493314,admin,mustang,sha256_salt,none,False,0.54,22
2025-12-30 15:32:06,25493314,guest,mustang,sha256_salt,none,False,0.71,22
2025-12-30 15:32:08,25493314,test,mustang,sha256_salt,none,False,1.17,22
2025-12-30 15:32:10,25493314,hello,mustang,sha256_salt,none,False,0.65,22
2025-12-30 15:32:12,25493314,name,mustang,sha256_salt,none,False,0.74,22
2025-12-30 15:32:14,25493314,login,mustang,sha256_salt,none,False,0.7,22
2025-12-30 15:32:16,25493314,abc,mustang,sha256_salt,none,False,0.63,22
2025-12-30 15:32:19,25493314,demo,mustang,sha256_salt,none,False,0.64,22
2025-12-30 15:32:21,25493314,student,mustang,sha256_salt,none,False,0.72,22
2025-12-30 15:32:23,25493314,Student_user,mustang,sha256_salt,none,False,0.71,22
2025-12-30 15:32:25,25493314,user_test,mustang,sha256_salt,none,False,0.66,22
2025-12-30 15:32:27,25493314,bluecat,mustang,sha256_salt,none,False,0.69,22
2025-12-30 15:32:29,25493314,student1,mustang,sha256_salt,none,False,0.74,22
2025-12-30 15:32:31,25493314,login_user,mustang,sha256_salt,none,False,0.44,22
2025-12-30 15:32:33,25493314,pythonfan,mustang,sha256_salt,none,False,0.66,22
2025-12-30 15:32:35,25493314,techgirl,mustang,sha256_salt,none,False,0.68,22
2025-12-30 15:32:37,25493314,cloud_user,mustang,sha256_salt,none,False,0.57,22
2025-12-30 15:32:40,25493314,gamer22,mustang,sha256_salt,none,False,0.71,22
2025-12-30 15:32:42,25493314,webdev,mustang,sha256_salt,none,False,0.87,22
2025-12-30 15:32:44,25493314,sha.sec,mustang,sha256_salt,none,False,0.84,22
2025-12-30 15:32:46,25493314,secure_user,mustang,sha256_salt,none,False,0.63,22
2025-12-30 15:32:48,25493314,cyber.auth,mustang,sha256_salt,none,False,0.71,22
2025-12-30 15:32:50,25493314,dev.access,mustang,sha256_salt,none,False,0.76,22
2025-12-30 15:32:52,25493314,root.guard,mustang,sha256_salt,none,False,0.72,22
2025-12-30 15:32:54,25493314,net.lock,mustang,sha256_salt,none,False,0.3,22
2025-12-30 15:32:56,25493314,auth.master,mustang,sha256_salt,none,False,0.67,22
2025-12-30 15:32:59,25493314,vault_user,mustang,sha256_salt,none,False,0.67,38
2025-12-30 15:33:01,25493314,system.sec,mustang,sha256_salt,none,False,0.64,93
2025-12-30 15:33:03,25493314,secure.login,mustang,sha256_salt,none,False,1.15,93
2025-12-30 15:33:05,25493314,user1,121212,sha256_salt,none,False,0.87,23
2025-12-30 15:33:07,25493314,admin,121212,sha256_salt,none,False,0.7,23
2025-12-30 15:33:09,25493314,guest,121212,sha256_salt,none,False,0.76,23
2025-12-30 15:33:11,25493314,test,121212,sha256_salt,none,False,0.67,23
2025-12-30 15:33:13,25493314,hello,121212,sha256_salt,none,False,0.69,23
2025-12-30 15:33:15,25493314,name,121212,sha256_salt,none,False,0.75,23
2025-12-30 15:33:17,25493314,login,121212,sha256_salt,none,False,0.71,23
2025-12-30 15:33:20,25493314,abc,121212,sha256_salt,none,False,0.71,23
2025-12-30 15:33:22,25493314,demo,121212,sha256_salt,none,False,0.87,23
2025-12-30 15:33:24,25493314,student,121212,sha256_salt,none,False,1.09,23
2025-12-30 15:33:26,25493314,Student_user,121212,sha256_salt,none,False,0.89,23
2025-12-30 15:33:28,25493314,user_test,121212,sha256_salt,none,False,0.71,23
2025-12-30 15:33:30,25493314,bluecat,121212,sha256_salt,none,False,0.66,23
2025-12-30 15:33:32,25493314,student1,121212,sha256_salt,none,False,1.55,23
2025-12-30 15:33:34,25493314,login_user,121212,sha256_salt,none,False,0.55,23
2025-12-30 15:33:36,25493314,pythonfan,121212,sha256_salt,none,False,0.73,23
2025-12-30 15:33:38,25493314,techgirl,121212,sha256_salt,none,False,0.68,23
2025-12-30 15:33:41,25493314,cloud_user,121212,sha256_salt,none,False,0.75,23
2025-12-30 15:33:43,25493314,gamer22,121212,sha256_salt,none,False,0.7,23
2025-12-30 15:33:45,25493314,webdev,121212,sha256_salt,none,False,0.27,23
2025-12-30 15:33:47,25493314,sha.sec,121212,sha256_salt,none,False,0.84,23
2025-12-30 15:33:49,25493314,secure_user,121212,sha256_salt,none,False,0.69,23
2025-12-30 15:33:51,25493314,cyber.auth,121212,sha256_salt,none,False,0.75,23
2025-12-30 15:33:53,25493314,dev.access,121212,sha256_salt,none,False,0.65,23
2025-12-30 15:33:55,25493314,root.guard,121212,sha256_salt,none,False,0.69,23
2025-12-30 15:33:57,25493314,net.lock,121212,sha256_salt,none,False,0.73,23
2025-12-30 15:33:59,25493314,auth.master,121212,sha256_salt,none,False,0.74,23
2025-12-30 15:34:02,25493314,vault_user,121212,sha256_salt,none,False,0.57,39
2025-12-30 15:34:04,25493314,system.sec,121212,sha256_salt,none,False,0.69,94
2025-12-30 15:34:06,25493314,secure.login,121212,sha256_salt,none,False,0.68,94
2025-12-30 15:34:08,25493314,user1,000000,sha256_salt,none,False,0.75,24
2025-12-30 15:34:10,25493314,admin,000000,sha256_salt,none,False,0.6,24
2025-12-30 15:34:12,25493314,guest,000000,sha256_salt,none,False,0.62,24
2025-12-30 15:34:14,25493314,test,000000,sha256_salt,none,False,1.16,24
2025-12-30 15:34:16,25493314,hello,000000,sha256_salt,none,False,0.62,24
2025-12-30 15:34:18,25493314,name,000000,sha256_salt,none,False,0.7,24
2025-12-30 15:34:20,25493314,login,000000,sha256_salt,none,False,0.48,24
2025-12-30 15:34:23,25493314,abc,000000,sha256_salt,none,False,0.91,24
2025-12-30 15:34:25,25493314,demo,000000,sha256_salt,none,False,0.97,24
2025-12-30 15:34:27,25493314,student,000000,sha256_salt,none,False,0.62,24
2025-12-30 15:34:29,25493314,Student_user,000000,sha256_salt,none,False,0.49,24
2025-12-30 15:34:31,25493314,user_test,000000,sha256_salt,none,False,0.78,24
2025-12-30 15:34:33,25493314,bluecat,000000,sha256_salt,none,False,0.73,24
2025-12-30 15:34:35,25493314,student1,000000,sha256_salt,none,False,1.37,24
2025-12-30 15:34:37,25493314,login_user,000000,sha256_salt,none,False,0.63,24
2025-12-30 15:34:39,25493314,pythonfan,000000,sha256_salt,none,False,0.6,24
2025-12-30 15:34:42,25493314,techgirl,000000,sha256_salt,none,False,0.94,24
2025-12-30 15:34:44,25493314,cloud_user,000000,sha256_salt,none,False,0.64,24
2025-12-30 15:34:46,25493314,gamer22,000000,sha256_salt,none,False,0.6,24
2025-12-30 15:34:48,25493314,webdev,000000,sha256_salt,none,False,0.8,24
2025-12-30 15:34:50,25493314,sha.sec,000000,sha256_salt,none,False,0.33,24
2025-12-30 15:34:52,25493314,secure_user,000000,sha256_salt,none,False,0.69,24
2025-12-30 15:34:54,25493314,cyber.auth,000000,sha256_salt,none,False,0.75,24
2025-12-30 15:34:56,25493314,dev.access,000000,sha256_salt,none,False,0.73,24
2025-12-30 15:34:58,25493314,root.guard,000000,sha256_salt,none,False,0.78,24
2025-12-30 15:35:00,25493314,net.lock,000000,sha256_salt,none,False,0.6,24
2025-12-30 15:35:03,25493314,auth.master,000000,sha256_salt,none,False,0.61,24
2025-12-30 15:35:05,25493314,vault_user,000000,sha256_salt,none,False,0.69,40
2025-12-30 15:35:07,25493314,system.sec,000000,sha256_salt,none,False,0.98,95
2025-12-30 15:35:09,25493314,secure.login,000000,sha256_salt,none,False,0.34,95
2025-12-30 15:35:11,25493314,user1,password1,sha256_salt,none,False,0.63,25
2025-12-30 15:35:13,25493314,admin,password1,sha256_salt,none,False,0.64,25
2025-12-30 15:35:15,25493314,guest,password1,sha256_salt,none,False,0.57,25
2025-12-30 15:35:17,25493314,test,password1,sha256_salt,none,False,0.47,25
2025-12-30 15:35:19,25493314,hello,password1,sha256_salt,none,False,0.68,25
2025-12-30 15:35:21,25493314,name,password1,sha256_salt,none,False,0.63,25
2025-12-30 15:35:23,25493314,login,password1,sha256_salt,none,False,1.11,25
2025-12-30 15:35:26,25493314,abc,password1,sha256_salt,none,False,0.73,25
2025-12-30 15:35:28,25493314,demo,password1,sha256_salt,none,False,0.83,25
2025-12-30 15:35:30,25493314,student,password1,sha256_salt,none,False,0.67,25
2025-12-30 15:35:32,25493314,Student_user,password1,sha256_salt,none,False,0.65,25
2025-12-30 15:35:34,25493314,user_test,password1,sha256_salt,none,False,0.64,25
2025-12-30 15:35:36,25493314,bluecat,password1,sha256_salt,none,False,2.05,25
2025-12-30 15:35:38,25493314,student1,password1,sha256_salt,none,False,0.77,25
2025-12-30 15:35:40,25493314,login_user,password1,sha256_salt,none,False,0.63,25
2025-12-30 15:35:42,25493314,pythonfan,password1,sha256_salt,none,False,0.98,25
2025-12-30 15:35:44,25493314,techgirl,password1,sha256_salt,none,False,0.7,25
2025-12-30 15:35:47,25493314,cloud_user,password1,sha256_salt,none,False,0.37,25
2025-12-30 15:35:49,25493314,gamer22,password1,sha256_salt,none,False,0.7,25
2025-12-30 15:35:51,25493314,webdev,password1,sha256_salt,none,False,0.6,25
2025-12-30 15:35:53,25493314,sha.sec,password1,sha256_salt,none,False,0.84,25
2025-12-30 15:35:55,25493314,secure_user,password1,sha256_salt,none,False,0.71,25
2025-12-30 15:35:57,25493314,cyber.auth,password1,sha256_salt,none,False,0.86,25
2025-12-30 15:35:59,25493314,dev.access,password1,sha256_salt,none,False,0.8,25
2025-12-30 15:36:01,25493314,root.guard,password1,sha256_salt,none,False,0.57,25
2025-12-30 15:36:03,25493314,net.lock,password1,sha256_salt,none,False,0.66,25
2025-12-30 15:36:05,25493314,auth.master,password1,sha256_salt,none,False,0.7,25
2025-12-30 15:36:08,25493314,vault_user,password1,sha256_salt,none,False,0.73,41
2025-12-30 15:36:10,25493314,system.sec,password1,sha256_salt,none,False,0.64,96
2025-12-30 15:36:12,25493314,secure.login,password1,sha256_salt,none,False,0.79,96
2025-12-30 15:36:14,25493314,user1,admin,sha256_salt,none,False,0.65,26
2025-12-30 15:36:16,25493314,admin,admin,sha256_salt,none,True,0.58,26
2025-12-30 15:36:18,25493314,guest,admin,sha256_salt,none,False,0.34,26
2025-12-30 15:36:20,25493314,test,admin,sha256_salt,none,False,0.8,26
2025-12-30 15:36:22,25493314,hello,admin,sha256_salt,none,False,0.74,26
2025-12-30 15:36:24,25493314,name,admin,sha256_salt,none,False,0.71,26
2025-12-30 15:36:26,25493314,login,admin,sha256_salt,none,False,0.56,26
2025-12-30 15:36:29,25493314,abc,admin,sha256_salt,none,False,0.76,26
2025-12-30 15:36:31,25493314,demo,admin,sha256_salt,none,False,0.72,26
2025-12-30 15:36:33,25493314,student,admin,sha256_salt,none,False,0.97,26
2025-12-30 15:36:35,25493314,Student_user,admin,sha256_salt,none,False,0.61,26
2025-12-30 15:36:37,25493314,user_test,admin,sha256_salt,none,False,0.86,26
2025-12-30 15:36:39,25493314,bluecat,admin,sha256_salt,none,False,0.69,26
2025-12-30 15:36:41,25493314,student1,admin,sha256_salt,none,False,0.71,26
2025-12-30 15:36:43,25493314,login_user,admin,sha256_salt,none,False,0.53,26
2025-12-30 15:36:45,25493314,pythonfan,admin,sha256_salt,none,False,0.92,26
2025-12-30 15:36:48,25493314,techgirl,admin,sha256_salt,none,False,0.73,26
2025-12-30 15:36:50,25493314,cloud_user,admin,sha256_salt,none,False,0.69,26
2025-12-30 15:36:52,25493314,gamer22,admin,sha256_salt,none,False,0.54,26
2025-12-30 15:36:54,25493314,webdev,admin,sha256_salt,none,False,0.81,26
2025-12-30 15:36:56,25493314,sha.sec,admin,sha256_salt,none,False,1.16,26
2025-12-30 15:36:58,25493314,secure_user,admin,sha256_salt,none,False,0.81,26
2025-12-30 15:37:00,25493314,cyber.auth,admin,sha256_salt,none,False,0.69,26
2025-12-30 15:37:02,25493314,dev.access,admin,sha256_salt,none,False,0.8,26
2025-12-30 15:37:04,25493314,root.guard,admin,sha256_salt,none,False,0.62,26
2025-12-30 15:37:06,25493314,net.lock,admin,sha256_salt,none,False,0.76,26
2025-12-30 15:37:09,25493314,auth.master,admin,sha256_salt,none,False,0.73,26
2025-12-30 15:37:11,25493314,vault_user,admin,sha256_salt,none,False,0.71,42
2025-12-30 15:37:13,25493314,system.sec,admin,sha256_salt,none,False,0.71,97
2025-12-30 15:37:15,25493314,secure.login,admin,sha256_salt,none,False,0.68,97
2025-12-30 15:37:17,25493314,user1,admin123,sha256_salt,none,False,0.96,27
2025-12-30 15:37:19,25493314,admin,admin123,sha256_salt,none,False,0.73,27
2025-12-30 15:37:21,25493314,guest,admin123,sha256_salt,none,False,0.72,27
2025-12-30 15:37:23,25493314,test,admin123,sha256_salt,none,False,0.75,27
2025-12-30 15:37:25,25493314,hello,admin123,sha256_salt,none,False,0.73,27
2025-12-30 15:37:28,25493314,name,admin123,sha256_salt,none,False,0.8,27
2025-12-30 15:37:30,25493314,login,admin123,sha256_salt,none,False,0.71,27
2025-12-30 15:37:32,25493314,abc,admin123,sha256_salt,none,False,0.78,27
2025-12-30 15:37:34,25493314,demo,admin123,sha256_salt,none,False,1.37,27
2025-12-30 15:37:36,25493314,student,admin123,sha256_salt,none,False,0.83,27
2025-12-30 15:37:38,25493314,Student_user,admin123,sha256_salt,none,False,0.75,27
2025-12-30 15:37:40,25493314,user_test,admin123,sha256_salt,none,False,0.75,27
2025-12-30 15:37:42,25493314,bluecat,admin123,sha256_salt,none,False,0.68,27
2025-12-30 15:37:44,25493314,student1,admin123,sha256_salt,none,False,0.69,27
2025-12-30 15:37:47,25493314,login_user,admin123,sha256_salt,none,False,1.26,27
2025-12-30 15:37:49,25493314,pythonfan,admin123,sha256_salt,none,False,0.74,27
2025-12-30 15:37:51,25493314,techgirl,admin123,sha256_salt,none,False,0.84,27
2025-12-30 15:37:53,25493314,cloud_user,admin123,sha256_salt,none,False,0.75,27
2025-12-30 15:37:55,25493314,gamer22,admin123,sha256_salt,none,False,0.75,27
2025-12-30 15:37:57,25493314,webdev,admin123,sha256_salt,none,False,0.69,27
2025-12-30 15:37:59,25493314,sha.sec,admin123,sha256_salt,none,False,0.99,27
2025-12-30 15:38:01,25493314,secure_user,admin123,sha256_salt,none,False,0.71,27
2025-12-30 15:38:04,25493314,cyber.auth,admin123,sha256_salt,none,False,0.76,27
2025-12-30 15:38:06,25493314,dev.access,admin123,sha256_salt,none,False,0.79,27
2025-12-30 15:38:08,25493314,root.guard,admin123,sha256_salt,none,False,0.65,27
2025-12-30 15:38:10,25493314,net.lock,admin123,sha256_salt,none,False,0.63,27
2025-12-30 15:38:12,25493314,auth.master,admin123,sha256_salt,none,False,0.45,27
2025-12-30 15:38:14,25493314,vault_user,admin123,sha256_salt,none,False,0.77,43
2025-12-30 15:38:16,25493314,system.sec,admin123,sha256_salt,none,False,0.82,98
2025-12-30 15:38:18,25493314,secure.login,admin123,sha256_salt,none,False,1.68,98
2025-12-30 15:38:20,25493314,user1,root,sha256_salt,none,False,0.73,28
2025-12-30 15:38:22,25493314,admin,root,sha256_salt,none,False,0.77,28
2025-12-30 15:38:25,25493314,guest,root,sha256_salt,none,False,0.71,28
2025-12-30 15:38:27,25493314,test,root,sha256_salt,none,False,0.32,28
2025-12-30 15:38:29,25493314,hello,root,sha256_salt,none,False,0.74,28
2025-12-30 15:38:31,25493314,name,root,sha256_salt,none,False,0.98,28
2025-12-30 15:38:33,25493314,login,root,sha256_salt,none,False,0.79,28
2025-12-30 15:38:35,25493314,abc,root,sha256_salt,none,False,0.73,28
2025-12-30 15:38:37,25493314,demo,root,sha256_salt,none,False,0.66,28
2025-12-30 15:38:39,25493314,student,root,sha256_salt,none,False,0.72,28
2025-12-30 15:38:41,25493314,Student_user,root,sha256_salt,none,False,0.73,28
2025-12-30 15:38:44,25493314,user_test,root,sha256_salt,none,False,0.63,28
2025-12-30 15:38:46,25493314,bluecat,root,sha256_salt,none,False,1.37,28
2025-12-30 15:38:48,25493314,student1,root,sha256_salt,none,False,0.75,28
2025-12-30 15:38:50,25493314,login_user,root,sha256_salt,none,False,0.45,28
2025-12-30 15:38:52,25493314,pythonfan,root,sha256_salt,none,False,0.63,28
2025-12-30 15:38:54,25493314,techgirl,root,sha256_salt,none,False,0.73,28
2025-12-30 15:38:56,25493314,cloud_user,root,sha256_salt,none,False,0.72,28
2025-12-30 15:38:58,25493314,gamer22,root,sha256_salt,none,False,0.65,28
2025-12-30 15:39:00,25493314,webdev,root,sha256_salt,none,False,0.42,28
2025-12-30 15:39:03,25493314,sha.sec,root,sha256_salt,none,False,0.7,28
2025-12-30 15:39:05,25493314,secure_user,root,sha256_salt,none,False,0.71,28
2025-12-30 15:39:07,25493314,cyber.auth,root,sha256_salt,none,False,0.63,28
2025-12-30 15:39:09,25493314,dev.access,root,sha256_salt,none,False,0.91,28
2025-12-30 15:39:11,25493314,root.guard,root,sha256_salt,none,False,0.75,28
2025-12-30 15:39:13,25493314,net.lock,root,sha256_salt,none,False,0.64,28
2025-12-30 15:39:15,25493314,auth.master,root,sha256_salt,none,False,0.96,28
2025-12-30 15:39:17,25493314,vault_user,root,sha256_salt,none,False,0.71,44
2025-12-30 15:39:19,25493314,system.sec,root,sha256_salt,none,False,0.5,99
2025-12-30 15:39:22,25493314,secure.login,root,sha256_salt,none,False,0.65,99
2025-12-30 15:39:24,25493314,user1,toor,sha256_salt,none,False,1.09,29
2025-12-30 15:39:26,25493314,admin,toor,sha256_salt,none,False,0.6,29
2025-12-30 15:39:28,25493314,guest,toor,sha256_salt,none,False,0.65,29
2025-12-30 15:39:30,25493314,test,toor,sha256_salt,none,False,0.62,29
2025-12-30 15:39:32,25493314,hello,toor,sha256_salt,none,False,0.38,29
2025-12-30 15:39:34,25493314,name,toor,sha256_salt,none,False,0.7,29
2025-12-30 15:39:36,25493314,login,toor,sha256_salt,none,False,1.08,29
2025-12-30 15:39:38,25493314,abc,toor,sha256_salt,none,False,0.71,29
2025-12-30 15:39:41,25493314,demo,toor,sha256_salt,none,False,0.74,29
2025-12-30 15:39:43,25493314,student,toor,sha256_salt,none,False,0.71,29
2025-12-30 15:39:45,25493314,Student_user,toor,sha256_salt,none,False,1.1,29
2025-12-30 15:39:47,25493314,user_test,toor,sha256_salt,none,False,0.64,29
2025-12-30 15:39:49,25493314,bluecat,toor,sha256_salt,none,False,0.76,29
2025-12-30 15:39:51,25493314,student1,toor,sha256_salt,none,False,0.42,29
2025-12-30 15:39:53,25493314,login_user,toor,sha256_salt,none,False,0.51,29
2025-12-30 15:39:55,25493314,pythonfan,toor,sha256_salt,none,False,0.64,29
2025-12-30 15:39:57,25493314,techgirl,toor,sha256_salt,none,False,0.9,29
2025-12-30 15:39:59,25493314,cloud_user,toor,sha256_salt,none,False,0.7,29
2025-12-30 15:40:02,25493314,gamer22,toor,sha256_salt,none,False,0.69,29
2025-12-30 15:40:04,25493314,webdev,toor,sha256_salt,none,False,0.63,29
2025-12-30 15:40:06,25493314,sha.sec,toor,sha256_salt,none,False,0.54,29
2025-12-30 15:40:08,25493314,secure_user,toor,sha256_salt,none,False,0.98,29
2025-12-30 15:40:10,25493314,cyber.auth,toor,sha256_salt,none,False,0.97,29
2025-12-30 15:40:12,25493314,dev.access,toor,sha256_salt,none,False,0.59,29
2025-12-30 15:40:14,25493314,root.guard,toor,sha256_salt,none,False,0.9,29
2025-12-30 15:40:16,25493314,net.lock,toor,sha256_salt,none,False,0.49,29
2025-12-30 15:40:18,25493314,auth.master,toor,sha256_salt,none,False,0.72,29
2025-12-30 15:40:20,25493314,vault_user,toor,sha256_salt,none,False,0.72,45
2025-12-30 15:40:23,25493314,system.sec,toor,sha256_salt,none,False,0.32,100
2025-12-30 15:40:25,25493314,secure.login,toor,sha256_salt,none,False,0.82,100
2025-12-30 15:40:27,25493314,user1,pass,sha256_salt,none,False,0.66,30
2025-12-30 15:40:29,25493314,admin,pass,sha256_salt,none,False,0.7,30
2025-12-30 15:40:31,25493314,guest,pass,sha256_salt,none,False,0.81,30
2025-12-30 15:40:33,25493314,test,pass,sha256_salt,none,False,0.9,30
2025-12-30 15:40:35,25493314,hello,pass,sha256_salt,none,False,0.84,30
2025-12-30 15:40:37,25493314,name,pass,sha256_salt,none,False,0.79,30
2025-12-30 15:40:39,25493314,login,pass,sha256_salt,none,False,0.7,30
2025-12-30 15:40:42,25493314,abc,pass,sha256_salt,none,False,0.65,30
2025-12-30 15:40:44,25493314,demo,pass,sha256_salt,none,False,0.62,30
2025-12-30 15:40:46,25493314,student,pass,sha256_salt,none,False,0.44,30
2025-12-30 15:40:48,25493314,Student_user,pass,sha256_salt,none,False,0.66,30
2025-12-30 15:40:50,25493314,user_test,pass,sha256_salt,none,False,2.33,30
2025-12-30 15:40:52,25493314,bluecat,pass,sha256_salt,none,False,0.81,30
2025-12-30 15:40:54,25493314,student1,pass,sha256_salt,none,False,0.36,30
2025-12-30 15:40:56,25493314,login_user,pass,sha256_salt,none,False,0.69,30
2025-12-30 15:40:58,25493314,pythonfan,pass,sha256_salt,none,False,0.71,30
2025-12-30 15:41:01,25493314,techgirl,pass,sha256_salt,none,False,0.9,30
2025-12-30 15:41:03,25493314,cloud_user,pass,sha256_salt,none,False,0.76,30
2025-12-30 15:41:05,25493314,gamer22,pass,sha256_salt,none,False,0.71,30
2025-12-30 15:41:07,25493314,webdev,pass,sha256_salt,none,False,0.59,30
2025-12-30 15:41:09,25493314,sha.sec,pass,sha256_salt,none,False,1.09,30
2025-12-30 15:41:11,25493314,secure_user,pass,sha256_salt,none,False,0.59,30
2025-12-30 15:41:13,25493314,cyber.auth,pass,sha256_salt,none,False,0.46,30
2025-12-30 15:41:15,25493314,dev.access,pass,sha256_salt,none,False,0.6,30
2025-12-30 15:41:17,25493314,root.guard,pass,sha256_salt,none,False,0.72,30
2025-12-30 15:41:20,25493314,net.lock,pass,sha256_salt,none,False,0.67,30
2025-12-30 15:41:22,25493314,auth.master,pass,sha256_salt,none,False,0.74,30
2025-12-30 15:41:24,25493314,vault_user,pass,sha256_salt,none,False,0.61,46
2025-12-30 15:41:26,25493314,system.sec,pass,sha256_salt,none,False,0.66,101
2025-12-30 15:41:28,25493314,secure.login,pass,sha256_salt,none,False,0.86,101
2025-12-30 15:41:30,25493314,user1,25493314test,sha256_salt,none,False,0.65,31
2025-12-30 15:41:32,25493314,admin,25493314test,sha256_salt,none,False,0.74,31
2025-12-30 15:41:34,25493314,guest,25493314test,sha256_salt,none,False,0.65,31
2025-12-30 15:41:36,25493314,test,25493314test,sha256_salt,none,False,1.04,31
2025-12-30 15:41:39,25493314,hello,25493314test,sha256_salt,none,False,0.67,31
2025-12-30 15:41:41,25493314,name,25493314test,sha256_salt,none,False,0.57,31
2025-12-30 15:41:43,25493314,login,25493314test,sha256_salt,none,False,0.84,31
2025-12-30 15:41:45,25493314,abc,25493314test,sha256_salt,none,False,0.72,31
2025-12-30 15:41:47,25493314,demo,25493314test,sha256_salt,none,False,0.66,31
2025-12-30 15:41:49,25493314,student,25493314test,sha256_salt,none,False,0.33,31
2025-12-30 15:41:51,25493314,Student_user,25493314test,sha256_salt,none,False,0.7,31
2025-12-30 15:41:53,25493314,user_test,25493314test,sha256_salt,none,False,0.65,31
2025-12-30 15:41:55,25493314,bluecat,25493314test,sha256_salt,none,False,0.71,31
2025-12-30 15:41:58,25493314,student1,25493314test,sha256_salt,none,False,0.8,31
2025-12-30 15:42:00,25493314,login_user,25493314test,sha256_salt,none,False,0.64,31
2025-12-30 15:42:02,25493314,pythonfan,25493314test,sha256_salt,none,False,0.62,31
2025-12-30 15:42:04,25493314,techgirl,25493314test,sha256_salt,none,False,0.81,31
2025-12-30 15:42:06,25493314,cloud_user,25493314test,sha256_salt,none,False,0.79,31
2025-12-30 15:42:08,25493314,gamer22,25493314test,sha256_salt,none,False,0.59,31
2025-12-30 15:42:10,25493314,webdev,25493314test,sha256_salt,none,False,0.7,31
2025-12-30 15:42:12,25493314,sha.sec,25493314test,sha256_salt,none,False,0.65,31
2025-12-30 15:42:14,25493314,secure_user,25493314test,sha256_salt,none,False,0.85,31
2025-12-30 15:42:17,25493314,cyber.auth,25493314test,sha256_salt,none,False,0.6,31
2025-12-30 15:42:19,25493314,dev.access,25493314test,sha256_salt,none,False,0.72,31
2025-12-30 15:42:21,25493314,root.guard,25493314test,sha256_salt,none,False,0.61,31
2025-12-30 15:42:23,25493314,net.lock,25493314test,sha256_salt,none,False,0.86,31
2025-12-30 15:42:25,25493314,auth.master,25493314test,sha256_salt,none,False,0.75,31
2025-12-30 15:42:27,25493314,vault_user,25493314test,sha256_salt,none,False,0.62,47
2025-12-30 15:42:29,25493314,system.sec,25493314test,sha256_salt,none,False,0.77,102
2025-12-30 15:42:31,25493314,secure.login,25493314test,sha256_salt,none,False,0.72,102
2025-12-30 15:42:33,25493314,user1,test123,sha256_salt,none,False,1.08,32
2025-12-30 15:42:35,25493314,admin,test123,sha256_salt,none,False,0.55,32
2025-12-30 15:42:38,25493314,guest,test123,sha256_salt,none,False,0.75,32
2025-12-30 15:42:40,25493314,test,test123,sha256_salt,none,True,0.68,32
2025-12-30 15:42:42,25493314,hello,test123,sha256_salt,none,False,0.7,32
2025-12-30 15:42:44,25493314,name,test123,sha256_salt,none,False,0.4,32
2025-12-30 15:42:46,25493314,login,test123,sha256_salt,none,False,0.93,32
2025-12-30 15:42:48,25493314,abc,test123,sha256_salt,none,False,0.81,32
2025-12-30 15:42:50,25493314,demo,test123,sha256_salt,none,False,0.49,32
2025-12-30 15:42:52,25493314,student,test123,sha256_salt,none,False,0.83,32
2025-12-30 15:42:54,25493314,Student_user,test123,sha256_salt,none,False,0.61,32
2025-12-30 15:42:57,25493314,user_test,test123,sha256_salt,none,False,0.78,32
2025-12-30 15:42:59,25493314,bluecat,test123,sha256_salt,none,False,0.68,32
2025-12-30 15:43:01,25493314,student1,test123,sha256_salt,none,False,0.56,32
2025-12-30 15:43:03,25493314,login_user,test123,sha256_salt,none,False,0.36,32
2025-12-30 15:43:05,25493314,pythonfan,test123,sha256_salt,none,False,0.62,32
2025-12-30 15:43:07,25493314,techgirl,test123,sha256_salt,none,False,0.6,32
2025-12-30 15:43:09,25493314,cloud_user,test123,sha256_salt,none,False,0.63,32
2025-12-30 15:43:11,25493314,gamer22,test123,sha256_salt,none,False,0.72,32
2025-12-30 15:43:13,25493314,webdev,test123,sha256_salt,none,False,0.39,32
2025-12-30 15:43:16,25493314,sha.sec,test123,sha256_salt,none,False,0.72,32
2025-12-30 15:43:18,25493314,secure_user,test123,sha256_salt,none,False,0.35,32
2025-12-30 15:43:20,25493314,cyber.auth,test123,sha256_salt,none,False,0.76,32
2025-12-30 15:43:22,25493314,dev.access,test123,sha256_salt,none,False,0.85,32
2025-12-30 15:43:24,25493314,root.guard,test123,sha256_salt,none,False,0.92,32
2025-12-30 15:43:26,25493314,net.lock,test123,sha256_salt,none,False,0.86,32
2025-12-30 15:43:28,25493314,auth.master,test123,sha256_salt,none,False,0.8,32
2025-12-30 15:43:30,25493314,vault_user,test123,sha256_salt,none,False,0.62,48
2025-12-30 15:43:32,25493314,system.sec,test123,sha256_salt,none,False,0.58,103
2025-12-30 15:43:34,25493314,secure.login,test123,sha256_salt,none,False,0.37,103
2025-12-30 15:43:37,25493314,user1,guest,sha256_salt,none,False,0.96,33
2025-12-30 15:43:39,25493314,admin,guest,sha256_salt,none,False,0.66,33
2025-12-30 15:43:41,25493314,guest,guest,sha256_salt,none,True,0.65,33
2025-12-30 15:43:43,25493314,test,guest,sha256_salt,none,False,0.84,33
2025-12-30 15:43:45,25493314,hello,guest,sha256_salt,none,False,0.56,33
2025-12-30 15:43:47,25493314,name,guest,sha256_salt,none,False,0.8,33
2025-12-30 15:43:49,25493314,login,guest,sha256_salt,none,False,0.41,33
2025-12-30 15:43:51,25493314,abc,guest,sha256_salt,none,False,0.66,33
2025-12-30 15:43:53,25493314,demo,guest,sha256_salt,none,False,0.33,33
2025-12-30 15:43:55,25493314,student,guest,sha256_salt,none,False,0.87,33
2025-12-30 15:43:58,25493314,Student_user,guest,sha256_salt,none,False,0.73,33
2025-12-30 15:44:00,25493314,user_test,guest,sha256_salt,none,False,0.58,33
2025-12-30 15:44:02,25493314,bluecat,guest,sha256_salt,none,False,0.73,33
2025-12-30 15:44:04,25493314,student1,guest,sha256_salt,none,False,0.9,33
2025-12-30 15:44:06,25493314,login_user,guest,sha256_salt,none,False,0.79,33
2025-12-30 15:44:08,25493314,pythonfan,guest,sha256_salt,none,False,0.73,33
2025-12-30 15:44:10,25493314,techgirl,guest,sha256_salt,none,False,0.59,33
2025-12-30 15:44:12,25493314,cloud_user,guest,sha256_salt,none,False,0.62,33
2025-12-30 15:44:14,25493314,gamer22,guest,sha256_salt,none,False,0.67,33
2025-12-30 15:44:17,25493314,webdev,guest,sha256_salt,none,False,0.66,33
2025-12-30 15:44:19,25493314,sha.sec,guest,sha256_salt,none,False,0.63,33
2025-12-30 15:44:21,25493314,secure_user,guest,sha256_salt,none,False,0.69,33
2025-12-30 15:44:23,25493314,cyber.auth,guest,sha256_salt,none,False,0.82,33
2025-12-30 15:44:25,25493314,dev.access,guest,sha256_salt,none,False,0.58,33
2025-12-30 15:44:27,25493314,root.guard,guest,sha256_salt,none,False,0.72,33
2025-12-30 15:44:29,25493314,net.lock,guest,sha256_salt,none,False,0.84,33
2025-12-30 15:44:31,25493314,auth.master,guest,sha256_salt,none,False,0.4,33
2025-12-30 15:44:34,25493314,vault_user,guest,sha256_salt,none,False,0.77,49
2025-12-30 15:44:36,25493314,system.sec,guest,sha256_salt,none,False,0.91,104
2025-12-30 15:44:38,25493314,secure.login,guest,sha256_salt,none,False,0.71,104
2025-12-30 15:44:40,25493314,user1,guest123,sha256_salt,none,False,0.79,34
2025-12-30 15:44:42,25493314,admin,guest123,sha256_salt,none,False,0.74,34
2025-12-30 15:44:44,25493314,guest,guest123,sha256_salt,none,False,0.71,34
2025-12-30 15:44:46,25493314,test,guest123,sha256_salt,none,False,0.73,34
2025-12-30 15:44:48,25493314,hello,guest123,sha256_salt,none,False,0.67,34
2025-12-30 15:44:50,25493314,name,guest123,sha256_salt,none,False,0.72,34
2025-12-30 15:44:53,25493314,login,guest123,sha256_salt,none,False,0.71,34
2025-12-30 15:44:55,25493314,abc,guest123,sha256_salt,none,False,0.66,34
2025-12-30 15:44:57,25493314,demo,guest123,sha256_salt,none,False,0.71,34
2025-12-30 15:44:59,25493314,student,guest123,sha256_salt,none,False,0.7,34
2025-12-30 15:45:01,25493314,Student_user,guest123,sha256_salt,none,False,0.65,34
2025-12-30 15:45:03,25493314,user_test,guest123,sha256_salt,none,False,0.72,34
2025-12-30 15:45:05,25493314,bluecat,guest123,sha256_salt,none,False,0.71,34
2025-12-30 15:45:07,25493314,student1,guest123,sha256_salt,none,False,0.7,34
2025-12-30 15:45:10,25493314,login_user,guest123,sha256_salt,none,False,0.68,34
2025-12-30 15:45:12,25493314,pythonfan,guest123,sha256_salt,none,False,0.73,34
2025-12-30 15:45:14,25493314,techgirl,guest123,sha256_salt,none,False,0.72,34
2025-12-30 15:45:16,25493314,cloud_user,guest123,sha256_salt,none,False,0.7,34
2025-12-30 15:45:18,25493314,gamer22,guest123,sha256_salt,none,False,0.5,34
2025-12-30 15:45:20,25493314,webdev,guest123,sha256_salt,none,False,0.61,34
2025-12-30 15:45:22,25493314,sha.sec,guest123,sha256_salt,none,False,0.72,34
2025-12-30 15:45:24,25493314,secure_user,guest123,sha256_salt,none,False,0.67,34
2025-12-30 15:45:27,25493314,cyber.auth,guest123,sha256_salt,none,False,0.77,34
2025-12-30 15:45:29,25493314,dev.access,guest123,sha256_salt,none,False,0.7,34
2025-12-30 15:45:31,25493314,root.guard,guest123,sha256_salt,none,False,0.7,34
2025-12-30 15:45:33,25493314,net.lock,guest123,sha256_salt,none,False,0.76,34
2025-12-30 15:45:35,25493314,auth.master,guest123,sha256_salt,none,False,0.75,34
2025-12-30 15:45:37,25493314,vault_user,guest123,sha256_salt,none,False,0.72,50
2025-12-30 15:45:39,25493314,system.sec,guest123,sha256_salt,none,False,0.66,105
2025-12-30 15:45:41,25493314,secure.login,guest123,sha256_salt,none,False,0.65,105
2025-12-30 15:45:44,25493314,user1,user,sha256_salt,none,False,0.75,35
2025-12-30 15:45:46,25493314,admin,user,sha256_salt,none,False,0.45,35
2025-12-30 15:45:48,25493314,guest,user,sha256_salt,none,False,0.51,35
2025-12-30 15:45:50,25493314,test,user,sha256_salt,none,False,0.34,35
2025-12-30 15:45:52,25493314,hello,user,sha256_salt,none,False,0.36,35
2025-12-30 15:45:54,25493314,name,user,sha256_salt,none,False,0.4,35
2025-12-30 15:45:56,25493314,login,user,sha256_salt,none,False,0.94,35
2025-12-30 15:45:58,25493314,abc,user,sha256_salt,none,False,0.63,35
2025-12-30 15:46:00,25493314,demo,user,sha256_salt,none,False,0.85,35
2025-12-30 16:03:45,25493314,student,user,sha256_salt,none,False,0.71,35
2025-12-30 16:03:48,25493314,Student_user,user,sha256_salt,none,False,0.38,35
2025-12-30 16:03:50,25493314,user_test,user,sha256_salt,none,False,0.38,35
2025-12-30 16:03:52,25493314,bluecat,user,sha256_salt,none,False,0.78,35
2025-12-30 16:06:45,25493314,student1,user,sha256_salt,none,False,213.75,35
2025-12-30 16:06:47,25493314,login_user,user,sha256_salt,none,False,1.16,35
2025-12-30 16:06:51,25493314,pythonfan,user,sha256_salt,none,False,0.86,35
2025-12-30 16:06:54,25493314,techgirl,user,sha256_salt,none,False,0.34,35
2025-12-30 16:06:56,25493314,cloud_user,user,sha256_salt,none,False,0.61,35
2025-12-30 16:06:58,25493314,gamer22,user,sha256_salt,none,False,1.33,35
2025-12-30 16:07:00,25493314,webdev,user,sha256_salt,none,False,0.86,35
2025-12-30 16:07:02,25493314,sha.sec,user,sha256_salt,none,False,0.42,35
2025-12-30 16:07:04,25493314,secure_user,user,sha256_salt,none,False,1.11,35
2025-12-30 16:07:06,25493314,cyber.auth,user,sha256_salt,none,False,0.34,35
2025-12-30 16:07:08,25493314,dev.access,user,sha256_salt,none,False,0.45,35
2025-12-30 16:07:10,25493314,root.guard,user,sha256_salt,none,False,0.65,35
2025-12-30 16:07:12,25493314,net.lock,user,sha256_salt,none,False,0.69,35
2025-12-30 16:07:15,25493314,auth.master,user,sha256_salt,none,False,0.58,35
2025-12-30 16:07:17,25493314,vault_user,user,sha256_salt,none,False,0.44,51
2025-12-30 16:07:19,25493314,system.sec,user,sha256_salt,none,False,0.66,106
2025-12-30 16:07:21,25493314,secure.login,user,sha256_salt,none,False,0.64,106
2025-12-30 16:07:23,25493314,user1,user123,sha256_salt,none,False,0.86,36
2025-12-30 16:07:25,25493314,admin,user123,sha256_salt,none,False,0.66,36
2025-12-30 16:07:27,25493314,guest,user123,sha256_salt,none,False,0.59,36
2025-12-30 16:07:29,25493314,test,user123,sha256_salt,none,False,0.51,36
2025-12-30 16:07:31,25493314,hello,user123,sha256_salt,none,False,0.6,36
2025-12-30 16:07:33,25493314,name,user123,sha256_salt,none,False,0.43,36
2025-12-30 16:07:35,25493314,login,user123,sha256_salt,none,False,0.61,36
2025-12-30 16:07:37,25493314,abc,user123,sha256_salt,none,False,0.27,36
2025-12-30 16:07:39,25493314,demo,user123,sha256_salt,none,False,0.37,36
2025-12-30 16:07:41,25493314,student,user123,sha256_salt,none,False,0.67,36
2025-12-30 16:07:44,25493314,Student_user,user123,sha256_salt,none,False,0.64,36
2025-12-30 16:07:46,25493314,user_test,user123,sha256_salt,none,False,0.6,36
2025-12-30 16:07:48,25493314,bluecat,user123,sha256_salt,none,False,0.69,36
2025-12-30 16:07:50,25493314,student1,user123,sha256_salt,none,False,0.55,36
2025-12-30 16:07:52,25493314,login_user,user123,sha256_salt,none,False,0.58,36
2025-12-30 16:07:54,25493314,pythonfan,user123,sha256_salt,none,False,0.57,36
2025-12-30 16:07:56,25493314,techgirl,user123,sha256_salt,none,False,0.66,36
2025-12-30 16:07:58,25493314,cloud_user,user123,sha256_salt,none,False,0.69,36
2025-12-30 16:08:00,25493314,gamer22,user123,sha256_salt,none,False,0.67,36
2025-12-30 16:08:02,25493314,webdev,user123,sha256_salt,none,False,0.59,36
2025-12-30 16:08:04,25493314,sha.sec,user123,sha256_salt,none,False,0.57,36
2025-12-30 16:08:06,25493314,secure_user,user123,sha256_salt,none,False,0.59,36
2025-12-30 16:08:09,25493314,cyber.auth,user123,sha256_salt,none,False,0.61,36
2025-12-30 16:08:11,25493314,dev.access,user123,sha256_salt,none,False,0.63,36
2025-12-30 16:08:13,25493314,root.guard,user123,sha256_salt,none,False,0.6,36
2025-12-30 16:08:15,25493314,net.lock,user123,sha256_salt,none,False,0.7,36
2025-12-30 16:08:17,25493314,auth.master,user123,sha256_salt,none,False,0.59,36
2025-12-30 16:08:19,25493314,vault_user,user123,sha256_salt,none,False,0.61,52
2025-12-30 16:08:21,25493314,system.sec,user123,sha256_salt,none,False,0.68,107
2025-12-30 16:08:23,25493314,secure.login,user123,sha256_salt,none,False,0.56,107
2025-12-30 16:08:25,25493314,user1,login,sha256_salt,none,False,0.56,37
2025-12-30 16:08:27,25493314,admin,login,sha256_salt,none,False,0.58,37
2025-12-30 16:08:29,25493314,guest,login,sha256_salt,none,False,0.58,37
2025-12-30 16:08:31,25493314,test,login,sha256_salt,none,False,0.58,37
2025-12-30 16:08:33,25493314,hello,login,sha256_salt,none,False,0.59,37
2025-12-30 16:08:36,25493314,name,login,sha256_salt,none,False,0.55,37
2025-12-30 16:08:38,25493314,login,login,sha256_salt,none,True,0.58,37
2025-12-30 16:08:40,25493314,abc,login,sha256_salt,none,False,0.33,37
2025-12-30 16:08:42,25493314,demo,login,sha256_salt,none,False,0.58,37
2025-12-30 16:08:44,25493314,student,login,sha256_salt,none,False,0.36,37
2025-12-30 16:08:46,25493314,Student_user,login,sha256_salt,none,False,0.34,37
2025-12-30 16:08:48,25493314,user_test,login,sha256_salt,none,False,0.55,37
2025-12-30 16:08:50,25493314,bluecat,login,sha256_salt,none,False,0.51,37
2025-12-30 16:08:52,25493314,student1,login,sha256_salt,none,False,0.49,37
2025-12-30 16:08:54,25493314,login_user,login,sha256_salt,none,False,0.53,37
2025-12-30 16:08:56,25493314,pythonfan,login,sha256_salt,none,False,0.59,37
2025-12-30 16:08:58,25493314,techgirl,login,sha256_salt,none,False,0.73,37
2025-12-30 16:09:00,25493314,cloud_user,login,sha256_salt,none,False,0.73,37
2025-12-30 16:09:03,25493314,gamer22,login,sha256_salt,none,False,0.6,37
2025-12-30 16:09:05,25493314,webdev,login,sha256_salt,none,False,0.6,37
2025-12-30 16:09:07,25493314,sha.sec,login,sha256_salt,none,False,0.6,37
2025-12-30 16:09:09,25493314,secure_user,login,sha256_salt,none,False,0.84,37
2025-12-30 16:09:11,25493314,cyber.auth,login,sha256_salt,none,False,0.55,37
2025-12-30 16:09:13,25493314,dev.access,login,sha256_salt,none,False,0.49,37
2025-12-30 16:09:15,25493314,root.guard,login,sha256_salt,none,False,0.6,37
2025-12-30 16:09:17,25493314,net.lock,login,sha256_salt,none,False,0.57,37
2025-12-30 16:09:19,25493314,auth.master,login,sha256_salt,none,False,0.63,37
2025-12-30 16:09:21,25493314,vault_user,login,sha256_salt,none,False,0.6,53
2025-12-30 16:09:23,25493314,system.sec,login,sha256_salt,none,False,0.57,108
2025-12-30 16:09:25,25493314,secure.login,login,sha256_salt,none,False,0.66,108
2025-12-30 16:09:27,25493314,user1,login123,sha256_salt,none,False,0.57,38
2025-12-30 16:09:30,25493314,admin,login123,sha256_salt,none,False,0.59,38
2025-12-30 16:09:32,25493314,guest,login123,sha256_salt,none,False,0.59,38
2025-12-30 16:09:34,25493314,test,login123,sha256_salt,none,False,0.38,38
2025-12-30 16:09:36,25493314,hello,login123,sha256_salt,none,False,0.42,38
2025-12-30 16:09:38,25493314,name,login123,sha256_salt,none,False,0.59,38
2025-12-30 16:09:40,25493314,login,login123,sha256_salt,none,False,0.58,38
2025-12-30 16:09:42,25493314,abc,login123,sha256_salt,none,False,0.58,38
2025-12-30 16:09:44,25493314,demo,login123,sha256_salt,none,False,0.64,38
2025-12-30 16:09:46,25493314,student,login123,sha256_salt,none,False,0.56,38
2025-12-30 16:09:48,25493314,Student_user,login123,sha256_salt,none,False,0.88,38
2025-12-30 16:09:50,25493314,user_test,login123,sha256_salt,none,False,0.55,38
2025-12-30 16:09:52,25493314,bluecat,login123,sha256_salt,none,False,0.55,38
2025-12-30 16:09:54,25493314,student1,login123,sha256_salt,none,False,0.58,38
2025-12-30 16:09:57,25493314,login_user,login123,sha256_salt,none,False,0.56,38
2025-12-30 16:09:59,25493314,pythonfan,login123,sha256_salt,none,False,0.36,38
2025-12-30 16:10:01,25493314,techgirl,login123,sha256_salt,none,False,0.39,38
2025-12-30 16:10:03,25493314,cloud_user,login123,sha256_salt,none,False,0.52,38
2025-12-30 16:10:05,25493314,gamer22,login123,sha256_salt,none,False,0.4,38
2025-12-30 16:10:07,25493314,webdev,login123,sha256_salt,none,False,0.63,38
2025-12-30 16:10:09,25493314,sha.sec,login123,sha256_salt,none,False,0.59,38
2025-12-30 16:10:11,25493314,secure_user,login123,sha256_salt,none,False,0.71,38
2025-12-30 16:10:13,25493314,cyber.auth,login123,sha256_salt,none,False,0.59,38
2025-12-30 16:10:15,25493314,dev.access,login123,sha256_salt,none,False,0.6,38
2025-12-30 16:10:17,25493314,root.guard,login123,sha256_salt,none,False,0.57,38
2025-12-30 16:10:19,25493314,net.lock,login123,sha256_salt,none,False,0.64,38
2025-12-30 16:10:22,25493314,auth.master,login123,sha256_salt,none,False,0.56,38
2025-12-30 16:10:24,25493314,vault_user,login123,sha256_salt,none,False,0.41,54
2025-12-30 16:10:26,25493314,system.sec,login123,sha256_salt,none,False,0.74,109
2025-12-30 16:10:28,25493314,secure.login,login123,sha256_salt,none,False,0.71,109
2025-12-30 16:10:30,25493314,user1,welcome,sha256_salt,none,False,0.39,39
2025-12-30 16:10:32,25493314,admin,welcome,sha256_salt,none,False,0.68,39
2025-12-30 16:10:34,25493314,guest,welcome,sha256_salt,none,False,0.55,39
2025-12-30 16:10:36,25493314,test,welcome,sha256_salt,none,False,0.66,39
2025-12-30 16:10:38,25493314,hello,welcome,sha256_salt,none,False,0.34,39
2025-12-30 16:10:40,25493314,name,welcome,sha256_salt,none,False,0.54,39
2025-12-30 16:10:42,25493314,login,welcome,sha256_salt,none,False,0.86,39
2025-12-30 16:10:44,25493314,abc,welcome,sha256_salt,none,False,0.33,39
2025-12-30 16:10:46,25493314,demo,welcome,sha256_salt,none,False,0.65,39
2025-12-30 16:10:49,25493314,student,welcome,sha256_salt,none,False,1.04,39
2025-12-30 16:10:51,25493314,Student_user,welcome,sha256_salt,none,False,0.54,39
2025-12-30 16:10:53,25493314,user_test,welcome,sha256_salt,none,False,0.9,39
2025-12-30 16:10:55,25493314,bluecat,welcome,sha256_salt,none,False,0.55,39
2025-12-30 16:10:57,25493314,student1,welcome,sha256_salt,none,False,0.3,39
2025-12-30 16:10:59,25493314,login_user,welcome,sha256_salt,none,False,0.68,39
2025-12-30 16:11:01,25493314,pythonfan,welcome,sha256_salt,none,False,0.57,39
2025-12-30 16:11:03,25493314,techgirl,welcome,sha256_salt,none,False,0.61,39
2025-12-30 16:11:05,25493314,cloud_user,welcome,sha256_salt,none,False,0.46,39
2025-12-30 16:11:07,25493314,gamer22,welcome,sha256_salt,none,False,0.69,39
2025-12-30 16:11:09,25493314,webdev,welcome,sha256_salt,none,False,0.55,39
2025-12-30 16:11:11,25493314,sha.sec,welcome,sha256_salt,none,False,0.56,39
2025-12-30 16:11:14,25493314,secure_user,welcome,sha256_salt,none,False,0.62,39
2025-12-30 16:11:16,25493314,cyber.auth,welcome,sha256_salt,none,False,0.54,39
2025-12-30 16:11:18,25493314,dev.access,welcome,sha256_salt,none,False,0.59,39
2025-12-30 16:11:20,25493314,root.guard,welcome,sha256_salt,none,False,0.42,39
2025-12-30 16:11:22,25493314,net.lock,welcome,sha256_salt,none,False,0.31,39
2025-12-30 16:11:24,25493314,auth.master,welcome,sha256_salt,none,False,0.56,39
2025-12-30 16:11:26,25493314,vault_user,welcome,sha256_salt,none,False,0.35,55
2025-12-30 16:11:28,25493314,system.sec,welcome,sha256_salt,none,False,0.35,110
2025-12-30 16:11:30,25493314,secure.login,welcome,sha256_salt,none,False,0.33,110
2025-12-30 16:11:32,25493314,user1,welcome1,sha256_salt,none,False,0.56,40
2025-12-30 16:11:34,25493314,admin,welcome1,sha256_salt,none,False,0.67,40
2025-12-30 16:11:36,25493314,guest,welcome1,sha256_salt,none,False,0.32,40
2025-12-30 16:11:39,25493314,test,welcome1,sha256_salt,none,False,0.62,40
2025-12-30 16:11:41,25493314,hello,welcome1,sha256_salt,none,False,0.64,40
2025-12-30 16:11:43,25493314,name,welcome1,sha256_salt,none,False,0.72,40
2025-12-30 16:11:45,25493314,login,welcome1,sha256_salt,none,False,0.55,40
2025-12-30 16:11:47,25493314,abc,welcome1,sha256_salt,none,False,0.56,40
2025-12-30 16:11:49,25493314,demo,welcome1,sha256_salt,none,False,0.7,40
2025-12-30 16:11:51,25493314,student,welcome1,sha256_salt,none,False,0.59,40
2025-12-30 16:11:53,25493314,Student_user,welcome1,sha256_salt,none,False,0.61,40
2025-12-30 16:11:55,25493314,user_test,welcome1,sha256_salt,none,False,0.59,40
2025-12-30 16:11:57,25493314,bluecat,welcome1,sha256_salt,none,False,0.6,40
2025-12-30 16:11:59,25493314,student1,welcome1,sha256_salt,none,False,0.4,40
2025-12-30 16:12:01,25493314,login_user,welcome1,sha256_salt,none,False,0.56,40
2025-12-30 16:12:03,25493314,pythonfan,welcome1,sha256_salt,none,False,0.59,40
2025-12-30 16:12:06,25493314,techgirl,welcome1,sha256_salt,none,False,0.57,40
2025-12-30 16:12:08,25493314,cloud_user,welcome1,sha256_salt,none,False,0.6,40
2025-12-30 16:12:10,25493314,gamer22,welcome1,sha256_salt,none,False,0.69,40
2025-12-30 16:12:12,25493314,webdev,welcome1,sha256_salt,none,False,0.59,40
2025-12-30 16:12:14,25493314,sha.sec,welcome1,sha256_salt,none,False,0.82,40
2025-12-30 16:12:16,25493314,secure_user,welcome1,sha256_salt,none,False,0.57,40
2025-12-30 16:12:18,25493314,cyber.auth,welcome1,sha256_salt,none,False,0.61,40
2025-12-30 16:12:20,25493314,dev.access,welcome1,sha256_salt,none,False,0.45,40
2025-12-30 16:12:22,25493314,root.guard,welcome1,sha256_salt,none,False,0.77,40
2025-12-30 16:12:24,25493314,net.lock,welcome1,sha256_salt,none,False,0.67,40
2025-12-30 16:12:26,25493314,auth.master,welcome1,sha256_salt,none,False,0.57,40
2025-12-30 16:12:28,25493314,vault_user,welcome1,sha256_salt,none,False,0.56,56
2025-12-30 16:12:30,25493314,system.sec,welcome1,sha256_salt,none,False,0.72,111
2025-12-30 16:12:33,25493314,secure.login,welcome1,sha256_salt,none,False,0.28,111
2025-12-30 16:12:35,25493314,user1,password123,sha256_salt,none,False,0.55,41
2025-12-30 16:12:37,25493314,admin,password123,sha256_salt,none,False,0.61,41
2025-12-30 16:12:39,25493314,guest,password123,sha256_salt,none,False,0.65,41
2025-12-30 16:12:41,25493314,test,password123,sha256_salt,none,False,0.5,41
2025-12-30 16:12:43,25493314,hello,password123,sha256_salt,none,False,0.58,41
2025-12-30 16:12:45,25493314,name,password123,sha256_salt,none,False,0.54,41
2025-12-30 16:12:47,25493314,login,password123,sha256_salt,none,False,0.63,41
2025-12-30 16:12:49,25493314,abc,password123,sha256_salt,none,False,0.58,41
2025-12-30 16:12:51,25493314,demo,password123,sha256_salt,none,False,0.59,41
2025-12-30 16:12:53,25493314,student,password123,sha256_salt,none,False,0.59,41
2025-12-30 16:12:55,25493314,Student_user,password123,sha256_salt,none,False,0.6,41
2025-12-30 16:12:58,25493314,user_test,password123,sha256_salt,none,False,0.59,41
2025-12-30 16:13:00,25493314,bluecat,password123,sha256_salt,none,False,0.57,41
2025-12-30 16:13:02,25493314,student1,password123,sha256_salt,none,False,0.71,41
2025-12-30 16:13:04,25493314,login_user,password123,sha256_salt,none,False,0.54,41
2025-12-30 16:13:06,25493314,pythonfan,password123,sha256_salt,none,False,0.63,41
2025-12-30 16:13:08,25493314,techgirl,password123,sha256_salt,none,False,0.63,41
2025-12-30 16:13:10,25493314,cloud_user,password123,sha256_salt,none,False,0.64,41
2025-12-30 16:13:12,25493314,gamer22,password123,sha256_salt,none,False,0.67,41
2025-12-30 16:13:14,25493314,webdev,password123,sha256_salt,none,False,0.59,41
2025-12-30 16:13:16,25493314,sha.sec,password123,sha256_salt,none,False,0.58,41
2025-12-30 16:13:18,25493314,secure_user,password123,sha256_salt,none,False,0.7,41
2025-12-30 16:13:20,25493314,cyber.auth,password123,sha256_salt,none,False,0.68,41
2025-12-30 16:13:23,25493314,dev.access,password123,sha256_salt,none,False,0.64,41
2025-12-30 16:13:25,25493314,root.guard,password123,sha256_salt,none,False,0.61,41
2025-12-30 16:13:27,25493314,net.lock,password123,sha256_salt,none,False,0.54,41
2025-12-30 16:13:29,25493314,auth.master,password123,sha256_salt,none,False,0.79,41
2025-12-30 16:13:31,25493314,vault_user,password123,sha256_salt,none,False,0.56,57
2025-12-30 16:13:33,25493314,system.sec,password123,sha256_salt,none,False,0.66,112
2025-12-30 16:13:35,25493314,secure.login,password123,sha256_salt,none,False,0.61,112
2025-12-30 16:13:37,25493314,user1,admin1,sha256_salt,none,False,0.67,42
2025-12-30 16:13:39,25493314,admin,admin1,sha256_salt,none,False,0.59,42
2025-12-30 16:13:41,25493314,guest,admin1,sha256_salt,none,False,0.57,42
2025-12-30 16:13:43,25493314,test,admin1,sha256_salt,none,False,0.56,42
2025-12-30 16:13:45,25493314,hello,admin1,sha256_salt,none,False,0.59,42
2025-12-30 16:13:48,25493314,name,admin1,sha256_salt,none,False,0.56,42
2025-12-30 16:13:50,25493314,login,admin1,sha256_salt,none,False,0.56,42
2025-12-30 16:13:52,25493314,abc,admin1,sha256_salt,none,False,0.33,42
2025-12-30 16:13:54,25493314,demo,admin1,sha256_salt,none,False,0.6,42
2025-12-30 16:13:56,25493314,student,admin1,sha256_salt,none,False,0.71,42
2025-12-30 16:13:58,25493314,Student_user,admin1,sha256_salt,none,False,0.77,42
2025-12-30 16:14:00,25493314,user_test,admin1,sha256_salt,none,False,0.54,42
2025-12-30 16:14:02,25493314,bluecat,admin1,sha256_salt,none,False,0.55,42
2025-12-30 16:14:04,25493314,student1,admin1,sha256_salt,none,False,0.54,42
2025-12-30 16:14:06,25493314,login_user,admin1,sha256_salt,none,False,0.31,42
2025-12-30 16:14:08,25493314,pythonfan,admin1,sha256_salt,none,False,0.54,42
2025-12-30 16:14:11,25493314,techgirl,admin1,sha256_salt,none,False,0.64,42
2025-12-30 16:14:13,25493314,cloud_user,admin1,sha256_salt,none,False,0.32,42
2025-12-30 16:14:15,25493314,gamer22,admin1,sha256_salt,none,False,0.45,42
2025-12-30 16:14:17,25493314,webdev,admin1,sha256_salt,none,False,0.34,42
2025-12-30 16:14:19,25493314,sha.sec,admin1,sha256_salt,none,False,0.59,42
2025-12-30 16:14:21,25493314,secure_user,admin1,sha256_salt,none,False,0.85,42
2025-12-30 16:14:23,25493314,cyber.auth,admin1,sha256_salt,none,False,0.28,42
2025-12-30 16:14:25,25493314,dev.access,admin1,sha256_salt,none,False,0.55,42
2025-12-30 16:14:27,25493314,root.guard,admin1,sha256_salt,none,False,0.61,42
2025-12-30 16:14:29,25493314,net.lock,admin1,sha256_salt,none,False,0.59,42
2025-12-30 16:14:31,25493314,auth.master,admin1,sha256_salt,none,False,0.61,42
2025-12-30 16:14:33,25493314,vault_user,admin1,sha256_salt,none,False,0.65,58
2025-12-30 16:14:36,25493314,system.sec,admin1,sha256_salt,none,False,0.54,113
2025-12-30 16:14:38,25493314,secure.login,admin1,sha256_salt,none,False,0.62,113
2025-12-30 16:14:40,25493314,user1,root123,sha256_salt,none,False,0.56,43
2025-12-30 16:14:42,25493314,admin,root123,sha256_salt,none,False,0.57,43
2025-12-30 16:14:44,25493314,guest,root123,sha256_salt,none,False,0.56,43
2025-12-30 16:14:46,25493314,test,root123,sha256_salt,none,False,0.55,43
2025-12-30 16:14:48,25493314,hello,root123,sha256_salt,none,False,0.56,43
2025-12-30 16:14:50,25493314,name,root123,sha256_salt,none,False,0.68,43
2025-12-30 16:14:52,25493314,login,root123,sha256_salt,none,False,0.64,43
2025-12-30 16:14:54,25493314,abc,root123,sha256_salt,none,False,0.58,43
2025-12-30 16:14:56,25493314,demo,root123,sha256_salt,none,False,0.6,43
2025-12-30 16:14:58,25493314,student,root123,sha256_salt,none,False,0.59,43
2025-12-30 16:15:00,25493314,Student_user,root123,sha256_salt,none,False,0.58,43
2025-12-30 16:15:02,25493314,user_test,root123,sha256_salt,none,False,0.68,43
2025-12-30 16:15:05,25493314,bluecat,root123,sha256_salt,none,False,0.6,43
2025-12-30 16:15:07,25493314,student1,root123,sha256_salt,none,False,0.49,43
2025-12-30 16:15:09,25493314,login_user,root123,sha256_salt,none,False,0.43,43
2025-12-30 16:15:11,25493314,pythonfan,root123,sha256_salt,none,False,0.36,43
2025-12-30 16:15:13,25493314,techgirl,root123,sha256_salt,none,False,0.55,43
2025-12-30 16:15:15,25493314,cloud_user,root123,sha256_salt,none,False,0.33,43
2025-12-30 16:15:17,25493314,gamer22,root123,sha256_salt,none,False,0.61,43
2025-12-30 16:15:19,25493314,webdev,root123,sha256_salt,none,False,0.57,43
2025-12-30 16:15:21,25493314,sha.sec,root123,sha256_salt,none,False,0.58,43
2025-12-30 16:15:23,25493314,secure_user,root123,sha256_salt,none,False,0.6,43
2025-12-30 16:15:25,25493314,cyber.auth,root123,sha256_salt,none,False,0.55,43
2025-12-30 16:15:27,25493314,dev.access,root123,sha256_salt,none,False,0.56,43
2025-12-30 16:15:30,25493314,root.guard,root123,sha256_salt,none,False,0.58,43
2025-12-30 16:15:32,25493314,net.lock,root123,sha256_salt,none,False,0.61,43
2025-12-30 16:15:34,25493314,auth.master,root123,sha256_salt,none,False,0.54,43
2025-12-30 16:15:36,25493314,vault_user,root123,sha256_salt,none,False,0.61,59
2025-12-30 16:15:38,25493314,system.sec,root123,sha256_salt,none,False,0.66,114
2025-12-30 16:15:40,25493314,secure.login,root123,sha256_salt,none,False,0.67,114
2025-12-30 16:15:42,25493314,user1,pass123,sha256_salt,none,False,0.49,44
2025-12-30 16:15:44,25493314,admin,pass123,sha256_salt,none,False,0.59,44
2025-12-30 16:15:46,25493314,guest,pass123,sha256_salt,none,False,0.7,44
2025-12-30 16:15:48,25493314,test,pass123,sha256_salt,none,False,0.57,44
2025-12-30 16:15:50,25493314,hello,pass123,sha256_salt,none,False,0.57,44
2025-12-30 16:15:52,25493314,name,pass123,sha256_salt,none,False,0.6,44
2025-12-30 16:15:54,25493314,login,pass123,sha256_salt,none,False,0.6,44
2025-12-30 16:15:57,25493314,abc,pass123,sha256_salt,none,False,0.78,44
2025-12-30 16:15:59,25493314,demo,pass123,sha256_salt,none,False,0.53,44
2025-12-30 16:16:01,25493314,student,pass123,sha256_salt,none,False,0.68,44
2025-12-30 16:16:03,25493314,Student_user,pass123,sha256_salt,none,False,0.79,44
2025-12-30 16:16:05,25493314,user_test,pass123,sha256_salt,none,False,0.56,44
2025-12-30 16:16:07,25493314,bluecat,pass123,sha256_salt,none,False,0.55,44
2025-12-30 16:16:09,25493314,student1,pass123,sha256_salt,none,False,0.59,44
2025-12-30 16:16:11,25493314,login_user,pass123,sha256_salt,none,False,0.6,44
2025-12-30 16:16:13,25493314,pythonfan,pass123,sha256_salt,none,False,0.37,44
2025-12-30 16:16:15,25493314,techgirl,pass123,sha256_salt,none,False,0.57,44
2025-12-30 16:16:17,25493314,cloud_user,pass123,sha256_salt,none,False,0.54,44
2025-12-30 16:16:19,25493314,gamer22,pass123,sha256_salt,none,False,0.55,44
2025-12-30 16:16:22,25493314,webdev,pass123,sha256_salt,none,False,0.54,44
2025-12-30 16:16:24,25493314,sha.sec,pass123,sha256_salt,none,False,0.37,44
2025-12-30 16:16:26,25493314,secure_user,pass123,sha256_salt,none,False,0.36,44
2025-12-30 16:16:28,25493314,cyber.auth,pass123,sha256_salt,none,False,0.8,44
2025-12-30 16:16:30,25493314,dev.access,pass123,sha256_salt,none,False,0.56,44
2025-12-30 16:16:32,25493314,root.guard,pass123,sha256_salt,none,False,0.54,44
2025-12-30 16:16:34,25493314,net.lock,pass123,sha256_salt,none,False,0.56,44
2025-12-30 16:16:36,25493314,auth.master,pass123,sha256_salt,none,False,0.73,44
2025-12-30 16:16:38,25493314,vault_user,pass123,sha256_salt,none,False,0.59,60
2025-12-30 16:16:40,25493314,system.sec,pass123,sha256_salt,none,False,0.59,115
2025-12-30 16:16:42,25493314,secure.login,pass123,sha256_salt,none,False,0.56,115
2025-12-30 16:16:44,25493314,user1,1q2w3e4r,sha256_salt,none,False,0.6,45
2025-12-30 16:16:46,25493314,admin,1q2w3e4r,sha256_salt,none,False,0.57,45
2025-12-30 16:16:49,25493314,guest,1q2w3e4r,sha256_salt,none,False,0.55,45
2025-12-30 16:16:51,25493314,test,1q2w3e4r,sha256_salt,none,False,0.34,45
2025-12-30 16:16:53,25493314,hello,1q2w3e4r,sha256_salt,none,False,0.36,45
2025-12-30 16:16:55,25493314,name,1q2w3e4r,sha256_salt,none,False,0.61,45
2025-12-30 16:16:57,25493314,login,1q2w3e4r,sha256_salt,none,False,0.52,45
2025-12-30 16:16:59,25493314,abc,1q2w3e4r,sha256_salt,none,False,1.32,45
2025-12-30 16:17:01,25493314,demo,1q2w3e4r,sha256_salt,none,False,0.63,45
2025-12-30 16:17:03,25493314,student,1q2w3e4r,sha256_salt,none,False,0.61,45
2025-12-30 16:17:05,25493314,Student_user,1q2w3e4r,sha256_salt,none,False,0.57,45
2025-12-30 16:17:07,25493314,user_test,1q2w3e4r,sha256_salt,none,False,0.55,45
2025-12-30 16:17:09,25493314,bluecat,1q2w3e4r,sha256_salt,none,False,0.64,45
2025-12-30 16:17:11,25493314,student1,1q2w3e4r,sha256_salt,none,False,0.59,45
2025-12-30 16:17:14,25493314,login_user,1q2w3e4r,sha256_salt,none,False,0.55,45
2025-12-30 16:17:16,25493314,pythonfan,1q2w3e4r,sha256_salt,none,False,0.57,45
2025-12-30 16:17:18,25493314,techgirl,1q2w3e4r,sha256_salt,none,False,0.58,45
2025-12-30 16:17:20,25493314,cloud_user,1q2w3e4r,sha256_salt,none,False,0.61,45
2025-12-30 16:17:22,25493314,gamer22,1q2w3e4r,sha256_salt,none,False,0.62,45
2025-12-30 16:17:24,25493314,webdev,1q2w3e4r,sha256_salt,none,False,0.67,45
2025-12-30 16:17:26,25493314,sha.sec,1q2w3e4r,sha256_salt,none,False,0.6,45
2025-12-30 16:17:28,25493314,secure_user,1q2w3e4r,sha256_salt,none,False,0.59,45
2025-12-30 16:17:30,25493314,cyber.auth,1q2w3e4r,sha256_salt,none,False,3.19,45
2025-12-30 16:17:32,25493314,dev.access,1q2w3e4r,sha256_salt,none,False,0.57,45
2025-12-30 16:17:34,25493314,root.guard,1q2w3e4r,sha256_salt,none,False,0.56,45
2025-12-30 16:17:36,25493314,net.lock,1q2w3e4r,sha256_salt,none,False,0.64,45
2025-12-30 16:17:39,25493314,auth.master,1q2w3e4r,sha256_salt,none,False,0.55,45
2025-12-30 16:17:41,25493314,vault_user,1q2w3e4r,sha256_salt,none,False,0.51,61
2025-12-30 16:17:43,25493314,system.sec,1q2w3e4r,sha256_salt,none,False,0.39,116
2025-12-30 16:17:45,25493314,secure.login,1q2w3e4r,sha256_salt,none,False,0.5,116
2025-12-30 16:17:47,25493314,user1,qwerty123,sha256_salt,none,False,0.6,46
2025-12-30 16:17:49,25493314,admin,qwerty123,sha256_salt,none,False,0.73,46
2025-12-30 16:17:51,25493314,guest,qwerty123,sha256_salt,none,False,0.71,46
2025-12-30 16:17:53,25493314,test,qwerty123,sha256_salt,none,False,0.37,46
2025-12-30 16:17:55,25493314,hello,qwerty123,sha256_salt,none,False,0.61,46
2025-12-30 16:17:57,25493314,name,qwerty123,sha256_salt,none,False,0.62,46
2025-12-30 16:17:59,25493314,login,qwerty123,sha256_salt,none,False,0.59,46
2025-12-30 16:18:01,25493314,abc,qwerty123,sha256_salt,none,False,0.56,46
2025-12-30 16:18:04,25493314,demo,qwerty123,sha256_salt,none,False,0.55,46
2025-12-30 16:18:06,25493314,student,qwerty123,sha256_salt,none,False,0.56,46
2025-12-30 16:18:08,25493314,Student_user,qwerty123,sha256_salt,none,False,0.57,46
2025-12-30 16:18:10,25493314,user_test,qwerty123,sha256_salt,none,False,0.58,46
2025-12-30 16:18:12,25493314,bluecat,qwerty123,sha256_salt,none,False,0.61,46
2025-12-30 16:18:14,25493314,student1,qwerty123,sha256_salt,none,False,0.56,46
2025-12-30 16:18:16,25493314,login_user,qwerty123,sha256_salt,none,False,0.58,46
2025-12-30 16:18:18,25493314,pythonfan,qwerty123,sha256_salt,none,False,0.65,46
2025-12-30 16:18:20,25493314,techgirl,qwerty123,sha256_salt,none,False,0.58,46
2025-12-30 16:18:22,25493314,cloud_user,qwerty123,sha256_salt,none,False,0.54,46
2025-12-30 16:18:24,25493314,gamer22,qwerty123,sha256_salt,none,False,0.57,46
2025-12-30 16:18:26,25493314,webdev,qwerty123,sha256_salt,none,False,0.66,46
2025-12-30 16:18:29,25493314,sha.sec,qwerty123,sha256_salt,none,False,0.62,46
2025-12-30 16:18:31,25493314,secure_user,qwerty123,sha256_salt,none,False,0.73,46
2025-12-30 16:18:33,25493314,cyber.auth,qwerty123,sha256_salt,none,False,0.6,46
2025-12-30 16:18:35,25493314,dev.access,qwerty123,sha256_salt,none,False,0.57,46
2025-12-30 16:18:37,25493314,root.guard,qwerty123,sha256_salt,none,False,0.57,46
2025-12-30 16:18:39,25493314,net.lock,qwerty123,sha256_salt,none,False,0.83,46
2025-12-30 16:18:41,25493314,auth.master,qwerty123,sha256_salt,none,False,0.57,46
2025-12-30 16:18:43,25493314,vault_user,qwerty123,sha256_salt,none,False,0.65,62
2025-12-30 16:18:45,25493314,system.sec,qwerty123,sha256_salt,none,False,0.56,117
2025-12-30 16:18:47,25493314,secure.login,qwerty123,sha256_salt,none,False,0.59,117
2025-12-30 16:18:49,25493314,user1,1234567890,sha256_salt,none,False,0.6,47
2025-12-30 16:18:51,25493314,admin,1234567890,sha256_salt,none,False,0.65,47
2025-12-30 16:18:54,25493314,guest,1234567890,sha256_salt,none,False,0.67,47
2025-12-30 16:18:56,25493314,test,1234567890,sha256_salt,none,False,0.61,47
2025-12-30 16:18:58,25493314,hello,1234567890,sha256_salt,none,False,0.54,47
2025-12-30 16:19:00,25493314,name,1234567890,sha256_salt,none,False,0.65,47
2025-12-30 16:19:02,25493314,login,1234567890,sha256_salt,none,False,0.55,47
2025-12-30 16:19:04,25493314,abc,1234567890,sha256_salt,none,False,0.69,47
2025-12-30 16:19:06,25493314,demo,1234567890,sha256_salt,none,False,0.3,47
2025-12-30 16:19:08,25493314,student,1234567890,sha256_salt,none,False,0.33,47
2025-12-30 16:19:10,25493314,Student_user,1234567890,sha256_salt,none,False,0.64,47
2025-12-30 16:19:12,25493314,user_test,1234567890,sha256_salt,none,False,0.59,47
2025-12-30 16:19:14,25493314,bluecat,1234567890,sha256_salt,none,False,0.57,47
2025-12-30 16:19:16,25493314,student1,1234567890,sha256_salt,none,False,0.63,47
2025-12-30 16:19:19,25493314,login_user,1234567890,sha256_salt,none,False,0.57,47
2025-12-30 16:19:21,25493314,pythonfan,1234567890,sha256_salt,none,False,0.78,47
2025-12-30 16:19:23,25493314,techgirl,1234567890,sha256_salt,none,False,0.54,47
2025-12-30 16:19:25,25493314,cloud_user,1234567890,sha256_salt,none,False,0.59,47
2025-12-30 16:19:27,25493314,gamer22,1234567890,sha256_salt,none,False,0.59,47
2025-12-30 16:19:29,25493314,webdev,1234567890,sha256_salt,none,False,0.54,47
2025-12-30 16:19:31,25493314,sha.sec,1234567890,sha256_salt,none,False,0.58,47
2025-12-30 16:19:33,25493314,secure_user,1234567890,sha256_salt,none,False,0.56,47
2025-12-30 16:19:35,25493314,cyber.auth,1234567890,sha256_salt,none,False,0.61,47
2025-12-30 16:19:37,25493314,dev.access,1234567890,sha256_salt,none,False,0.62,47
2025-12-30 16:19:39,25493314,root.guard,1234567890,sha256_salt,none,False,0.57,47
2025-12-30 16:19:41,25493314,net.lock,1234567890,sha256_salt,none,False,0.56,47
2025-12-30 16:19:43,25493314,auth.master,1234567890,sha256_salt,none,False,0.38,47
2025-12-30 16:19:46,25493314,vault_user,1234567890,sha256_salt,none,False,0.43,63
2025-12-30 16:19:48,25493314,system.sec,1234567890,sha256_salt,none,False,0.36,118
2025-12-30 16:19:50,25493314,secure.login,1234567890,sha256_salt,none,False,0.54,118
2025-12-30 16:19:52,25493314,user1,987654321,sha256_salt,none,False,0.37,48
2025-12-30 16:19:54,25493314,admin,987654321,sha256_salt,none,False,0.56,48
2025-12-30 16:19:56,25493314,guest,987654321,sha256_salt,none,False,0.65,48
2025-12-30 16:19:58,25493314,test,987654321,sha256_salt,none,False,0.6,48
2025-12-30 16:20:00,25493314,hello,987654321,sha256_salt,none,False,0.67,48
2025-12-30 16:20:02,25493314,name,987654321,sha256_salt,none,False,0.62,48
2025-12-30 16:20:04,25493314,login,987654321,sha256_salt,none,False,0.36,48
2025-12-30 16:20:06,25493314,abc,987654321,sha256_salt,none,False,0.57,48
2025-12-30 16:20:09,25493314,demo,987654321,sha256_salt,none,False,0.46,48
2025-12-30 16:20:11,25493314,student,987654321,sha256_salt,none,False,0.59,48
2025-12-30 16:20:13,25493314,Student_user,987654321,sha256_salt,none,False,0.56,48
2025-12-30 16:20:15,25493314,user_test,987654321,sha256_salt,none,False,0.57,48
2025-12-30 16:20:17,25493314,bluecat,987654321,sha256_salt,none,False,0.56,48
2025-12-30 16:20:19,25493314,student1,987654321,sha256_salt,none,False,0.56,48
2025-12-30 16:20:21,25493314,login_user,987654321,sha256_salt,none,False,0.58,48
2025-12-30 16:20:23,25493314,pythonfan,987654321,sha256_salt,none,False,0.53,48
2025-12-30 16:20:25,25493314,techgirl,987654321,sha256_salt,none,False,0.57,48
2025-12-30 16:20:27,25493314,cloud_user,987654321,sha256_salt,none,False,0.56,48
2025-12-30 16:20:29,25493314,gamer22,987654321,sha256_salt,none,False,0.37,48
2025-12-30 16:20:31,25493314,webdev,987654321,sha256_salt,none,False,0.3,48
2025-12-30 16:20:34,25493314,sha.sec,987654321,sha256_salt,none,False,0.31,48
2025-12-30 16:20:36,25493314,secure_user,987654321,sha256_salt,none,False,0.66,48
2025-12-30 16:20:38,25493314,cyber.auth,987654321,sha256_salt,none,False,0.62,48
2025-12-30 16:20:40,25493314,dev.access,987654321,sha256_salt,none,False,0.57,48
2025-12-30 16:20:42,25493314,root.guard,987654321,sha256_salt,none,False,0.58,48
2025-12-30 16:20:44,25493314,net.lock,987654321,sha256_salt,none,False,0.58,48
2025-12-30 16:20:46,25493314,auth.master,987654321,sha256_salt,none,False,0.59,48
2025-12-30 16:20:48,25493314,vault_user,987654321,sha256_salt,none,False,0.6,64
2025-12-30 16:20:50,25493314,system.sec,987654321,sha256_salt,none,False,0.59,119
2025-12-30 16:20:52,25493314,secure.login,987654321,sha256_salt,none,False,0.68,119
2025-12-30 16:20:54,25493314,user1,hello,sha256_salt,none,False,0.66,49
2025-12-30 16:20:56,25493314,admin,hello,sha256_salt,none,False,0.64,49
2025-12-30 16:20:59,25493314,guest,hello,sha256_salt,none,False,0.58,49
2025-12-30 16:21:01,25493314,test,hello,sha256_salt,none,False,0.59,49
2025-12-30 16:21:03,25493314,hello,hello,sha256_salt,none,True,0.62,49
2025-12-30 16:21:05,25493314,name,hello,sha256_salt,none,False,0.71,49
2025-12-30 16:21:07,25493314,login,hello,sha256_salt,none,False,0.73,49
2025-12-30 16:21:09,25493314,abc,hello,sha256_salt,none,False,0.61,49
2025-12-30 16:21:11,25493314,demo,hello,sha256_salt,none,False,0.74,49
2025-12-30 16:21:13,25493314,student,hello,sha256_salt,none,False,0.59,49
2025-12-30 16:21:15,25493314,Student_user,hello,sha256_salt,none,False,0.57,49
2025-12-30 16:21:17,25493314,user_test,hello,sha256_salt,none,False,0.54,49
2025-12-30 16:21:19,25493314,bluecat,hello,sha256_salt,none,False,0.56,49
2025-12-30 16:21:21,25493314,student1,hello,sha256_salt,none,False,0.66,49
2025-12-30 16:21:24,25493314,login_user,hello,sha256_salt,none,False,0.72,49
2025-12-30 16:21:26,25493314,pythonfan,hello,sha256_salt,none,False,0.56,49
2025-12-30 16:21:28,25493314,techgirl,hello,sha256_salt,none,False,0.58,49
2025-12-30 16:21:30,25493314,cloud_user,hello,sha256_salt,none,False,0.75,49
2025-12-30 16:21:32,25493314,gamer22,hello,sha256_salt,none,False,0.62,49
2025-12-30 16:21:34,25493314,webdev,hello,sha256_salt,none,False,0.63,49
2025-12-30 16:21:36,25493314,sha.sec,hello,sha256_salt,none,False,0.54,49
2025-12-30 16:21:38,25493314,secure_user,hello,sha256_salt,none,False,0.58,49
2025-12-30 16:21:40,25493314,cyber.auth,hello,sha256_salt,none,False,0.55,49
2025-12-30 16:21:42,25493314,dev.access,hello,sha256_salt,none,False,0.56,49
2025-12-30 16:21:44,25493314,root.guard,hello,sha256_salt,none,False,0.42,49
2025-12-30 16:21:46,25493314,net.lock,hello,sha256_salt,none,False,0.55,49
2025-12-30 16:21:48,25493314,auth.master,hello,sha256_salt,none,False,0.43,49
2025-12-30 16:21:51,25493314,vault_user,hello,sha256_salt,none,False,0.72,65
2025-12-30 16:21:53,25493314,system.sec,hello,sha256_salt,none,False,0.46,120
2025-12-30 16:21:55,25493314,secure.login,hello,sha256_salt,none,False,0.66,120
2025-12-30 16:21:57,25493314,user1,hello123,sha256_salt,none,False,0.49,50
2025-12-30 16:21:59,25493314,admin,hello123,sha256_salt,none,False,0.69,50
2025-12-30 16:22:01,25493314,guest,hello123,sha256_salt,none,False,0.59,50
2025-12-30 16:22:03,25493314,test,hello123,sha256_salt,none,False,0.56,50
2025-12-30 16:22:05,25493314,hello,hello123,sha256_salt,none,False,0.59,50
2025-12-30 16:22:07,25493314,name,hello123,sha256_salt,none,False,0.57,50
2025-12-30 16:22:09,25493314,login,hello123,sha256_salt,none,False,0.86,50
2025-12-30 16:22:11,25493314,abc,hello123,sha256_salt,none,False,0.52,50
2025-12-30 16:22:14,25493314,demo,hello123,sha256_salt,none,False,0.68,50
2025-12-30 16:22:16,25493314,student,hello123,sha256_salt,none,False,0.62,50
2025-12-30 16:22:18,25493314,Student_user,hello123,sha256_salt,none,False,0.82,50
2025-12-30 16:22:20,25493314,user_test,hello123,sha256_salt,none,False,0.61,50
2025-12-30 16:22:22,25493314,bluecat,hello123,sha256_salt,none,False,0.7,50
2025-12-30 16:22:24,25493314,student1,hello123,sha256_salt,none,False,0.64,50
2025-12-30 16:22:26,25493314,login_user,hello123,sha256_salt,none,False,0.59,50
2025-12-30 16:22:28,25493314,pythonfan,hello123,sha256_salt,none,False,0.56,50
2025-12-30 16:22:30,25493314,techgirl,hello123,sha256_salt,none,False,0.52,50
2025-12-30 16:22:32,25493314,cloud_user,hello123,sha256_salt,none,False,0.6,50
2025-12-30 16:22:34,25493314,gamer22,hello123,sha256_salt,none,False,0.55,50
2025-12-30 16:22:36,25493314,webdev,hello123,sha256_salt,none,False,0.6,50
2025-12-30 16:22:39,25493314,sha.sec,hello123,sha256_salt,none,False,0.62,50
2025-12-30 16:22:41,25493314,secure_user,hello123,sha256_salt,none,False,0.56,50
2025-12-30 16:22:43,25493314,cyber.auth,hello123,sha256_salt,none,False,0.59,50
2025-12-30 16:22:45,25493314,dev.access,hello123,sha256_salt,none,False,0.56,50
2025-12-30 16:22:47,25493314,root.guard,hello123,sha256_salt,none,False,0.6,50
2025-12-30 16:22:49,25493314,net.lock,hello123,sha256_salt,none,False,0.56,50
2025-12-30 16:22:51,25493314,auth.master,hello123,sha256_salt,none,False,3.23,50
2025-12-30 16:22:53,25493314,vault_user,hello123,sha256_salt,none,False,0.74,66
2025-12-30 16:22:55,25493314,system.sec,hello123,sha256_salt,none,False,0.56,121
2025-12-30 16:22:57,25493314,secure.login,hello123,sha256_salt,none,False,0.57,121
2025-12-30 16:22:59,25493314,user1,iloveyou,sha256_salt,none,False,0.58,51
2025-12-30 16:23:01,25493314,admin,iloveyou,sha256_salt,none,False,0.64,51
2025-12-30 16:23:04,25493314,guest,iloveyou,sha256_salt,none,False,0.61,51
2025-12-30 16:23:06,25493314,test,iloveyou,sha256_salt,none,False,0.59,51
2025-12-30 16:23:08,25493314,hello,iloveyou,sha256_salt,none,False,0.53,51
2025-12-30 16:23:10,25493314,name,iloveyou,sha256_salt,none,False,0.35,51
2025-12-30 16:23:12,25493314,login,iloveyou,sha256_salt,none,False,0.33,51
2025-12-30 16:23:14,25493314,abc,iloveyou,sha256_salt,none,False,0.64,51
2025-12-30 16:23:16,25493314,demo,iloveyou,sha256_salt,none,False,0.37,51
2025-12-30 16:23:18,25493314,student,iloveyou,sha256_salt,none,False,0.59,51
2025-12-30 16:23:20,25493314,Student_user,iloveyou,sha256_salt,none,False,0.64,51
2025-12-30 16:23:22,25493314,user_test,iloveyou,sha256_salt,none,False,0.64,51
2025-12-30 16:23:24,25493314,bluecat,iloveyou,sha256_salt,none,False,0.66,51
2025-12-30 16:23:26,25493314,student1,iloveyou,sha256_salt,none,False,0.58,51
2025-12-30 16:23:29,25493314,login_user,iloveyou,sha256_salt,none,False,0.59,51
2025-12-30 16:23:31,25493314,pythonfan,iloveyou,sha256_salt,none,False,0.6,51
2025-12-30 16:23:33,25493314,techgirl,iloveyou,sha256_salt,none,False,0.68,51
2025-12-30 16:23:35,25493314,cloud_user,iloveyou,sha256_salt,none,False,0.56,51
2025-12-30 16:23:37,25493314,gamer22,iloveyou,sha256_salt,none,False,0.62,51
2025-12-30 16:23:39,25493314,webdev,iloveyou,sha256_salt,none,False,0.43,51
2025-12-30 16:23:41,25493314,sha.sec,iloveyou,sha256_salt,none,False,0.84,51
2025-12-30 16:23:43,25493314,secure_user,iloveyou,sha256_salt,none,False,0.61,51
2025-12-30 16:23:45,25493314,cyber.auth,iloveyou,sha256_salt,none,False,0.56,51
2025-12-30 16:23:47,25493314,dev.access,iloveyou,sha256_salt,none,False,0.61,51
2025-12-30 16:23:49,25493314,root.guard,iloveyou,sha256_salt,none,False,0.6,51
2025-12-30 16:23:51,25493314,net.lock,iloveyou,sha256_salt,none,False,0.56,51
2025-12-30 16:23:53,25493314,auth.master,iloveyou,sha256_salt,none,False,0.66,51
2025-12-30 16:23:56,25493314,vault_user,iloveyou,sha256_salt,none,False,0.65,67
2025-12-30 16:23:58,25493314,system.sec,iloveyou,sha256_salt,none,False,0.71,122
2025-12-30 16:24:00,25493314,secure.login,iloveyou,sha256_salt,none,False,0.58,122
2025-12-30 16:24:02,25493314,user1,sunshine,sha256_salt,none,False,0.6,52
2025-12-30 16:24:04,25493314,admin,sunshine,sha256_salt,none,False,0.65,52
2025-12-30 16:24:06,25493314,guest,sunshine,sha256_salt,none,False,0.56,52
2025-12-30 16:24:08,25493314,test,sunshine,sha256_salt,none,False,0.58,52
2025-12-30 16:24:10,25493314,hello,sunshine,sha256_salt,none,False,0.59,52
2025-12-30 16:24:12,25493314,name,sunshine,sha256_salt,none,False,0.59,52
2025-12-30 16:24:14,25493314,login,sunshine,sha256_salt,none,False,0.58,52
2025-12-30 16:24:16,25493314,abc,sunshine,sha256_salt,none,False,0.56,52
2025-12-30 16:24:18,25493314,demo,sunshine,sha256_salt,none,False,0.57,52
2025-12-30 16:24:20,25493314,student,sunshine,sha256_salt,none,False,0.58,52
2025-12-30 16:24:23,25493314,Student_user,sunshine,sha256_salt,none,False,0.49,52
2025-12-30 16:24:25,25493314,user_test,sunshine,sha256_salt,none,False,0.54,52
2025-12-30 16:24:27,25493314,bluecat,sunshine,sha256_salt,none,False,0.56,52
2025-12-30 16:24:29,25493314,student1,sunshine,sha256_salt,none,False,0.34,52
2025-12-30 16:24:31,25493314,login_user,sunshine,sha256_salt,none,False,0.4,52
2025-12-30 16:24:33,25493314,pythonfan,sunshine,sha256_salt,none,False,0.42,52
2025-12-30 16:24:35,25493314,techgirl,sunshine,sha256_salt,none,False,0.58,52
2025-12-30 16:24:37,25493314,cloud_user,sunshine,sha256_salt,none,False,0.61,52
2025-12-30 16:24:39,25493314,gamer22,sunshine,sha256_salt,none,False,0.42,52
2025-12-30 16:24:41,25493314,webdev,sunshine,sha256_salt,none,False,0.56,52
2025-12-30 16:24:43,25493314,sha.sec,sunshine,sha256_salt,none,False,0.71,52
2025-12-30 16:24:45,25493314,secure_user,sunshine,sha256_salt,none,False,0.56,52
2025-12-30 16:24:47,25493314,cyber.auth,sunshine,sha256_salt,none,False,0.59,52
2025-12-30 16:24:50,25493314,dev.access,sunshine,sha256_salt,none,False,0.61,52
2025-12-30 16:24:52,25493314,root.guard,sunshine,sha256_salt,none,False,0.57,52
2025-12-30 16:24:54,25493314,net.lock,sunshine,sha256_salt,none,False,0.57,52
2025-12-30 16:24:56,25493314,auth.master,sunshine,sha256_salt,none,False,0.57,52
2025-12-30 16:24:58,25493314,vault_user,sunshine,sha256_salt,none,False,0.58,68
2025-12-30 16:25:00,25493314,system.sec,sunshine,sha256_salt,none,False,0.71,123
2025-12-30 16:25:02,25493314,secure.login,sunshine,sha256_salt,none,False,0.59,123
2025-12-30 16:25:04,25493314,user1,princess,sha256_salt,none,False,0.55,53
2025-12-30 16:25:06,25493314,admin,princess,sha256_salt,none,False,0.61,53
2025-12-30 16:25:08,25493314,guest,princess,sha256_salt,none,False,0.63,53
2025-12-30 16:25:10,25493314,test,princess,sha256_salt,none,False,0.55,53
2025-12-30 16:25:12,25493314,hello,princess,sha256_salt,none,False,0.43,53
2025-12-30 16:25:15,25493314,name,princess,sha256_salt,none,False,0.55,53
2025-12-30 16:25:17,25493314,login,princess,sha256_salt,none,False,0.56,53
2025-12-30 16:25:19,25493314,abc,princess,sha256_salt,none,False,0.66,53
2025-12-30 16:25:21,25493314,demo,princess,sha256_salt,none,False,0.62,53
2025-12-30 16:25:23,25493314,student,princess,sha256_salt,none,False,0.62,53
2025-12-30 16:25:25,25493314,Student_user,princess,sha256_salt,none,False,0.62,53
2025-12-30 16:25:27,25493314,user_test,princess,sha256_salt,none,False,0.57,53
2025-12-30 16:25:29,25493314,bluecat,princess,sha256_salt,none,False,0.54,53
2025-12-30 16:25:31,25493314,student1,princess,sha256_salt,none,False,0.58,53
2025-12-30 16:25:33,25493314,login_user,princess,sha256_salt,none,False,0.56,53
2025-12-30 16:25:35,25493314,pythonfan,princess,sha256_salt,none,False,0.63,53
2025-12-30 16:25:37,25493314,techgirl,princess,sha256_salt,none,False,0.56,53
2025-12-30 16:25:40,25493314,cloud_user,princess,sha256_salt,none,False,0.55,53
2025-12-30 16:25:42,25493314,gamer22,princess,sha256_salt,none,False,0.57,53
2025-12-30 16:25:44,25493314,webdev,princess,sha256_salt,none,False,0.56,53
2025-12-30 16:25:46,25493314,sha.sec,princess,sha256_salt,none,False,0.55,53
2025-12-30 16:25:48,25493314,secure_user,princess,sha256_salt,none,False,0.65,53
2025-12-30 16:25:50,25493314,cyber.auth,princess,sha256_salt,none,False,0.45,53
2025-12-30 16:25:52,25493314,dev.access,princess,sha256_salt,none,False,0.47,53
2025-12-30 16:25:54,25493314,root.guard,princess,sha256_salt,none,False,0.62,53
2025-12-30 16:25:56,25493314,net.lock,princess,sha256_salt,none,False,0.36,53
2025-12-30 16:25:58,25493314,auth.master,princess,sha256_salt,none,False,0.6,53
2025-12-30 16:26:00,25493314,vault_user,princess,sha256_salt,none,False,0.82,69
2025-12-30 16:27:08,25493314,system.sec,princess,sha256_salt,none,False,3.26,124
2025-12-30 16:27:13,25493314,secure.login,princess,sha256_salt,none,False,2.78,124
2025-12-30 16:27:17,25493314,user1,Password1,sha256_salt,none,False,0.29,54
2025-12-30 16:27:19,25493314,admin,Password1,sha256_salt,none,False,0.9,54
2025-12-30 16:27:21,25493314,guest,Password1,sha256_salt,none,False,0.55,54
2025-12-30 16:27:24,25493314,test,Password1,sha256_salt,none,False,0.65,54
2025-12-30 16:27:26,25493314,hello,Password1,sha256_salt,none,False,0.37,54
2025-12-30 16:27:28,25493314,name,Password1,sha256_salt,none,False,0.64,54
2025-12-30 16:27:30,25493314,login,Password1,sha256_salt,none,False,0.7,54
2025-12-30 16:27:32,25493314,abc,Password1,sha256_salt,none,False,0.71,54
2025-12-30 16:27:34,25493314,demo,Password1,sha256_salt,none,False,0.31,54
2025-12-30 16:27:36,25493314,student,Password1,sha256_salt,none,False,0.69,54
2025-12-30 16:27:38,25493314,Student_user,Password1,sha256_salt,none,False,0.57,54
2025-12-30 16:27:40,25493314,user_test,Password1,sha256_salt,none,False,0.68,54
2025-12-30 16:27:42,25493314,bluecat,Password1,sha256_salt,none,False,0.71,54
2025-12-30 16:27:45,25493314,student1,Password1,sha256_salt,none,False,0.91,54
2025-12-30 16:27:47,25493314,login_user,Password1,sha256_salt,none,False,0.73,54
2025-12-30 16:27:49,25493314,pythonfan,Password1,sha256_salt,none,False,0.73,54
2025-12-30 16:27:51,25493314,techgirl,Password1,sha256_salt,none,False,0.86,54
2025-12-30 16:27:53,25493314,cloud_user,Password1,sha256_salt,none,False,0.73,54
2025-12-30 16:27:55,25493314,gamer22,Password1,sha256_salt,none,False,0.6,54
2025-12-30 16:27:57,25493314,webdev,Password1,sha256_salt,none,False,0.93,54
2025-12-30 16:27:59,25493314,sha.sec,Password1,sha256_salt,none,False,0.76,54
2025-12-30 16:28:01,25493314,secure_user,Password1,sha256_salt,none,False,0.71,54
2025-12-30 16:28:03,25493314,cyber.auth,Password1,sha256_salt,none,False,0.7,54
2025-12-30 16:28:06,25493314,dev.access,Password1,sha256_salt,none,False,0.71,54
2025-12-30 16:28:08,25493314,root.guard,Password1,sha256_salt,none,False,0.69,54
2025-12-30 16:28:10,25493314,net.lock,Password1,sha256_salt,none,False,0.64,54
2025-12-30 16:28:12,25493314,auth.master,Password1,sha256_salt,none,False,0.69,54
2025-12-30 16:28:14,25493314,vault_user,Password1,sha256_salt,none,False,0.62,70
2025-12-30 16:28:16,25493314,system.sec,Password1,sha256_salt,none,False,0.67,125
2025-12-30 16:28:18,25493314,secure.login,Password1,sha256_salt,none,False,0.69,125
2025-12-30 16:28:20,25493314,user1,Password123,sha256_salt,none,False,0.56,55
2025-12-30 16:28:22,25493314,admin,Password123,sha256_salt,none,False,0.74,55
2025-12-30 16:28:25,25493314,guest,Password123,sha256_salt,none,False,0.34,55
2025-12-30 16:28:27,25493314,test,Password123,sha256_salt,none,False,0.67,55
2025-12-30 16:28:29,25493314,hello,Password123,sha256_salt,none,False,0.82,55
2025-12-30 16:28:31,25493314,name,Password123,sha256_salt,none,False,0.69,55
2025-12-30 16:28:33,25493314,login,Password123,sha256_salt,none,False,0.43,55
2025-12-30 16:28:35,25493314,abc,Password123,sha256_salt,none,False,0.56,55
2025-12-30 16:28:37,25493314,demo,Password123,sha256_salt,none,False,0.82,55
2025-12-30 16:28:39,25493314,student,Password123,sha256_salt,none,False,0.69,55
2025-12-30 16:28:41,25493314,Student_user,Password123,sha256_salt,none,False,0.67,55
2025-12-30 16:28:43,25493314,user_test,Password123,sha256_salt,none,False,0.68,55
2025-12-30 16:28:46,25493314,bluecat,Password123,sha256_salt,none,False,0.67,55
2025-12-30 16:28:48,25493314,student1,Password123,sha256_salt,none,False,0.72,55
2025-12-30 16:28:50,25493314,login_user,Password123,sha256_salt,none,False,0.69,55
2025-12-30 16:28:52,25493314,pythonfan,Password123,sha256_salt,none,False,0.73,55
2025-12-30 16:28:54,25493314,techgirl,Password123,sha256_salt,none,False,0.66,55
2025-12-30 16:28:56,25493314,cloud_user,Password123,sha256_salt,none,False,0.72,55
2025-12-30 16:28:58,25493314,gamer22,Password123,sha256_salt,none,False,0.66,55
2025-12-30 16:29:00,25493314,webdev,Password123,sha256_salt,none,False,0.65,55
2025-12-30 16:29:02,25493314,sha.sec,Password123,sha256_salt,none,False,0.64,55
2025-12-30 16:29:05,25493314,secure_user,Password123,sha256_salt,none,False,0.7,55
2025-12-30 16:29:07,25493314,cyber.auth,Password123,sha256_salt,none,False,0.7,55
2025-12-30 16:29:09,25493314,dev.access,Password123,sha256_salt,none,False,0.6,55
2025-12-30 16:29:11,25493314,root.guard,Password123,sha256_salt,none,False,0.77,55
2025-12-30 16:29:13,25493314,net.lock,Password123,sha256_salt,none,False,0.72,55
2025-12-30 16:29:15,25493314,auth.master,Password123,sha256_salt,none,False,0.68,55
2025-12-30 16:29:17,25493314,vault_user,Password123,sha256_salt,none,False,0.69,71
2025-12-30 16:29:19,25493314,system.sec,Password123,sha256_salt,none,False,0.69,126
2025-12-30 16:29:21,25493314,secure.login,Password123,sha256_salt,none,False,0.71,126
2025-12-30 16:29:24,25493314,user1,Admin123,sha256_salt,none,False,0.72,56
2025-12-30 16:29:26,25493314,admin,Admin123,sha256_salt,none,False,0.77,56
2025-12-30 16:29:28,25493314,guest,Admin123,sha256_salt,none,False,0.66,56
2025-12-30 16:29:30,25493314,test,Admin123,sha256_salt,none,False,0.67,56
2025-12-30 16:29:32,25493314,hello,Admin123,sha256_salt,none,False,0.71,56
2025-12-30 16:29:34,25493314,name,Admin123,sha256_salt,none,False,0.7,56
2025-12-30 16:29:36,25493314,login,Admin123,sha256_salt,none,False,0.7,56
2025-12-30 16:29:38,25493314,abc,Admin123,sha256_salt,none,False,0.71,56
2025-12-30 16:29:40,25493314,demo,Admin123,sha256_salt,none,False,0.78,56
2025-12-30 16:29:42,25493314,student,Admin123,sha256_salt,none,False,0.66,56
2025-12-30 16:29:44,25493314,Student_user,Admin123,sha256_salt,none,False,0.67,56
2025-12-30 16:29:47,25493314,user_test,Admin123,sha256_salt,none,False,0.7,56
2025-12-30 16:29:49,25493314,bluecat,Admin123,sha256_salt,none,False,0.61,56
2025-12-30 16:29:51,25493314,student1,Admin123,sha256_salt,none,False,0.81,56
2025-12-30 16:29:53,25493314,login_user,Admin123,sha256_salt,none,False,0.63,56
2025-12-30 16:29:55,25493314,pythonfan,Admin123,sha256_salt,none,False,0.78,56
2025-12-30 16:29:57,25493314,techgirl,Admin123,sha256_salt,none,False,0.68,56
2025-12-30 16:29:59,25493314,cloud_user,Admin123,sha256_salt,none,False,0.69,56
2025-12-30 16:30:01,25493314,gamer22,Admin123,sha256_salt,none,False,0.7,56
2025-12-30 16:30:03,25493314,webdev,Admin123,sha256_salt,none,False,0.7,56
2025-12-30 16:30:05,25493314,sha.sec,Admin123,sha256_salt,none,False,0.69,56
2025-12-30 16:30:08,25493314,secure_user,Admin123,sha256_salt,none,False,0.69,56
2025-12-30 16:30:10,25493314,cyber.auth,Admin123,sha256_salt,none,False,0.68,56
2025-12-30 16:30:12,25493314,dev.access,Admin123,sha256_salt,none,False,0.73,56
2025-12-30 16:30:14,25493314,root.guard,Admin123,sha256_salt,none,False,0.67,56
2025-12-30 16:30:16,25493314,net.lock,Admin123,sha256_salt,none,False,0.63,56
2025-12-30 16:30:18,25493314,auth.master,Admin123,sha256_salt,none,False,0.7,56
2025-12-30 16:30:20,25493314,vault_user,Admin123,sha256_salt,none,False,0.62,72
2025-12-30 16:30:22,25493314,system.sec,Admin123,sha256_salt,none,False,0.62,127
2025-12-30 16:30:24,25493314,secure.login,Admin123,sha256_salt,none,False,0.69,127
2025-12-30 16:30:26,25493314,user1,Welcome1,sha256_salt,none,False,0.72,57
2025-12-30 16:30:29,25493314,admin,Welcome1,sha256_salt,none,False,0.71,57
2025-12-30 16:30:31,25493314,guest,Welcome1,sha256_salt,none,False,0.69,57
2025-12-30 16:30:33,25493314,test,Welcome1,sha256_salt,none,False,0.69,57
2025-12-30 16:30:35,25493314,hello,Welcome1,sha256_salt,none,False,0.68,57
2025-12-30 16:30:37,25493314,name,Welcome1,sha256_salt,none,False,0.69,57
2025-12-30 16:30:39,25493314,login,Welcome1,sha256_salt,none,False,0.78,57
2025-12-30 16:30:41,25493314,abc,Welcome1,sha256_salt,none,False,0.32,57
2025-12-30 16:30:43,25493314,demo,Welcome1,sha256_salt,none,False,0.72,57
2025-12-30 16:30:45,25493314,student,Welcome1,sha256_salt,none,False,0.78,57
2025-12-30 16:30:48,25493314,Student_user,Welcome1,sha256_salt,none,False,0.65,57
2025-12-30 16:30:50,25493314,user_test,Welcome1,sha256_salt,none,False,0.45,57
2025-12-30 16:30:52,25493314,bluecat,Welcome1,sha256_salt,none,False,0.48,57
2025-12-30 16:30:54,25493314,student1,Welcome1,sha256_salt,none,False,0.62,57
2025-12-30 16:30:56,25493314,login_user,Welcome1,sha256_salt,none,False,0.51,57
2025-12-30 16:30:58,25493314,pythonfan,Welcome1,sha256_salt,none,False,0.84,57
2025-12-30 16:31:00,25493314,techgirl,Welcome1,sha256_salt,none,False,0.88,57
2025-12-30 16:31:02,25493314,cloud_user,Welcome1,sha256_salt,none,False,0.45,57
2025-12-30 16:31:04,25493314,gamer22,Welcome1,sha256_salt,none,False,0.43,57
2025-12-30 16:31:06,25493314,webdev,Welcome1,sha256_salt,none,False,0.69,57
2025-12-30 16:31:09,25493314,sha.sec,Welcome1,sha256_salt,none,False,0.73,57
2025-12-30 16:31:11,25493314,secure_user,Welcome1,sha256_salt,none,False,0.53,57
2025-12-30 16:31:13,25493314,cyber.auth,Welcome1,sha256_salt,none,False,0.68,57
2025-12-30 16:31:15,25493314,dev.access,Welcome1,sha256_salt,none,False,0.69,57
2025-12-30 16:31:17,25493314,root.guard,Welcome1,sha256_salt,none,False,0.67,57
2025-12-30 16:31:19,25493314,net.lock,Welcome1,sha256_salt,none,False,0.66,57
2025-12-30 16:31:21,25493314,auth.master,Welcome1,sha256_salt,none,False,0.71,57
2025-12-30 16:31:23,25493314,vault_user,Welcome1,sha256_salt,none,False,0.68,73
2025-12-30 16:31:25,25493314,system.sec,Welcome1,sha256_salt,none,False,0.64,128
2025-12-30 16:31:28,25493314,secure.login,Welcome1,sha256_salt,none,False,0.67,128
2025-12-30 16:31:30,25493314,user1,Student123,sha256_salt,none,False,0.67,58
2025-12-30 16:31:32,25493314,admin,Student123,sha256_salt,none,False,0.68,58
2025-12-30 16:31:34,25493314,guest,Student123,sha256_salt,none,False,0.58,58
2025-12-30 16:31:36,25493314,test,Student123,sha256_salt,none,False,0.85,58
2025-12-30 16:31:38,25493314,hello,Student123,sha256_salt,none,False,0.64,58
2025-12-30 16:31:40,25493314,name,Student123,sha256_salt,none,False,0.67,58
2025-12-30 16:31:42,25493314,login,Student123,sha256_salt,none,False,0.72,58
2025-12-30 16:31:44,25493314,abc,Student123,sha256_salt,none,False,0.68,58
2025-12-30 16:31:47,25493314,demo,Student123,sha256_salt,none,False,0.65,58
2025-12-30 16:31:49,25493314,student,Student123,sha256_salt,none,False,0.68,58
2025-12-30 16:31:51,25493314,Student_user,Student123,sha256_salt,none,True,0.69,58
2025-12-30 16:31:53,25493314,user_test,Student123,sha256_salt,none,False,0.76,58
2025-12-30 16:31:55,25493314,bluecat,Student123,sha256_salt,none,False,0.69,58
2025-12-30 16:31:57,25493314,student1,Student123,sha256_salt,none,False,0.72,58
2025-12-30 16:31:59,25493314,login_user,Student123,sha256_salt,none,False,0.66,58
2025-12-30 16:32:01,25493314,pythonfan,Student123,sha256_salt,none,False,0.69,58
2025-12-30 16:32:03,25493314,techgirl,Student123,sha256_salt,none,False,0.72,58
2025-12-30 16:32:05,25493314,cloud_user,Student123,sha256_salt,none,False,0.7,58
2025-12-30 16:32:08,25493314,gamer22,Student123,sha256_salt,none,False,0.68,58
2025-12-30 16:32:10,25493314,webdev,Student123,sha256_salt,none,False,0.77,58
2025-12-30 16:32:12,25493314,sha.sec,Student123,sha256_salt,none,False,0.67,58
2025-12-30 16:32:14,25493314,secure_user,Student123,sha256_salt,none,False,0.69,58
2025-12-30 16:32:16,25493314,cyber.auth,Student123,sha256_salt,none,False,0.66,58
2025-12-30 16:32:18,25493314,dev.access,Student123,sha256_salt,none,False,0.63,58
2025-12-30 16:32:20,25493314,root.guard,Student123,sha256_salt,none,False,0.66,58
2025-12-30 16:32:22,25493314,net.lock,Student123,sha256_salt,none,False,0.51,58
2025-12-30 16:32:24,25493314,auth.master,Student123,sha256_salt,none,False,0.75,58
2025-12-30 16:32:26,25493314,vault_user,Student123,sha256_salt,none,False,0.62,74
2025-12-30 16:32:29,25493314,system.sec,Student123,sha256_salt,none,False,0.47,129
2025-12-30 16:32:31,25493314,secure.login,Student123,sha256_salt,none,False,0.52,129
2025-12-30 16:32:33,25493314,user1,Student99,sha256_salt,none,False,0.45,59
2025-12-30 16:32:35,25493314,admin,Student99,sha256_salt,none,False,0.62,59
2025-12-30 16:32:37,25493314,guest,Student99,sha256_salt,none,False,0.7,59
2025-12-30 16:32:39,25493314,test,Student99,sha256_salt,none,False,0.71,59
2025-12-30 16:32:41,25493314,hello,Student99,sha256_salt,none,False,0.59,59
2025-12-30 16:32:43,25493314,name,Student99,sha256_salt,none,False,0.7,59
2025-12-30 16:32:45,25493314,login,Student99,sha256_salt,none,False,0.67,59
2025-12-30 16:32:48,25493314,abc,Student99,sha256_salt,none,False,0.68,59
2025-12-30 16:32:50,25493314,demo,Student99,sha256_salt,none,False,0.66,59
2025-12-30 16:32:52,25493314,student,Student99,sha256_salt,none,False,0.67,59
2025-12-30 16:32:54,25493314,Student_user,Student99,sha256_salt,none,False,0.68,59
2025-12-30 16:32:56,25493314,user_test,Student99,sha256_salt,none,False,0.82,59
2025-12-30 16:32:58,25493314,bluecat,Student99,sha256_salt,none,False,0.68,59
2025-12-30 16:33:00,25493314,student1,Student99,sha256_salt,none,True,0.85,59
2025-12-30 16:33:02,25493314,login_user,Student99,sha256_salt,none,False,0.69,59
2025-12-30 16:33:04,25493314,pythonfan,Student99,sha256_salt,none,False,0.61,59
2025-12-30 16:33:06,25493314,techgirl,Student99,sha256_salt,none,False,0.68,59
2025-12-30 16:33:09,25493314,cloud_user,Student99,sha256_salt,none,False,0.69,59
2025-12-30 16:33:11,25493314,gamer22,Student99,sha256_salt,none,False,0.69,59
2025-12-30 16:33:13,25493314,webdev,Student99,sha256_salt,none,False,0.68,59
2025-12-30 16:33:15,25493314,sha.sec,Student99,sha256_salt,none,False,0.68,59
2025-12-30 16:33:17,25493314,secure_user,Student99,sha256_salt,none,False,0.69,59
2025-12-30 16:33:19,25493314,cyber.auth,Student99,sha256_salt,none,False,0.67,59
2025-12-30 16:33:21,25493314,dev.access,Student99,sha256_salt,none,False,0.67,59
2025-12-30 16:33:23,25493314,root.guard,Student99,sha256_salt,none,False,0.67,59
2025-12-30 16:33:25,25493314,net.lock,Student99,sha256_salt,none,False,0.74,59
2025-12-30 16:33:28,25493314,auth.master,Student99,sha256_salt,none,False,0.7,59
2025-12-30 16:33:30,25493314,vault_user,Student99,sha256_salt,none,False,0.67,75
2025-12-30 16:33:32,25493314,system.sec,Student99,sha256_salt,none,False,0.64,130
2025-12-30 16:33:34,25493314,secure.login,Student99,sha256_salt,none,False,0.7,130
2025-12-30 16:33:36,25493314,user1,Test2024,sha256_salt,none,False,0.68,60
2025-12-30 16:33:38,25493314,admin,Test2024,sha256_salt,none,False,0.62,60
2025-12-30 16:33:40,25493314,guest,Test2024,sha256_salt,none,False,0.74,60
2025-12-30 16:33:42,25493314,test,Test2024,sha256_salt,none,False,0.52,60
2025-12-30 16:33:44,25493314,hello,Test2024,sha256_salt,none,False,0.67,60
2025-12-30 16:33:46,25493314,name,Test2024,sha256_salt,none,False,0.8,60
2025-12-30 16:33:49,25493314,login,Test2024,sha256_salt,none,False,0.71,60
2025-12-30 16:33:51,25493314,abc,Test2024,sha256_salt,none,False,0.68,60
2025-12-30 16:33:53,25493314,demo,Test2024,sha256_salt,none,False,0.66,60
2025-12-30 16:33:55,25493314,student,Test2024,sha256_salt,none,False,0.75,60
2025-12-30 16:33:57,25493314,Student_user,Test2024,sha256_salt,none,False,0.68,60
2025-12-30 16:33:59,25493314,user_test,Test2024,sha256_salt,none,True,0.68,60
2025-12-30 16:34:01,25493314,bluecat,Test2024,sha256_salt,none,False,0.75,60
2025-12-30 16:34:03,25493314,student1,Test2024,sha256_salt,none,False,0.68,60
2025-12-30 16:34:05,25493314,login_user,Test2024,sha256_salt,none,False,0.66,60
2025-12-30 16:34:07,25493314,pythonfan,Test2024,sha256_salt,none,False,0.71,60
2025-12-30 16:34:09,25493314,techgirl,Test2024,sha256_salt,none,False,0.68,60
2025-12-30 16:34:12,25493314,cloud_user,Test2024,sha256_salt,none,False,0.7,60
2025-12-30 16:34:14,25493314,gamer22,Test2024,sha256_salt,none,False,0.68,60
2025-12-30 16:34:16,25493314,webdev,Test2024,sha256_salt,none,False,0.67,60
2025-12-30 16:34:18,25493314,sha.sec,Test2024,sha256_salt,none,False,0.68,60
2025-12-30 16:34:20,25493314,secure_user,Test2024,sha256_salt,none,False,0.66,60
2025-12-30 16:34:22,25493314,cyber.auth,Test2024,sha256_salt,none,False,0.67,60
2025-12-30 16:34:24,25493314,dev.access,Test2024,sha256_salt,none,False,0.78,60
2025-12-30 16:34:26,25493314,root.guard,Test2024,sha256_salt,none,False,0.77,60
2025-12-30 16:34:29,25493314,net.lock,Test2024,sha256_salt,none,False,0.73,60
2025-12-30 16:34:31,25493314,auth.master,Test2024,sha256_salt,none,False,0.67,60
2025-12-30 16:34:33,25493314,vault_user,Test2024,sha256_salt,none,False,0.37,76
2025-12-30 16:34:35,25493314,system.sec,Test2024,sha256_salt,none,False,0.64,131
2025-12-30 16:34:37,25493314,secure.login,Test2024,sha256_salt,none,False,0.86,131
2025-12-30 16:34:39,25493314,user1,Login456,sha256_salt,none,False,0.35,61
2025-12-30 16:34:41,25493314,admin,Login456,sha256_salt,none,False,0.78,61
2025-12-30 16:34:43,25493314,guest,Login456,sha256_salt,none,False,0.7,61
2025-12-30 16:34:45,25493314,test,Login456,sha256_salt,none,False,0.7,61
2025-12-30 16:34:47,25493314,hello,Login456,sha256_salt,none,False,0.74,61
2025-12-30 16:34:50,25493314,name,Login456,sha256_salt,none,False,0.68,61
2025-12-30 16:34:52,25493314,login,Login456,sha256_salt,none,False,0.66,61
2025-12-30 16:34:54,25493314,abc,Login456,sha256_salt,none,False,0.67,61
2025-12-30 16:34:56,25493314,demo,Login456,sha256_salt,none,False,0.7,61
2025-12-30 16:34:58,25493314,student,Login456,sha256_salt,none,False,0.68,61
2025-12-30 16:35:00,25493314,Student_user,Login456,sha256_salt,none,False,0.71,61
2025-12-30 16:35:02,25493314,user_test,Login456,sha256_salt,none,False,0.75,61
2025-12-30 16:35:04,25493314,bluecat,Login456,sha256_salt,none,False,0.7,61
2025-12-30 16:35:06,25493314,student1,Login456,sha256_salt,none,False,0.67,61
2025-12-30 16:35:09,25493314,login_user,Login456,sha256_salt,none,True,0.67,61
2025-12-30 16:35:11,25493314,pythonfan,Login456,sha256_salt,none,False,0.4,61
2025-12-30 16:35:13,25493314,techgirl,Login456,sha256_salt,none,False,0.66,61
2025-12-30 16:35:15,25493314,cloud_user,Login456,sha256_salt,none,False,0.68,61
2025-12-30 16:35:17,25493314,gamer22,Login456,sha256_salt,none,False,0.62,61
2025-12-30 16:35:19,25493314,webdev,Login456,sha256_salt,none,False,0.67,61
2025-12-30 16:35:21,25493314,sha.sec,Login456,sha256_salt,none,False,0.64,61
2025-12-30 16:35:23,25493314,secure_user,Login456,sha256_salt,none,False,0.74,61
2025-12-30 16:35:25,25493314,cyber.auth,Login456,sha256_salt,none,False,0.7,61
2025-12-30 16:35:27,25493314,dev.access,Login456,sha256_salt,none,False,0.7,61
2025-12-30 16:35:30,25493314,root.guard,Login456,sha256_salt,none,False,0.69,61
2025-12-30 16:35:32,25493314,net.lock,Login456,sha256_salt,none,False,0.54,61
2025-12-30 16:35:34,25493314,auth.master,Login456,sha256_salt,none,False,0.67,61
2025-12-30 16:35:36,25493314,vault_user,Login456,sha256_salt,none,False,0.66,77
2025-12-30 16:35:38,25493314,system.sec,Login456,sha256_salt,none,False,0.64,132
2025-12-30 16:35:40,25493314,secure.login,Login456,sha256_salt,none,False,0.72,132
2025-12-30 16:35:42,25493314,user1,Python101,sha256_salt,none,False,0.66,62
2025-12-30 16:35:44,25493314,admin,Python101,sha256_salt,none,False,0.67,62
2025-12-30 16:35:46,25493314,guest,Python101,sha256_salt,none,False,0.64,62
2025-12-30 16:35:49,25493314,test,Python101,sha256_salt,none,False,0.63,62
2025-12-30 16:35:51,25493314,hello,Python101,sha256_salt,none,False,0.68,62
2025-12-30 16:35:53,25493314,name,Python101,sha256_salt,none,False,0.67,62
2025-12-30 16:35:55,25493314,login,Python101,sha256_salt,none,False,0.64,62
2025-12-30 16:35:57,25493314,abc,Python101,sha256_salt,none,False,0.69,62
2025-12-30 16:35:59,25493314,demo,Python101,sha256_salt,none,False,0.68,62
2025-12-30 16:36:01,25493314,student,Python101,sha256_salt,none,False,0.67,62
2025-12-30 16:36:03,25493314,Student_user,Python101,sha256_salt,none,False,0.68,62
2025-12-30 16:36:05,25493314,user_test,Python101,sha256_salt,none,False,0.74,62
2025-12-30 16:36:07,25493314,bluecat,Python101,sha256_salt,none,False,0.66,62
2025-12-30 16:36:10,25493314,student1,Python101,sha256_salt,none,False,0.7,62
2025-12-30 16:36:12,25493314,login_user,Python101,sha256_salt,none,False,0.67,62
2025-12-30 16:36:14,25493314,pythonfan,Python101,sha256_salt,none,True,0.69,62
2025-12-30 16:36:16,25493314,techgirl,Python101,sha256_salt,none,False,0.69,62
2025-12-30 16:36:18,25493314,cloud_user,Python101,sha256_salt,none,False,0.69,62
2025-12-30 16:36:20,25493314,gamer22,Python101,sha256_salt,none,False,0.69,62
2025-12-30 16:36:22,25493314,webdev,Python101,sha256_salt,none,False,0.66,62
2025-12-30 16:36:24,25493314,sha.sec,Python101,sha256_salt,none,False,0.64,62
2025-12-30 16:36:26,25493314,secure_user,Python101,sha256_salt,none,False,0.64,62
2025-12-30 16:36:29,25493314,cyber.auth,Python101,sha256_salt,none,False,0.68,62
2025-12-30 16:36:31,25493314,dev.access,Python101,sha256_salt,none,False,0.74,62
2025-12-30 16:36:33,25493314,root.guard,Python101,sha256_salt,none,False,0.59,62
2025-12-30 16:36:35,25493314,net.lock,Python101,sha256_salt,none,False,0.69,62
2025-12-30 16:36:37,25493314,auth.master,Python101,sha256_salt,none,False,0.87,62
2025-12-30 16:36:39,25493314,vault_user,Python101,sha256_salt,none,False,0.66,78
2025-12-30 16:36:41,25493314,system.sec,Python101,sha256_salt,none,False,0.8,133
2025-12-30 16:36:43,25493314,secure.login,Python101,sha256_salt,none,False,0.6,133
2025-12-30 16:36:45,25493314,user1,demo,sha256_salt,none,False,0.4,63
2025-12-30 16:36:48,25493314,admin,demo,sha256_salt,none,False,0.68,63
2025-12-30 16:36:50,25493314,guest,demo,sha256_salt,none,False,0.7,63
2025-12-30 16:36:52,25493314,test,demo,sha256_salt,none,False,0.65,63
2025-12-30 16:36:54,25493314,hello,demo,sha256_salt,none,False,0.69,63
2025-12-30 16:36:56,25493314,name,demo,sha256_salt,none,False,0.72,63
2025-12-30 16:36:58,25493314,login,demo,sha256_salt,none,False,0.66,63
2025-12-30 16:37:00,25493314,abc,demo,sha256_salt,none,False,0.68,63
2025-12-30 16:37:02,25493314,demo,demo,sha256_salt,none,True,0.7,63
2025-12-30 16:37:04,25493314,student,demo,sha256_salt,none,False,0.67,63
2025-12-30 16:37:07,25493314,Student_user,demo,sha256_salt,none,False,0.6,63
2025-12-30 16:37:09,25493314,user_test,demo,sha256_salt,none,False,0.87,63
2025-12-30 16:37:11,25493314,bluecat,demo,sha256_salt,none,False,0.51,63
2025-12-30 16:37:13,25493314,student1,demo,sha256_salt,none,False,0.67,63
2025-12-30 16:37:15,25493314,login_user,demo,sha256_salt,none,False,0.36,63
2025-12-30 16:37:17,25493314,pythonfan,demo,sha256_salt,none,False,0.62,63
2025-12-30 16:37:19,25493314,techgirl,demo,sha256_salt,none,False,0.59,63
2025-12-30 16:37:21,25493314,cloud_user,demo,sha256_salt,none,False,0.67,63
2025-12-30 16:37:23,25493314,gamer22,demo,sha256_salt,none,False,0.76,63
2025-12-30 16:37:26,25493314,webdev,demo,sha256_salt,none,False,0.75,63
2025-12-30 16:37:28,25493314,sha.sec,demo,sha256_salt,none,False,0.66,63
2025-12-30 16:37:30,25493314,secure_user,demo,sha256_salt,none,False,0.69,63
2025-12-30 16:37:32,25493314,cyber.auth,demo,sha256_salt,none,False,0.67,63
2025-12-30 16:37:34,25493314,dev.access,demo,sha256_salt,none,False,0.87,63
2025-12-30 16:37:36,25493314,root.guard,demo,sha256_salt,none,False,0.68,63
2025-12-30 16:37:38,25493314,net.lock,demo,sha256_salt,none,False,0.68,63
2025-12-30 16:37:40,25493314,auth.master,demo,sha256_salt,none,False,0.66,63
2025-12-30 16:37:42,25493314,vault_user,demo,sha256_salt,none,False,0.6,79
2025-12-30 16:37:45,25493314,system.sec,demo,sha256_salt,none,False,0.67,134
2025-12-30 16:37:47,25493314,secure.login,demo,sha256_salt,none,False,0.72,134
2025-12-30 16:37:49,25493314,user1,student,sha256_salt,none,False,0.67,64
2025-12-30 16:37:51,25493314,admin,student,sha256_salt,none,False,0.7,64
2025-12-30 16:37:53,25493314,guest,student,sha256_salt,none,False,0.74,64
2025-12-30 16:37:55,25493314,test,student,sha256_salt,none,False,0.71,64
2025-12-30 16:37:57,25493314,hello,student,sha256_salt,none,False,0.61,64
2025-12-30 16:37:59,25493314,name,student,sha256_salt,none,False,0.67,64
2025-12-30 16:38:01,25493314,login,student,sha256_salt,none,False,0.66,64
2025-12-30 16:49:12,25493314,abc,student,sha256_salt,none,False,0.49,64
2025-12-30 16:49:14,25493314,demo,student,sha256_salt,none,False,0.4,64
2025-12-30 16:49:17,25493314,student,student,sha256_salt,none,True,0.35,64
2025-12-30 16:49:19,25493314,Student_user,student,sha256_salt,none,False,0.89,64
2025-12-30 16:49:21,25493314,user_test,student,sha256_salt,none,False,0.38,64
2025-12-30 16:49:23,25493314,bluecat,student,sha256_salt,none,False,0.26,64
2025-12-30 16:49:25,25493314,student1,student,sha256_salt,none,False,0.31,64
2025-12-30 16:49:27,25493314,login_user,student,sha256_salt,none,False,0.28,64
2025-12-30 16:49:29,25493314,pythonfan,student,sha256_salt,none,False,0.26,64

====================,SUMMARY STATISTICS,====================

Metric,Value
Total Attempts,2064
Successful Attempts,14
Failed Attempts,2050
Success Rate (%),0.68

Unique Usernames Tested,30
Unique Passwords Tested,71

Latency Statistics (ms)
Sum (Total Latency),1595.71
Average Latency,0.77
Median Latency (P50),0.67
Min Latency,0.26
Max Latency,213.75

Percentiles (ms)
10th Percentile (P10),0.48
25th Percentile (P25),0.59
75th Percentile (P75),0.73
90th Percentile (P90),0.83
95th Percentile (P95),0.90
99th Percentile (P99),1.16

Time Range
First Attempt,2025-12-30 15:10:02
Last Attempt,2025-12-30 16:49:29

Report Generated,2025-12-30 20:45:11
