timestamp,group_seed,username,password,hash_mode,protection_flags,result,latency_ms,attempt_number
2026-01-01 11:43:58,25493314,user1,123456,none,totp,False,0.29,1
2026-01-01 11:43:59,25493314,admin,123456,none,totp,False,0.44,1
2026-01-01 11:44:00,25493314,guest,123456,none,totp,False,0.43,1
2026-01-01 11:44:00,25493314,test,123456,none,totp,False,0.42,1
2026-01-01 11:44:01,25493314,hello,123456,none,totp,False,0.83,1
2026-01-01 11:44:01,25493314,name,123456,none,totp,False,0.67,1
2026-01-01 11:44:02,25493314,login,123456,none,totp,False,0.48,1
2026-01-01 11:44:02,25493314,abc,123456,none,totp,False,0.55,1
2026-01-01 11:44:03,25493314,demo,123456,none,totp,False,0.43,1
2026-01-01 11:44:03,25493314,student,123456,none,totp,False,0.43,1
2026-01-01 11:44:04,25493314,Student_user,123456,none,totp,False,0.71,1
2026-01-01 11:44:04,25493314,user_test,123456,none,totp,False,0.56,1
2026-01-01 11:44:05,25493314,bluecat,123456,none,totp,False,0.36,1
2026-01-01 11:44:05,25493314,student1,123456,none,totp,False,0.77,1
2026-01-01 11:44:06,25493314,login_user,123456,none,totp,False,0.81,1
2026-01-01 11:44:06,25493314,pythonfan,123456,none,totp,False,0.75,1
2026-01-01 11:44:07,25493314,techgirl,123456,none,totp,False,0.65,1
2026-01-01 11:44:07,25493314,cloud_user,123456,none,totp,False,0.81,1
2026-01-01 11:44:08,25493314,gamer22,123456,none,totp,False,0.73,1
2026-01-01 11:44:08,25493314,webdev,123456,none,totp,False,0.56,1
2026-01-01 11:44:09,25493314,sha.sec,123456,none,totp,False,0.41,1
2026-01-01 11:44:09,25493314,secure_user,123456,none,totp,False,0.71,1
2026-01-01 11:44:10,25493314,cyber.auth,123456,none,totp,False,0.66,1
2026-01-01 11:44:10,25493314,dev.access,123456,none,totp,False,0.79,1
2026-01-01 11:44:11,25493314,root.guard,123456,none,totp,False,0.73,1
2026-01-01 11:44:11,25493314,net.lock,123456,none,totp,False,0.84,1
2026-01-01 11:44:12,25493314,auth.master,123456,none,totp,False,0.84,1
2026-01-01 11:44:12,25493314,vault_user,123456,none,totp,False,0.72,1
2026-01-01 11:44:13,25493314,system.sec,123456,none,totp,False,0.65,1
2026-01-01 11:44:13,25493314,secure.login,123456,none,totp,False,0.83,1
2026-01-01 11:44:14,25493314,user1,password,none,totp,False,0.61,2
2026-01-01 11:44:14,25493314,admin,password,none,totp,False,0.75,2
2026-01-01 11:44:15,25493314,guest,password,none,totp,False,0.59,2
2026-01-01 11:44:15,25493314,test,password,none,totp,False,0.72,2
2026-01-01 11:44:16,25493314,hello,password,none,totp,False,0.86,2
2026-01-01 11:44:16,25493314,name,password,none,totp,False,0.83,2
2026-01-01 11:44:17,25493314,login,password,none,totp,False,0.79,2
2026-01-01 11:44:17,25493314,abc,password,none,totp,False,0.79,2
2026-01-01 11:44:18,25493314,demo,password,none,totp,False,0.73,2
2026-01-01 11:44:18,25493314,student,password,none,totp,False,0.42,2
2026-01-01 11:44:19,25493314,Student_user,password,none,totp,False,0.42,2
2026-01-01 11:44:20,25493314,user_test,password,none,totp,False,0.95,2
2026-01-01 11:44:20,25493314,bluecat,password,none,totp,False,1.03,2
2026-01-01 11:44:21,25493314,student1,password,none,totp,False,0.74,2
2026-01-01 11:44:21,25493314,login_user,password,none,totp,False,0.72,2
2026-01-01 11:44:22,25493314,pythonfan,password,none,totp,False,0.64,2
2026-01-01 11:44:22,25493314,techgirl,password,none,totp,False,0.85,2
2026-01-01 11:44:23,25493314,cloud_user,password,none,totp,False,0.92,2
2026-01-01 11:44:23,25493314,gamer22,password,none,totp,False,0.79,2
2026-01-01 11:44:24,25493314,webdev,password,none,totp,False,0.5,2
2026-01-01 11:44:24,25493314,sha.sec,password,none,totp,False,0.7,2
2026-01-01 11:44:25,25493314,secure_user,password,none,totp,False,0.17,2
2026-01-01 11:44:25,25493314,cyber.auth,password,none,totp,False,0.77,2
2026-01-01 11:44:26,25493314,dev.access,password,none,totp,False,0.6,2
2026-01-01 11:44:26,25493314,root.guard,password,none,totp,False,0.85,2
2026-01-01 11:44:27,25493314,net.lock,password,none,totp,False,0.93,2
2026-01-01 11:44:27,25493314,auth.master,password,none,totp,False,0.9,2
2026-01-01 11:44:28,25493314,vault_user,password,none,totp,False,0.94,2
2026-01-01 11:44:28,25493314,system.sec,password,none,totp,False,0.79,2
2026-01-01 11:44:29,25493314,secure.login,password,none,totp,False,0.43,2
2026-01-01 11:44:29,25493314,user1,12345678,none,totp,False,0.83,3
2026-01-01 11:44:30,25493314,admin,12345678,none,totp,False,0.71,3
2026-01-01 11:44:30,25493314,guest,12345678,none,totp,False,0.73,3
2026-01-01 11:44:31,25493314,test,12345678,none,totp,False,0.75,3
2026-01-01 11:44:31,25493314,hello,12345678,none,totp,False,0.66,3
2026-01-01 11:44:32,25493314,name,12345678,none,totp,False,0.79,3
2026-01-01 11:44:32,25493314,login,12345678,none,totp,False,0.77,3
2026-01-01 11:44:33,25493314,abc,12345678,none,totp,False,0.83,3
2026-01-01 11:44:33,25493314,demo,12345678,none,totp,False,0.81,3
2026-01-01 11:44:34,25493314,student,12345678,none,totp,False,0.59,3
2026-01-01 11:44:34,25493314,Student_user,12345678,none,totp,False,0.66,3
2026-01-01 11:44:35,25493314,user_test,12345678,none,totp,False,0.71,3
2026-01-01 11:44:35,25493314,bluecat,12345678,none,totp,False,0.67,3
2026-01-01 11:44:36,25493314,student1,12345678,none,totp,False,0.72,3
2026-01-01 11:44:36,25493314,login_user,12345678,none,totp,False,0.84,3
2026-01-01 11:44:37,25493314,pythonfan,12345678,none,totp,False,0.63,3
2026-01-01 11:44:38,25493314,techgirl,12345678,none,totp,False,0.72,3
2026-01-01 11:44:38,25493314,cloud_user,12345678,none,totp,False,0.86,3
2026-01-01 11:44:39,25493314,gamer22,12345678,none,totp,False,0.92,3
2026-01-01 11:44:39,25493314,webdev,12345678,none,totp,False,0.76,3
2026-01-01 11:44:40,25493314,sha.sec,12345678,none,totp,False,0.34,3
2026-01-01 11:44:40,25493314,secure_user,12345678,none,totp,False,0.71,3
2026-01-01 11:44:41,25493314,cyber.auth,12345678,none,totp,False,1.22,3
2026-01-01 11:44:41,25493314,dev.access,12345678,none,totp,False,0.64,3
2026-01-01 11:44:42,25493314,root.guard,12345678,none,totp,False,0.71,3
2026-01-01 11:44:42,25493314,net.lock,12345678,none,totp,False,0.82,3
2026-01-01 11:44:43,25493314,auth.master,12345678,none,totp,False,0.83,3
2026-01-01 11:44:43,25493314,vault_user,12345678,none,totp,False,0.69,3
2026-01-01 11:44:44,25493314,system.sec,12345678,none,totp,False,0.37,3
2026-01-01 11:44:44,25493314,secure.login,12345678,none,totp,False,0.74,3
2026-01-01 11:44:45,25493314,user1,qwerty,none,totp,False,0.59,4
2026-01-01 11:44:45,25493314,admin,qwerty,none,totp,False,0.79,4
2026-01-01 11:44:46,25493314,guest,qwerty,none,totp,False,0.81,4
2026-01-01 11:44:46,25493314,test,qwerty,none,totp,False,0.84,4
2026-01-01 11:44:47,25493314,hello,qwerty,none,totp,False,0.79,4
2026-01-01 11:44:47,25493314,name,qwerty,none,totp,False,0.51,4
2026-01-01 11:44:48,25493314,login,qwerty,none,totp,False,0.68,4
2026-01-01 11:44:48,25493314,abc,qwerty,none,totp,False,0.88,4
2026-01-01 11:44:49,25493314,demo,qwerty,none,totp,False,0.6,4
2026-01-01 11:44:49,25493314,student,qwerty,none,totp,False,0.65,4
2026-01-01 11:44:50,25493314,Student_user,qwerty,none,totp,False,0.82,4
2026-01-01 11:44:50,25493314,user_test,qwerty,none,totp,False,0.7,4
2026-01-01 11:44:51,25493314,bluecat,qwerty,none,totp,False,0.81,4
2026-01-01 11:44:51,25493314,student1,qwerty,none,totp,False,0.81,4
2026-01-01 11:44:52,25493314,login_user,qwerty,none,totp,False,0.63,4
2026-01-01 11:44:52,25493314,pythonfan,qwerty,none,totp,False,0.94,4
2026-01-01 11:44:53,25493314,techgirl,qwerty,none,totp,False,0.53,4
2026-01-01 11:44:53,25493314,cloud_user,qwerty,none,totp,False,0.84,4
2026-01-01 11:44:54,25493314,gamer22,qwerty,none,totp,False,0.88,4
2026-01-01 11:44:55,25493314,webdev,qwerty,none,totp,False,0.71,4
2026-01-01 11:44:55,25493314,sha.sec,qwerty,none,totp,False,0.77,4
2026-01-01 11:44:56,25493314,secure_user,qwerty,none,totp,False,0.94,4
2026-01-01 11:44:56,25493314,cyber.auth,qwerty,none,totp,False,0.6,4
2026-01-01 11:44:57,25493314,dev.access,qwerty,none,totp,False,0.78,4
2026-01-01 11:44:57,25493314,root.guard,qwerty,none,totp,False,0.74,4
2026-01-01 11:44:58,25493314,net.lock,qwerty,none,totp,False,0.73,4
2026-01-01 11:44:58,25493314,auth.master,qwerty,none,totp,False,0.51,4
2026-01-01 11:44:59,25493314,vault_user,qwerty,none,totp,False,0.59,4
2026-01-01 11:44:59,25493314,system.sec,qwerty,none,totp,False,0.86,4
2026-01-01 11:45:00,25493314,secure.login,qwerty,none,totp,False,2.15,4
2026-01-01 11:45:00,25493314,user1,123456789,none,totp,False,0.73,5
2026-01-01 11:45:01,25493314,admin,123456789,none,totp,False,0.81,5
2026-01-01 11:45:01,25493314,guest,123456789,none,totp,False,0.68,5
2026-01-01 11:45:02,25493314,test,123456789,none,totp,False,0.24,5
2026-01-01 11:45:02,25493314,hello,123456789,none,totp,False,0.68,5
2026-01-01 11:45:03,25493314,name,123456789,none,totp,False,0.76,5
2026-01-01 11:45:03,25493314,login,123456789,none,totp,False,0.89,5
2026-01-01 11:45:04,25493314,abc,123456789,none,totp,False,0.4,5
2026-01-01 11:45:04,25493314,demo,123456789,none,totp,False,0.54,5
2026-01-01 11:45:05,25493314,student,123456789,none,totp,False,0.84,5
2026-01-01 11:45:05,25493314,Student_user,123456789,none,totp,False,0.81,5
2026-01-01 11:45:06,25493314,user_test,123456789,none,totp,False,0.32,5
2026-01-01 11:45:06,25493314,bluecat,123456789,none,totp,False,0.82,5
2026-01-01 11:45:07,25493314,student1,123456789,none,totp,False,0.68,5
2026-01-01 11:45:07,25493314,login_user,123456789,none,totp,False,0.81,5
2026-01-01 11:45:08,25493314,pythonfan,123456789,none,totp,False,0.8,5
2026-01-01 11:45:08,25493314,techgirl,123456789,none,totp,False,0.5,5
2026-01-01 11:45:09,25493314,cloud_user,123456789,none,totp,False,0.94,5
2026-01-01 11:45:09,25493314,gamer22,123456789,none,totp,False,0.62,5
2026-01-01 11:45:10,25493314,webdev,123456789,none,totp,False,0.75,5
2026-01-01 11:45:10,25493314,sha.sec,123456789,none,totp,False,0.84,5
2026-01-01 11:45:11,25493314,secure_user,123456789,none,totp,False,0.78,5
2026-01-01 11:45:12,25493314,cyber.auth,123456789,none,totp,False,0.79,5
2026-01-01 11:45:12,25493314,dev.access,123456789,none,totp,False,0.87,5
2026-01-01 11:45:13,25493314,root.guard,123456789,none,totp,False,0.82,5
2026-01-01 11:45:13,25493314,net.lock,123456789,none,totp,False,0.87,5
2026-01-01 11:45:14,25493314,auth.master,123456789,none,totp,False,0.86,5
2026-01-01 11:45:14,25493314,vault_user,123456789,none,totp,False,0.71,5
2026-01-01 11:45:15,25493314,system.sec,123456789,none,totp,False,0.27,5
2026-01-01 11:45:15,25493314,secure.login,123456789,none,totp,False,0.43,5
2026-01-01 11:45:16,25493314,user1,12345,none,totp,False,0.66,6
2026-01-01 11:45:16,25493314,admin,12345,none,totp,False,0.79,6
2026-01-01 11:45:17,25493314,guest,12345,none,totp,False,0.8,6
2026-01-01 11:45:17,25493314,test,12345,none,totp,False,0.77,6
2026-01-01 11:45:18,25493314,hello,12345,none,totp,False,0.71,6
2026-01-01 11:45:18,25493314,name,12345,none,totp,False,0.64,6
2026-01-01 11:45:19,25493314,login,12345,none,totp,False,0.39,6
2026-01-01 11:45:19,25493314,abc,12345,none,totp,False,0.78,6
2026-01-01 11:45:20,25493314,demo,12345,none,totp,False,0.86,6
2026-01-01 11:45:20,25493314,student,12345,none,totp,False,0.75,6
2026-01-01 11:45:21,25493314,Student_user,12345,none,totp,False,0.66,6
2026-01-01 11:45:21,25493314,user_test,12345,none,totp,False,0.91,6
2026-01-01 11:45:22,25493314,bluecat,12345,none,totp,False,0.86,6
2026-01-01 11:45:22,25493314,student1,12345,none,totp,False,0.85,6
2026-01-01 11:45:23,25493314,login_user,12345,none,totp,False,0.67,6
2026-01-01 11:45:23,25493314,pythonfan,12345,none,totp,False,0.88,6
2026-01-01 11:45:24,25493314,techgirl,12345,none,totp,False,0.86,6
2026-01-01 11:45:24,25493314,cloud_user,12345,none,totp,False,0.8,6
2026-01-01 11:45:25,25493314,gamer22,12345,none,totp,False,0.9,6
2026-01-01 11:45:25,25493314,webdev,12345,none,totp,False,0.89,6
2026-01-01 11:45:26,25493314,sha.sec,12345,none,totp,False,0.77,6
2026-01-01 11:45:27,25493314,secure_user,12345,none,totp,False,0.7,6
2026-01-01 11:45:27,25493314,cyber.auth,12345,none,totp,False,0.59,6
2026-01-01 11:45:28,25493314,dev.access,12345,none,totp,False,0.84,6
2026-01-01 11:45:28,25493314,root.guard,12345,none,totp,False,0.76,6
2026-01-01 11:45:29,25493314,net.lock,12345,none,totp,False,0.64,6
2026-01-01 11:45:29,25493314,auth.master,12345,none,totp,False,0.82,6
2026-01-01 11:45:30,25493314,vault_user,12345,none,totp,False,0.39,6
2026-01-01 11:45:30,25493314,system.sec,12345,none,totp,False,0.8,6
2026-01-01 11:45:31,25493314,secure.login,12345,none,totp,False,0.91,6
2026-01-01 11:45:31,25493314,user1,[TOTP],none,totp,True,0.08,7
2026-01-01 11:45:32,25493314,admin,1234,none,totp,False,0.86,7
2026-01-01 11:45:32,25493314,guest,1234,none,totp,False,0.76,7
2026-01-01 11:45:33,25493314,test,1234,none,totp,False,0.6,7
2026-01-01 11:45:33,25493314,hello,1234,none,totp,False,0.68,7
2026-01-01 11:45:34,25493314,name,1234,none,totp,False,0.4,7
2026-01-01 11:45:34,25493314,login,1234,none,totp,False,0.8,7
2026-01-01 11:45:35,25493314,abc,1234,none,totp,False,0.74,7
2026-01-01 11:45:35,25493314,demo,1234,none,totp,False,0.9,7
2026-01-01 11:45:36,25493314,student,1234,none,totp,False,0.83,7
2026-01-01 11:45:36,25493314,Student_user,1234,none,totp,False,0.87,7
2026-01-01 11:45:37,25493314,user_test,1234,none,totp,False,0.88,7
2026-01-01 11:45:37,25493314,bluecat,1234,none,totp,False,0.89,7
2026-01-01 11:45:38,25493314,student1,1234,none,totp,False,0.78,7
2026-01-01 11:45:38,25493314,login_user,1234,none,totp,False,0.83,7
2026-01-01 11:45:39,25493314,pythonfan,1234,none,totp,False,0.76,7
2026-01-01 11:45:39,25493314,techgirl,1234,none,totp,False,0.86,7
2026-01-01 11:45:40,25493314,cloud_user,1234,none,totp,False,0.75,7
2026-01-01 11:45:40,25493314,gamer22,1234,none,totp,False,0.82,7
2026-01-01 11:45:41,25493314,webdev,1234,none,totp,False,0.79,7
2026-01-01 11:45:42,25493314,sha.sec,1234,none,totp,False,0.95,7
2026-01-01 11:45:42,25493314,secure_user,1234,none,totp,False,0.82,7
2026-01-01 11:45:43,25493314,cyber.auth,1234,none,totp,False,0.79,7
2026-01-01 11:45:43,25493314,dev.access,1234,none,totp,False,0.75,7
2026-01-01 11:45:44,25493314,root.guard,1234,none,totp,False,0.82,7
2026-01-01 11:45:44,25493314,net.lock,1234,none,totp,False,0.73,7
2026-01-01 11:45:45,25493314,auth.master,1234,none,totp,False,0.38,7
2026-01-01 11:45:45,25493314,vault_user,1234,none,totp,False,0.8,7
2026-01-01 11:45:46,25493314,system.sec,1234,none,totp,False,0.83,7
2026-01-01 11:45:46,25493314,secure.login,1234,none,totp,False,0.91,7
2026-01-01 11:45:47,25493314,user1,111111,none,totp,False,0.93,8
2026-01-01 11:45:47,25493314,admin,111111,none,totp,False,0.9,8
2026-01-01 11:45:48,25493314,guest,111111,none,totp,False,0.89,8
2026-01-01 11:45:48,25493314,test,111111,none,totp,False,0.65,8
2026-01-01 11:45:49,25493314,hello,111111,none,totp,False,0.34,8
2026-01-01 11:45:49,25493314,name,111111,none,totp,False,0.48,8
2026-01-01 11:45:50,25493314,login,111111,none,totp,False,0.7,8
2026-01-01 11:45:50,25493314,abc,111111,none,totp,False,0.9,8
2026-01-01 11:45:51,25493314,demo,111111,none,totp,False,0.52,8
2026-01-01 11:45:51,25493314,student,111111,none,totp,False,0.84,8
2026-01-01 11:45:52,25493314,Student_user,111111,none,totp,False,0.96,8
2026-01-01 11:45:52,25493314,user_test,111111,none,totp,False,0.89,8
2026-01-01 11:45:53,25493314,bluecat,111111,none,totp,False,0.83,8
2026-01-01 11:45:53,25493314,student1,111111,none,totp,False,0.83,8
2026-01-01 11:45:54,25493314,login_user,111111,none,totp,False,0.82,8
2026-01-01 11:45:54,25493314,pythonfan,111111,none,totp,False,0.52,8
2026-01-01 11:45:55,25493314,techgirl,111111,none,totp,False,0.74,8
2026-01-01 11:45:56,25493314,cloud_user,111111,none,totp,False,0.72,8
2026-01-01 11:45:56,25493314,gamer22,111111,none,totp,False,0.63,8
2026-01-01 11:45:57,25493314,webdev,111111,none,totp,False,0.68,8
2026-01-01 11:45:57,25493314,sha.sec,111111,none,totp,False,0.81,8
2026-01-01 11:45:58,25493314,secure_user,111111,none,totp,False,0.82,8
2026-01-01 11:45:58,25493314,cyber.auth,111111,none,totp,False,0.8,8
2026-01-01 11:45:59,25493314,dev.access,111111,none,totp,False,0.52,8
2026-01-01 11:45:59,25493314,root.guard,111111,none,totp,False,0.7,8
2026-01-01 11:46:00,25493314,net.lock,111111,none,totp,False,0.37,8
2026-01-01 11:46:00,25493314,auth.master,111111,none,totp,False,0.53,8
2026-01-01 11:46:01,25493314,vault_user,111111,none,totp,False,0.67,8
2026-01-01 11:46:01,25493314,system.sec,111111,none,totp,False,0.82,8
2026-01-01 11:46:02,25493314,secure.login,111111,none,totp,False,0.63,8
2026-01-01 11:46:02,25493314,user1,1234567,none,totp,False,0.86,9
2026-01-01 11:46:03,25493314,admin,1234567,none,totp,False,0.82,9
2026-01-01 11:46:03,25493314,guest,1234567,none,totp,False,0.89,9
2026-01-01 11:46:04,25493314,test,1234567,none,totp,False,0.39,9
2026-01-01 11:46:04,25493314,hello,1234567,none,totp,False,0.78,9
2026-01-01 11:46:05,25493314,name,1234567,none,totp,False,0.67,9
2026-01-01 11:46:05,25493314,login,1234567,none,totp,False,0.82,9
2026-01-01 11:46:06,25493314,abc,1234567,none,totp,False,0.65,9
2026-01-01 11:46:06,25493314,demo,1234567,none,totp,False,0.78,9
2026-01-01 11:46:07,25493314,student,1234567,none,totp,False,0.53,9
2026-01-01 11:46:07,25493314,Student_user,1234567,none,totp,False,0.71,9
2026-01-01 11:46:08,25493314,user_test,1234567,none,totp,False,0.76,9
2026-01-01 11:46:08,25493314,bluecat,1234567,none,totp,False,0.81,9
2026-01-01 11:46:09,25493314,student1,1234567,none,totp,False,0.82,9
2026-01-01 11:46:10,25493314,login_user,1234567,none,totp,False,0.83,9
2026-01-01 11:46:10,25493314,pythonfan,1234567,none,totp,False,0.83,9
2026-01-01 11:46:11,25493314,techgirl,1234567,none,totp,False,0.79,9
2026-01-01 11:46:11,25493314,cloud_user,1234567,none,totp,False,0.51,9
2026-01-01 11:46:12,25493314,gamer22,1234567,none,totp,False,0.67,9
2026-01-01 11:46:12,25493314,webdev,1234567,none,totp,False,0.79,9
2026-01-01 11:46:13,25493314,sha.sec,1234567,none,totp,False,0.73,9
2026-01-01 11:46:13,25493314,secure_user,1234567,none,totp,False,0.86,9
2026-01-01 11:46:14,25493314,cyber.auth,1234567,none,totp,False,0.74,9
2026-01-01 11:46:14,25493314,dev.access,1234567,none,totp,False,0.87,9
2026-01-01 11:46:15,25493314,root.guard,1234567,none,totp,False,0.37,9
2026-01-01 11:46:15,25493314,net.lock,1234567,none,totp,False,0.81,9
2026-01-01 11:46:16,25493314,auth.master,1234567,none,totp,False,0.81,9
2026-01-01 11:46:16,25493314,vault_user,1234567,none,totp,False,0.8,9
2026-01-01 11:46:17,25493314,system.sec,1234567,none,totp,False,0.66,9
2026-01-01 11:46:17,25493314,secure.login,1234567,none,totp,False,0.59,9
2026-01-01 11:46:18,25493314,user1,dragon,none,totp,False,0.69,10
2026-01-01 11:46:18,25493314,admin,dragon,none,totp,False,0.88,10
2026-01-01 11:46:19,25493314,guest,dragon,none,totp,False,0.47,10
2026-01-01 11:46:19,25493314,test,dragon,none,totp,False,0.94,10
2026-01-01 11:46:20,25493314,hello,dragon,none,totp,False,0.86,10
2026-01-01 11:46:20,25493314,name,dragon,none,totp,False,0.77,10
2026-01-01 11:46:21,25493314,login,dragon,none,totp,False,0.87,10
2026-01-01 11:46:21,25493314,abc,dragon,none,totp,False,0.99,10
2026-01-01 11:46:22,25493314,demo,dragon,none,totp,False,0.76,10
2026-01-01 11:46:23,25493314,student,dragon,none,totp,False,0.7,10
2026-01-01 11:46:23,25493314,Student_user,dragon,none,totp,False,0.81,10
2026-01-01 11:46:24,25493314,user_test,dragon,none,totp,False,0.82,10
2026-01-01 11:46:24,25493314,bluecat,dragon,none,totp,False,0.86,10
2026-01-01 11:46:25,25493314,student1,dragon,none,totp,False,0.56,10
2026-01-01 11:46:25,25493314,login_user,dragon,none,totp,False,0.82,10
2026-01-01 11:46:26,25493314,pythonfan,dragon,none,totp,False,0.82,10
2026-01-01 11:46:26,25493314,techgirl,dragon,none,totp,False,0.63,10
2026-01-01 11:46:27,25493314,cloud_user,dragon,none,totp,False,0.83,10
2026-01-01 11:46:27,25493314,gamer22,dragon,none,totp,False,0.71,10
2026-01-01 11:46:28,25493314,webdev,dragon,none,totp,False,0.49,10
2026-01-01 11:46:28,25493314,sha.sec,dragon,none,totp,False,0.71,10
2026-01-01 11:46:29,25493314,secure_user,dragon,none,totp,False,0.33,10
2026-01-01 11:46:29,25493314,cyber.auth,dragon,none,totp,False,0.84,10
2026-01-01 11:46:30,25493314,dev.access,dragon,none,totp,False,0.42,10
2026-01-01 11:46:30,25493314,root.guard,dragon,none,totp,False,0.8,10
2026-01-01 11:46:31,25493314,net.lock,dragon,none,totp,False,0.88,10
2026-01-01 11:46:31,25493314,auth.master,dragon,none,totp,False,0.84,10
2026-01-01 11:46:32,25493314,vault_user,dragon,none,totp,False,0.82,10
2026-01-01 11:46:32,25493314,system.sec,dragon,none,totp,False,0.77,10
2026-01-01 11:46:33,25493314,secure.login,dragon,none,totp,False,0.72,10
2026-01-01 11:46:33,25493314,user1,123123,none,totp,False,0.68,11
2026-01-01 11:46:34,25493314,admin,123123,none,totp,False,0.79,11
2026-01-01 11:46:34,25493314,guest,123123,none,totp,False,0.78,11
2026-01-01 11:46:35,25493314,test,123123,none,totp,False,0.69,11
2026-01-01 11:46:36,25493314,hello,123123,none,totp,False,0.7,11
2026-01-01 11:46:36,25493314,name,123123,none,totp,False,0.74,11
2026-01-01 11:46:37,25493314,login,123123,none,totp,False,0.84,11
2026-01-01 11:46:37,25493314,abc,123123,none,totp,False,0.81,11
2026-01-01 11:46:38,25493314,demo,123123,none,totp,False,0.88,11
2026-01-01 11:46:38,25493314,student,123123,none,totp,False,0.85,11
2026-01-01 11:46:39,25493314,Student_user,123123,none,totp,False,0.82,11
2026-01-01 11:46:39,25493314,user_test,123123,none,totp,False,0.81,11
2026-01-01 11:46:40,25493314,bluecat,123123,none,totp,False,0.33,11
2026-01-01 11:46:40,25493314,student1,123123,none,totp,False,0.8,11
2026-01-01 11:46:41,25493314,login_user,123123,none,totp,False,0.61,11
2026-01-01 11:46:41,25493314,pythonfan,123123,none,totp,False,0.69,11
2026-01-01 11:46:42,25493314,techgirl,123123,none,totp,False,0.74,11
2026-01-01 11:46:42,25493314,cloud_user,123123,none,totp,False,0.71,11
2026-01-01 11:46:43,25493314,gamer22,123123,none,totp,False,0.82,11
2026-01-01 11:46:43,25493314,webdev,123123,none,totp,False,0.86,11
2026-01-01 11:46:44,25493314,sha.sec,123123,none,totp,False,0.2,11
2026-01-01 11:46:44,25493314,secure_user,123123,none,totp,False,0.29,11
2026-01-01 11:46:45,25493314,cyber.auth,123123,none,totp,False,0.56,11
2026-01-01 11:46:45,25493314,dev.access,123123,none,totp,False,0.9,11
2026-01-01 11:46:46,25493314,root.guard,123123,none,totp,False,0.36,11
2026-01-01 11:46:46,25493314,net.lock,123123,none,totp,False,0.59,11
2026-01-01 11:46:47,25493314,auth.master,123123,none,totp,False,0.86,11
2026-01-01 11:46:47,25493314,vault_user,123123,none,totp,False,0.62,11
2026-01-01 11:46:48,25493314,system.sec,123123,none,totp,False,0.87,11
2026-01-01 11:46:48,25493314,secure.login,123123,none,totp,False,0.76,11
2026-01-01 11:46:49,25493314,user1,baseball,none,totp,False,0.86,12
2026-01-01 11:46:50,25493314,admin,baseball,none,totp,False,0.59,12
2026-01-01 11:46:50,25493314,guest,baseball,none,totp,False,0.44,12
2026-01-01 11:46:51,25493314,test,baseball,none,totp,False,0.79,12
2026-01-01 11:46:51,25493314,hello,baseball,none,totp,False,0.79,12
2026-01-01 11:46:52,25493314,name,baseball,none,totp,False,0.83,12
2026-01-01 11:46:52,25493314,login,baseball,none,totp,False,0.74,12
2026-01-01 11:46:53,25493314,abc,baseball,none,totp,False,0.55,12
2026-01-01 11:46:53,25493314,demo,baseball,none,totp,False,0.83,12
2026-01-01 11:46:54,25493314,student,baseball,none,totp,False,0.81,12
2026-01-01 11:46:54,25493314,Student_user,baseball,none,totp,False,0.89,12
2026-01-01 11:46:55,25493314,user_test,baseball,none,totp,False,0.27,12
2026-01-01 11:46:55,25493314,bluecat,baseball,none,totp,False,0.55,12
2026-01-01 11:46:56,25493314,student1,baseball,none,totp,False,0.71,12
2026-01-01 11:46:56,25493314,login_user,baseball,none,totp,False,0.76,12
2026-01-01 11:46:57,25493314,pythonfan,baseball,none,totp,False,0.85,12
2026-01-01 11:46:57,25493314,techgirl,baseball,none,totp,False,0.83,12
2026-01-01 11:46:58,25493314,cloud_user,baseball,none,totp,False,0.83,12
2026-01-01 11:46:58,25493314,gamer22,baseball,none,totp,False,0.79,12
2026-01-01 11:46:59,25493314,webdev,baseball,none,totp,False,0.51,12
2026-01-01 11:46:59,25493314,sha.sec,baseball,none,totp,False,0.78,12
2026-01-01 11:47:00,25493314,secure_user,baseball,none,totp,False,0.72,12
2026-01-01 11:47:00,25493314,cyber.auth,baseball,none,totp,False,0.88,12
2026-01-01 11:47:01,25493314,dev.access,baseball,none,totp,False,0.8,12
2026-01-01 11:47:01,25493314,root.guard,baseball,none,totp,False,0.71,12
2026-01-01 11:47:02,25493314,net.lock,baseball,none,totp,False,0.67,12
2026-01-01 11:47:03,25493314,auth.master,baseball,none,totp,False,0.65,12
2026-01-01 11:47:03,25493314,vault_user,baseball,none,totp,False,0.84,12
2026-01-01 11:47:04,25493314,system.sec,baseball,none,totp,False,0.83,12
2026-01-01 11:47:04,25493314,secure.login,baseball,none,totp,False,0.87,12
2026-01-01 11:47:05,25493314,user1,abc123,none,totp,False,0.57,13
2026-01-01 11:47:05,25493314,admin,abc123,none,totp,False,0.54,13
2026-01-01 11:47:06,25493314,guest,abc123,none,totp,False,0.62,13
2026-01-01 11:47:06,25493314,test,abc123,none,totp,False,0.53,13
2026-01-01 11:47:07,25493314,hello,abc123,none,totp,False,0.77,13
2026-01-01 11:47:07,25493314,name,abc123,none,totp,False,0.76,13
2026-01-01 11:47:08,25493314,login,abc123,none,totp,False,0.85,13
2026-01-01 11:47:08,25493314,abc,[TOTP],none,totp,True,0.05,13
2026-01-01 11:47:09,25493314,demo,abc123,none,totp,False,0.3,13
2026-01-01 11:47:09,25493314,student,abc123,none,totp,False,0.72,13
2026-01-01 11:47:10,25493314,Student_user,abc123,none,totp,False,0.44,13
2026-01-01 11:47:10,25493314,user_test,abc123,none,totp,False,0.79,13
2026-01-01 11:47:11,25493314,bluecat,abc123,none,totp,False,0.86,13
2026-01-01 11:47:11,25493314,student1,abc123,none,totp,False,0.57,13
2026-01-01 11:47:12,25493314,login_user,abc123,none,totp,False,0.78,13
2026-01-01 11:47:12,25493314,pythonfan,abc123,none,totp,False,0.49,13
2026-01-01 11:47:13,25493314,techgirl,abc123,none,totp,False,0.62,13
2026-01-01 11:47:13,25493314,cloud_user,abc123,none,totp,False,0.8,13
2026-01-01 11:47:14,25493314,gamer22,abc123,none,totp,False,0.81,13
2026-01-01 11:47:15,25493314,webdev,abc123,none,totp,False,0.58,13
2026-01-01 11:47:15,25493314,sha.sec,abc123,none,totp,False,0.81,13
2026-01-01 11:47:16,25493314,secure_user,abc123,none,totp,False,0.8,13
2026-01-01 11:47:16,25493314,cyber.auth,abc123,none,totp,False,0.68,13
2026-01-01 11:47:17,25493314,dev.access,abc123,none,totp,False,0.84,13
2026-01-01 11:47:17,25493314,root.guard,abc123,none,totp,False,0.83,13
2026-01-01 11:47:18,25493314,net.lock,abc123,none,totp,False,0.48,13
2026-01-01 11:47:18,25493314,auth.master,abc123,none,totp,False,0.65,13
2026-01-01 11:47:19,25493314,vault_user,abc123,none,totp,False,0.78,13
2026-01-01 11:47:19,25493314,system.sec,abc123,none,totp,False,0.77,13
2026-01-01 11:47:20,25493314,secure.login,abc123,none,totp,False,0.37,13
2026-01-01 11:47:20,25493314,user1,football,none,totp,False,0.82,14
2026-01-01 11:47:21,25493314,admin,football,none,totp,False,0.84,14
2026-01-01 11:47:21,25493314,guest,football,none,totp,False,0.69,14
2026-01-01 11:47:22,25493314,test,football,none,totp,False,0.8,14
2026-01-01 11:47:22,25493314,hello,football,none,totp,False,0.9,14
2026-01-01 11:47:23,25493314,name,football,none,totp,False,0.79,14
2026-01-01 11:47:23,25493314,login,football,none,totp,False,0.81,14
2026-01-01 11:47:24,25493314,abc,football,none,totp,False,0.36,14
2026-01-01 11:47:24,25493314,demo,football,none,totp,False,0.74,14
2026-01-01 11:47:25,25493314,student,football,none,totp,False,0.63,14
2026-01-01 11:47:25,25493314,Student_user,football,none,totp,False,0.84,14
2026-01-01 11:47:26,25493314,user_test,football,none,totp,False,0.83,14
2026-01-01 11:47:27,25493314,bluecat,football,none,totp,False,1.34,14
2026-01-01 11:47:27,25493314,student1,football,none,totp,False,0.86,14
2026-01-01 11:47:28,25493314,login_user,football,none,totp,False,0.66,14
2026-01-01 11:47:28,25493314,pythonfan,football,none,totp,False,0.76,14
2026-01-01 11:47:29,25493314,techgirl,football,none,totp,False,0.64,14
2026-01-01 11:47:29,25493314,cloud_user,football,none,totp,False,0.82,14
2026-01-01 11:47:30,25493314,gamer22,football,none,totp,False,0.55,14
2026-01-01 11:47:30,25493314,webdev,football,none,totp,False,0.47,14
2026-01-01 11:47:31,25493314,sha.sec,football,none,totp,False,0.75,14
2026-01-01 11:47:31,25493314,secure_user,football,none,totp,False,0.62,14
2026-01-01 11:47:32,25493314,cyber.auth,football,none,totp,False,0.78,14
2026-01-01 11:47:32,25493314,dev.access,football,none,totp,False,0.69,14
2026-01-01 11:47:33,25493314,root.guard,football,none,totp,False,0.69,14
2026-01-01 11:47:33,25493314,net.lock,football,none,totp,False,0.66,14
2026-01-01 11:47:34,25493314,auth.master,football,none,totp,False,0.32,14
2026-01-01 11:47:34,25493314,vault_user,football,none,totp,False,0.63,14
2026-01-01 11:47:35,25493314,system.sec,football,none,totp,False,0.46,14
2026-01-01 11:47:35,25493314,secure.login,football,none,totp,False,0.69,14
2026-01-01 11:47:36,25493314,user1,monkey,none,totp,False,0.63,15
2026-01-01 11:47:36,25493314,admin,monkey,none,totp,False,0.69,15
2026-01-01 11:47:37,25493314,guest,monkey,none,totp,False,0.65,15
2026-01-01 11:47:37,25493314,test,monkey,none,totp,False,0.91,15
2026-01-01 11:47:38,25493314,hello,monkey,none,totp,False,0.84,15
2026-01-01 11:47:38,25493314,name,monkey,none,totp,False,0.85,15
2026-01-01 11:47:39,25493314,login,monkey,none,totp,False,0.67,15
2026-01-01 11:47:40,25493314,abc,monkey,none,totp,False,0.5,15
2026-01-01 11:47:40,25493314,demo,monkey,none,totp,False,0.65,15
2026-01-01 11:47:41,25493314,student,monkey,none,totp,False,0.77,15
2026-01-01 11:47:41,25493314,Student_user,monkey,none,totp,False,0.78,15
2026-01-01 11:47:42,25493314,user_test,monkey,none,totp,False,0.84,15
2026-01-01 11:47:42,25493314,bluecat,monkey,none,totp,False,0.8,15
2026-01-01 11:47:43,25493314,student1,monkey,none,totp,False,0.75,15
2026-01-01 11:47:43,25493314,login_user,monkey,none,totp,False,0.74,15
2026-01-01 11:47:44,25493314,pythonfan,monkey,none,totp,False,0.85,15
2026-01-01 11:47:44,25493314,techgirl,monkey,none,totp,False,0.77,15
2026-01-01 11:47:45,25493314,cloud_user,monkey,none,totp,False,0.33,15
2026-01-01 11:47:45,25493314,gamer22,monkey,none,totp,False,0.92,15
2026-01-01 11:47:46,25493314,webdev,monkey,none,totp,False,0.81,15
2026-01-01 11:47:46,25493314,sha.sec,monkey,none,totp,False,0.78,15
2026-01-01 11:47:47,25493314,secure_user,monkey,none,totp,False,0.84,15
2026-01-01 11:47:47,25493314,cyber.auth,monkey,none,totp,False,0.81,15
2026-01-01 11:47:48,25493314,dev.access,monkey,none,totp,False,0.83,15
2026-01-01 11:47:48,25493314,root.guard,monkey,none,totp,False,0.81,15
2026-01-01 11:47:49,25493314,net.lock,monkey,none,totp,False,0.52,15
2026-01-01 11:47:49,25493314,auth.master,monkey,none,totp,False,0.67,15
2026-01-01 11:47:50,25493314,vault_user,monkey,none,totp,False,0.64,15
2026-01-01 11:47:51,25493314,system.sec,monkey,none,totp,False,0.58,15
2026-01-01 11:47:51,25493314,secure.login,monkey,none,totp,False,0.81,15
2026-01-01 11:47:52,25493314,user1,letmein,none,totp,False,0.93,16
2026-01-01 11:47:52,25493314,admin,letmein,none,totp,False,0.8,16
2026-01-01 11:47:53,25493314,guest,letmein,none,totp,False,0.86,16
2026-01-01 11:47:53,25493314,test,letmein,none,totp,False,0.78,16
2026-01-01 11:47:54,25493314,hello,letmein,none,totp,False,0.74,16
2026-01-01 11:47:54,25493314,name,letmein,none,totp,False,0.67,16
2026-01-01 11:47:55,25493314,login,letmein,none,totp,False,0.39,16
2026-01-01 11:47:55,25493314,abc,letmein,none,totp,False,0.67,16
2026-01-01 11:47:56,25493314,demo,letmein,none,totp,False,0.58,16
2026-01-01 11:47:56,25493314,student,letmein,none,totp,False,0.56,16
2026-01-01 11:47:57,25493314,Student_user,letmein,none,totp,False,0.67,16
2026-01-01 11:47:57,25493314,user_test,letmein,none,totp,False,0.9,16
2026-01-01 11:47:58,25493314,bluecat,letmein,none,totp,False,0.53,16
2026-01-01 11:47:58,25493314,student1,letmein,none,totp,False,0.85,16
2026-01-01 11:47:59,25493314,login_user,letmein,none,totp,False,0.35,16
2026-01-01 11:47:59,25493314,pythonfan,letmein,none,totp,False,0.87,16
2026-01-01 11:48:00,25493314,techgirl,letmein,none,totp,False,0.47,16
2026-01-01 11:48:00,25493314,cloud_user,letmein,none,totp,False,0.78,16
2026-01-01 11:48:01,25493314,gamer22,letmein,none,totp,False,0.8,16
2026-01-01 11:48:01,25493314,webdev,letmein,none,totp,False,0.87,16
2026-01-01 11:48:02,25493314,sha.sec,letmein,none,totp,False,0.57,16
2026-01-01 11:48:03,25493314,secure_user,letmein,none,totp,False,0.75,16
2026-01-01 11:48:03,25493314,cyber.auth,letmein,none,totp,False,0.67,16
2026-01-01 11:48:04,25493314,dev.access,letmein,none,totp,False,0.76,16
2026-01-01 11:48:04,25493314,root.guard,letmein,none,totp,False,0.8,16
2026-01-01 11:48:05,25493314,net.lock,letmein,none,totp,False,0.79,16
2026-01-01 11:48:05,25493314,auth.master,letmein,none,totp,False,0.76,16
2026-01-01 11:48:06,25493314,vault_user,letmein,none,totp,False,0.8,16
2026-01-01 11:48:06,25493314,system.sec,letmein,none,totp,False,0.8,16
2026-01-01 11:48:07,25493314,secure.login,letmein,none,totp,False,0.37,16
2026-01-01 11:48:07,25493314,user1,shadow,none,totp,False,0.63,17
2026-01-01 11:48:08,25493314,admin,shadow,none,totp,False,0.81,17
2026-01-01 11:48:08,25493314,guest,shadow,none,totp,False,0.85,17
2026-01-01 11:48:09,25493314,test,shadow,none,totp,False,0.32,17
2026-01-01 11:48:09,25493314,hello,shadow,none,totp,False,0.62,17
2026-01-01 11:48:10,25493314,name,shadow,none,totp,False,0.48,17
2026-01-01 11:48:10,25493314,login,shadow,none,totp,False,0.88,17
2026-01-01 11:48:11,25493314,abc,shadow,none,totp,False,0.69,17
2026-01-01 11:48:11,25493314,demo,shadow,none,totp,False,0.6,17
2026-01-01 11:48:12,25493314,student,shadow,none,totp,False,0.67,17
2026-01-01 11:48:12,25493314,Student_user,shadow,none,totp,False,0.55,17
2026-01-01 11:48:13,25493314,user_test,shadow,none,totp,False,0.79,17
2026-01-01 11:48:13,25493314,bluecat,shadow,none,totp,False,0.82,17
2026-01-01 11:48:14,25493314,student1,shadow,none,totp,False,0.78,17
2026-01-01 11:48:15,25493314,login_user,shadow,none,totp,False,0.66,17
2026-01-01 11:48:15,25493314,pythonfan,shadow,none,totp,False,0.76,17
2026-01-01 11:48:16,25493314,techgirl,shadow,none,totp,False,0.86,17
2026-01-01 11:48:16,25493314,cloud_user,shadow,none,totp,False,0.78,17
2026-01-01 11:48:17,25493314,gamer22,shadow,none,totp,False,0.8,17
2026-01-01 11:48:17,25493314,webdev,shadow,none,totp,False,0.82,17
2026-01-01 11:48:18,25493314,sha.sec,shadow,none,totp,False,0.83,17
2026-01-01 11:48:18,25493314,secure_user,shadow,none,totp,False,0.82,17
2026-01-01 11:48:19,25493314,cyber.auth,shadow,none,totp,False,0.76,17
2026-01-01 11:48:19,25493314,dev.access,shadow,none,totp,False,0.67,17
2026-01-01 11:48:20,25493314,root.guard,shadow,none,totp,False,0.34,17
2026-01-01 11:48:20,25493314,net.lock,shadow,none,totp,False,0.81,17
2026-01-01 11:48:21,25493314,auth.master,shadow,none,totp,False,0.89,17
2026-01-01 11:48:21,25493314,vault_user,shadow,none,totp,False,0.49,17
2026-01-01 11:48:22,25493314,system.sec,shadow,none,totp,False,0.77,17
2026-01-01 11:48:22,25493314,secure.login,shadow,none,totp,False,0.82,17
2026-01-01 11:48:23,25493314,user1,master,none,totp,False,0.71,18
2026-01-01 11:48:23,25493314,admin,master,none,totp,False,0.62,18
2026-01-01 11:48:24,25493314,guest,master,none,totp,False,0.46,18
2026-01-01 11:48:24,25493314,test,master,none,totp,False,0.83,18
2026-01-01 11:48:25,25493314,hello,master,none,totp,False,0.73,18
2026-01-01 11:48:26,25493314,name,master,none,totp,False,0.78,18
2026-01-01 11:48:26,25493314,login,master,none,totp,False,0.8,18
2026-01-01 11:48:27,25493314,abc,master,none,totp,False,0.7,18
2026-01-01 11:48:27,25493314,demo,master,none,totp,False,0.85,18
2026-01-01 11:48:28,25493314,student,master,none,totp,False,0.91,18
2026-01-01 11:48:28,25493314,Student_user,master,none,totp,False,0.63,18
2026-01-01 11:48:29,25493314,user_test,master,none,totp,False,0.84,18
2026-01-01 11:48:29,25493314,bluecat,master,none,totp,False,0.55,18
2026-01-01 11:48:30,25493314,student1,master,none,totp,False,0.29,18
2026-01-01 11:48:30,25493314,login_user,master,none,totp,False,0.87,18
2026-01-01 11:48:31,25493314,pythonfan,master,none,totp,False,0.59,18
2026-01-01 11:48:31,25493314,techgirl,master,none,totp,False,0.77,18
2026-01-01 11:48:32,25493314,cloud_user,master,none,totp,False,0.67,18
2026-01-01 11:48:32,25493314,gamer22,master,none,totp,False,0.7,18
2026-01-01 11:48:33,25493314,webdev,master,none,totp,False,0.87,18
2026-01-01 11:48:33,25493314,sha.sec,master,none,totp,False,0.76,18
2026-01-01 11:48:34,25493314,secure_user,master,none,totp,False,0.4,18
2026-01-01 11:48:34,25493314,cyber.auth,master,none,totp,False,0.69,18
2026-01-01 11:48:35,25493314,dev.access,master,none,totp,False,0.64,18
2026-01-01 11:48:35,25493314,root.guard,master,none,totp,False,0.84,18
2026-01-01 11:48:36,25493314,net.lock,master,none,totp,False,0.7,18
2026-01-01 11:48:37,25493314,auth.master,master,none,totp,False,0.81,18
2026-01-01 11:48:37,25493314,vault_user,master,none,totp,False,0.72,18
2026-01-01 11:48:38,25493314,system.sec,master,none,totp,False,1.01,18
2026-01-01 11:48:38,25493314,secure.login,master,none,totp,False,0.55,18
2026-01-01 11:48:39,25493314,user1,666666,none,totp,False,0.63,19
2026-01-01 11:48:39,25493314,admin,666666,none,totp,False,0.72,19
2026-01-01 11:48:40,25493314,guest,666666,none,totp,False,0.71,19
2026-01-01 11:48:40,25493314,test,666666,none,totp,False,0.74,19
2026-01-01 11:48:41,25493314,hello,666666,none,totp,False,0.72,19
2026-01-01 11:48:41,25493314,name,666666,none,totp,False,0.81,19
2026-01-01 11:48:42,25493314,login,666666,none,totp,False,0.89,19
2026-01-01 11:48:42,25493314,abc,666666,none,totp,False,0.79,19
2026-01-01 11:48:43,25493314,demo,666666,none,totp,False,0.8,19
2026-01-01 11:48:43,25493314,student,666666,none,totp,False,0.77,19
2026-01-01 11:48:44,25493314,Student_user,666666,none,totp,False,0.38,19
2026-01-01 11:48:44,25493314,user_test,666666,none,totp,False,0.82,19
2026-01-01 11:48:45,25493314,bluecat,666666,none,totp,False,0.63,19
2026-01-01 11:48:45,25493314,student1,666666,none,totp,False,0.39,19
2026-01-01 11:48:46,25493314,login_user,666666,none,totp,False,0.82,19
2026-01-01 11:48:46,25493314,pythonfan,666666,none,totp,False,0.69,19
2026-01-01 11:48:47,25493314,techgirl,666666,none,totp,False,0.7,19
2026-01-01 11:48:48,25493314,cloud_user,666666,none,totp,False,0.46,19
2026-01-01 11:48:48,25493314,gamer22,666666,none,totp,False,0.78,19
2026-01-01 11:48:49,25493314,webdev,666666,none,totp,False,0.77,19
2026-01-01 11:48:49,25493314,sha.sec,666666,none,totp,False,0.72,19
2026-01-01 11:48:50,25493314,secure_user,666666,none,totp,False,0.89,19
2026-01-01 11:48:50,25493314,cyber.auth,666666,none,totp,False,0.71,19
2026-01-01 11:48:51,25493314,dev.access,666666,none,totp,False,0.64,19
2026-01-01 11:48:51,25493314,root.guard,666666,none,totp,False,0.79,19
2026-01-01 11:48:52,25493314,net.lock,666666,none,totp,False,0.61,19
2026-01-01 11:48:52,25493314,auth.master,666666,none,totp,False,0.78,19
2026-01-01 11:48:53,25493314,vault_user,666666,none,totp,False,0.77,19
2026-01-01 11:48:53,25493314,system.sec,666666,none,totp,False,0.76,19
2026-01-01 11:48:54,25493314,secure.login,666666,none,totp,False,0.31,19
2026-01-01 11:48:54,25493314,user1,qwertyuiop,none,totp,False,0.93,20
2026-01-01 11:48:55,25493314,admin,qwertyuiop,none,totp,False,0.44,20
2026-01-01 11:48:55,25493314,guest,qwertyuiop,none,totp,False,0.82,20
2026-01-01 11:48:56,25493314,test,qwertyuiop,none,totp,False,0.74,20
2026-01-01 11:48:56,25493314,hello,qwertyuiop,none,totp,False,0.69,20
2026-01-01 11:48:57,25493314,name,qwertyuiop,none,totp,False,0.74,20
2026-01-01 11:48:58,25493314,login,qwertyuiop,none,totp,False,0.75,20
2026-01-01 11:48:58,25493314,abc,qwertyuiop,none,totp,False,0.68,20
2026-01-01 11:48:59,25493314,demo,qwertyuiop,none,totp,False,0.86,20
2026-01-01 11:48:59,25493314,student,qwertyuiop,none,totp,False,0.94,20
2026-01-01 11:49:00,25493314,Student_user,qwertyuiop,none,totp,False,0.89,20
2026-01-01 11:49:00,25493314,user_test,qwertyuiop,none,totp,False,0.49,20
2026-01-01 11:49:01,25493314,bluecat,qwertyuiop,none,totp,False,0.74,20
2026-01-01 11:49:01,25493314,student1,qwertyuiop,none,totp,False,0.92,20
2026-01-01 11:49:02,25493314,login_user,qwertyuiop,none,totp,False,9.82,20
2026-01-01 11:49:02,25493314,pythonfan,qwertyuiop,none,totp,False,0.77,20
2026-01-01 11:49:03,25493314,techgirl,qwertyuiop,none,totp,False,0.84,20
2026-01-01 11:49:03,25493314,cloud_user,qwertyuiop,none,totp,False,0.86,20
2026-01-01 11:49:04,25493314,gamer22,qwertyuiop,none,totp,False,0.33,20
2026-01-01 11:49:04,25493314,webdev,qwertyuiop,none,totp,False,0.46,20
2026-01-01 11:49:05,25493314,sha.sec,qwertyuiop,none,totp,False,0.49,20
2026-01-01 11:49:05,25493314,secure_user,qwertyuiop,none,totp,False,0.69,20
2026-01-01 11:49:06,25493314,cyber.auth,qwertyuiop,none,totp,False,0.85,20
2026-01-01 11:49:06,25493314,dev.access,qwertyuiop,none,totp,False,0.61,20
2026-01-01 11:49:07,25493314,root.guard,qwertyuiop,none,totp,False,0.52,20
2026-01-01 11:49:08,25493314,net.lock,qwertyuiop,none,totp,False,0.67,20
2026-01-01 11:49:08,25493314,auth.master,qwertyuiop,none,totp,False,0.93,20
2026-01-01 11:49:09,25493314,vault_user,qwertyuiop,none,totp,False,0.75,20
2026-01-01 11:49:09,25493314,system.sec,qwertyuiop,none,totp,False,0.71,20
2026-01-01 11:49:10,25493314,secure.login,qwertyuiop,none,totp,False,0.54,20
2026-01-01 11:49:10,25493314,user1,123321,none,totp,False,0.63,21
2026-01-01 11:49:11,25493314,admin,123321,none,totp,False,0.82,21
2026-01-01 11:49:11,25493314,guest,123321,none,totp,False,1.05,21
2026-01-01 11:49:12,25493314,test,123321,none,totp,False,0.75,21
2026-01-01 11:49:12,25493314,hello,123321,none,totp,False,0.44,21
2026-01-01 11:49:13,25493314,name,123321,none,totp,False,0.73,21
2026-01-01 11:49:13,25493314,login,123321,none,totp,False,0.73,21
2026-01-01 11:49:14,25493314,abc,123321,none,totp,False,0.36,21
2026-01-01 11:49:14,25493314,demo,123321,none,totp,False,0.87,21
2026-01-01 11:49:15,25493314,student,123321,none,totp,False,0.53,21
2026-01-01 11:49:15,25493314,Student_user,123321,none,totp,False,0.7,21
2026-01-01 11:49:16,25493314,user_test,123321,none,totp,False,0.83,21
2026-01-01 11:49:17,25493314,bluecat,123321,none,totp,False,0.88,21
2026-01-01 11:49:17,25493314,student1,123321,none,totp,False,0.46,21
2026-01-01 11:49:18,25493314,login_user,123321,none,totp,False,0.59,21
2026-01-01 11:49:18,25493314,pythonfan,123321,none,totp,False,0.69,21
2026-01-01 11:49:19,25493314,techgirl,123321,none,totp,False,0.81,21
2026-01-01 11:49:19,25493314,cloud_user,123321,none,totp,False,0.66,21
2026-01-01 11:49:20,25493314,gamer22,123321,none,totp,False,0.94,21
2026-01-01 11:49:20,25493314,webdev,123321,none,totp,False,0.81,21
2026-01-01 11:49:21,25493314,sha.sec,123321,none,totp,False,0.62,21
2026-01-01 11:49:21,25493314,secure_user,123321,none,totp,False,0.79,21
2026-01-01 11:49:22,25493314,cyber.auth,123321,none,totp,False,0.67,21
2026-01-01 11:49:22,25493314,dev.access,123321,none,totp,False,0.71,21
2026-01-01 11:49:23,25493314,root.guard,123321,none,totp,False,0.98,21
2026-01-01 11:49:23,25493314,net.lock,123321,none,totp,False,0.83,21
2026-01-01 11:49:24,25493314,auth.master,123321,none,totp,False,0.41,21
2026-01-01 11:49:24,25493314,vault_user,123321,none,totp,False,0.89,21
2026-01-01 11:49:25,25493314,system.sec,123321,none,totp,False,0.54,21
2026-01-01 11:49:26,25493314,secure.login,123321,none,totp,False,0.85,21
2026-01-01 11:49:26,25493314,user1,mustang,none,totp,False,0.9,22
2026-01-01 11:49:27,25493314,admin,mustang,none,totp,False,0.87,22
2026-01-01 11:49:27,25493314,guest,mustang,none,totp,False,0.67,22
2026-01-01 11:49:28,25493314,test,mustang,none,totp,False,0.68,22
2026-01-01 11:49:28,25493314,hello,mustang,none,totp,False,0.59,22
2026-01-01 11:49:29,25493314,name,mustang,none,totp,False,0.67,22
2026-01-01 11:49:29,25493314,login,mustang,none,totp,False,0.72,22
2026-01-01 11:49:30,25493314,abc,mustang,none,totp,False,0.64,22
2026-01-01 11:49:30,25493314,demo,mustang,none,totp,False,0.96,22
2026-01-01 11:49:31,25493314,student,mustang,none,totp,False,0.74,22
2026-01-01 11:49:31,25493314,Student_user,mustang,none,totp,False,0.88,22
2026-01-01 11:49:32,25493314,user_test,mustang,none,totp,False,0.87,22
2026-01-01 11:49:32,25493314,bluecat,mustang,none,totp,False,0.92,22
2026-01-01 11:49:33,25493314,student1,mustang,none,totp,False,0.62,22
2026-01-01 11:49:33,25493314,login_user,mustang,none,totp,False,0.61,22
2026-01-01 11:49:34,25493314,pythonfan,mustang,none,totp,False,0.43,22
2026-01-01 11:49:35,25493314,techgirl,mustang,none,totp,False,0.78,22
2026-01-01 11:49:35,25493314,cloud_user,mustang,none,totp,False,0.68,22
2026-01-01 11:49:36,25493314,gamer22,mustang,none,totp,False,0.84,22
2026-01-01 11:49:36,25493314,webdev,mustang,none,totp,False,0.91,22
2026-01-01 11:49:37,25493314,sha.sec,mustang,none,totp,False,0.88,22
2026-01-01 11:49:37,25493314,secure_user,mustang,none,totp,False,0.86,22
2026-01-01 11:49:38,25493314,cyber.auth,mustang,none,totp,False,0.77,22
2026-01-01 11:49:38,25493314,dev.access,mustang,none,totp,False,0.51,22
2026-01-01 11:49:39,25493314,root.guard,mustang,none,totp,False,0.77,22
2026-01-01 11:49:39,25493314,net.lock,mustang,none,totp,False,0.74,22
2026-01-01 11:49:40,25493314,auth.master,mustang,none,totp,False,0.3,22
2026-01-01 11:49:40,25493314,vault_user,mustang,none,totp,False,0.42,22
2026-01-01 11:49:41,25493314,system.sec,mustang,none,totp,False,0.75,22
2026-01-01 11:49:41,25493314,secure.login,mustang,none,totp,False,0.69,22
2026-01-01 11:49:42,25493314,user1,121212,none,totp,False,0.56,23
2026-01-01 11:49:42,25493314,admin,121212,none,totp,False,0.54,23
2026-01-01 11:49:43,25493314,guest,121212,none,totp,False,0.86,23
2026-01-01 11:49:43,25493314,test,121212,none,totp,False,0.8,23
2026-01-01 11:49:44,25493314,hello,121212,none,totp,False,0.51,23
2026-01-01 11:49:45,25493314,name,121212,none,totp,False,0.24,23
2026-01-01 11:49:45,25493314,login,121212,none,totp,False,0.39,23
2026-01-01 11:49:46,25493314,abc,121212,none,totp,False,0.39,23
2026-01-01 11:49:46,25493314,demo,121212,none,totp,False,0.84,23
2026-01-01 11:49:47,25493314,student,121212,none,totp,False,0.36,23
2026-01-01 11:49:47,25493314,Student_user,121212,none,totp,False,0.76,23
2026-01-01 11:49:48,25493314,user_test,121212,none,totp,False,0.46,23
2026-01-01 11:49:48,25493314,bluecat,121212,none,totp,False,0.85,23
2026-01-01 11:49:49,25493314,student1,121212,none,totp,False,0.88,23
2026-01-01 11:49:49,25493314,login_user,121212,none,totp,False,0.68,23
2026-01-01 11:49:50,25493314,pythonfan,121212,none,totp,False,0.16,23
2026-01-01 11:49:50,25493314,techgirl,121212,none,totp,False,0.53,23
2026-01-01 11:49:51,25493314,cloud_user,121212,none,totp,False,0.81,23
2026-01-01 11:49:51,25493314,gamer22,121212,none,totp,False,0.69,23
2026-01-01 11:49:52,25493314,webdev,121212,none,totp,False,0.73,23
2026-01-01 11:49:52,25493314,sha.sec,121212,none,totp,False,0.92,23
2026-01-01 11:49:53,25493314,secure_user,121212,none,totp,False,0.7,23
2026-01-01 11:49:54,25493314,cyber.auth,121212,none,totp,False,0.81,23
2026-01-01 11:49:54,25493314,dev.access,121212,none,totp,False,0.34,23
2026-01-01 11:49:55,25493314,root.guard,121212,none,totp,False,0.69,23
2026-01-01 11:49:55,25493314,net.lock,121212,none,totp,False,0.78,23
2026-01-01 11:49:56,25493314,auth.master,121212,none,totp,False,0.79,23
2026-01-01 11:49:56,25493314,vault_user,121212,none,totp,False,0.63,23
2026-01-01 11:49:57,25493314,system.sec,121212,none,totp,False,0.78,23
2026-01-01 11:49:57,25493314,secure.login,121212,none,totp,False,0.64,23
2026-01-01 11:49:58,25493314,user1,000000,none,totp,False,0.89,24
2026-01-01 11:49:58,25493314,admin,000000,none,totp,False,0.85,24
2026-01-01 11:49:59,25493314,guest,000000,none,totp,False,0.8,24
2026-01-01 11:49:59,25493314,test,000000,none,totp,False,0.77,24
2026-01-01 11:50:00,25493314,hello,000000,none,totp,False,0.22,24
2026-01-01 11:50:00,25493314,name,000000,none,totp,False,0.77,24
2026-01-01 11:50:01,25493314,login,000000,none,totp,False,0.69,24
2026-01-01 11:50:01,25493314,abc,000000,none,totp,False,0.83,24
2026-01-01 11:50:02,25493314,demo,000000,none,totp,False,0.71,24
2026-01-01 11:50:02,25493314,student,000000,none,totp,False,0.51,24
2026-01-01 11:50:03,25493314,Student_user,000000,none,totp,False,0.92,24
2026-01-01 11:50:04,25493314,user_test,000000,none,totp,False,0.81,24
2026-01-01 11:50:04,25493314,bluecat,000000,none,totp,False,0.31,24
2026-01-01 11:50:05,25493314,student1,000000,none,totp,False,0.73,24
2026-01-01 11:50:05,25493314,login_user,000000,none,totp,False,0.77,24
2026-01-01 11:50:06,25493314,pythonfan,000000,none,totp,False,0.44,24
2026-01-01 11:50:06,25493314,techgirl,000000,none,totp,False,0.92,24
2026-01-01 11:50:07,25493314,cloud_user,000000,none,totp,False,0.76,24
2026-01-01 11:50:07,25493314,gamer22,000000,none,totp,False,0.73,24
2026-01-01 11:50:08,25493314,webdev,000000,none,totp,False,0.78,24
2026-01-01 11:50:08,25493314,sha.sec,000000,none,totp,False,0.58,24
2026-01-01 11:50:09,25493314,secure_user,000000,none,totp,False,0.76,24
2026-01-01 11:50:09,25493314,cyber.auth,000000,none,totp,False,0.84,24
2026-01-01 11:50:10,25493314,dev.access,000000,none,totp,False,0.3,24
2026-01-01 11:50:10,25493314,root.guard,000000,none,totp,False,0.68,24
2026-01-01 11:50:11,25493314,net.lock,000000,none,totp,False,0.61,24
2026-01-01 11:50:11,25493314,auth.master,000000,none,totp,False,0.72,24
2026-01-01 11:50:12,25493314,vault_user,000000,none,totp,False,0.82,24
2026-01-01 11:50:13,25493314,system.sec,000000,none,totp,False,0.85,24
2026-01-01 11:50:13,25493314,secure.login,000000,none,totp,False,0.76,24
2026-01-01 11:50:14,25493314,user1,password1,none,totp,False,0.84,25
2026-01-01 11:50:14,25493314,admin,password1,none,totp,False,0.44,25
2026-01-01 11:50:15,25493314,guest,password1,none,totp,False,0.7,25
2026-01-01 11:50:15,25493314,test,password1,none,totp,False,0.65,25
2026-01-01 11:50:16,25493314,hello,password1,none,totp,False,0.79,25
2026-01-01 11:50:16,25493314,name,password1,none,totp,False,0.76,25
2026-01-01 11:50:17,25493314,login,password1,none,totp,False,0.8,25
2026-01-01 11:50:17,25493314,abc,password1,none,totp,False,0.83,25
2026-01-01 11:50:18,25493314,demo,password1,none,totp,False,0.9,25
2026-01-01 11:50:18,25493314,student,password1,none,totp,False,0.91,25
2026-01-01 11:50:19,25493314,Student_user,password1,none,totp,False,0.91,25
2026-01-01 11:50:19,25493314,user_test,password1,none,totp,False,0.74,25
2026-01-01 11:50:20,25493314,bluecat,password1,none,totp,False,0.35,25
2026-01-01 11:50:20,25493314,student1,password1,none,totp,False,0.76,25
2026-01-01 11:50:21,25493314,login_user,password1,none,totp,False,0.77,25
2026-01-01 11:50:22,25493314,pythonfan,password1,none,totp,False,0.75,25
2026-01-01 11:50:22,25493314,techgirl,password1,none,totp,False,0.8,25
2026-01-01 11:50:23,25493314,cloud_user,password1,none,totp,False,0.84,25
2026-01-01 11:50:23,25493314,gamer22,password1,none,totp,False,0.87,25
2026-01-01 11:50:24,25493314,webdev,password1,none,totp,False,0.61,25
2026-01-01 11:50:24,25493314,sha.sec,password1,none,totp,False,0.74,25
2026-01-01 11:50:25,25493314,secure_user,password1,none,totp,False,0.93,25
2026-01-01 11:50:25,25493314,cyber.auth,password1,none,totp,False,0.85,25
2026-01-01 11:50:26,25493314,dev.access,password1,none,totp,False,0.61,25
2026-01-01 11:50:26,25493314,root.guard,password1,none,totp,False,0.55,25
2026-01-01 11:50:27,25493314,net.lock,password1,none,totp,False,0.71,25
2026-01-01 11:50:27,25493314,auth.master,password1,none,totp,False,0.85,25
2026-01-01 11:50:28,25493314,vault_user,password1,none,totp,False,0.95,25
2026-01-01 11:50:28,25493314,system.sec,password1,none,totp,False,0.72,25
2026-01-01 11:50:29,25493314,secure.login,password1,none,totp,False,0.32,25
2026-01-01 11:50:30,25493314,user1,admin,none,totp,False,0.69,26
2026-01-01 11:50:30,25493314,admin,[TOTP],none,totp,True,0.04,26
2026-01-01 11:50:31,25493314,guest,admin,none,totp,False,0.85,26
2026-01-01 11:50:31,25493314,test,admin,none,totp,False,0.92,26
2026-01-01 11:50:32,25493314,hello,admin,none,totp,False,0.8,26
2026-01-01 11:50:32,25493314,name,admin,none,totp,False,0.61,26
2026-01-01 11:50:33,25493314,login,admin,none,totp,False,0.83,26
2026-01-01 11:50:33,25493314,abc,admin,none,totp,False,0.66,26
2026-01-01 11:50:34,25493314,demo,admin,none,totp,False,0.96,26
2026-01-01 11:50:34,25493314,student,admin,none,totp,False,0.71,26
2026-01-01 11:50:35,25493314,Student_user,admin,none,totp,False,0.94,26
2026-01-01 11:50:35,25493314,user_test,admin,none,totp,False,0.73,26
2026-01-01 11:50:36,25493314,bluecat,admin,none,totp,False,0.91,26
2026-01-01 11:50:36,25493314,student1,admin,none,totp,False,0.84,26
2026-01-01 11:50:37,25493314,login_user,admin,none,totp,False,0.69,26
2026-01-01 11:50:37,25493314,pythonfan,admin,none,totp,False,0.63,26
2026-01-01 11:50:38,25493314,techgirl,admin,none,totp,False,0.61,26
2026-01-01 11:50:39,25493314,cloud_user,admin,none,totp,False,0.82,26
2026-01-01 11:50:39,25493314,gamer22,admin,none,totp,False,0.52,26
2026-01-01 11:50:40,25493314,webdev,admin,none,totp,False,0.67,26
2026-01-01 11:50:40,25493314,sha.sec,admin,none,totp,False,0.71,26
2026-01-01 11:50:41,25493314,secure_user,admin,none,totp,False,0.99,26
2026-01-01 11:50:41,25493314,cyber.auth,admin,none,totp,False,0.82,26
2026-01-01 11:50:42,25493314,dev.access,admin,none,totp,False,0.84,26
2026-01-01 11:50:42,25493314,root.guard,admin,none,totp,False,0.7,26
2026-01-01 11:50:43,25493314,net.lock,admin,none,totp,False,0.52,26
2026-01-01 11:50:43,25493314,auth.master,admin,none,totp,False,0.54,26
2026-01-01 11:50:44,25493314,vault_user,admin,none,totp,False,0.9,26
2026-01-01 11:50:44,25493314,system.sec,admin,none,totp,False,0.38,26
2026-01-01 11:50:45,25493314,secure.login,admin,none,totp,False,0.37,26
2026-01-01 11:50:45,25493314,user1,admin123,none,totp,False,0.84,27
2026-01-01 11:50:46,25493314,admin,admin123,none,totp,False,1.02,27
2026-01-01 11:50:47,25493314,guest,admin123,none,totp,False,0.73,27
2026-01-01 11:50:47,25493314,test,admin123,none,totp,False,0.7,27
2026-01-01 11:50:48,25493314,hello,admin123,none,totp,False,0.52,27
2026-01-01 11:50:48,25493314,name,admin123,none,totp,False,0.57,27
2026-01-01 11:50:49,25493314,login,admin123,none,totp,False,0.84,27
2026-01-01 11:50:49,25493314,abc,admin123,none,totp,False,0.5,27
2026-01-01 11:50:50,25493314,demo,admin123,none,totp,False,0.77,27
2026-01-01 11:50:50,25493314,student,admin123,none,totp,False,0.65,27
2026-01-01 11:50:51,25493314,Student_user,admin123,none,totp,False,0.77,27
2026-01-01 11:50:51,25493314,user_test,admin123,none,totp,False,0.7,27
2026-01-01 11:50:52,25493314,bluecat,admin123,none,totp,False,0.71,27
2026-01-01 11:50:52,25493314,student1,admin123,none,totp,False,0.79,27
2026-01-01 11:50:53,25493314,login_user,admin123,none,totp,False,0.86,27
2026-01-01 11:50:53,25493314,pythonfan,admin123,none,totp,False,0.51,27
2026-01-01 11:50:54,25493314,techgirl,admin123,none,totp,False,0.79,27
2026-01-01 11:50:54,25493314,cloud_user,admin123,none,totp,False,0.79,27
2026-01-01 11:50:55,25493314,gamer22,admin123,none,totp,False,0.4,27
2026-01-01 11:50:56,25493314,webdev,admin123,none,totp,False,0.89,27
2026-01-01 11:50:56,25493314,sha.sec,admin123,none,totp,False,0.88,27
2026-01-01 11:50:57,25493314,secure_user,admin123,none,totp,False,0.66,27
2026-01-01 11:50:57,25493314,cyber.auth,admin123,none,totp,False,0.9,27
2026-01-01 11:50:58,25493314,dev.access,admin123,none,totp,False,0.78,27
2026-01-01 11:50:58,25493314,root.guard,admin123,none,totp,False,0.9,27
2026-01-01 11:50:59,25493314,net.lock,admin123,none,totp,False,0.91,27
2026-01-01 11:50:59,25493314,auth.master,admin123,none,totp,False,0.67,27
2026-01-01 11:51:00,25493314,vault_user,admin123,none,totp,False,0.56,27
2026-01-01 11:51:00,25493314,system.sec,admin123,none,totp,False,0.76,27
2026-01-01 11:51:01,25493314,secure.login,admin123,none,totp,False,0.75,27
2026-01-01 11:51:01,25493314,user1,root,none,totp,False,0.79,28
2026-01-01 11:51:02,25493314,admin,root,none,totp,False,0.82,28
2026-01-01 11:51:02,25493314,guest,root,none,totp,False,0.81,28
2026-01-01 11:51:03,25493314,test,root,none,totp,False,0.8,28
2026-01-01 11:51:04,25493314,hello,root,none,totp,False,0.64,28
2026-01-01 11:51:04,25493314,name,root,none,totp,False,0.33,28
2026-01-01 11:51:05,25493314,login,root,none,totp,False,0.47,28
2026-01-01 11:51:05,25493314,abc,root,none,totp,False,0.48,28
2026-01-01 11:51:06,25493314,demo,root,none,totp,False,0.82,28
2026-01-01 11:51:06,25493314,student,root,none,totp,False,0.79,28
2026-01-01 11:51:07,25493314,Student_user,root,none,totp,False,0.78,28
2026-01-01 11:51:07,25493314,user_test,root,none,totp,False,0.8,28
2026-01-01 11:51:08,25493314,bluecat,root,none,totp,False,0.92,28
2026-01-01 11:51:08,25493314,student1,root,none,totp,False,0.73,28
2026-01-01 11:51:09,25493314,login_user,root,none,totp,False,0.69,28
2026-01-01 11:51:09,25493314,pythonfan,root,none,totp,False,0.66,28
2026-01-01 11:51:10,25493314,techgirl,root,none,totp,False,0.78,28
2026-01-01 11:51:10,25493314,cloud_user,root,none,totp,False,0.72,28
2026-01-01 11:51:11,25493314,gamer22,root,none,totp,False,0.78,28
2026-01-01 11:51:11,25493314,webdev,root,none,totp,False,0.65,28
2026-01-01 11:51:12,25493314,sha.sec,root,none,totp,False,0.82,28
2026-01-01 11:51:13,25493314,secure_user,root,none,totp,False,0.9,28
2026-01-01 11:51:13,25493314,cyber.auth,root,none,totp,False,0.83,28
2026-01-01 11:51:14,25493314,dev.access,root,none,totp,False,0.69,28
2026-01-01 11:51:14,25493314,root.guard,root,none,totp,False,0.39,28
2026-01-01 11:51:15,25493314,net.lock,root,none,totp,False,0.61,28
2026-01-01 11:51:15,25493314,auth.master,root,none,totp,False,0.68,28
2026-01-01 11:51:16,25493314,vault_user,root,none,totp,False,0.73,28
2026-01-01 11:51:16,25493314,system.sec,root,none,totp,False,1.07,28
2026-01-01 11:51:17,25493314,secure.login,root,none,totp,False,0.83,28
2026-01-01 11:51:17,25493314,user1,toor,none,totp,False,0.72,29
2026-01-01 11:51:18,25493314,admin,toor,none,totp,False,0.77,29
2026-01-01 11:51:18,25493314,guest,toor,none,totp,False,0.74,29
2026-01-01 11:51:19,25493314,test,toor,none,totp,False,0.72,29
2026-01-01 11:51:19,25493314,hello,toor,none,totp,False,0.82,29
2026-01-01 11:51:20,25493314,name,toor,none,totp,False,0.36,29
2026-01-01 11:51:20,25493314,login,toor,none,totp,False,0.85,29
2026-01-01 11:51:21,25493314,abc,toor,none,totp,False,0.56,29
2026-01-01 11:51:22,25493314,demo,toor,none,totp,False,0.6,29
2026-01-01 11:51:22,25493314,student,toor,none,totp,False,0.73,29
2026-01-01 11:51:23,25493314,Student_user,toor,none,totp,False,0.82,29
2026-01-01 11:51:23,25493314,user_test,toor,none,totp,False,0.79,29
2026-01-01 11:51:24,25493314,bluecat,toor,none,totp,False,0.55,29
2026-01-01 11:51:24,25493314,student1,toor,none,totp,False,0.55,29
2026-01-01 11:51:25,25493314,login_user,toor,none,totp,False,0.89,29
2026-01-01 11:51:25,25493314,pythonfan,toor,none,totp,False,0.65,29
2026-01-01 11:51:26,25493314,techgirl,toor,none,totp,False,0.64,29
2026-01-01 11:51:26,25493314,cloud_user,toor,none,totp,False,0.68,29
2026-01-01 11:51:27,25493314,gamer22,toor,none,totp,False,0.7,29
2026-01-01 11:51:27,25493314,webdev,toor,none,totp,False,0.71,29
2026-01-01 11:51:28,25493314,sha.sec,toor,none,totp,False,0.55,29
2026-01-01 11:51:28,25493314,secure_user,toor,none,totp,False,0.8,29
2026-01-01 11:51:29,25493314,cyber.auth,toor,none,totp,False,0.82,29
2026-01-01 11:51:30,25493314,dev.access,toor,none,totp,False,0.98,29
2026-01-01 11:51:30,25493314,root.guard,toor,none,totp,False,0.38,29
2026-01-01 11:51:31,25493314,net.lock,toor,none,totp,False,0.79,29
2026-01-01 11:51:31,25493314,auth.master,toor,none,totp,False,0.86,29
2026-01-01 11:51:32,25493314,vault_user,toor,none,totp,False,0.61,29
2026-01-01 11:51:32,25493314,system.sec,toor,none,totp,False,0.65,29
2026-01-01 11:51:33,25493314,secure.login,toor,none,totp,False,0.77,29
2026-01-01 11:51:33,25493314,user1,pass,none,totp,False,0.76,30
2026-01-01 11:51:34,25493314,admin,pass,none,totp,False,0.74,30
2026-01-01 11:51:34,25493314,guest,pass,none,totp,False,0.62,30
2026-01-01 11:51:35,25493314,test,pass,none,totp,False,0.79,30
2026-01-01 11:51:35,25493314,hello,pass,none,totp,False,0.78,30
2026-01-01 11:51:36,25493314,name,pass,none,totp,False,0.77,30
2026-01-01 11:51:36,25493314,login,pass,none,totp,False,0.9,30
2026-01-01 11:51:37,25493314,abc,pass,none,totp,False,0.96,30
2026-01-01 11:51:37,25493314,demo,pass,none,totp,False,0.66,30
2026-01-01 11:51:38,25493314,student,pass,none,totp,False,0.48,30
2026-01-01 11:51:39,25493314,Student_user,pass,none,totp,False,0.73,30
2026-01-01 11:51:39,25493314,user_test,pass,none,totp,False,0.42,30
2026-01-01 11:51:40,25493314,bluecat,pass,none,totp,False,0.9,30
2026-01-01 11:51:40,25493314,student1,pass,none,totp,False,0.51,30
2026-01-01 11:51:41,25493314,login_user,pass,none,totp,False,0.85,30
2026-01-01 11:51:41,25493314,pythonfan,pass,none,totp,False,0.67,30
2026-01-01 11:51:42,25493314,techgirl,pass,none,totp,False,0.77,30
2026-01-01 11:51:42,25493314,cloud_user,pass,none,totp,False,0.92,30
2026-01-01 11:51:43,25493314,gamer22,pass,none,totp,False,0.75,30
2026-01-01 11:51:43,25493314,webdev,pass,none,totp,False,0.53,30
2026-01-01 11:51:44,25493314,sha.sec,pass,none,totp,False,0.67,30
2026-01-01 11:51:44,25493314,secure_user,pass,none,totp,False,0.8,30
2026-01-01 11:51:45,25493314,cyber.auth,pass,none,totp,False,0.84,30
2026-01-01 11:51:45,25493314,dev.access,pass,none,totp,False,0.93,30
2026-01-01 11:51:46,25493314,root.guard,pass,none,totp,False,0.81,30
2026-01-01 11:51:46,25493314,net.lock,pass,none,totp,False,0.53,30
2026-01-01 11:51:47,25493314,auth.master,pass,none,totp,False,0.85,30
2026-01-01 11:51:48,25493314,vault_user,pass,none,totp,False,0.56,30
2026-01-01 11:51:48,25493314,system.sec,pass,none,totp,False,0.93,30
2026-01-01 11:51:49,25493314,secure.login,pass,none,totp,False,0.82,30
2026-01-01 11:51:49,25493314,user1,test,none,totp,False,0.38,31
2026-01-01 11:51:50,25493314,admin,test,none,totp,False,0.85,31
2026-01-01 11:51:50,25493314,guest,test,none,totp,False,0.67,31
2026-01-01 11:51:51,25493314,test,test,none,totp,False,0.74,31
2026-01-01 11:51:51,25493314,hello,test,none,totp,False,0.78,31
2026-01-01 11:51:52,25493314,name,test,none,totp,False,0.85,31
2026-01-01 11:51:52,25493314,login,test,none,totp,False,0.54,31
2026-01-01 11:51:53,25493314,abc,test,none,totp,False,0.61,31
2026-01-01 11:51:53,25493314,demo,test,none,totp,False,0.88,31
2026-01-01 11:51:54,25493314,student,test,none,totp,False,0.79,31
2026-01-01 11:51:55,25493314,Student_user,test,none,totp,False,0.86,31
2026-01-01 11:51:55,25493314,user_test,test,none,totp,False,0.16,31
2026-01-01 11:51:56,25493314,bluecat,test,none,totp,False,0.69,31
2026-01-01 11:51:56,25493314,student1,test,none,totp,False,0.85,31
2026-01-01 11:51:57,25493314,login_user,test,none,totp,False,0.59,31
2026-01-01 11:51:57,25493314,pythonfan,test,none,totp,False,0.87,31
2026-01-01 11:51:58,25493314,techgirl,test,none,totp,False,0.73,31
2026-01-01 11:51:58,25493314,cloud_user,test,none,totp,False,0.56,31
2026-01-01 11:51:59,25493314,gamer22,test,none,totp,False,0.67,31
2026-01-01 11:51:59,25493314,webdev,test,none,totp,False,0.69,31
2026-01-01 11:52:00,25493314,sha.sec,test,none,totp,False,0.89,31
2026-01-01 11:52:00,25493314,secure_user,test,none,totp,False,0.5,31
2026-01-01 11:52:01,25493314,cyber.auth,test,none,totp,False,0.66,31
2026-01-01 11:52:01,25493314,dev.access,test,none,totp,False,0.82,31
2026-01-01 11:52:02,25493314,root.guard,test,none,totp,False,0.88,31
2026-01-01 11:52:02,25493314,net.lock,test,none,totp,False,0.61,31
2026-01-01 11:52:03,25493314,auth.master,test,none,totp,False,0.71,31
2026-01-01 11:52:04,25493314,vault_user,test,none,totp,False,0.63,31
2026-01-01 11:52:04,25493314,system.sec,test,none,totp,False,0.36,31
2026-01-01 11:52:05,25493314,secure.login,test,none,totp,False,0.83,31
2026-01-01 11:52:05,25493314,user1,test123,none,totp,False,0.56,32
2026-01-01 11:52:06,25493314,admin,test123,none,totp,False,0.95,32
2026-01-01 11:52:06,25493314,guest,test123,none,totp,False,0.9,32
2026-01-01 11:52:07,25493314,test,[TOTP],none,totp,True,0.01,32
2026-01-01 11:52:07,25493314,hello,test123,none,totp,False,0.78,32
2026-01-01 11:52:08,25493314,name,test123,none,totp,False,1.31,32
2026-01-01 11:52:08,25493314,login,test123,none,totp,False,0.62,32
2026-01-01 11:52:09,25493314,abc,test123,none,totp,False,0.77,32
2026-01-01 11:52:09,25493314,demo,test123,none,totp,False,0.99,32
2026-01-01 11:52:10,25493314,student,test123,none,totp,False,0.53,32
2026-01-01 11:52:10,25493314,Student_user,test123,none,totp,False,0.98,32
2026-01-01 11:52:11,25493314,user_test,test123,none,totp,False,0.89,32
2026-01-01 11:52:12,25493314,bluecat,test123,none,totp,False,0.84,32
2026-01-01 11:52:12,25493314,student1,test123,none,totp,False,0.61,32
2026-01-01 11:52:13,25493314,login_user,test123,none,totp,False,0.78,32
2026-01-01 11:52:13,25493314,pythonfan,test123,none,totp,False,0.69,32
2026-01-01 11:52:14,25493314,techgirl,test123,none,totp,False,0.77,32
2026-01-01 11:52:14,25493314,cloud_user,test123,none,totp,False,0.27,32
2026-01-01 11:52:15,25493314,gamer22,test123,none,totp,False,0.58,32
2026-01-01 11:52:15,25493314,webdev,test123,none,totp,False,0.45,32
2026-01-01 11:52:16,25493314,sha.sec,test123,none,totp,False,0.5,32
2026-01-01 11:52:16,25493314,secure_user,test123,none,totp,False,0.64,32
2026-01-01 11:52:17,25493314,cyber.auth,test123,none,totp,False,0.56,32
2026-01-01 11:52:17,25493314,dev.access,test123,none,totp,False,0.73,32
2026-01-01 11:52:18,25493314,root.guard,test123,none,totp,False,0.82,32
2026-01-01 11:52:18,25493314,net.lock,test123,none,totp,False,0.62,32
2026-01-01 11:52:19,25493314,auth.master,test123,none,totp,False,0.61,32
2026-01-01 11:52:19,25493314,vault_user,test123,none,totp,False,0.79,32
2026-01-01 11:52:20,25493314,system.sec,test123,none,totp,False,0.8,32
2026-01-01 11:52:21,25493314,secure.login,test123,none,totp,False,0.86,32
2026-01-01 11:52:21,25493314,user1,guest,none,totp,False,0.65,33
2026-01-01 11:52:22,25493314,admin,guest,none,totp,False,0.8,33
2026-01-01 11:52:22,25493314,guest,[TOTP],none,totp,True,0.06,33
2026-01-01 11:52:23,25493314,test,guest,none,totp,False,0.7,33
2026-01-01 11:52:23,25493314,hello,guest,none,totp,False,0.76,33
2026-01-01 11:52:24,25493314,name,guest,none,totp,False,0.91,33
2026-01-01 11:52:24,25493314,login,guest,none,totp,False,0.44,33
2026-01-01 11:52:25,25493314,abc,guest,none,totp,False,0.78,33
2026-01-01 11:52:25,25493314,demo,guest,none,totp,False,0.7,33
2026-01-01 11:52:26,25493314,student,guest,none,totp,False,0.62,33
2026-01-01 11:52:26,25493314,Student_user,guest,none,totp,False,0.65,33
2026-01-01 11:52:27,25493314,user_test,guest,none,totp,False,0.87,33
2026-01-01 11:52:27,25493314,bluecat,guest,none,totp,False,0.72,33
2026-01-01 11:52:28,25493314,student1,guest,none,totp,False,0.77,33
2026-01-01 11:52:29,25493314,login_user,guest,none,totp,False,0.94,33
2026-01-01 11:52:29,25493314,pythonfan,guest,none,totp,False,0.7,33
2026-01-01 11:52:30,25493314,techgirl,guest,none,totp,False,0.82,33
2026-01-01 11:52:30,25493314,cloud_user,guest,none,totp,False,0.3,33
2026-01-01 11:52:31,25493314,gamer22,guest,none,totp,False,0.68,33
2026-01-01 11:52:31,25493314,webdev,guest,none,totp,False,0.57,33
2026-01-01 11:52:32,25493314,sha.sec,guest,none,totp,False,0.66,33
2026-01-01 11:52:32,25493314,secure_user,guest,none,totp,False,0.69,33
2026-01-01 11:52:33,25493314,cyber.auth,guest,none,totp,False,0.76,33
2026-01-01 11:52:33,25493314,dev.access,guest,none,totp,False,0.84,33
2026-01-01 11:52:34,25493314,root.guard,guest,none,totp,False,0.87,33
2026-01-01 11:52:34,25493314,net.lock,guest,none,totp,False,1.07,33
2026-01-01 11:52:35,25493314,auth.master,guest,none,totp,False,0.79,33
2026-01-01 11:52:35,25493314,vault_user,guest,none,totp,False,0.7,33
2026-01-01 11:52:36,25493314,system.sec,guest,none,totp,False,0.88,33
2026-01-01 11:52:37,25493314,secure.login,guest,none,totp,False,0.84,33
2026-01-01 11:52:37,25493314,user1,guest123,none,totp,False,0.86,34
2026-01-01 11:52:38,25493314,admin,guest123,none,totp,False,0.82,34
2026-01-01 11:52:38,25493314,guest,guest123,none,totp,False,0.6,34
2026-01-01 11:52:39,25493314,test,guest123,none,totp,False,1.04,34
2026-01-01 11:52:39,25493314,hello,guest123,none,totp,False,0.35,34
2026-01-01 11:52:40,25493314,name,guest123,none,totp,False,0.62,34
2026-01-01 11:52:40,25493314,login,guest123,none,totp,False,0.63,34
2026-01-01 11:52:41,25493314,abc,guest123,none,totp,False,0.75,34
2026-01-01 11:52:41,25493314,demo,guest123,none,totp,False,0.94,34
2026-01-01 11:52:42,25493314,student,guest123,none,totp,False,0.43,34
2026-01-01 11:52:42,25493314,Student_user,guest123,none,totp,False,0.63,34
2026-01-01 11:52:43,25493314,user_test,guest123,none,totp,False,0.82,34
2026-01-01 11:52:43,25493314,bluecat,guest123,none,totp,False,1.14,34
2026-01-01 11:52:44,25493314,student1,guest123,none,totp,False,0.7,34
2026-01-01 11:52:45,25493314,login_user,guest123,none,totp,False,0.89,34
2026-01-01 11:52:45,25493314,pythonfan,guest123,none,totp,False,0.25,34
2026-01-01 11:52:46,25493314,techgirl,guest123,none,totp,False,0.46,34
2026-01-01 11:52:46,25493314,cloud_user,guest123,none,totp,False,0.58,34
2026-01-01 11:52:47,25493314,gamer22,guest123,none,totp,False,0.25,34
2026-01-01 11:52:47,25493314,webdev,guest123,none,totp,False,0.32,34
2026-01-01 11:52:48,25493314,sha.sec,guest123,none,totp,False,0.42,34
2026-01-01 11:52:48,25493314,secure_user,guest123,none,totp,False,0.31,34
2026-01-01 11:52:49,25493314,cyber.auth,guest123,none,totp,False,0.59,34
2026-01-01 11:52:49,25493314,dev.access,guest123,none,totp,False,0.33,34
2026-01-01 11:52:50,25493314,root.guard,guest123,none,totp,False,0.67,34
2026-01-01 11:52:50,25493314,net.lock,guest123,none,totp,False,0.67,34
2026-01-01 11:52:51,25493314,auth.master,guest123,none,totp,False,0.98,34
2026-01-01 11:52:51,25493314,vault_user,guest123,none,totp,False,0.77,34
2026-01-01 11:52:52,25493314,system.sec,guest123,none,totp,False,0.96,34
2026-01-01 11:52:52,25493314,secure.login,guest123,none,totp,False,0.83,34
2026-01-01 11:52:53,25493314,user1,user,none,totp,False,0.77,35
2026-01-01 11:52:53,25493314,admin,user,none,totp,False,0.69,35
2026-01-01 11:52:54,25493314,guest,user,none,totp,False,0.72,35
2026-01-01 11:52:55,25493314,test,user,none,totp,False,1.0,35
2026-01-01 11:52:55,25493314,hello,user,none,totp,False,0.3,35
2026-01-01 11:52:56,25493314,name,user,none,totp,False,0.84,35
2026-01-01 11:52:56,25493314,login,user,none,totp,False,0.74,35
2026-01-01 11:52:57,25493314,abc,user,none,totp,False,0.69,35
2026-01-01 11:52:57,25493314,demo,user,none,totp,False,0.61,35
2026-01-01 11:52:58,25493314,student,user,none,totp,False,1.07,35
2026-01-01 11:52:58,25493314,Student_user,user,none,totp,False,0.53,35
2026-01-01 11:52:59,25493314,user_test,user,none,totp,False,0.84,35
2026-01-01 11:52:59,25493314,bluecat,user,none,totp,False,0.43,35
2026-01-01 11:53:00,25493314,student1,user,none,totp,False,0.76,35
2026-01-01 11:53:00,25493314,login_user,user,none,totp,False,0.8,35
2026-01-01 11:53:01,25493314,pythonfan,user,none,totp,False,0.65,35
2026-01-01 11:53:01,25493314,techgirl,user,none,totp,False,0.97,35
2026-01-01 11:53:02,25493314,cloud_user,user,none,totp,False,0.9,35
2026-01-01 11:53:03,25493314,gamer22,user,none,totp,False,0.83,35
2026-01-01 11:53:03,25493314,webdev,user,none,totp,False,0.74,35
2026-01-01 11:53:04,25493314,sha.sec,user,none,totp,False,0.78,35
2026-01-01 11:53:04,25493314,secure_user,user,none,totp,False,0.66,35
2026-01-01 11:53:05,25493314,cyber.auth,user,none,totp,False,0.7,35
2026-01-01 11:53:05,25493314,dev.access,user,none,totp,False,0.42,35
2026-01-01 11:53:06,25493314,root.guard,user,none,totp,False,0.66,35
2026-01-01 11:53:06,25493314,net.lock,user,none,totp,False,0.71,35
2026-01-01 11:53:07,25493314,auth.master,user,none,totp,False,0.81,35
2026-01-01 11:53:07,25493314,vault_user,user,none,totp,False,0.79,35
2026-01-01 11:53:08,25493314,system.sec,user,none,totp,False,0.84,35
2026-01-01 11:53:08,25493314,secure.login,user,none,totp,False,0.79,35
2026-01-01 11:53:09,25493314,user1,user123,none,totp,False,0.87,36
2026-01-01 11:53:09,25493314,admin,user123,none,totp,False,0.74,36
2026-01-01 11:53:10,25493314,guest,user123,none,totp,False,0.68,36
2026-01-01 11:53:10,25493314,test,user123,none,totp,False,0.76,36
2026-01-01 11:53:11,25493314,hello,user123,none,totp,False,0.56,36
2026-01-01 11:53:12,25493314,name,user123,none,totp,False,0.56,36
2026-01-01 11:53:12,25493314,login,user123,none,totp,False,0.73,36
2026-01-01 11:53:13,25493314,abc,user123,none,totp,False,0.69,36
2026-01-01 11:53:13,25493314,demo,user123,none,totp,False,1.08,36
2026-01-01 11:53:14,25493314,student,user123,none,totp,False,0.76,36
2026-01-01 11:53:14,25493314,Student_user,user123,none,totp,False,0.28,36
2026-01-01 11:53:15,25493314,user_test,user123,none,totp,False,0.92,36
2026-01-01 11:53:15,25493314,bluecat,user123,none,totp,False,0.47,36
2026-01-01 11:53:16,25493314,student1,user123,none,totp,False,0.81,36
2026-01-01 11:53:16,25493314,login_user,user123,none,totp,False,0.81,36
2026-01-01 11:53:17,25493314,pythonfan,user123,none,totp,False,0.64,36
2026-01-01 11:53:17,25493314,techgirl,user123,none,totp,False,0.78,36
2026-01-01 11:53:18,25493314,cloud_user,user123,none,totp,False,0.85,36
2026-01-01 11:53:18,25493314,gamer22,user123,none,totp,False,0.71,36
2026-01-01 11:53:19,25493314,webdev,user123,none,totp,False,0.87,36
2026-01-01 11:53:20,25493314,sha.sec,user123,none,totp,False,0.75,36
2026-01-01 11:53:20,25493314,secure_user,user123,none,totp,False,0.77,36
2026-01-01 11:53:21,25493314,cyber.auth,user123,none,totp,False,0.88,36
2026-01-01 11:53:21,25493314,dev.access,user123,none,totp,False,0.61,36
2026-01-01 11:53:22,25493314,root.guard,user123,none,totp,False,0.74,36
2026-01-01 11:53:22,25493314,net.lock,user123,none,totp,False,0.79,36
2026-01-01 11:53:23,25493314,auth.master,user123,none,totp,False,0.8,36
2026-01-01 11:53:23,25493314,vault_user,user123,none,totp,False,0.57,36
2026-01-01 11:53:24,25493314,system.sec,user123,none,totp,False,0.8,36
2026-01-01 11:53:24,25493314,secure.login,user123,none,totp,False,0.54,36
2026-01-01 11:53:25,25493314,user1,login,none,totp,False,0.86,37
2026-01-01 11:53:25,25493314,admin,login,none,totp,False,0.69,37
2026-01-01 11:53:26,25493314,guest,login,none,totp,False,0.85,37
2026-01-01 11:53:26,25493314,test,login,none,totp,False,0.81,37
2026-01-01 11:53:27,25493314,hello,login,none,totp,False,0.88,37
2026-01-01 11:53:28,25493314,name,login,none,totp,False,0.77,37
2026-01-01 11:53:28,25493314,login,[TOTP],none,totp,True,0.05,37
2026-01-01 11:53:29,25493314,abc,login,none,totp,False,0.76,37
2026-01-01 11:53:29,25493314,demo,login,none,totp,False,0.63,37
2026-01-01 11:53:30,25493314,student,login,none,totp,False,0.89,37
2026-01-01 11:53:30,25493314,Student_user,login,none,totp,False,0.37,37
2026-01-01 11:53:31,25493314,user_test,login,none,totp,False,0.71,37
2026-01-01 11:53:31,25493314,bluecat,login,none,totp,False,0.75,37
2026-01-01 11:53:32,25493314,student1,login,none,totp,False,0.68,37
2026-01-01 11:53:32,25493314,login_user,login,none,totp,False,0.78,37
2026-01-01 11:53:33,25493314,pythonfan,login,none,totp,False,0.78,37
2026-01-01 11:53:33,25493314,techgirl,login,none,totp,False,0.82,37
2026-01-01 11:53:34,25493314,cloud_user,login,none,totp,False,0.82,37
2026-01-01 11:53:34,25493314,gamer22,login,none,totp,False,0.66,37
2026-01-01 11:53:35,25493314,webdev,login,none,totp,False,0.82,37
2026-01-01 11:53:35,25493314,sha.sec,login,none,totp,False,0.69,37
2026-01-01 11:53:36,25493314,secure_user,login,none,totp,False,0.65,37
2026-01-01 11:53:37,25493314,cyber.auth,login,none,totp,False,0.85,37
2026-01-01 11:53:37,25493314,dev.access,login,none,totp,False,0.97,37
2026-01-01 11:53:38,25493314,root.guard,login,none,totp,False,0.55,37
2026-01-01 11:53:38,25493314,net.lock,login,none,totp,False,0.65,37
2026-01-01 11:53:39,25493314,auth.master,login,none,totp,False,0.59,37
2026-01-01 11:53:39,25493314,vault_user,login,none,totp,False,0.3,37
2026-01-01 11:53:40,25493314,system.sec,login,none,totp,False,0.62,37
2026-01-01 11:53:40,25493314,secure.login,login,none,totp,False,0.43,37
2026-01-01 11:53:41,25493314,user1,login123,none,totp,False,0.76,38
2026-01-01 11:53:41,25493314,admin,login123,none,totp,False,0.93,38
2026-01-01 11:53:42,25493314,guest,login123,none,totp,False,0.72,38
2026-01-01 11:53:42,25493314,test,login123,none,totp,False,0.65,38
2026-01-01 11:53:43,25493314,hello,login123,none,totp,False,0.77,38
2026-01-01 11:53:43,25493314,name,login123,none,totp,False,0.78,38
2026-01-01 11:53:44,25493314,login,login123,none,totp,False,0.81,38
2026-01-01 11:53:45,25493314,abc,login123,none,totp,False,0.82,38
2026-01-01 11:53:45,25493314,demo,login123,none,totp,False,0.6,38
2026-01-01 11:53:46,25493314,student,login123,none,totp,False,0.94,38
2026-01-01 11:53:46,25493314,Student_user,login123,none,totp,False,0.68,38
2026-01-01 11:53:47,25493314,user_test,login123,none,totp,False,0.85,38
2026-01-01 11:53:47,25493314,bluecat,login123,none,totp,False,0.81,38
2026-01-01 11:53:48,25493314,student1,login123,none,totp,False,0.69,38
2026-01-01 11:53:48,25493314,login_user,login123,none,totp,False,0.7,38
2026-01-01 11:53:49,25493314,pythonfan,login123,none,totp,False,0.95,38
2026-01-01 11:53:49,25493314,techgirl,login123,none,totp,False,0.45,38
2026-01-01 11:53:50,25493314,cloud_user,login123,none,totp,False,0.6,38
2026-01-01 11:53:50,25493314,gamer22,login123,none,totp,False,0.72,38
2026-01-01 11:53:51,25493314,webdev,login123,none,totp,False,0.79,38
2026-01-01 11:53:51,25493314,sha.sec,login123,none,totp,False,0.53,38
2026-01-01 11:53:52,25493314,secure_user,login123,none,totp,False,0.74,38
2026-01-01 11:53:53,25493314,cyber.auth,login123,none,totp,False,0.79,38
2026-01-01 11:53:53,25493314,dev.access,login123,none,totp,False,0.76,38
2026-01-01 11:53:54,25493314,root.guard,login123,none,totp,False,0.78,38
2026-01-01 11:53:54,25493314,net.lock,login123,none,totp,False,0.82,38
2026-01-01 11:53:55,25493314,auth.master,login123,none,totp,False,0.67,38
2026-01-01 11:53:55,25493314,vault_user,login123,none,totp,False,0.42,38
2026-01-01 11:53:56,25493314,system.sec,login123,none,totp,False,0.84,38
2026-01-01 11:53:56,25493314,secure.login,login123,none,totp,False,0.72,38
2026-01-01 11:53:57,25493314,user1,welcome,none,totp,False,0.76,39
2026-01-01 11:53:57,25493314,admin,welcome,none,totp,False,0.76,39
2026-01-01 11:53:58,25493314,guest,welcome,none,totp,False,0.73,39
2026-01-01 11:53:58,25493314,test,welcome,none,totp,False,0.81,39
2026-01-01 11:53:59,25493314,hello,welcome,none,totp,False,0.85,39
2026-01-01 11:53:59,25493314,name,welcome,none,totp,False,0.69,39
2026-01-01 11:54:00,25493314,login,welcome,none,totp,False,0.81,39
2026-01-01 11:54:01,25493314,abc,welcome,none,totp,False,0.82,39
2026-01-01 11:54:01,25493314,demo,welcome,none,totp,False,0.72,39
2026-01-01 11:54:02,25493314,student,welcome,none,totp,False,0.65,39
2026-01-01 11:54:02,25493314,Student_user,welcome,none,totp,False,0.81,39
2026-01-01 11:54:03,25493314,user_test,welcome,none,totp,False,0.74,39
2026-01-01 11:54:03,25493314,bluecat,welcome,none,totp,False,0.83,39
2026-01-01 11:54:04,25493314,student1,welcome,none,totp,False,0.83,39
2026-01-01 11:54:04,25493314,login_user,welcome,none,totp,False,0.42,39
2026-01-01 11:54:05,25493314,pythonfan,welcome,none,totp,False,0.68,39
2026-01-01 11:54:05,25493314,techgirl,welcome,none,totp,False,0.77,39
2026-01-01 11:54:06,25493314,cloud_user,welcome,none,totp,False,0.59,39
2026-01-01 11:54:06,25493314,gamer22,welcome,none,totp,False,0.77,39
2026-01-01 11:54:07,25493314,webdev,welcome,none,totp,False,0.84,39
2026-01-01 11:54:07,25493314,sha.sec,welcome,none,totp,False,0.78,39
2026-01-01 11:54:08,25493314,secure_user,welcome,none,totp,False,0.82,39
2026-01-01 11:54:09,25493314,cyber.auth,welcome,none,totp,False,0.78,39
2026-01-01 11:54:09,25493314,dev.access,welcome,none,totp,False,0.85,39
2026-01-01 11:54:10,25493314,root.guard,welcome,none,totp,False,0.7,39
2026-01-01 11:54:10,25493314,net.lock,welcome,none,totp,False,0.31,39
2026-01-01 11:54:11,25493314,auth.master,welcome,none,totp,False,0.73,39
2026-01-01 11:54:11,25493314,vault_user,welcome,none,totp,False,0.66,39
2026-01-01 11:54:12,25493314,system.sec,welcome,none,totp,False,0.69,39
2026-01-01 11:54:12,25493314,secure.login,welcome,none,totp,False,0.81,39
2026-01-01 11:54:13,25493314,user1,welcome1,none,totp,False,0.77,40
2026-01-01 11:54:13,25493314,admin,welcome1,none,totp,False,0.64,40
2026-01-01 11:54:14,25493314,guest,welcome1,none,totp,False,0.69,40
2026-01-01 11:54:14,25493314,test,welcome1,none,totp,False,0.69,40
2026-01-01 11:54:15,25493314,hello,welcome1,none,totp,False,0.9,40
2026-01-01 11:54:15,25493314,name,welcome1,none,totp,False,0.73,40
2026-01-01 11:54:16,25493314,login,welcome1,none,totp,False,0.91,40
2026-01-01 11:54:17,25493314,abc,welcome1,none,totp,False,0.67,40
2026-01-01 11:54:17,25493314,demo,welcome1,none,totp,False,0.72,40
2026-01-01 11:54:18,25493314,student,welcome1,none,totp,False,0.57,40
2026-01-01 11:54:18,25493314,Student_user,welcome1,none,totp,False,0.98,40
2026-01-01 11:54:19,25493314,user_test,welcome1,none,totp,False,0.68,40
2026-01-01 11:54:19,25493314,bluecat,welcome1,none,totp,False,0.34,40
2026-01-01 11:54:20,25493314,student1,welcome1,none,totp,False,0.76,40
2026-01-01 11:54:20,25493314,login_user,welcome1,none,totp,False,0.45,40
2026-01-01 11:54:21,25493314,pythonfan,welcome1,none,totp,False,0.83,40
2026-01-01 11:54:21,25493314,techgirl,welcome1,none,totp,False,0.87,40
2026-01-01 11:54:22,25493314,cloud_user,welcome1,none,totp,False,0.78,40
2026-01-01 11:54:22,25493314,gamer22,welcome1,none,totp,False,0.62,40
2026-01-01 11:54:23,25493314,webdev,welcome1,none,totp,False,0.67,40
2026-01-01 11:54:23,25493314,sha.sec,welcome1,none,totp,False,0.73,40
2026-01-01 11:54:24,25493314,secure_user,welcome1,none,totp,False,0.73,40
2026-01-01 11:54:25,25493314,cyber.auth,welcome1,none,totp,False,0.7,40
2026-01-01 11:54:25,25493314,dev.access,welcome1,none,totp,False,0.9,40
2026-01-01 11:54:26,25493314,root.guard,welcome1,none,totp,False,0.72,40
2026-01-01 11:54:26,25493314,net.lock,welcome1,none,totp,False,0.8,40
2026-01-01 11:54:27,25493314,auth.master,welcome1,none,totp,False,0.96,40
2026-01-01 11:54:27,25493314,vault_user,welcome1,none,totp,False,0.83,40
2026-01-01 11:54:28,25493314,system.sec,welcome1,none,totp,False,0.79,40
2026-01-01 11:54:28,25493314,secure.login,welcome1,none,totp,False,0.85,40
2026-01-01 11:54:29,25493314,user1,password123,none,totp,False,0.85,41
2026-01-01 11:54:29,25493314,admin,password123,none,totp,False,0.41,41
2026-01-01 11:54:30,25493314,guest,password123,none,totp,False,0.74,41
2026-01-01 11:54:30,25493314,test,password123,none,totp,False,0.74,41
2026-01-01 11:54:31,25493314,hello,password123,none,totp,False,0.8,41
2026-01-01 11:54:31,25493314,name,password123,none,totp,False,0.85,41
2026-01-01 11:54:32,25493314,login,password123,none,totp,False,0.83,41
2026-01-01 11:54:33,25493314,abc,password123,none,totp,False,0.83,41
2026-01-01 11:54:33,25493314,demo,password123,none,totp,False,0.54,41
2026-01-01 11:54:34,25493314,student,password123,none,totp,False,0.57,41
2026-01-01 11:54:34,25493314,Student_user,password123,none,totp,False,0.81,41
2026-01-01 11:54:35,25493314,user_test,password123,none,totp,False,0.75,41
2026-01-01 11:54:35,25493314,bluecat,password123,none,totp,False,0.48,41
2026-01-01 11:54:36,25493314,student1,password123,none,totp,False,0.67,41
2026-01-01 11:54:36,25493314,login_user,password123,none,totp,False,0.74,41
2026-01-01 11:54:37,25493314,pythonfan,password123,none,totp,False,0.67,41
2026-01-01 11:54:37,25493314,techgirl,password123,none,totp,False,0.95,41
2026-01-01 11:54:38,25493314,cloud_user,password123,none,totp,False,0.77,41
2026-01-01 11:54:38,25493314,gamer22,password123,none,totp,False,0.44,41
2026-01-01 11:54:39,25493314,webdev,password123,none,totp,False,0.56,41
2026-01-01 11:54:40,25493314,sha.sec,password123,none,totp,False,0.68,41
2026-01-01 11:54:40,25493314,secure_user,password123,none,totp,False,0.77,41
2026-01-01 11:54:41,25493314,cyber.auth,password123,none,totp,False,0.6,41
2026-01-01 11:54:41,25493314,dev.access,password123,none,totp,False,0.77,41
2026-01-01 11:54:42,25493314,root.guard,password123,none,totp,False,0.81,41
2026-01-01 11:54:42,25493314,net.lock,password123,none,totp,False,0.77,41
2026-01-01 11:54:43,25493314,auth.master,password123,none,totp,False,0.79,41
2026-01-01 11:54:43,25493314,vault_user,password123,none,totp,False,0.82,41
2026-01-01 11:54:44,25493314,system.sec,password123,none,totp,False,0.71,41
2026-01-01 11:54:44,25493314,secure.login,password123,none,totp,False,0.37,41
2026-01-01 11:54:45,25493314,user1,admin1,none,totp,False,0.76,42
2026-01-01 11:54:45,25493314,admin,admin1,none,totp,False,0.77,42
2026-01-01 11:54:46,25493314,guest,admin1,none,totp,False,0.56,42
2026-01-01 11:54:46,25493314,test,admin1,none,totp,False,0.74,42
2026-01-01 11:54:47,25493314,hello,admin1,none,totp,False,0.7,42
2026-01-01 11:54:48,25493314,name,admin1,none,totp,False,0.91,42
2026-01-01 11:54:48,25493314,login,admin1,none,totp,False,0.77,42
2026-01-01 11:54:49,25493314,abc,admin1,none,totp,False,0.76,42
2026-01-01 11:54:49,25493314,demo,admin1,none,totp,False,0.94,42
2026-01-01 11:54:50,25493314,student,admin1,none,totp,False,0.77,42
2026-01-01 11:54:50,25493314,Student_user,admin1,none,totp,False,0.33,42
2026-01-01 11:54:51,25493314,user_test,admin1,none,totp,False,0.85,42
2026-01-01 11:54:51,25493314,bluecat,admin1,none,totp,False,0.64,42
2026-01-01 11:54:52,25493314,student1,admin1,none,totp,False,0.8,42
2026-01-01 11:54:52,25493314,login_user,admin1,none,totp,False,0.69,42
2026-01-01 11:54:53,25493314,pythonfan,admin1,none,totp,False,0.58,42
2026-01-01 11:54:53,25493314,techgirl,admin1,none,totp,False,0.75,42
2026-01-01 11:54:54,25493314,cloud_user,admin1,none,totp,False,0.89,42
2026-01-01 11:54:54,25493314,gamer22,admin1,none,totp,False,0.56,42
2026-01-01 11:54:55,25493314,webdev,admin1,none,totp,False,0.62,42
2026-01-01 11:54:56,25493314,sha.sec,admin1,none,totp,False,0.59,42
2026-01-01 11:54:56,25493314,secure_user,admin1,none,totp,False,0.79,42
2026-01-01 11:54:57,25493314,cyber.auth,admin1,none,totp,False,0.68,42
2026-01-01 11:54:57,25493314,dev.access,admin1,none,totp,False,0.63,42
2026-01-01 11:54:58,25493314,root.guard,admin1,none,totp,False,0.78,42
2026-01-01 11:54:58,25493314,net.lock,admin1,none,totp,False,0.91,42
2026-01-01 11:54:59,25493314,auth.master,admin1,none,totp,False,0.65,42
2026-01-01 11:54:59,25493314,vault_user,admin1,none,totp,False,0.32,42
2026-01-01 11:55:00,25493314,system.sec,admin1,none,totp,False,0.71,42
2026-01-01 11:55:00,25493314,secure.login,admin1,none,totp,False,0.47,42
2026-01-01 11:55:01,25493314,user1,root123,none,totp,False,0.85,43
2026-01-01 11:55:01,25493314,admin,root123,none,totp,False,0.85,43
2026-01-01 11:55:02,25493314,guest,root123,none,totp,False,0.72,43
2026-01-01 11:55:02,25493314,test,root123,none,totp,False,0.68,43
2026-01-01 11:55:03,25493314,hello,root123,none,totp,False,0.81,43
2026-01-01 11:55:04,25493314,name,root123,none,totp,False,0.72,43
2026-01-01 11:55:04,25493314,login,root123,none,totp,False,0.78,43
2026-01-01 11:55:05,25493314,abc,root123,none,totp,False,0.89,43
2026-01-01 11:55:05,25493314,demo,root123,none,totp,False,0.9,43
2026-01-01 11:55:06,25493314,student,root123,none,totp,False,0.75,43
2026-01-01 11:55:06,25493314,Student_user,root123,none,totp,False,0.69,43
2026-01-01 11:55:07,25493314,user_test,root123,none,totp,False,0.72,43
2026-01-01 11:55:07,25493314,bluecat,root123,none,totp,False,0.75,43
2026-01-01 11:55:08,25493314,student1,root123,none,totp,False,0.73,43
2026-01-01 11:55:08,25493314,login_user,root123,none,totp,False,0.77,43
2026-01-01 11:55:09,25493314,pythonfan,root123,none,totp,False,0.74,43
2026-01-01 11:55:09,25493314,techgirl,root123,none,totp,False,0.64,43
2026-01-01 11:55:10,25493314,cloud_user,root123,none,totp,False,0.79,43
2026-01-01 11:55:10,25493314,gamer22,root123,none,totp,False,0.86,43
2026-01-01 11:55:11,25493314,webdev,root123,none,totp,False,0.81,43
2026-01-01 11:55:12,25493314,sha.sec,root123,none,totp,False,0.46,43
2026-01-01 11:55:12,25493314,secure_user,root123,none,totp,False,0.66,43
2026-01-01 11:55:13,25493314,cyber.auth,root123,none,totp,False,0.82,43
2026-01-01 11:55:13,25493314,dev.access,root123,none,totp,False,0.85,43
2026-01-01 11:55:14,25493314,root.guard,root123,none,totp,False,0.71,43
2026-01-01 11:55:14,25493314,net.lock,root123,none,totp,False,0.35,43
2026-01-01 11:55:15,25493314,auth.master,root123,none,totp,False,0.81,43
2026-01-01 11:55:15,25493314,vault_user,root123,none,totp,False,0.52,43
2026-01-01 11:55:16,25493314,system.sec,root123,none,totp,False,0.78,43
2026-01-01 11:55:16,25493314,secure.login,root123,none,totp,False,0.61,43
2026-01-01 11:55:17,25493314,user1,pass123,none,totp,False,0.64,44
2026-01-01 11:55:17,25493314,admin,pass123,none,totp,False,0.77,44
2026-01-01 11:55:18,25493314,guest,pass123,none,totp,False,0.69,44
2026-01-01 11:55:19,25493314,test,pass123,none,totp,False,0.79,44
2026-01-01 11:55:19,25493314,hello,pass123,none,totp,False,0.79,44
2026-01-01 11:55:20,25493314,name,pass123,none,totp,False,0.64,44
2026-01-01 11:55:20,25493314,login,pass123,none,totp,False,0.61,44
2026-01-01 11:55:21,25493314,abc,pass123,none,totp,False,0.75,44
2026-01-01 11:55:21,25493314,demo,pass123,none,totp,False,0.77,44
2026-01-01 11:55:22,25493314,student,pass123,none,totp,False,0.44,44
2026-01-01 11:55:22,25493314,Student_user,pass123,none,totp,False,0.72,44
2026-01-01 11:55:23,25493314,user_test,pass123,none,totp,False,0.68,44
2026-01-01 11:55:23,25493314,bluecat,pass123,none,totp,False,0.66,44
2026-01-01 11:55:24,25493314,student1,pass123,none,totp,False,0.67,44
2026-01-01 11:55:24,25493314,login_user,pass123,none,totp,False,0.51,44
2026-01-01 11:55:25,25493314,pythonfan,pass123,none,totp,False,0.76,44
2026-01-01 11:55:26,25493314,techgirl,pass123,none,totp,False,0.67,44
2026-01-01 11:55:26,25493314,cloud_user,pass123,none,totp,False,0.87,44
2026-01-01 11:55:27,25493314,gamer22,pass123,none,totp,False,0.77,44
2026-01-01 11:55:27,25493314,webdev,pass123,none,totp,False,0.8,44
2026-01-01 11:55:28,25493314,sha.sec,pass123,none,totp,False,0.54,44
2026-01-01 11:55:28,25493314,secure_user,pass123,none,totp,False,0.72,44
2026-01-01 11:55:29,25493314,cyber.auth,pass123,none,totp,False,0.68,44
2026-01-01 11:55:29,25493314,dev.access,pass123,none,totp,False,0.77,44
2026-01-01 11:55:30,25493314,root.guard,pass123,none,totp,False,0.8,44
2026-01-01 11:55:30,25493314,net.lock,pass123,none,totp,False,0.44,44
2026-01-01 11:55:31,25493314,auth.master,pass123,none,totp,False,0.79,44
2026-01-01 11:55:31,25493314,vault_user,pass123,none,totp,False,0.88,44
2026-01-01 11:55:32,25493314,system.sec,pass123,none,totp,False,0.8,44
2026-01-01 11:55:32,25493314,secure.login,pass123,none,totp,False,0.71,44
2026-01-01 11:55:33,25493314,user1,1q2w3e4r,none,totp,False,0.54,45
2026-01-01 11:55:34,25493314,admin,1q2w3e4r,none,totp,False,0.71,45
2026-01-01 11:55:34,25493314,guest,1q2w3e4r,none,totp,False,0.76,45
2026-01-01 11:55:35,25493314,test,1q2w3e4r,none,totp,False,0.56,45
2026-01-01 11:55:35,25493314,hello,1q2w3e4r,none,totp,False,0.72,45
2026-01-01 11:55:36,25493314,name,1q2w3e4r,none,totp,False,0.79,45
2026-01-01 11:55:36,25493314,login,1q2w3e4r,none,totp,False,0.69,45
2026-01-01 11:55:37,25493314,abc,1q2w3e4r,none,totp,False,0.9,45
2026-01-01 11:55:37,25493314,demo,1q2w3e4r,none,totp,False,0.87,45
2026-01-01 11:55:38,25493314,student,1q2w3e4r,none,totp,False,0.78,45
2026-01-01 11:55:38,25493314,Student_user,1q2w3e4r,none,totp,False,0.66,45
2026-01-01 11:55:39,25493314,user_test,1q2w3e4r,none,totp,False,0.96,45
2026-01-01 11:55:39,25493314,bluecat,1q2w3e4r,none,totp,False,0.46,45
2026-01-01 11:55:40,25493314,student1,1q2w3e4r,none,totp,False,0.64,45
2026-01-01 11:55:41,25493314,login_user,1q2w3e4r,none,totp,False,0.68,45
2026-01-01 11:55:41,25493314,pythonfan,1q2w3e4r,none,totp,False,0.54,45
2026-01-01 11:55:42,25493314,techgirl,1q2w3e4r,none,totp,False,0.9,45
2026-01-01 11:55:42,25493314,cloud_user,1q2w3e4r,none,totp,False,0.74,45
2026-01-01 11:55:43,25493314,gamer22,1q2w3e4r,none,totp,False,0.61,45
2026-01-01 11:55:43,25493314,webdev,1q2w3e4r,none,totp,False,0.67,45
2026-01-01 11:55:44,25493314,sha.sec,1q2w3e4r,none,totp,False,0.45,45
2026-01-01 11:55:44,25493314,secure_user,1q2w3e4r,none,totp,False,0.57,45
2026-01-01 11:55:45,25493314,cyber.auth,1q2w3e4r,none,totp,False,0.85,45
2026-01-01 11:55:45,25493314,dev.access,1q2w3e4r,none,totp,False,0.42,45
2026-01-01 11:55:46,25493314,root.guard,1q2w3e4r,none,totp,False,0.78,45
2026-01-01 11:55:46,25493314,net.lock,1q2w3e4r,none,totp,False,0.79,45
2026-01-01 11:55:47,25493314,auth.master,1q2w3e4r,none,totp,False,0.35,45
2026-01-01 11:55:47,25493314,vault_user,1q2w3e4r,none,totp,False,0.77,45
2026-01-01 11:55:48,25493314,system.sec,1q2w3e4r,none,totp,False,0.51,45
2026-01-01 11:55:49,25493314,secure.login,1q2w3e4r,none,totp,False,0.58,45
2026-01-01 11:55:49,25493314,user1,qwerty123,none,totp,False,0.72,46
2026-01-01 11:55:50,25493314,admin,qwerty123,none,totp,False,0.6,46
2026-01-01 11:55:50,25493314,guest,qwerty123,none,totp,False,0.75,46
2026-01-01 11:55:51,25493314,test,qwerty123,none,totp,False,0.48,46
2026-01-01 11:55:51,25493314,hello,qwerty123,none,totp,False,0.78,46
2026-01-01 11:55:52,25493314,name,qwerty123,none,totp,False,0.86,46
2026-01-01 11:55:52,25493314,login,qwerty123,none,totp,False,0.7,46
2026-01-01 11:55:53,25493314,abc,qwerty123,none,totp,False,0.73,46
2026-01-01 11:55:53,25493314,demo,qwerty123,none,totp,False,0.79,46
2026-01-01 11:55:54,25493314,student,qwerty123,none,totp,False,0.73,46
2026-01-01 11:55:54,25493314,Student_user,qwerty123,none,totp,False,0.41,46
2026-01-01 11:55:55,25493314,user_test,qwerty123,none,totp,False,0.71,46
2026-01-01 11:55:56,25493314,bluecat,qwerty123,none,totp,False,0.62,46
2026-01-01 11:55:56,25493314,student1,qwerty123,none,totp,False,0.76,46
2026-01-01 11:55:57,25493314,login_user,qwerty123,none,totp,False,0.87,46
2026-01-01 11:55:57,25493314,pythonfan,qwerty123,none,totp,False,0.82,46
2026-01-01 11:55:58,25493314,techgirl,qwerty123,none,totp,False,0.93,46
2026-01-01 11:55:58,25493314,cloud_user,qwerty123,none,totp,False,0.82,46
2026-01-01 11:55:59,25493314,gamer22,qwerty123,none,totp,False,0.86,46
2026-01-01 11:55:59,25493314,webdev,qwerty123,none,totp,False,0.29,46
2026-01-01 11:56:00,25493314,sha.sec,qwerty123,none,totp,False,0.76,46
2026-01-01 11:56:00,25493314,secure_user,qwerty123,none,totp,False,0.45,46
2026-01-01 11:56:01,25493314,cyber.auth,qwerty123,none,totp,False,0.98,46
2026-01-01 11:56:01,25493314,dev.access,qwerty123,none,totp,False,0.49,46
2026-01-01 11:56:02,25493314,root.guard,qwerty123,none,totp,False,0.94,46
2026-01-01 11:56:03,25493314,net.lock,qwerty123,none,totp,False,0.84,46
2026-01-01 11:56:03,25493314,auth.master,qwerty123,none,totp,False,0.8,46
2026-01-01 11:56:04,25493314,vault_user,qwerty123,none,totp,False,0.78,46
2026-01-01 11:56:04,25493314,system.sec,qwerty123,none,totp,False,0.84,46
2026-01-01 11:56:05,25493314,secure.login,qwerty123,none,totp,False,0.79,46
2026-01-01 11:56:05,25493314,user1,1234567890,none,totp,False,0.48,47
2026-01-01 11:56:06,25493314,admin,1234567890,none,totp,False,0.8,47
2026-01-01 11:56:06,25493314,guest,1234567890,none,totp,False,0.73,47
2026-01-01 11:56:07,25493314,test,1234567890,none,totp,False,0.78,47
2026-01-01 11:56:07,25493314,hello,1234567890,none,totp,False,0.83,47
2026-01-01 11:56:08,25493314,name,1234567890,none,totp,False,0.67,47
2026-01-01 11:56:08,25493314,login,1234567890,none,totp,False,0.79,47
2026-01-01 11:56:09,25493314,abc,1234567890,none,totp,False,0.81,47
2026-01-01 11:56:09,25493314,demo,1234567890,none,totp,False,0.57,47
2026-01-01 11:56:10,25493314,student,1234567890,none,totp,False,0.57,47
2026-01-01 11:56:11,25493314,Student_user,1234567890,none,totp,False,0.78,47
2026-01-01 11:56:11,25493314,user_test,1234567890,none,totp,False,0.71,47
2026-01-01 11:56:12,25493314,bluecat,1234567890,none,totp,False,0.79,47
2026-01-01 11:56:12,25493314,student1,1234567890,none,totp,False,0.77,47
2026-01-01 11:56:13,25493314,login_user,1234567890,none,totp,False,0.75,47
2026-01-01 11:56:13,25493314,pythonfan,1234567890,none,totp,False,0.59,47
2026-01-01 11:56:14,25493314,techgirl,1234567890,none,totp,False,0.8,47
2026-01-01 11:56:14,25493314,cloud_user,1234567890,none,totp,False,0.31,47
2026-01-01 11:56:15,25493314,gamer22,1234567890,none,totp,False,0.88,47
2026-01-01 11:56:15,25493314,webdev,1234567890,none,totp,False,0.53,47
2026-01-01 11:56:16,25493314,sha.sec,1234567890,none,totp,False,0.8,47
2026-01-01 11:56:16,25493314,secure_user,1234567890,none,totp,False,0.72,47
2026-01-01 11:56:17,25493314,cyber.auth,1234567890,none,totp,False,0.82,47
2026-01-01 11:56:18,25493314,dev.access,1234567890,none,totp,False,0.9,47
2026-01-01 11:56:18,25493314,root.guard,1234567890,none,totp,False,0.66,47
2026-01-01 11:56:19,25493314,net.lock,1234567890,none,totp,False,0.95,47
2026-01-01 11:56:19,25493314,auth.master,1234567890,none,totp,False,0.89,47
2026-01-01 11:56:20,25493314,vault_user,1234567890,none,totp,False,0.79,47
2026-01-01 11:56:20,25493314,system.sec,1234567890,none,totp,False,0.35,47
2026-01-01 11:56:21,25493314,secure.login,1234567890,none,totp,False,0.58,47
2026-01-01 11:56:21,25493314,user1,987654321,none,totp,False,0.68,48
2026-01-01 11:56:22,25493314,admin,987654321,none,totp,False,0.69,48
2026-01-01 11:56:22,25493314,guest,987654321,none,totp,False,0.69,48
2026-01-01 11:56:23,25493314,test,987654321,none,totp,False,0.77,48
2026-01-01 11:56:23,25493314,hello,987654321,none,totp,False,0.84,48
2026-01-01 11:56:24,25493314,name,987654321,none,totp,False,0.89,48
2026-01-01 11:56:25,25493314,login,987654321,none,totp,False,0.72,48
2026-01-01 11:56:25,25493314,abc,987654321,none,totp,False,0.62,48
2026-01-01 11:56:26,25493314,demo,987654321,none,totp,False,0.72,48
2026-01-01 11:56:26,25493314,student,987654321,none,totp,False,0.74,48
2026-01-01 11:56:27,25493314,Student_user,987654321,none,totp,False,0.79,48
2026-01-01 11:56:27,25493314,user_test,987654321,none,totp,False,0.89,48
2026-01-01 11:56:28,25493314,bluecat,987654321,none,totp,False,0.84,48
2026-01-01 11:56:28,25493314,student1,987654321,none,totp,False,0.77,48
2026-01-01 11:56:29,25493314,login_user,987654321,none,totp,False,0.85,48
2026-01-01 11:56:29,25493314,pythonfan,987654321,none,totp,False,0.33,48
2026-01-01 11:56:30,25493314,techgirl,987654321,none,totp,False,0.72,48
2026-01-01 11:56:30,25493314,cloud_user,987654321,none,totp,False,0.38,48
2026-01-01 11:56:31,25493314,gamer22,987654321,none,totp,False,0.72,48
2026-01-01 11:56:31,25493314,webdev,987654321,none,totp,False,0.73,48
2026-01-01 11:56:32,25493314,sha.sec,987654321,none,totp,False,0.77,48
2026-01-01 11:56:33,25493314,secure_user,987654321,none,totp,False,0.78,48
2026-01-01 11:56:33,25493314,cyber.auth,987654321,none,totp,False,0.61,48
2026-01-01 11:56:34,25493314,dev.access,987654321,none,totp,False,0.65,48
2026-01-01 11:56:34,25493314,root.guard,987654321,none,totp,False,0.91,48
2026-01-01 11:56:35,25493314,net.lock,987654321,none,totp,False,0.88,48
2026-01-01 11:56:35,25493314,auth.master,987654321,none,totp,False,0.33,48
2026-01-01 11:56:36,25493314,vault_user,987654321,none,totp,False,0.65,48
2026-01-01 11:56:36,25493314,system.sec,987654321,none,totp,False,0.79,48
2026-01-01 11:56:37,25493314,secure.login,987654321,none,totp,False,0.69,48
2026-01-01 11:56:37,25493314,user1,hello,none,totp,False,0.79,49
2026-01-01 11:56:38,25493314,admin,hello,none,totp,False,0.76,49
2026-01-01 11:56:38,25493314,guest,hello,none,totp,False,0.8,49
2026-01-01 11:56:39,25493314,test,hello,none,totp,False,0.64,49
2026-01-01 11:56:40,25493314,hello,[TOTP],none,totp,True,0.06,49
2026-01-01 11:56:40,25493314,name,hello,none,totp,False,0.87,49
2026-01-01 11:56:41,25493314,login,hello,none,totp,False,0.78,49
2026-01-01 11:56:41,25493314,abc,hello,none,totp,False,0.79,49
2026-01-01 11:56:42,25493314,demo,hello,none,totp,False,0.6,49
2026-01-01 11:56:42,25493314,student,hello,none,totp,False,0.71,49
2026-01-01 11:56:43,25493314,Student_user,hello,none,totp,False,0.77,49
2026-01-01 11:56:43,25493314,user_test,hello,none,totp,False,0.7,49
2026-01-01 11:56:44,25493314,bluecat,hello,none,totp,False,0.6,49
2026-01-01 11:56:44,25493314,student1,hello,none,totp,False,0.31,49
2026-01-01 11:56:45,25493314,login_user,hello,none,totp,False,0.8,49
2026-01-01 11:56:45,25493314,pythonfan,hello,none,totp,False,0.66,49
2026-01-01 11:56:46,25493314,techgirl,hello,none,totp,False,1.06,49
2026-01-01 11:56:47,25493314,cloud_user,hello,none,totp,False,0.8,49
2026-01-01 11:56:47,25493314,gamer22,hello,none,totp,False,0.79,49
2026-01-01 11:56:48,25493314,webdev,hello,none,totp,False,0.72,49
2026-01-01 11:56:48,25493314,sha.sec,hello,none,totp,False,0.53,49
2026-01-01 11:56:49,25493314,secure_user,hello,none,totp,False,0.89,49
2026-01-01 11:56:49,25493314,cyber.auth,hello,none,totp,False,0.85,49
2026-01-01 11:56:50,25493314,dev.access,hello,none,totp,False,0.82,49
2026-01-01 11:56:50,25493314,root.guard,hello,none,totp,False,0.34,49
2026-01-01 11:56:51,25493314,net.lock,hello,none,totp,False,0.85,49
2026-01-01 11:56:51,25493314,auth.master,hello,none,totp,False,0.72,49
2026-01-01 11:56:52,25493314,vault_user,hello,none,totp,False,0.77,49
2026-01-01 11:56:52,25493314,system.sec,hello,none,totp,False,0.44,49
2026-01-01 11:56:53,25493314,secure.login,hello,none,totp,False,0.58,49
2026-01-01 11:56:54,25493314,user1,hello123,none,totp,False,0.7,50
2026-01-01 11:56:54,25493314,admin,hello123,none,totp,False,1.39,50
2026-01-01 11:56:55,25493314,guest,hello123,none,totp,False,0.81,50
2026-01-01 11:56:55,25493314,test,hello123,none,totp,False,0.9,50
2026-01-01 11:56:56,25493314,hello,hello123,none,totp,False,0.78,50
2026-01-01 11:56:56,25493314,name,hello123,none,totp,False,0.71,50
2026-01-01 11:56:57,25493314,login,hello123,none,totp,False,0.86,50
2026-01-01 11:56:57,25493314,abc,hello123,none,totp,False,0.78,50
2026-01-01 11:56:58,25493314,demo,hello123,none,totp,False,0.5,50
2026-01-01 11:56:58,25493314,student,hello123,none,totp,False,0.53,50
2026-01-01 11:56:59,25493314,Student_user,hello123,none,totp,False,0.75,50
2026-01-01 11:56:59,25493314,user_test,hello123,none,totp,False,0.48,50
2026-01-01 11:57:00,25493314,bluecat,hello123,none,totp,False,0.77,50
2026-01-01 11:57:00,25493314,student1,hello123,none,totp,False,0.83,50
2026-01-01 11:57:01,25493314,login_user,hello123,none,totp,False,1.01,50
2026-01-01 11:57:02,25493314,pythonfan,hello123,none,totp,False,0.77,50
2026-01-01 11:57:02,25493314,techgirl,hello123,none,totp,False,0.73,50
2026-01-01 11:57:03,25493314,cloud_user,hello123,none,totp,False,0.87,50
2026-01-01 11:57:03,25493314,gamer22,hello123,none,totp,False,0.81,50
2026-01-01 11:57:04,25493314,webdev,hello123,none,totp,False,0.62,50
2026-01-01 11:57:04,25493314,sha.sec,hello123,none,totp,False,0.77,50
2026-01-01 11:57:05,25493314,secure_user,hello123,none,totp,False,0.86,50
2026-01-01 11:57:05,25493314,cyber.auth,hello123,none,totp,False,0.38,50
2026-01-01 11:57:06,25493314,dev.access,hello123,none,totp,False,0.84,50
2026-01-01 11:57:06,25493314,root.guard,hello123,none,totp,False,0.77,50
2026-01-01 11:57:07,25493314,net.lock,hello123,none,totp,False,0.82,50
2026-01-01 11:57:07,25493314,auth.master,hello123,none,totp,False,0.69,50
2026-01-01 11:57:08,25493314,vault_user,hello123,none,totp,False,0.67,50
2026-01-01 11:57:09,25493314,system.sec,hello123,none,totp,False,0.72,50
2026-01-01 11:57:09,25493314,secure.login,hello123,none,totp,False,0.63,50
2026-01-01 11:57:10,25493314,user1,iloveyou,none,totp,False,0.65,51
2026-01-01 11:57:10,25493314,admin,iloveyou,none,totp,False,0.72,51
2026-01-01 11:57:11,25493314,guest,iloveyou,none,totp,False,0.72,51
2026-01-01 11:57:11,25493314,test,iloveyou,none,totp,False,0.8,51
2026-01-01 11:57:12,25493314,hello,iloveyou,none,totp,False,0.73,51
2026-01-01 11:57:12,25493314,name,iloveyou,none,totp,False,0.77,51
2026-01-01 11:57:13,25493314,login,iloveyou,none,totp,False,0.76,51
2026-01-01 11:57:13,25493314,abc,iloveyou,none,totp,False,0.68,51
2026-01-01 11:57:14,25493314,demo,iloveyou,none,totp,False,0.72,51
2026-01-01 11:57:14,25493314,student,iloveyou,none,totp,False,0.41,51
2026-01-01 11:57:15,25493314,Student_user,iloveyou,none,totp,False,0.72,51
2026-01-01 11:57:16,25493314,user_test,iloveyou,none,totp,False,0.81,51
2026-01-01 11:57:16,25493314,bluecat,iloveyou,none,totp,False,0.81,51
2026-01-01 11:57:17,25493314,student1,iloveyou,none,totp,False,0.71,51
2026-01-01 11:57:17,25493314,login_user,iloveyou,none,totp,False,0.8,51
2026-01-01 11:57:18,25493314,pythonfan,iloveyou,none,totp,False,0.69,51
2026-01-01 11:57:18,25493314,techgirl,iloveyou,none,totp,False,0.73,51
2026-01-01 11:57:19,25493314,cloud_user,iloveyou,none,totp,False,0.85,51
2026-01-01 11:57:19,25493314,gamer22,iloveyou,none,totp,False,0.25,51
2026-01-01 11:57:20,25493314,webdev,iloveyou,none,totp,False,0.61,51
2026-01-01 11:57:20,25493314,sha.sec,iloveyou,none,totp,False,0.58,51
2026-01-01 11:57:21,25493314,secure_user,iloveyou,none,totp,False,0.71,51
2026-01-01 11:57:21,25493314,cyber.auth,iloveyou,none,totp,False,0.65,51
2026-01-01 11:57:22,25493314,dev.access,iloveyou,none,totp,False,0.74,51
2026-01-01 11:57:23,25493314,root.guard,iloveyou,none,totp,False,0.7,51
2026-01-01 11:57:23,25493314,net.lock,iloveyou,none,totp,False,0.86,51
2026-01-01 11:57:24,25493314,auth.master,iloveyou,none,totp,False,0.68,51
2026-01-01 11:57:24,25493314,vault_user,iloveyou,none,totp,False,0.58,51
2026-01-01 11:57:25,25493314,system.sec,iloveyou,none,totp,False,0.56,51
2026-01-01 11:57:25,25493314,secure.login,iloveyou,none,totp,False,0.79,51
2026-01-01 11:57:26,25493314,user1,sunshine,none,totp,False,0.69,52
2026-01-01 11:57:26,25493314,admin,sunshine,none,totp,False,0.86,52
2026-01-01 11:57:27,25493314,guest,sunshine,none,totp,False,0.62,52
2026-01-01 11:57:27,25493314,test,sunshine,none,totp,False,0.71,52
2026-01-01 11:57:28,25493314,hello,sunshine,none,totp,False,0.71,52
2026-01-01 11:57:28,25493314,name,sunshine,none,totp,False,0.47,52
2026-01-01 11:57:29,25493314,login,sunshine,none,totp,False,0.89,52
2026-01-01 11:57:30,25493314,abc,sunshine,none,totp,False,0.62,52
2026-01-01 11:57:30,25493314,demo,sunshine,none,totp,False,0.68,52
2026-01-01 11:57:31,25493314,student,sunshine,none,totp,False,0.63,52
2026-01-01 11:57:31,25493314,Student_user,sunshine,none,totp,False,0.65,52
2026-01-01 11:57:32,25493314,user_test,sunshine,none,totp,False,0.77,52
2026-01-01 11:57:32,25493314,bluecat,sunshine,none,totp,False,0.53,52
2026-01-01 11:57:33,25493314,student1,sunshine,none,totp,False,0.78,52
2026-01-01 11:57:33,25493314,login_user,sunshine,none,totp,False,0.73,52
2026-01-01 11:57:34,25493314,pythonfan,sunshine,none,totp,False,0.78,52
2026-01-01 11:57:34,25493314,techgirl,sunshine,none,totp,False,0.29,52
2026-01-01 11:57:35,25493314,cloud_user,sunshine,none,totp,False,0.69,52
2026-01-01 11:57:35,25493314,gamer22,sunshine,none,totp,False,0.52,52
2026-01-01 11:57:36,25493314,webdev,sunshine,none,totp,False,0.68,52
2026-01-01 11:57:37,25493314,sha.sec,sunshine,none,totp,False,0.76,52
2026-01-01 11:57:37,25493314,secure_user,sunshine,none,totp,False,0.53,52
2026-01-01 11:57:38,25493314,cyber.auth,sunshine,none,totp,False,0.79,52
2026-01-01 11:57:38,25493314,dev.access,sunshine,none,totp,False,0.65,52
2026-01-01 11:57:39,25493314,root.guard,sunshine,none,totp,False,0.82,52
2026-01-01 11:57:39,25493314,net.lock,sunshine,none,totp,False,0.78,52
2026-01-01 11:57:40,25493314,auth.master,sunshine,none,totp,False,0.7,52
2026-01-01 11:57:40,25493314,vault_user,sunshine,none,totp,False,0.34,52
2026-01-01 11:57:41,25493314,system.sec,sunshine,none,totp,False,0.68,52
2026-01-01 11:57:41,25493314,secure.login,sunshine,none,totp,False,0.46,52
2026-01-01 11:57:42,25493314,user1,princess,none,totp,False,0.79,53
2026-01-01 11:57:42,25493314,admin,princess,none,totp,False,0.73,53
2026-01-01 11:57:43,25493314,guest,princess,none,totp,False,0.87,53
2026-01-01 11:57:44,25493314,test,princess,none,totp,False,0.82,53
2026-01-01 11:57:44,25493314,hello,princess,none,totp,False,0.81,53
2026-01-01 11:57:45,25493314,name,princess,none,totp,False,0.82,53
2026-01-01 11:57:45,25493314,login,princess,none,totp,False,0.74,53
2026-01-01 11:57:46,25493314,abc,princess,none,totp,False,0.85,53
2026-01-01 11:57:46,25493314,demo,princess,none,totp,False,0.83,53
2026-01-01 11:57:47,25493314,student,princess,none,totp,False,0.62,53
2026-01-01 11:57:47,25493314,Student_user,princess,none,totp,False,0.75,53
2026-01-01 11:57:48,25493314,user_test,princess,none,totp,False,0.81,53
2026-01-01 11:57:48,25493314,bluecat,princess,none,totp,False,0.77,53
2026-01-01 11:57:49,25493314,student1,princess,none,totp,False,0.74,53
2026-01-01 11:57:50,25493314,login_user,princess,none,totp,False,0.41,53
2026-01-01 11:57:50,25493314,pythonfan,princess,none,totp,False,0.47,53
2026-01-01 11:57:51,25493314,techgirl,princess,none,totp,False,0.55,53
2026-01-01 11:57:51,25493314,cloud_user,princess,none,totp,False,0.55,53
2026-01-01 11:57:52,25493314,gamer22,princess,none,totp,False,88.49,53
2026-01-01 11:57:52,25493314,webdev,princess,none,totp,False,0.2,53
2026-01-01 11:57:53,25493314,sha.sec,princess,none,totp,False,0.36,53
2026-01-01 11:57:53,25493314,secure_user,princess,none,totp,False,0.7,53
2026-01-01 11:57:54,25493314,cyber.auth,princess,none,totp,False,1.78,53
2026-01-01 11:57:54,25493314,dev.access,princess,none,totp,False,0.31,53
2026-01-01 11:57:55,25493314,root.guard,princess,none,totp,False,0.91,53
2026-01-01 11:57:55,25493314,net.lock,princess,none,totp,False,0.44,53
2026-01-01 11:57:56,25493314,auth.master,princess,none,totp,False,0.82,53
2026-01-01 11:57:57,25493314,vault_user,princess,none,totp,False,0.71,53
2026-01-01 11:57:57,25493314,system.sec,princess,none,totp,False,0.77,53
2026-01-01 11:57:58,25493314,secure.login,princess,none,totp,False,0.73,53
2026-01-01 11:57:58,25493314,user1,Password1,none,totp,False,0.8,54
2026-01-01 11:57:59,25493314,admin,Password1,none,totp,False,0.72,54
2026-01-01 11:57:59,25493314,guest,Password1,none,totp,False,0.76,54
2026-01-01 11:58:00,25493314,test,Password1,none,totp,False,0.67,54
2026-01-01 11:58:00,25493314,hello,Password1,none,totp,False,0.34,54
2026-01-01 11:58:01,25493314,name,Password1,none,totp,False,0.73,54
2026-01-01 11:58:02,25493314,login,Password1,none,totp,False,45.58,54
2026-01-01 11:58:02,25493314,abc,Password1,none,totp,False,0.33,54
2026-01-01 11:58:03,25493314,demo,Password1,none,totp,False,0.48,54
2026-01-01 11:58:03,25493314,student,Password1,none,totp,False,0.37,54
2026-01-01 11:58:04,25493314,Student_user,Password1,none,totp,False,0.63,54
2026-01-01 11:58:04,25493314,user_test,Password1,none,totp,False,0.85,54
2026-01-01 11:58:05,25493314,bluecat,Password1,none,totp,False,0.72,54
2026-01-01 11:58:05,25493314,student1,Password1,none,totp,False,0.33,54
2026-01-01 11:58:06,25493314,login_user,Password1,none,totp,False,0.77,54
2026-01-01 11:58:06,25493314,pythonfan,Password1,none,totp,False,0.8,54
2026-01-01 11:58:07,25493314,techgirl,Password1,none,totp,False,0.74,54
2026-01-01 11:58:07,25493314,cloud_user,Password1,none,totp,False,0.72,54
2026-01-01 11:58:08,25493314,gamer22,Password1,none,totp,False,0.75,54
2026-01-01 11:58:09,25493314,webdev,Password1,none,totp,False,0.63,54
2026-01-01 11:58:09,25493314,sha.sec,Password1,none,totp,False,0.71,54
2026-01-01 11:58:10,25493314,secure_user,Password1,none,totp,False,0.96,54
2026-01-01 11:58:10,25493314,cyber.auth,Password1,none,totp,False,0.77,54
2026-01-01 11:58:11,25493314,dev.access,Password1,none,totp,False,0.8,54
2026-01-01 11:58:11,25493314,root.guard,Password1,none,totp,False,0.81,54
2026-01-01 11:58:12,25493314,net.lock,Password1,none,totp,False,0.54,54
2026-01-01 11:58:12,25493314,auth.master,Password1,none,totp,False,0.77,54
2026-01-01 11:58:13,25493314,vault_user,Password1,none,totp,False,0.65,54
2026-01-01 11:58:13,25493314,system.sec,Password1,none,totp,False,0.72,54
2026-01-01 11:58:14,25493314,secure.login,Password1,none,totp,False,0.72,54
2026-01-01 11:58:15,25493314,user1,Password123,none,totp,False,0.42,55
2026-01-01 11:58:15,25493314,admin,Password123,none,totp,False,0.93,55
2026-01-01 11:58:16,25493314,guest,Password123,none,totp,False,0.78,55
2026-01-01 11:58:16,25493314,test,Password123,none,totp,False,0.64,55
2026-01-01 11:58:17,25493314,hello,Password123,none,totp,False,0.75,55
2026-01-01 11:58:17,25493314,name,Password123,none,totp,False,0.84,55
2026-01-01 11:58:18,25493314,login,Password123,none,totp,False,0.68,55
2026-01-01 11:58:18,25493314,abc,Password123,none,totp,False,0.79,55
2026-01-01 11:58:19,25493314,demo,Password123,none,totp,False,0.78,55
2026-01-01 11:58:19,25493314,student,Password123,none,totp,False,0.32,55
2026-01-01 11:58:20,25493314,Student_user,Password123,none,totp,False,0.86,55
2026-01-01 11:58:21,25493314,user_test,Password123,none,totp,False,0.58,55
2026-01-01 11:58:21,25493314,bluecat,Password123,none,totp,False,0.82,55
2026-01-01 11:58:22,25493314,student1,Password123,none,totp,False,0.72,55
2026-01-01 11:58:22,25493314,login_user,Password123,none,totp,False,0.59,55
2026-01-01 11:58:23,25493314,pythonfan,Password123,none,totp,False,0.75,55
2026-01-01 11:58:23,25493314,techgirl,Password123,none,totp,False,0.72,55
2026-01-01 11:58:24,25493314,cloud_user,Password123,none,totp,False,0.88,55
2026-01-01 11:58:24,25493314,gamer22,Password123,none,totp,False,0.72,55
2026-01-01 11:58:25,25493314,webdev,Password123,none,totp,False,0.47,55
2026-01-01 11:58:25,25493314,sha.sec,Password123,none,totp,False,0.5,55
2026-01-01 11:58:26,25493314,secure_user,Password123,none,totp,False,0.74,55
2026-01-01 11:58:27,25493314,cyber.auth,Password123,none,totp,False,0.78,55
2026-01-01 11:58:27,25493314,dev.access,Password123,none,totp,False,0.77,55
2026-01-01 11:58:28,25493314,root.guard,Password123,none,totp,False,0.79,55
2026-01-01 11:58:28,25493314,net.lock,Password123,none,totp,False,0.88,55
2026-01-01 11:58:29,25493314,auth.master,Password123,none,totp,False,0.71,55
2026-01-01 11:58:29,25493314,vault_user,Password123,none,totp,False,0.79,55
2026-01-01 11:58:30,25493314,system.sec,Password123,none,totp,False,0.78,55
2026-01-01 11:58:30,25493314,secure.login,Password123,none,totp,False,0.51,55
2026-01-01 11:58:31,25493314,user1,Admin123,none,totp,False,0.91,56
2026-01-01 11:58:31,25493314,admin,Admin123,none,totp,False,0.78,56
2026-01-01 11:58:32,25493314,guest,Admin123,none,totp,False,0.86,56
2026-01-01 11:58:32,25493314,test,Admin123,none,totp,False,0.77,56
2026-01-01 11:58:33,25493314,hello,Admin123,none,totp,False,0.59,56
2026-01-01 11:58:34,25493314,name,Admin123,none,totp,False,0.72,56
2026-01-01 11:58:34,25493314,login,Admin123,none,totp,False,0.77,56
2026-01-01 11:58:35,25493314,abc,Admin123,none,totp,False,0.78,56
2026-01-01 11:58:35,25493314,demo,Admin123,none,totp,False,6.67,56
2026-01-01 11:58:36,25493314,student,Admin123,none,totp,False,0.53,56
2026-01-01 11:58:36,25493314,Student_user,Admin123,none,totp,False,0.77,56
2026-01-01 11:58:37,25493314,user_test,Admin123,none,totp,False,0.64,56
2026-01-01 11:58:37,25493314,bluecat,Admin123,none,totp,False,0.7,56
2026-01-01 11:58:38,25493314,student1,Admin123,none,totp,False,0.64,56
2026-01-01 11:58:38,25493314,login_user,Admin123,none,totp,False,0.67,56
2026-01-01 11:58:39,25493314,pythonfan,Admin123,none,totp,False,0.84,56
2026-01-01 11:58:40,25493314,techgirl,Admin123,none,totp,False,17.38,56
2026-01-01 11:58:40,25493314,cloud_user,Admin123,none,totp,False,0.49,56
2026-01-01 11:58:41,25493314,gamer22,Admin123,none,totp,False,0.54,56
2026-01-01 11:58:41,25493314,webdev,Admin123,none,totp,False,0.56,56
2026-01-01 11:58:42,25493314,sha.sec,Admin123,none,totp,False,0.83,56
2026-01-01 11:58:42,25493314,secure_user,Admin123,none,totp,False,0.49,56
2026-01-01 11:58:43,25493314,cyber.auth,Admin123,none,totp,False,0.82,56
2026-01-01 11:58:43,25493314,dev.access,Admin123,none,totp,False,0.78,56
2026-01-01 11:58:44,25493314,root.guard,Admin123,none,totp,False,0.53,56
2026-01-01 11:58:44,25493314,net.lock,Admin123,none,totp,False,0.47,56
2026-01-01 11:58:45,25493314,auth.master,Admin123,none,totp,False,0.61,56
2026-01-01 11:58:46,25493314,vault_user,Admin123,none,totp,False,0.41,56
2026-01-01 11:58:46,25493314,system.sec,Admin123,none,totp,False,0.93,56
2026-01-01 11:58:47,25493314,secure.login,Admin123,none,totp,False,0.67,56
2026-01-01 11:58:47,25493314,user1,Welcome1,none,totp,False,0.73,57
2026-01-01 11:58:48,25493314,admin,Welcome1,none,totp,False,0.23,57
2026-01-01 11:58:48,25493314,guest,Welcome1,none,totp,False,0.41,57
2026-01-01 11:58:49,25493314,test,Welcome1,none,totp,False,0.66,57
2026-01-01 11:58:49,25493314,hello,Welcome1,none,totp,False,0.68,57
2026-01-01 11:58:50,25493314,name,Welcome1,none,totp,False,0.86,57
2026-01-01 11:58:50,25493314,login,Welcome1,none,totp,False,0.34,57
2026-01-01 11:58:51,25493314,abc,Welcome1,none,totp,False,0.84,57
2026-01-01 11:58:52,25493314,demo,Welcome1,none,totp,False,0.71,57
2026-01-01 11:58:52,25493314,student,Welcome1,none,totp,False,0.75,57
2026-01-01 11:58:53,25493314,Student_user,Welcome1,none,totp,False,0.55,57
2026-01-01 11:58:53,25493314,user_test,Welcome1,none,totp,False,0.63,57
2026-01-01 11:58:54,25493314,bluecat,Welcome1,none,totp,False,0.86,57
2026-01-01 11:58:54,25493314,student1,Welcome1,none,totp,False,0.76,57
2026-01-01 11:58:55,25493314,login_user,Welcome1,none,totp,False,0.61,57
2026-01-01 11:58:55,25493314,pythonfan,Welcome1,none,totp,False,0.49,57
2026-01-01 11:58:56,25493314,techgirl,Welcome1,none,totp,False,0.7,57
2026-01-01 11:58:56,25493314,cloud_user,Welcome1,none,totp,False,0.84,57
2026-01-01 11:58:57,25493314,gamer22,Welcome1,none,totp,False,0.82,57
2026-01-01 11:58:58,25493314,webdev,Welcome1,none,totp,False,0.72,57
2026-01-01 11:58:58,25493314,sha.sec,Welcome1,none,totp,False,0.68,57
2026-01-01 11:58:59,25493314,secure_user,Welcome1,none,totp,False,0.53,57
2026-01-01 11:58:59,25493314,cyber.auth,Welcome1,none,totp,False,0.66,57
2026-01-01 11:59:00,25493314,dev.access,Welcome1,none,totp,False,0.44,57
2026-01-01 11:59:00,25493314,root.guard,Welcome1,none,totp,False,0.25,57
2026-01-01 11:59:01,25493314,net.lock,Welcome1,none,totp,False,0.66,57
2026-01-01 11:59:01,25493314,auth.master,Welcome1,none,totp,False,0.55,57
2026-01-01 11:59:02,25493314,vault_user,Welcome1,none,totp,False,0.42,57
2026-01-01 11:59:02,25493314,system.sec,Welcome1,none,totp,False,0.43,57
2026-01-01 11:59:03,25493314,secure.login,Welcome1,none,totp,False,0.47,57
2026-01-01 11:59:03,25493314,user1,Student123,none,totp,False,0.42,58
2026-01-01 11:59:04,25493314,admin,Student123,none,totp,False,0.63,58
2026-01-01 11:59:04,25493314,guest,Student123,none,totp,False,0.34,58
2026-01-01 11:59:05,25493314,test,Student123,none,totp,False,0.41,58
2026-01-01 11:59:06,25493314,hello,Student123,none,totp,False,0.39,58
2026-01-01 11:59:06,25493314,name,Student123,none,totp,False,0.27,58
2026-01-01 11:59:07,25493314,login,Student123,none,totp,False,0.51,58
2026-01-01 11:59:07,25493314,abc,Student123,none,totp,False,0.29,58
2026-01-01 11:59:08,25493314,demo,Student123,none,totp,False,0.48,58
2026-01-01 11:59:08,25493314,student,Student123,none,totp,False,0.85,58
2026-01-01 11:59:09,25493314,Student_user,[TOTP],none,totp,True,0.05,58
2026-01-01 11:59:09,25493314,user_test,Student123,none,totp,False,0.39,58
2026-01-01 11:59:10,25493314,bluecat,Student123,none,totp,False,0.33,58
2026-01-01 11:59:10,25493314,student1,Student123,none,totp,False,0.78,58
2026-01-01 11:59:11,25493314,login_user,Student123,none,totp,False,0.77,58
2026-01-01 11:59:11,25493314,pythonfan,Student123,none,totp,False,0.72,58
2026-01-01 11:59:12,25493314,techgirl,Student123,none,totp,False,0.73,58
2026-01-01 11:59:13,25493314,cloud_user,Student123,none,totp,False,0.8,58
2026-01-01 11:59:13,25493314,gamer22,Student123,none,totp,False,0.99,58
2026-01-01 11:59:14,25493314,webdev,Student123,none,totp,False,0.83,58
2026-01-01 11:59:14,25493314,sha.sec,Student123,none,totp,False,0.66,58
2026-01-01 11:59:15,25493314,secure_user,Student123,none,totp,False,0.72,58
2026-01-01 11:59:15,25493314,cyber.auth,Student123,none,totp,False,0.47,58
2026-01-01 11:59:16,25493314,dev.access,Student123,none,totp,False,0.68,58
2026-01-01 11:59:16,25493314,root.guard,Student123,none,totp,False,0.64,58
2026-01-01 11:59:17,25493314,net.lock,Student123,none,totp,False,0.82,58
2026-01-01 11:59:17,25493314,auth.master,Student123,none,totp,False,0.72,58
2026-01-01 11:59:18,25493314,vault_user,Student123,none,totp,False,0.9,58
2026-01-01 11:59:18,25493314,system.sec,Student123,none,totp,False,0.7,58
2026-01-01 11:59:19,25493314,secure.login,Student123,none,totp,False,0.81,58
2026-01-01 11:59:20,25493314,user1,Student99,none,totp,False,0.37,59
2026-01-01 11:59:20,25493314,admin,Student99,none,totp,False,0.73,59
2026-01-01 11:59:21,25493314,guest,Student99,none,totp,False,0.97,59
2026-01-01 11:59:21,25493314,test,Student99,none,totp,False,0.47,59
2026-01-01 11:59:22,25493314,hello,Student99,none,totp,False,0.66,59
2026-01-01 11:59:22,25493314,name,Student99,none,totp,False,0.94,59
2026-01-01 11:59:23,25493314,login,Student99,none,totp,False,0.74,59
2026-01-01 11:59:23,25493314,abc,Student99,none,totp,False,0.74,59
2026-01-01 11:59:24,25493314,demo,Student99,none,totp,False,0.83,59
2026-01-01 11:59:24,25493314,student,Student99,none,totp,False,0.89,59
2026-01-01 11:59:25,25493314,Student_user,Student99,none,totp,False,0.73,59
2026-01-01 11:59:25,25493314,user_test,Student99,none,totp,False,0.38,59
2026-01-01 11:59:26,25493314,bluecat,Student99,none,totp,False,0.67,59
2026-01-01 11:59:27,25493314,student1,[TOTP],none,totp,True,0.05,59
2026-01-01 11:59:27,25493314,login_user,Student99,none,totp,False,0.58,59
2026-01-01 11:59:28,25493314,pythonfan,Student99,none,totp,False,0.79,59
2026-01-01 11:59:28,25493314,techgirl,Student99,none,totp,False,0.67,59
2026-01-01 11:59:29,25493314,cloud_user,Student99,none,totp,False,0.59,59
2026-01-01 11:59:29,25493314,gamer22,Student99,none,totp,False,0.73,59
2026-01-01 11:59:30,25493314,webdev,Student99,none,totp,False,0.67,59
2026-01-01 11:59:30,25493314,sha.sec,Student99,none,totp,False,0.83,59
2026-01-01 11:59:31,25493314,secure_user,Student99,none,totp,False,0.81,59
2026-01-01 11:59:31,25493314,cyber.auth,Student99,none,totp,False,0.69,59
2026-01-01 11:59:32,25493314,dev.access,Student99,none,totp,False,0.72,59
2026-01-01 11:59:33,25493314,root.guard,Student99,none,totp,False,0.7,59
2026-01-01 11:59:33,25493314,net.lock,Student99,none,totp,False,0.77,59
2026-01-01 11:59:34,25493314,auth.master,Student99,none,totp,False,0.91,59
2026-01-01 11:59:34,25493314,vault_user,Student99,none,totp,False,0.71,59
2026-01-01 11:59:35,25493314,system.sec,Student99,none,totp,False,0.36,59
2026-01-01 11:59:35,25493314,secure.login,Student99,none,totp,False,0.55,59
2026-01-01 11:59:36,25493314,user1,Test2024,none,totp,False,0.76,60
2026-01-01 11:59:36,25493314,admin,Test2024,none,totp,False,0.77,60
2026-01-01 11:59:37,25493314,guest,Test2024,none,totp,False,0.85,60
2026-01-01 11:59:37,25493314,test,Test2024,none,totp,False,0.74,60
2026-01-01 11:59:38,25493314,hello,Test2024,none,totp,False,0.73,60
2026-01-01 11:59:38,25493314,name,Test2024,none,totp,False,0.61,60
2026-01-01 11:59:39,25493314,login,Test2024,none,totp,False,0.67,60
2026-01-01 11:59:40,25493314,abc,Test2024,none,totp,False,0.35,60
2026-01-01 11:59:40,25493314,demo,Test2024,none,totp,False,0.74,60
2026-01-01 11:59:41,25493314,student,Test2024,none,totp,False,0.8,60
2026-01-01 11:59:41,25493314,Student_user,Test2024,none,totp,False,0.77,60
2026-01-01 11:59:42,25493314,user_test,[TOTP],none,totp,True,0.05,60
2026-01-01 11:59:42,25493314,bluecat,Test2024,none,totp,False,0.48,60
2026-01-01 11:59:43,25493314,student1,Test2024,none,totp,False,0.7,60
2026-01-01 11:59:43,25493314,login_user,Test2024,none,totp,False,0.8,60
2026-01-01 11:59:44,25493314,pythonfan,Test2024,none,totp,False,0.79,60
2026-01-01 11:59:44,25493314,techgirl,Test2024,none,totp,False,0.43,60
2026-01-01 11:59:45,25493314,cloud_user,Test2024,none,totp,False,0.7,60
2026-01-01 11:59:46,25493314,gamer22,Test2024,none,totp,False,0.3,60
2026-01-01 11:59:46,25493314,webdev,Test2024,none,totp,False,0.76,60
2026-01-01 11:59:47,25493314,sha.sec,Test2024,none,totp,False,0.84,60
2026-01-01 11:59:47,25493314,secure_user,Test2024,none,totp,False,0.62,60
2026-01-01 11:59:48,25493314,cyber.auth,Test2024,none,totp,False,0.74,60
2026-01-01 11:59:48,25493314,dev.access,Test2024,none,totp,False,0.8,60
2026-01-01 11:59:49,25493314,root.guard,Test2024,none,totp,False,0.76,60
2026-01-01 11:59:49,25493314,net.lock,Test2024,none,totp,False,0.76,60
2026-01-01 11:59:50,25493314,auth.master,Test2024,none,totp,False,0.58,60
2026-01-01 11:59:50,25493314,vault_user,Test2024,none,totp,False,0.53,60
2026-01-01 11:59:51,25493314,system.sec,Test2024,none,totp,False,0.75,60
2026-01-01 11:59:51,25493314,secure.login,Test2024,none,totp,False,0.8,60
2026-01-01 11:59:52,25493314,user1,Login456,none,totp,False,0.81,61
2026-01-01 11:59:53,25493314,admin,Login456,none,totp,False,0.77,61
2026-01-01 11:59:53,25493314,guest,Login456,none,totp,False,0.62,61
2026-01-01 11:59:54,25493314,test,Login456,none,totp,False,0.83,61
2026-01-01 11:59:54,25493314,hello,Login456,none,totp,False,0.76,61
2026-01-01 11:59:55,25493314,name,Login456,none,totp,False,0.69,61
2026-01-01 11:59:55,25493314,login,Login456,none,totp,False,0.73,61
2026-01-01 11:59:56,25493314,abc,Login456,none,totp,False,0.87,61
2026-01-01 11:59:56,25493314,demo,Login456,none,totp,False,0.67,61
2026-01-01 11:59:57,25493314,student,Login456,none,totp,False,0.75,61
2026-01-01 11:59:57,25493314,Student_user,Login456,none,totp,False,0.71,61
2026-01-01 11:59:58,25493314,user_test,Login456,none,totp,False,0.84,61
2026-01-01 11:59:59,25493314,bluecat,Login456,none,totp,False,0.51,61
2026-01-01 11:59:59,25493314,student1,Login456,none,totp,False,0.71,61
2026-01-01 12:00:00,25493314,login_user,[TOTP],none,totp,True,0.03,61
2026-01-01 12:00:00,25493314,pythonfan,Login456,none,totp,False,0.66,61
2026-01-01 12:00:01,25493314,techgirl,Login456,none,totp,False,0.8,61
2026-01-01 12:00:01,25493314,cloud_user,Login456,none,totp,False,0.64,61
2026-01-01 12:00:02,25493314,gamer22,Login456,none,totp,False,0.87,61
2026-01-01 12:00:02,25493314,webdev,Login456,none,totp,False,0.74,61
2026-01-01 12:00:03,25493314,sha.sec,Login456,none,totp,False,0.77,61
2026-01-01 12:00:03,25493314,secure_user,Login456,none,totp,False,0.72,61
2026-01-01 12:00:04,25493314,cyber.auth,Login456,none,totp,False,0.65,61
2026-01-01 12:00:05,25493314,dev.access,Login456,none,totp,False,0.24,61
2026-01-01 12:00:05,25493314,root.guard,Login456,none,totp,False,0.74,61
2026-01-01 12:00:06,25493314,net.lock,Login456,none,totp,False,0.62,61
2026-01-01 12:00:06,25493314,auth.master,Login456,none,totp,False,0.42,61
2026-01-01 12:00:07,25493314,vault_user,Login456,none,totp,False,0.6,61
2026-01-01 12:00:07,25493314,system.sec,Login456,none,totp,False,0.94,61
2026-01-01 12:00:08,25493314,secure.login,Login456,none,totp,False,0.91,61
2026-01-01 12:00:08,25493314,user1,Python101,none,totp,False,0.81,62
2026-01-01 12:00:09,25493314,admin,Python101,none,totp,False,0.64,62
2026-01-01 12:00:09,25493314,guest,Python101,none,totp,False,0.73,62
2026-01-01 12:00:10,25493314,test,Python101,none,totp,False,0.75,62
2026-01-01 12:00:10,25493314,hello,Python101,none,totp,False,0.3,62
2026-01-01 12:00:11,25493314,name,Python101,none,totp,False,0.78,62
2026-01-01 12:00:12,25493314,login,Python101,none,totp,False,0.64,62
2026-01-01 12:00:12,25493314,abc,Python101,none,totp,False,0.76,62
2026-01-01 12:00:13,25493314,demo,Python101,none,totp,False,0.81,62
2026-01-01 12:00:13,25493314,student,Python101,none,totp,False,0.75,62
2026-01-01 12:00:14,25493314,Student_user,Python101,none,totp,False,0.59,62
2026-01-01 12:00:14,25493314,user_test,Python101,none,totp,False,0.78,62
2026-01-01 12:00:15,25493314,bluecat,Python101,none,totp,False,0.83,62
2026-01-01 12:00:15,25493314,student1,Python101,none,totp,False,1.03,62
2026-01-01 12:00:16,25493314,login_user,Python101,none,totp,False,0.73,62
2026-01-01 12:00:16,25493314,pythonfan,[TOTP],none,totp,True,0.07,62
2026-01-01 12:00:17,25493314,techgirl,Python101,none,totp,False,0.77,62
2026-01-01 12:00:18,25493314,cloud_user,Python101,none,totp,False,0.87,62
2026-01-01 12:00:18,25493314,gamer22,Python101,none,totp,False,0.75,62
2026-01-01 12:00:19,25493314,webdev,Python101,none,totp,False,0.67,62
2026-01-01 12:00:19,25493314,sha.sec,Python101,none,totp,False,0.71,62
2026-01-01 12:00:20,25493314,secure_user,Python101,none,totp,False,0.54,62
2026-01-01 12:00:20,25493314,cyber.auth,Python101,none,totp,False,0.78,62
2026-01-01 12:00:21,25493314,dev.access,Python101,none,totp,False,0.67,62
2026-01-01 12:00:21,25493314,root.guard,Python101,none,totp,False,0.59,62
2026-01-01 12:00:22,25493314,net.lock,Python101,none,totp,False,0.64,62
2026-01-01 12:00:22,25493314,auth.master,Python101,none,totp,False,0.72,62
2026-01-01 12:00:23,25493314,vault_user,Python101,none,totp,False,0.88,62
2026-01-01 12:00:24,25493314,system.sec,Python101,none,totp,False,0.82,62
2026-01-01 12:00:24,25493314,secure.login,Python101,none,totp,False,0.5,62
2026-01-01 12:00:25,25493314,user1,demo,none,totp,False,0.36,63
2026-01-01 12:00:25,25493314,admin,demo,none,totp,False,0.71,63
2026-01-01 12:00:26,25493314,guest,demo,none,totp,False,0.83,63
2026-01-01 12:00:26,25493314,test,demo,none,totp,False,0.75,63
2026-01-01 12:00:27,25493314,hello,demo,none,totp,False,0.65,63
2026-01-01 12:00:27,25493314,name,demo,none,totp,False,0.7,63
2026-01-01 12:00:28,25493314,login,demo,none,totp,False,0.74,63
2026-01-01 12:00:28,25493314,abc,demo,none,totp,False,0.8,63
2026-01-01 12:00:29,25493314,demo,[TOTP],none,totp,True,0.04,63
2026-01-01 12:00:30,25493314,student,demo,none,totp,False,0.9,63
2026-01-01 12:00:30,25493314,Student_user,demo,none,totp,False,1.02,63
2026-01-01 12:00:31,25493314,user_test,demo,none,totp,False,0.43,63
2026-01-01 12:00:31,25493314,bluecat,demo,none,totp,False,0.77,63
2026-01-01 12:00:32,25493314,student1,demo,none,totp,False,0.79,63
2026-01-01 12:00:32,25493314,login_user,demo,none,totp,False,0.48,63
2026-01-01 12:00:33,25493314,pythonfan,demo,none,totp,False,0.58,63
2026-01-01 12:00:33,25493314,techgirl,demo,none,totp,False,0.65,63
2026-01-01 12:00:34,25493314,cloud_user,demo,none,totp,False,0.89,63
2026-01-01 12:00:34,25493314,gamer22,demo,none,totp,False,0.8,63
2026-01-01 12:00:35,25493314,webdev,demo,none,totp,False,0.79,63
2026-01-01 12:00:35,25493314,sha.sec,demo,none,totp,False,0.34,63
2026-01-01 12:00:36,25493314,secure_user,demo,none,totp,False,0.9,63
2026-01-01 12:00:37,25493314,cyber.auth,demo,none,totp,False,0.7,63
2026-01-01 12:00:37,25493314,dev.access,demo,none,totp,False,0.64,63
2026-01-01 12:00:38,25493314,root.guard,demo,none,totp,False,0.69,63
2026-01-01 12:00:38,25493314,net.lock,demo,none,totp,False,0.61,63
2026-01-01 12:00:39,25493314,auth.master,demo,none,totp,False,0.83,63
2026-01-01 12:00:39,25493314,vault_user,demo,none,totp,False,0.38,63
2026-01-01 12:00:40,25493314,system.sec,demo,none,totp,False,0.71,63
2026-01-01 12:00:40,25493314,secure.login,demo,none,totp,False,0.76,63
2026-01-01 12:00:41,25493314,user1,student,none,totp,False,0.83,64
2026-01-01 12:00:41,25493314,admin,student,none,totp,False,0.67,64
2026-01-01 12:00:42,25493314,guest,student,none,totp,False,0.77,64
2026-01-01 12:00:43,25493314,test,student,none,totp,False,0.8,64
2026-01-01 12:00:43,25493314,hello,student,none,totp,False,0.75,64
2026-01-01 12:00:44,25493314,name,student,none,totp,False,0.77,64
2026-01-01 12:00:44,25493314,login,student,none,totp,False,0.82,64
2026-01-01 12:00:45,25493314,abc,student,none,totp,False,0.47,64
2026-01-01 12:00:45,25493314,demo,student,none,totp,False,0.87,64
2026-01-01 12:00:46,25493314,student,[TOTP],none,totp,True,0.06,64
2026-01-01 12:00:46,25493314,Student_user,student,none,totp,False,0.67,64
2026-01-01 12:00:47,25493314,user_test,student,none,totp,False,0.8,64
2026-01-01 12:00:47,25493314,bluecat,student,none,totp,False,0.81,64
2026-01-01 12:00:48,25493314,student1,student,none,totp,False,0.92,64
2026-01-01 12:00:49,25493314,login_user,student,none,totp,False,0.68,64
2026-01-01 12:00:49,25493314,pythonfan,student,none,totp,False,0.8,64
2026-01-01 12:00:50,25493314,techgirl,student,none,totp,False,0.32,64
2026-01-01 12:00:50,25493314,cloud_user,student,none,totp,False,0.83,64
2026-01-01 12:00:51,25493314,gamer22,student,none,totp,False,0.71,64
2026-01-01 12:00:51,25493314,webdev,student,none,totp,False,0.85,64
2026-01-01 12:00:52,25493314,sha.sec,student,none,totp,False,0.54,64
2026-01-01 12:00:52,25493314,secure_user,student,none,totp,False,0.72,64
2026-01-01 12:00:53,25493314,cyber.auth,student,none,totp,False,0.73,64
2026-01-01 12:00:53,25493314,dev.access,student,none,totp,False,0.79,64
2026-01-01 12:00:54,25493314,root.guard,student,none,totp,False,0.71,64
2026-01-01 12:00:55,25493314,net.lock,student,none,totp,False,0.68,64
2026-01-01 12:00:55,25493314,auth.master,student,none,totp,False,0.88,64
2026-01-01 12:00:56,25493314,vault_user,student,none,totp,False,0.38,64
2026-01-01 12:00:56,25493314,system.sec,student,none,totp,False,0.95,64
2026-01-01 12:00:57,25493314,secure.login,student,none,totp,False,0.72,64
2026-01-01 12:00:57,25493314,user1,name,none,totp,False,0.4,65
2026-01-01 12:00:58,25493314,admin,name,none,totp,False,0.8,65
2026-01-01 12:00:58,25493314,guest,name,none,totp,False,0.7,65
2026-01-01 12:00:59,25493314,test,name,none,totp,False,0.69,65
2026-01-01 12:00:59,25493314,hello,name,none,totp,False,0.73,65
2026-01-01 12:01:00,25493314,name,name,none,totp,False,0.52,65
2026-01-01 12:01:00,25493314,login,name,none,totp,False,0.36,65
2026-01-01 12:01:01,25493314,abc,name,none,totp,False,0.6,65
2026-01-01 12:01:02,25493314,demo,name,none,totp,False,0.74,65
2026-01-01 12:01:02,25493314,student,name,none,totp,False,0.69,65
2026-01-01 12:01:03,25493314,Student_user,name,none,totp,False,0.86,65
2026-01-01 12:01:03,25493314,user_test,name,none,totp,False,0.84,65
2026-01-01 12:01:04,25493314,bluecat,name,none,totp,False,0.86,65
2026-01-01 12:01:04,25493314,student1,name,none,totp,False,0.6,65
2026-01-01 12:01:05,25493314,login_user,name,none,totp,False,0.79,65
2026-01-01 12:01:05,25493314,pythonfan,name,none,totp,False,0.81,65
2026-01-01 12:01:06,25493314,techgirl,name,none,totp,False,0.69,65
2026-01-01 12:01:06,25493314,cloud_user,name,none,totp,False,0.76,65
2026-01-01 12:01:07,25493314,gamer22,name,none,totp,False,0.59,65
2026-01-01 12:01:08,25493314,webdev,name,none,totp,False,0.9,65
2026-01-01 12:01:08,25493314,sha.sec,name,none,totp,False,0.67,65
2026-01-01 12:01:09,25493314,secure_user,name,none,totp,False,0.78,65
2026-01-01 12:01:09,25493314,cyber.auth,name,none,totp,False,0.73,65
2026-01-01 12:01:10,25493314,dev.access,name,none,totp,False,0.48,65
2026-01-01 12:01:10,25493314,root.guard,name,none,totp,False,0.74,65
2026-01-01 12:01:11,25493314,net.lock,name,none,totp,False,0.69,65
2026-01-01 12:01:11,25493314,auth.master,name,none,totp,False,0.58,65
2026-01-01 12:01:12,25493314,vault_user,name,none,totp,False,0.82,65
2026-01-01 12:01:13,25493314,system.sec,name,none,totp,False,0.66,65
2026-01-01 12:01:13,25493314,secure.login,name,none,totp,False,0.6,65
2026-01-01 12:01:14,25493314,user1,1111,none,totp,False,0.58,66
2026-01-01 12:01:14,25493314,admin,1111,none,totp,False,0.76,66
2026-01-01 12:01:15,25493314,guest,1111,none,totp,False,0.34,66
2026-01-01 12:01:15,25493314,test,1111,none,totp,False,0.62,66
2026-01-01 12:01:16,25493314,hello,1111,none,totp,False,0.57,66
2026-01-01 12:01:16,25493314,name,[TOTP],none,totp,True,0.06,66
2026-01-01 12:01:17,25493314,login,1111,none,totp,False,0.45,66
2026-01-01 12:01:17,25493314,abc,1111,none,totp,False,0.96,66
2026-01-01 12:01:18,25493314,demo,1111,none,totp,False,0.9,66
2026-01-01 12:01:18,25493314,student,1111,none,totp,False,0.78,66
2026-01-01 12:01:19,25493314,Student_user,1111,none,totp,False,0.87,66
2026-01-01 12:01:20,25493314,user_test,1111,none,totp,False,0.93,66
2026-01-01 12:01:20,25493314,bluecat,1111,none,totp,False,0.74,66
2026-01-01 12:01:21,25493314,student1,1111,none,totp,False,0.45,66
2026-01-01 12:01:21,25493314,login_user,1111,none,totp,False,0.68,66
2026-01-01 12:01:22,25493314,pythonfan,1111,none,totp,False,0.71,66
2026-01-01 12:01:22,25493314,techgirl,1111,none,totp,False,0.35,66
2026-01-01 12:01:23,25493314,cloud_user,1111,none,totp,False,0.54,66
2026-01-01 12:01:23,25493314,gamer22,1111,none,totp,False,0.92,66
2026-01-01 12:01:24,25493314,webdev,1111,none,totp,False,0.59,66
2026-01-01 12:01:24,25493314,sha.sec,1111,none,totp,False,0.62,66
2026-01-01 12:01:25,25493314,secure_user,1111,none,totp,False,0.93,66
2026-01-01 12:01:26,25493314,cyber.auth,1111,none,totp,False,0.31,66
2026-01-01 12:01:26,25493314,dev.access,1111,none,totp,False,0.73,66
2026-01-01 12:01:27,25493314,root.guard,1111,none,totp,False,0.77,66
2026-01-01 12:01:27,25493314,net.lock,1111,none,totp,False,0.52,66
2026-01-01 12:01:28,25493314,auth.master,1111,none,totp,False,0.69,66
2026-01-01 12:01:28,25493314,vault_user,1111,none,totp,False,0.65,66
2026-01-01 12:01:29,25493314,system.sec,1111,none,totp,False,0.72,66
2026-01-01 12:01:29,25493314,secure.login,1111,none,totp,False,0.88,66
2026-01-01 12:01:30,25493314,user1,BlueCat12,none,totp,False,0.71,67
2026-01-01 12:01:30,25493314,admin,BlueCat12,none,totp,False,0.94,67
2026-01-01 12:01:31,25493314,guest,BlueCat12,none,totp,False,0.71,67
2026-01-01 12:01:32,25493314,test,BlueCat12,none,totp,False,0.81,67
2026-01-01 12:01:32,25493314,hello,BlueCat12,none,totp,False,0.82,67
2026-01-01 12:01:33,25493314,name,BlueCat12,none,totp,False,0.72,67
2026-01-01 12:01:33,25493314,login,BlueCat12,none,totp,False,0.78,67
2026-01-01 12:01:34,25493314,abc,BlueCat12,none,totp,False,0.69,67
2026-01-01 12:01:34,25493314,demo,BlueCat12,none,totp,False,0.79,67
2026-01-01 12:01:35,25493314,student,BlueCat12,none,totp,False,0.65,67
2026-01-01 12:01:35,25493314,Student_user,BlueCat12,none,totp,False,0.79,67
2026-01-01 12:01:36,25493314,user_test,BlueCat12,none,totp,False,0.74,67
2026-01-01 12:01:36,25493314,bluecat,[TOTP],none,totp,True,0.04,67
2026-01-01 12:01:37,25493314,student1,BlueCat12,none,totp,False,0.71,67
2026-01-01 12:01:38,25493314,login_user,BlueCat12,none,totp,False,0.99,67
2026-01-01 12:01:38,25493314,pythonfan,BlueCat12,none,totp,False,0.78,67
2026-01-01 12:01:39,25493314,techgirl,BlueCat12,none,totp,False,0.47,67
2026-01-01 12:01:39,25493314,cloud_user,BlueCat12,none,totp,False,0.77,67
2026-01-01 12:01:40,25493314,gamer22,BlueCat12,none,totp,False,0.37,67
2026-01-01 12:01:40,25493314,webdev,BlueCat12,none,totp,False,0.83,67
2026-01-01 12:01:41,25493314,sha.sec,BlueCat12,none,totp,False,0.7,67
2026-01-01 12:01:41,25493314,secure_user,BlueCat12,none,totp,False,0.83,67
2026-01-01 12:01:42,25493314,cyber.auth,BlueCat12,none,totp,False,0.75,67
2026-01-01 12:01:42,25493314,dev.access,BlueCat12,none,totp,False,0.84,67
2026-01-01 12:01:43,25493314,root.guard,BlueCat12,none,totp,False,0.71,67
2026-01-01 12:01:44,25493314,net.lock,BlueCat12,none,totp,False,0.67,67
2026-01-01 12:01:44,25493314,auth.master,BlueCat12,none,totp,False,1.04,67
2026-01-01 12:01:45,25493314,vault_user,BlueCat12,none,totp,False,0.21,67
2026-01-01 12:01:45,25493314,system.sec,BlueCat12,none,totp,False,0.86,67
2026-01-01 12:01:46,25493314,secure.login,BlueCat12,none,totp,False,0.69,67
2026-01-01 12:01:46,25493314,user1,TechGirl7,none,totp,False,1.24,68
2026-01-01 12:01:47,25493314,admin,TechGirl7,none,totp,False,0.74,68
2026-01-01 12:01:47,25493314,guest,TechGirl7,none,totp,False,0.9,68
2026-01-01 12:01:48,25493314,test,TechGirl7,none,totp,False,0.81,68
2026-01-01 12:01:48,25493314,hello,TechGirl7,none,totp,False,0.21,68
2026-01-01 12:01:49,25493314,name,TechGirl7,none,totp,False,0.51,68
2026-01-01 12:01:50,25493314,login,TechGirl7,none,totp,False,0.71,68
2026-01-01 12:01:50,25493314,abc,TechGirl7,none,totp,False,0.73,68
2026-01-01 12:01:51,25493314,demo,TechGirl7,none,totp,False,0.35,68
2026-01-01 12:01:51,25493314,student,TechGirl7,none,totp,False,0.89,68
2026-01-01 12:01:52,25493314,Student_user,TechGirl7,none,totp,False,0.88,68
2026-01-01 12:01:52,25493314,user_test,TechGirl7,none,totp,False,1.27,68
2026-01-01 12:01:53,25493314,bluecat,TechGirl7,none,totp,False,0.71,68
2026-01-01 12:01:53,25493314,student1,TechGirl7,none,totp,False,0.75,68
2026-01-01 12:01:54,25493314,login_user,TechGirl7,none,totp,False,0.83,68
2026-01-01 12:01:54,25493314,pythonfan,TechGirl7,none,totp,False,0.9,68
2026-01-01 12:01:55,25493314,techgirl,[TOTP],none,totp,True,0.05,68
2026-01-01 12:01:56,25493314,cloud_user,TechGirl7,none,totp,False,0.24,68
2026-01-01 12:01:56,25493314,gamer22,TechGirl7,none,totp,False,0.66,68
2026-01-01 12:01:57,25493314,webdev,TechGirl7,none,totp,False,0.76,68
2026-01-01 12:01:57,25493314,sha.sec,TechGirl7,none,totp,False,0.63,68
2026-01-01 12:01:58,25493314,secure_user,TechGirl7,none,totp,False,0.74,68
2026-01-01 12:01:58,25493314,cyber.auth,TechGirl7,none,totp,False,0.75,68
2026-01-01 12:01:59,25493314,dev.access,TechGirl7,none,totp,False,0.94,68
2026-01-01 12:01:59,25493314,root.guard,TechGirl7,none,totp,False,0.69,68
2026-01-01 12:02:00,25493314,net.lock,TechGirl7,none,totp,False,0.68,68
2026-01-01 12:02:00,25493314,auth.master,TechGirl7,none,totp,False,0.8,68
2026-01-01 12:02:01,25493314,vault_user,TechGirl7,none,totp,False,0.72,68
2026-01-01 12:02:02,25493314,system.sec,TechGirl7,none,totp,False,0.72,68
2026-01-01 12:02:02,25493314,secure.login,TechGirl7,none,totp,False,0.69,68
2026-01-01 12:02:03,25493314,user1,Cloud123,none,totp,False,0.8,69
2026-01-01 12:02:03,25493314,admin,Cloud123,none,totp,False,0.75,69
2026-01-01 12:02:04,25493314,guest,Cloud123,none,totp,False,0.75,69
2026-01-01 12:02:04,25493314,test,Cloud123,none,totp,False,0.87,69
2026-01-01 12:02:05,25493314,hello,Cloud123,none,totp,False,0.7,69
2026-01-01 12:02:05,25493314,name,Cloud123,none,totp,False,0.67,69
2026-01-01 12:02:06,25493314,login,Cloud123,none,totp,False,0.52,69
2026-01-01 12:02:07,25493314,abc,Cloud123,none,totp,False,0.79,69
2026-01-01 12:02:07,25493314,demo,Cloud123,none,totp,False,0.97,69
2026-01-01 12:02:08,25493314,student,Cloud123,none,totp,False,0.89,69
2026-01-01 12:02:08,25493314,Student_user,Cloud123,none,totp,False,0.59,69
2026-01-01 12:02:09,25493314,user_test,Cloud123,none,totp,False,0.77,69
2026-01-01 12:02:09,25493314,bluecat,Cloud123,none,totp,False,0.63,69
2026-01-01 12:02:10,25493314,student1,Cloud123,none,totp,False,0.46,69
2026-01-01 12:02:10,25493314,login_user,Cloud123,none,totp,False,0.75,69
2026-01-01 12:02:11,25493314,pythonfan,Cloud123,none,totp,False,0.48,69
2026-01-01 12:02:11,25493314,techgirl,Cloud123,none,totp,False,0.55,69
2026-01-01 12:02:12,25493314,cloud_user,[TOTP],none,totp,True,0.05,69
2026-01-01 12:02:13,25493314,gamer22,Cloud123,none,totp,False,0.78,69
2026-01-01 12:02:13,25493314,webdev,Cloud123,none,totp,False,0.73,69
2026-01-01 12:02:14,25493314,sha.sec,Cloud123,none,totp,False,0.54,69
2026-01-01 12:02:14,25493314,secure_user,Cloud123,none,totp,False,0.67,69
2026-01-01 12:02:15,25493314,cyber.auth,Cloud123,none,totp,False,0.31,69
2026-01-01 12:02:15,25493314,dev.access,Cloud123,none,totp,False,0.64,69
2026-01-01 12:02:16,25493314,root.guard,Cloud123,none,totp,False,0.74,69
2026-01-01 12:02:16,25493314,net.lock,Cloud123,none,totp,False,0.77,69
2026-01-01 12:02:17,25493314,auth.master,Cloud123,none,totp,False,0.71,69
2026-01-01 12:02:17,25493314,vault_user,Cloud123,none,totp,False,0.6,69
2026-01-01 12:02:18,25493314,system.sec,Cloud123,none,totp,False,0.78,69
2026-01-01 12:02:19,25493314,secure.login,Cloud123,none,totp,False,0.65,69
2026-01-01 12:02:19,25493314,user1,GameOn22,none,totp,False,0.94,70
2026-01-01 12:02:20,25493314,admin,GameOn22,none,totp,False,0.84,70
2026-01-01 12:02:20,25493314,guest,GameOn22,none,totp,False,0.78,70
2026-01-01 12:02:21,25493314,test,GameOn22,none,totp,False,0.63,70
2026-01-01 12:02:21,25493314,hello,GameOn22,none,totp,False,0.79,70
2026-01-01 12:02:22,25493314,name,GameOn22,none,totp,False,0.87,70
2026-01-01 12:02:22,25493314,login,GameOn22,none,totp,False,0.81,70
2026-01-01 12:02:23,25493314,abc,GameOn22,none,totp,False,0.81,70
2026-01-01 12:02:23,25493314,demo,GameOn22,none,totp,False,0.55,70
2026-01-01 12:02:24,25493314,student,GameOn22,none,totp,False,0.66,70
2026-01-01 12:02:24,25493314,Student_user,GameOn22,none,totp,False,0.63,70
2026-01-01 12:02:25,25493314,user_test,GameOn22,none,totp,False,0.65,70
2026-01-01 12:02:26,25493314,bluecat,GameOn22,none,totp,False,0.36,70
2026-01-01 12:02:26,25493314,student1,GameOn22,none,totp,False,0.91,70
2026-01-01 12:02:27,25493314,login_user,GameOn22,none,totp,False,0.84,70
2026-01-01 12:02:27,25493314,pythonfan,GameOn22,none,totp,False,0.66,70
2026-01-01 12:02:28,25493314,techgirl,GameOn22,none,totp,False,0.85,70
2026-01-01 12:02:28,25493314,cloud_user,GameOn22,none,totp,False,0.78,70
2026-01-01 12:02:29,25493314,gamer22,[TOTP],none,totp,True,0.05,70
2026-01-01 12:02:29,25493314,webdev,GameOn22,none,totp,False,0.58,70
2026-01-01 12:02:30,25493314,sha.sec,GameOn22,none,totp,False,0.76,70
2026-01-01 12:02:30,25493314,secure_user,GameOn22,none,totp,False,0.78,70
2026-01-01 12:02:31,25493314,cyber.auth,GameOn22,none,totp,False,0.61,70
2026-01-01 12:02:32,25493314,dev.access,GameOn22,none,totp,False,0.66,70
2026-01-01 12:02:32,25493314,root.guard,GameOn22,none,totp,False,0.81,70
2026-01-01 12:02:33,25493314,net.lock,GameOn22,none,totp,False,0.78,70
2026-01-01 12:02:33,25493314,auth.master,GameOn22,none,totp,False,1.0,70
2026-01-01 12:02:34,25493314,vault_user,GameOn22,none,totp,False,0.74,70
2026-01-01 12:02:34,25493314,system.sec,GameOn22,none,totp,False,0.5,70
2026-01-01 12:02:35,25493314,secure.login,GameOn22,none,totp,False,0.52,70
2026-01-01 12:02:35,25493314,user1,WebDev88,none,totp,False,0.44,71
2026-01-01 12:02:36,25493314,admin,WebDev88,none,totp,False,0.92,71
2026-01-01 12:02:37,25493314,guest,WebDev88,none,totp,False,0.75,71
2026-01-01 12:02:37,25493314,test,WebDev88,none,totp,False,0.66,71
2026-01-01 12:02:38,25493314,hello,WebDev88,none,totp,False,0.9,71
2026-01-01 12:02:38,25493314,name,WebDev88,none,totp,False,0.7,71
2026-01-01 12:02:39,25493314,login,WebDev88,none,totp,False,0.65,71
2026-01-01 12:02:39,25493314,abc,WebDev88,none,totp,False,0.48,71
2026-01-01 12:02:40,25493314,demo,WebDev88,none,totp,False,0.37,71
2026-01-01 12:02:40,25493314,student,WebDev88,none,totp,False,0.63,71
2026-01-01 12:02:41,25493314,Student_user,WebDev88,none,totp,False,0.84,71
2026-01-01 12:02:41,25493314,user_test,WebDev88,none,totp,False,0.69,71
2026-01-01 12:02:42,25493314,bluecat,WebDev88,none,totp,False,0.76,71
2026-01-01 12:02:42,25493314,student1,WebDev88,none,totp,False,0.72,71
2026-01-01 12:02:43,25493314,login_user,WebDev88,none,totp,False,0.65,71
2026-01-01 12:02:44,25493314,pythonfan,WebDev88,none,totp,False,0.68,71
2026-01-01 12:02:44,25493314,techgirl,WebDev88,none,totp,False,0.81,71
2026-01-01 12:02:45,25493314,cloud_user,WebDev88,none,totp,False,0.3,71
2026-01-01 12:02:45,25493314,gamer22,WebDev88,none,totp,False,0.66,71
2026-01-01 12:02:46,25493314,webdev,[TOTP],none,totp,True,0.06,71
2026-01-01 12:02:46,25493314,sha.sec,WebDev88,none,totp,False,0.61,71
2026-01-01 12:02:47,25493314,secure_user,WebDev88,none,totp,False,0.61,71
2026-01-01 12:02:47,25493314,cyber.auth,WebDev88,none,totp,False,0.86,71
2026-01-01 12:02:48,25493314,dev.access,WebDev88,none,totp,False,0.48,71
2026-01-01 12:02:48,25493314,root.guard,WebDev88,none,totp,False,0.94,71
2026-01-01 12:02:49,25493314,net.lock,WebDev88,none,totp,False,0.64,71
2026-01-01 12:02:50,25493314,auth.master,WebDev88,none,totp,False,0.77,71
2026-01-01 12:02:50,25493314,vault_user,WebDev88,none,totp,False,0.94,71
2026-01-01 12:02:51,25493314,system.sec,WebDev88,none,totp,False,0.42,71
2026-01-01 12:02:51,25493314,secure.login,WebDev88,none,totp,False,0.87,71

====================,SUMMARY STATISTICS,====================

Metric,Value
Total Attempts,2130
Successful Attempts,20
Failed Attempts,2110
Success Rate (%),0.94

Unique Usernames Tested,30
Unique Passwords Tested,72

Latency Statistics (ms)
Sum (Total Latency),1664.14
Average Latency,0.78
Median Latency (P50),0.74
Min Latency,0.01
Max Latency,88.49

Percentiles (ms)
10th Percentile (P10),0.45
25th Percentile (P25),0.63
75th Percentile (P75),0.82
90th Percentile (P90),0.88
95th Percentile (P95),0.92
99th Percentile (P99),1.04

Time Range
First Attempt,2026-01-01 11:43:58
Last Attempt,2026-01-01 12:02:51

Report Generated,2026-01-01 12:03:24
